1,Time,Displacement,Force
,(s),(mm),(kN)
"","0.0000","0.0000","0.0000"
"","0.1000","0.0039","0.0000"
"","0.2000","0.0124","0.0000"
"","0.3000","0.0241","0.0001"
"","0.4000","0.0343","0.0001"
"","0.5000","0.0446","0.0000"
"","0.6000","0.0546","0.0001"
"","0.7000","0.0641","0.0001"
"","0.8000","0.0744","0.0001"
"","0.9000","0.0845","0.0001"
"","1.0000","0.0946","0.0001"
"","1.1000","0.1042","0.0001"
"","1.2000","0.1144","0.0002"
"","1.3000","0.1245","0.0002"
"","1.4000","0.1343","0.0002"
"","1.5000","0.1445","0.0002"
"","1.6000","0.1544","0.0002"
"","1.7000","0.1646","0.0002"
"","1.8000","0.1743","0.0002"
"","1.9000","0.1846","0.0002"
"","2.0000","0.1944","0.0003"
"","2.1000","0.2042","0.0003"
"","2.2000","0.2144","0.0003"
"","2.3000","0.2245","0.0003"
"","2.4000","0.2345","0.0003"
"","2.5000","0.2441","0.0003"
"","2.6000","0.2545","0.0003"
"","2.7000","0.2645","0.0004"
"","2.8000","0.2744","0.0004"
"","2.9000","0.2842","0.0004"
"","3.0000","0.2946","0.0004"
"","3.1000","0.3046","0.0004"
"","3.2000","0.3142","0.0004"
"","3.3000","0.3244","0.0005"
"","3.4000","0.3345","0.0005"
"","3.5000","0.3446","0.0005"
"","3.6000","0.3543","0.0005"
"","3.7000","0.3644","0.0005"
"","3.8000","0.3745","0.0005"
"","3.9000","0.3844","0.0005"
"","4.0000","0.3944","0.0006"
"","4.1000","0.4044","0.0006"
"","4.2000","0.4145","0.0006"
"","4.3000","0.4243","0.0006"
"","4.4000","0.4345","0.0006"
"","4.5000","0.4444","0.0006"
"","4.6000","0.4543","0.0007"
"","4.7000","0.4645","0.0007"
"","4.8000","0.4745","0.0007"
"","4.9000","0.4844","0.0007"
"","5.0000","0.4942","0.0007"
"","5.1000","0.5046","0.0007"
"","5.2000","0.5144","0.0008"
"","5.3000","0.5244","0.0008"
"","5.4000","0.5343","0.0008"
"","5.5000","0.5446","0.0008"
"","5.6000","0.5546","0.0008"
"","5.7000","0.5641","0.0008"
"","5.8000","0.5745","0.0008"
"","5.9000","0.5844","0.0009"
"","6.0000","0.5946","0.0009"
"","6.1000","0.6042","0.0009"
"","6.2000","0.6145","0.0009"
"","6.3000","0.6244","0.0009"
"","6.4000","0.6344","0.0009"
"","6.5000","0.6445","0.0009"
"","6.6000","0.6545","0.0010"
"","6.7000","0.6646","0.0010"
"","6.8000","0.6742","0.0010"
"","6.9000","0.6844","0.0010"
"","7.0000","0.6944","0.0010"
"","7.1000","0.7043","0.0010"
"","7.2000","0.7145","0.0010"
"","7.3000","0.7246","0.0011"
"","7.4000","0.7345","0.0011"
"","7.5000","0.7442","0.0011"
"","7.6000","0.7544","0.0011"
"","7.7000","0.7645","0.0011"
"","7.8000","0.7744","0.0011"
"","7.9000","0.7843","0.0012"
"","8.0000","0.7945","0.0012"
"","8.1000","0.8046","0.0012"
"","8.2000","0.8142","0.0012"
"","8.3000","0.8244","0.0012"
"","8.4000","0.8345","0.0012"
"","8.5000","0.8446","0.0013"
"","8.6000","0.8542","0.0013"
"","8.7000","0.8644","0.0013"
"","8.8000","0.8744","0.0013"
"","8.9000","0.8844","0.0013"
"","9.0000","0.8944","0.0013"
"","9.1000","0.9045","0.0014"
"","9.2000","0.9146","0.0014"
"","9.3000","0.9243","0.0014"
"","9.4000","0.9345","0.0014"
"","9.5000","0.9444","0.0014"
"","9.6000","0.9544","0.0015"
"","9.7000","0.9644","0.0015"
"","9.8000","0.9746","0.0015"
"","9.9000","0.9845","0.0015"
"","10.0000","0.9941","0.0015"
"","10.1000","1.0044","0.0015"
"","10.2000","1.0145","0.0016"
"","10.3000","1.0244","0.0016"
"","10.4000","1.0343","0.0016"
"","10.5000","1.0445","0.0016"
"","10.6000","1.0546","0.0017"
"","10.7000","1.0642","0.0017"
"","10.8000","1.0744","0.0017"
"","10.9000","1.0845","0.0017"
"","11.0000","1.0946","0.0017"
"","11.1000","1.1043","0.0018"
"","11.2000","1.1144","0.0018"
"","11.3000","1.1245","0.0018"
"","11.4000","1.1344","0.0018"
"","11.5000","1.1444","0.0019"
"","11.6000","1.1544","0.0019"
"","11.7000","1.1645","0.0019"
"","11.8000","1.1743","0.0019"
"","11.9000","1.1844","0.0020"
"","12.0000","1.1944","0.0020"
"","12.1000","1.2044","0.0020"
"","12.2000","1.2145","0.0020"
"","12.3000","1.2245","0.0020"
"","12.4000","1.2345","0.0021"
"","12.5000","1.2442","0.0021"
"","12.6000","1.2545","0.0021"
"","12.7000","1.2644","0.0022"
"","12.8000","1.2744","0.0022"
"","12.9000","1.2843","0.0022"
"","13.0000","1.2946","0.0023"
"","13.1000","1.3046","0.0023"
"","13.2000","1.3142","0.0023"
"","13.3000","1.3245","0.0024"
"","13.4000","1.3344","0.0024"
"","13.5000","1.3446","0.0024"
"","13.6000","1.3542","0.0024"
"","13.7000","1.3645","0.0025"
"","13.8000","1.3745","0.0025"
"","13.9000","1.3844","0.0026"
"","14.0000","1.3945","0.0026"
"","14.1000","1.4045","0.0026"
"","14.2000","1.4146","0.0027"
"","14.3000","1.4242","0.0027"
"","14.4000","1.4344","0.0028"
"","14.5000","1.4444","0.0028"
"","14.6000","1.4543","0.0029"
"","14.7000","1.4644","0.0029"
"","14.8000","1.4746","0.0029"
"","14.9000","1.4845","0.0030"
"","15.0000","1.4942","0.0030"
"","15.1000","1.5045","0.0031"
"","15.2000","1.5145","0.0031"
"","15.3000","1.5244","0.0032"
"","15.4000","1.5343","0.0033"
"","15.5000","1.5445","0.0033"
"","15.6000","1.5547","0.0034"
"","15.7000","1.5642","0.0034"
"","15.8000","1.5744","0.0035"
"","15.9000","1.5845","0.0036"
"","16.0000","1.5946","0.0036"
"","16.1000","1.6042","0.0037"
"","16.2000","1.6144","0.0038"
"","16.3000","1.6245","0.0038"
"","16.4000","1.6343","0.0039"
"","16.5000","1.6444","0.0040"
"","16.6000","1.6545","0.0041"
"","16.7000","1.6645","0.0041"
"","16.8000","1.6743","0.0042"
"","16.9000","1.6846","0.0043"
"","17.0000","1.6944","0.0044"
"","17.1000","1.7043","0.0045"
"","17.2000","1.7144","0.0045"
"","17.3000","1.7246","0.0046"
"","17.4000","1.7345","0.0047"
"","17.5000","1.7441","0.0048"
"","17.6000","1.7545","0.0049"
"","17.7000","1.7646","0.0050"
"","17.8000","1.7744","0.0051"
"","17.9000","1.7842","0.0052"
"","18.0000","1.7945","0.0053"
"","18.1000","1.8046","0.0054"
"","18.2000","1.8142","0.0055"
"","18.3000","1.8244","0.0056"
"","18.4000","1.8344","0.0057"
"","18.5000","1.8446","0.0058"
"","18.6000","1.8543","0.0059"
"","18.7000","1.8644","0.0060"
"","18.8000","1.8745","0.0061"
"","18.9000","1.8844","0.0062"
"","19.0000","1.8945","0.0063"
"","19.1000","1.9044","0.0065"
"","19.2000","1.9144","0.0066"
"","19.3000","1.9243","0.0067"
"","19.4000","1.9345","0.0068"
"","19.5000","1.9444","0.0069"
"","19.6000","1.9544","0.0070"
"","19.7000","1.9645","0.0072"
"","19.8000","1.9746","0.0073"
"","19.9000","1.9845","0.0074"
"","20.0000","1.9941","0.0075"
"","20.1000","2.0045","0.0076"
"","20.2000","2.0145","0.0078"
"","20.3000","2.0244","0.0079"
"","20.4000","2.0343","0.0080"
"","20.5000","2.0445","0.0082"
"","20.6000","2.0546","0.0083"
"","20.7000","2.0642","0.0084"
"","20.8000","2.0744","0.0086"
"","20.9000","2.0844","0.0087"
"","21.0000","2.0945","0.0089"
"","21.1000","2.1043","0.0090"
"","21.2000","2.1144","0.0092"
"","21.3000","2.1244","0.0094"
"","21.4000","2.1344","0.0095"
"","21.5000","2.1446","0.0097"
"","21.6000","2.1545","0.0099"
"","21.7000","2.1645","0.0100"
"","21.8000","2.1742","0.0102"
"","21.9000","2.1845","0.0104"
"","22.0000","2.1945","0.0105"
"","22.1000","2.2043","0.0107"
"","22.2000","2.2144","0.0109"
"","22.3000","2.2246","0.0111"
"","22.4000","2.2346","0.0112"
"","22.5000","2.2442","0.0114"
"","22.6000","2.2544","0.0116"
"","22.7000","2.2645","0.0118"
"","22.8000","2.2744","0.0120"
"","22.9000","2.2842","0.0122"
"","23.0000","2.2945","0.0124"
"","23.1000","2.3046","0.0126"
"","23.2000","2.3142","0.0128"
"","23.3000","2.3244","0.0130"
"","23.4000","2.3345","0.0132"
"","23.5000","2.3445","0.0134"
"","23.6000","2.3542","0.0136"
"","23.7000","2.3644","0.0138"
"","23.8000","2.3745","0.0141"
"","23.9000","2.3843","0.0143"
"","24.0000","2.3945","0.0146"
"","24.1000","2.4045","0.0148"
"","24.2000","2.4146","0.0151"
"","24.3000","2.4242","0.0153"
"","24.4000","2.4345","0.0156"
"","24.5000","2.4444","0.0159"
"","24.6000","2.4543","0.0161"
"","24.7000","2.4644","0.0164"
"","24.8000","2.4745","0.0167"
"","24.9000","2.4846","0.0169"
"","25.0000","2.4941","0.0172"
"","25.1000","2.5045","0.0175"
"","25.2000","2.5145","0.0178"
"","25.3000","2.5244","0.0181"
"","25.4000","2.5342","0.0184"
"","25.5000","2.5445","0.0187"
"","25.6000","2.5546","0.0190"
"","25.7000","2.5643","0.0193"
"","25.8000","2.5744","0.0196"
"","25.9000","2.5844","0.0199"
"","26.0000","2.5945","0.0203"
"","26.1000","2.6044","0.0206"
"","26.2000","2.6144","0.0209"
"","26.3000","2.6245","0.0213"
"","26.4000","2.6344","0.0216"
"","26.5000","2.6446","0.0220"
"","26.6000","2.6544","0.0223"
"","26.7000","2.6644","0.0227"
"","26.8000","2.6742","0.0230"
"","26.9000","2.6845","0.0234"
"","27.0000","2.6944","0.0238"
"","27.1000","2.7043","0.0242"
"","27.2000","2.7145","0.0246"
"","27.3000","2.7246","0.0250"
"","27.4000","2.7344","0.0254"
"","27.5000","2.7441","0.0257"
"","27.6000","2.7545","0.0262"
"","27.7000","2.7646","0.0266"
"","27.8000","2.7744","0.0270"
"","27.9000","2.7843","0.0274"
"","28.0000","2.7946","0.0278"
"","28.1000","2.8047","0.0283"
"","28.2000","2.8141","0.0287"
"","28.3000","2.8245","0.0291"
"","28.4000","2.8344","0.0296"
"","28.5000","2.8446","0.0300"
"","28.6000","2.8542","0.0305"
"","28.7000","2.8644","0.0310"
"","28.8000","2.8744","0.0314"
"","28.9000","2.8844","0.0319"
"","29.0000","2.8945","0.0324"
"","29.1000","2.9045","0.0328"
"","29.2000","2.9145","0.0333"
"","29.3000","2.9242","0.0338"
"","29.4000","2.9345","0.0343"
"","29.5000","2.9444","0.0348"
"","29.6000","2.9543","0.0353"
"","29.7000","2.9644","0.0358"
"","29.8000","2.9746","0.0363"
"","29.9000","2.9845","0.0366"
"","30.0000","2.9942","0.0367"
"","30.1000","3.0045","0.0367"
"","30.2000","3.0145","0.0367"
"","30.3000","3.0244","0.0368"
"","30.4000","3.0343","0.0369"
"","30.5000","3.0445","0.0371"
"","30.6000","3.0546","0.0373"
"","30.7000","3.0641","0.0375"
"","30.8000","3.0744","0.0376"
"","30.9000","3.0845","0.0377"
"","31.0000","3.0946","0.0378"
"","31.1000","3.1042","0.0379"
"","31.2000","3.1144","0.0379"
"","31.3000","3.1245","0.0382"
"","31.4000","3.1344","0.0384"
"","31.5000","3.1444","0.0386"
"","31.6000","3.1545","0.0389"
"","31.7000","3.1646","0.0393"
"","31.8000","3.1742","0.0395"
"","31.9000","3.1846","0.0398"
"","32.0000","3.1944","0.0401"
"","32.1000","3.2043","0.0404"
"","32.2000","3.2144","0.0408"
"","32.3000","3.2246","0.0414"
"","32.4000","3.2345","0.0420"
"","32.5000","3.2441","0.0424"
"","32.6000","3.2545","0.0428"
"","32.7000","3.2646","0.0432"
"","32.8000","3.2744","0.0438"
"","32.9000","3.2843","0.0443"
"","33.0000","3.2945","0.0449"
"","33.1000","3.3046","0.0454"
"","33.2000","3.3142","0.0458"
"","33.3000","3.3244","0.0464"
"","33.4000","3.3345","0.0469"
"","33.5000","3.3446","0.0475"
"","33.6000","3.3543","0.0480"
"","33.7000","3.3644","0.0486"
"","33.8000","3.3745","0.0492"
"","33.9000","3.3844","0.0497"
"","34.0000","3.3945","0.0503"
"","34.1000","3.4044","0.0509"
"","34.2000","3.4145","0.0515"
"","34.3000","3.4242","0.0521"
"","34.4000","3.4344","0.0527"
"","34.5000","3.4444","0.0534"
"","34.6000","3.4543","0.0540"
"","34.7000","3.4645","0.0547"
"","34.8000","3.4746","0.0554"
"","34.9000","3.4845","0.0560"
"","35.0000","3.4942","0.0566"
"","35.1000","3.5045","0.0574"
"","35.2000","3.5145","0.0580"
"","35.3000","3.5244","0.0587"
"","35.4000","3.5343","0.0594"
"","35.5000","3.5446","0.0602"
"","35.6000","3.5546","0.0609"
"","35.7000","3.5641","0.0615"
"","35.8000","3.5745","0.0623"
"","35.9000","3.5844","0.0630"
"","36.0000","3.5945","0.0638"
"","36.1000","3.6042","0.0645"
"","36.2000","3.6144","0.0653"
"","36.3000","3.6245","0.0660"
"","36.4000","3.6344","0.0667"
"","36.5000","3.6445","0.0675"
"","36.6000","3.6545","0.0683"
"","36.7000","3.6645","0.0690"
"","36.8000","3.6742","0.0697"
"","36.9000","3.6845","0.0705"
"","37.0000","3.6945","0.0713"
"","37.1000","3.7044","0.0721"
"","37.2000","3.7145","0.0729"
"","37.3000","3.7246","0.0737"
"","37.4000","3.7345","0.0745"
"","37.5000","3.7442","0.0753"
"","37.6000","3.7544","0.0761"
"","37.7000","3.7645","0.0769"
"","37.8000","3.7744","0.0777"
"","37.9000","3.7843","0.0785"
"","38.0000","3.7944","0.0794"
"","38.1000","3.8046","0.0802"
"","38.2000","3.8142","0.0810"
"","38.3000","3.8244","0.0819"
"","38.4000","3.8345","0.0827"
"","38.5000","3.8446","0.0836"
"","38.6000","3.8542","0.0844"
"","38.7000","3.8644","0.0853"
"","38.8000","3.8745","0.0862"
"","38.9000","3.8843","0.0870"
"","39.0000","3.8944","0.0878"
"","39.1000","3.9045","0.0887"
"","39.2000","3.9146","0.0896"
"","39.3000","3.9242","0.0904"
"","39.4000","3.9345","0.0913"
"","39.5000","3.9444","0.0922"
"","39.6000","3.9543","0.0931"
"","39.7000","3.9644","0.0940"
"","39.8000","3.9745","0.0949"
"","39.9000","3.9845","0.0958"
"","40.0000","3.9942","0.0966"
"","40.0570","4.0001","0.0972"
"","40.0580","4.0002","0.0973"
"","40.0590","4.0003","0.0973"
"","40.1590","4.0007","0.0958"
"","40.2590","3.9932","0.0928"
"","40.3590","3.9813","0.0890"
"","40.4590","3.9709","0.0858"
"","40.5590","3.9608","0.0829"
"","40.6590","3.9510","0.0802"
"","40.7590","3.9407","0.0774"
"","40.8590","3.9307","0.0748"
"","40.9590","3.9207","0.0723"
"","41.0590","3.9110","0.0700"
"","41.1590","3.9006","0.0676"
"","41.2590","3.8906","0.0653"
"","41.3590","3.8808","0.0632"
"","41.4590","3.8708","0.0610"
"","41.5590","3.8608","0.0590"
"","41.6590","3.8506","0.0570"
"","41.7590","3.8408","0.0551"
"","41.8590","3.8306","0.0532"
"","41.9590","3.8207","0.0514"
"","42.0590","3.8107","0.0497"
"","42.1590","3.8007","0.0480"
"","42.2590","3.7907","0.0464"
"","42.3590","3.7807","0.0449"
"","42.4590","3.7709","0.0434"
"","42.5590","3.7606","0.0419"
"","42.6590","3.7506","0.0405"
"","42.7590","3.7408","0.0392"
"","42.8590","3.7308","0.0380"
"","42.9590","3.7206","0.0369"
"","43.0590","3.7107","0.0360"
"","43.1590","3.7009","0.0354"
"","43.2590","3.6907","0.0349"
"","43.3590","3.6806","0.0345"
"","43.4590","3.6707","0.0342"
"","43.5590","3.6609","0.0341"
"","43.6590","3.6507","0.0339"
"","43.7590","3.6406","0.0337"
"","43.8590","3.6309","0.0336"
"","43.9590","3.6208","0.0335"
"","44.0590","3.6107","0.0335"
"","44.1590","3.6006","0.0334"
"","44.2590","3.5909","0.0334"
"","44.3590","3.5807","0.0332"
"","44.4590","3.5706","0.0330"
"","44.5590","3.5608","0.0328"
"","44.6590","3.5506","0.0326"
"","44.7590","3.5407","0.0325"
"","44.8590","3.5306","0.0323"
"","44.9590","3.5209","0.0322"
"","45.0590","3.5105","0.0320"
"","45.1590","3.5007","0.0319"
"","45.2590","3.4908","0.0316"
"","45.3590","3.4809","0.0312"
"","45.4590","3.4706","0.0305"
"","45.5590","3.4606","0.0294"
"","45.6590","3.4509","0.0284"
"","45.7590","3.4407","0.0273"
"","45.8590","3.4306","0.0264"
"","45.9590","3.4206","0.0254"
"","46.0590","3.4110","0.0246"
"","46.1590","3.4007","0.0237"
"","46.2590","3.3907","0.0229"
"","46.3590","3.3807","0.0221"
"","46.4590","3.3709","0.0214"
"","46.5590","3.3607","0.0207"
"","46.6590","3.3506","0.0200"
"","46.7590","3.3408","0.0193"
"","46.8590","3.3307","0.0187"
"","46.9590","3.3207","0.0181"
"","47.0590","3.3108","0.0175"
"","47.1590","3.3007","0.0170"
"","47.2590","3.2907","0.0164"
"","47.3590","3.2807","0.0159"
"","47.4590","3.2709","0.0154"
"","47.5590","3.2606","0.0149"
"","47.6590","3.2506","0.0145"
"","47.7590","3.2407","0.0141"
"","47.8590","3.2309","0.0136"
"","47.9590","3.2207","0.0132"
"","48.0590","3.2106","0.0128"
"","48.1590","3.2009","0.0125"
"","48.2590","3.1907","0.0121"
"","48.3590","3.1806","0.0118"
"","48.4590","3.1705","0.0114"
"","48.5590","3.1609","0.0111"
"","48.6590","3.1507","0.0108"
"","48.7590","3.1406","0.0104"
"","48.8590","3.1307","0.0101"
"","48.9590","3.1208","0.0099"
"","49.0590","3.1108","0.0096"
"","49.1590","3.1007","0.0093"
"","49.2590","3.0908","0.0090"
"","49.3590","3.0806","0.0087"
"","49.4590","3.0707","0.0085"
"","49.5590","3.0607","0.0082"
"","49.6590","3.0507","0.0080"
"","49.7590","3.0407","0.0077"
"","49.8590","3.0307","0.0075"
"","49.9590","3.0209","0.0073"
"","50.0590","3.0105","0.0070"
"","50.1590","3.0006","0.0068"
"","50.2590","2.9908","0.0066"
"","50.3590","2.9809","0.0064"
"","50.4590","2.9706","0.0062"
"","50.5590","2.9606","0.0060"
"","50.6590","2.9509","0.0059"
"","50.7590","2.9407","0.0057"
"","50.8590","2.9306","0.0055"
"","50.9590","2.9206","0.0053"
"","51.0590","2.9109","0.0052"
"","51.1590","2.9006","0.0050"
"","51.2590","2.8906","0.0049"
"","51.3590","2.8807","0.0047"
"","51.4590","2.8708","0.0046"
"","51.5590","2.8607","0.0045"
"","51.6590","2.8506","0.0043"
"","51.7590","2.8409","0.0042"
"","51.8590","2.8306","0.0041"
"","51.9590","2.8206","0.0040"
"","52.0590","2.8108","0.0039"
"","52.1590","2.8007","0.0038"
"","52.2590","2.7907","0.0037"
"","52.3590","2.7807","0.0036"
"","52.4590","2.7709","0.0035"
"","52.5590","2.7606","0.0034"
"","52.6590","2.7506","0.0033"
"","52.7590","2.7408","0.0032"
"","52.8590","2.7310","0.0031"
"","52.9590","2.7206","0.0030"
"","53.0590","2.7106","0.0030"
"","53.1590","2.7009","0.0029"
"","53.2590","2.6907","0.0028"
"","53.3590","2.6806","0.0027"
"","53.4590","2.6706","0.0026"
"","53.5590","2.6609","0.0026"
"","53.6590","2.6508","0.0025"
"","53.7590","2.6406","0.0024"
"","53.8590","2.6308","0.0024"
"","53.9590","2.6208","0.0023"
"","54.0590","2.6107","0.0023"
"","54.1590","2.6006","0.0022"
"","54.2590","2.5909","0.0021"
"","54.3590","2.5806","0.0021"
"","54.4590","2.5707","0.0020"
"","54.5590","2.5607","0.0020"
"","54.6590","2.5508","0.0020"
"","54.7590","2.5407","0.0019"
"","54.8590","2.5307","0.0019"
"","54.9590","2.5209","0.0018"
"","55.0590","2.5106","0.0018"
"","55.1590","2.5006","0.0018"
"","55.2590","2.4907","0.0017"
"","55.3590","2.4809","0.0017"
"","55.4590","2.4707","0.0017"
"","55.5590","2.4606","0.0016"
"","55.6590","2.4509","0.0016"
"","55.7590","2.4407","0.0016"
"","55.8590","2.4306","0.0016"
"","55.9590","2.4206","0.0015"
"","56.0590","2.4109","0.0015"
"","56.1590","2.4006","0.0015"
"","56.2590","2.3906","0.0014"
"","56.3590","2.3808","0.0014"
"","56.4590","2.3708","0.0014"
"","56.5590","2.3608","0.0014"
"","56.6590","2.3506","0.0013"
"","56.7590","2.3409","0.0013"
"","56.8590","2.3305","0.0013"
"","56.9590","2.3206","0.0013"
"","57.0590","2.3107","0.0012"
"","57.1590","2.3008","0.0012"
"","57.2590","2.2906","0.0012"
"","57.3590","2.2807","0.0012"
"","57.4590","2.2709","0.0011"
"","57.5590","2.2606","0.0011"
"","57.6590","2.2506","0.0011"
"","57.7590","2.2408","0.0011"
"","57.8590","2.2308","0.0010"
"","57.9590","2.2206","0.0010"
"","58.0590","2.2106","0.0010"
"","58.1590","2.2010","0.0010"
"","58.2590","2.1907","0.0010"
"","58.3590","2.1806","0.0010"
"","58.4590","2.1706","0.0009"
"","58.5590","2.1610","0.0009"
"","58.6590","2.1507","0.0009"
"","58.7590","2.1405","0.0009"
"","58.8590","2.1307","0.0009"
"","58.9590","2.1208","0.0009"
"","59.0590","2.1107","0.0008"
"","59.1590","2.1006","0.0008"
"","59.2590","2.0909","0.0008"
"","59.3590","2.0806","0.0008"
"","59.4590","2.0706","0.0008"
"","59.5590","2.0608","0.0008"
"","59.6590","2.0507","0.0007"
"","59.7590","2.0407","0.0007"
"","59.8590","2.0307","0.0007"
"","59.9590","2.0210","0.0007"
"","60.0590","2.0105","0.0007"
"","60.1590","2.0006","0.0007"
"","60.2590","1.9908","0.0007"
"","60.3590","1.9809","0.0006"
"","60.4590","1.9706","0.0006"
"","60.5590","1.9606","0.0006"
"","60.6590","1.9509","0.0006"
"","60.7590","1.9407","0.0006"
"","60.8590","1.9306","0.0006"
"","60.9590","1.9206","0.0006"
"","61.0590","1.9110","0.0006"
"","61.1590","1.9007","0.0005"
"","61.2590","1.8907","0.0005"
"","61.3590","1.8807","0.0005"
"","61.4590","1.8709","0.0005"
"","61.5590","1.8607","0.0005"
"","61.6590","1.8506","0.0005"
"","61.7590","1.8408","0.0005"
"","61.8590","1.8307","0.0005"
"","61.9590","1.8207","0.0005"
"","62.0590","1.8108","0.0005"
"","62.1590","1.8007","0.0004"
"","62.2590","1.7908","0.0004"
"","62.3590","1.7807","0.0004"
"","62.4590","1.7709","0.0004"
"","62.5590","1.7605","0.0004"
"","62.6590","1.7506","0.0004"
"","62.7590","1.7407","0.0004"
"","62.8590","1.7309","0.0004"
"","62.9590","1.7207","0.0003"
"","63.0590","1.7106","0.0003"
"","63.1590","1.7010","0.0003"
"","63.2590","1.6907","0.0003"
"","63.3590","1.6807","0.0003"
"","63.4590","1.6706","0.0003"
"","63.5590","1.6609","0.0003"
"","63.6590","1.6506","0.0003"
"","63.7590","1.6406","0.0003"
"","63.8590","1.6308","0.0003"
"","63.9590","1.6208","0.0003"
"","64.0590","1.6108","0.0003"
"","64.1590","1.6006","0.0003"
"","64.2590","1.5909","0.0003"
"","64.3590","1.5806","0.0003"
"","64.4590","1.5706","0.0002"
"","64.5590","1.5607","0.0002"
"","64.6590","1.5507","0.0002"
"","64.7590","1.5407","0.0002"
"","64.8590","1.5307","0.0002"
"","64.9590","1.5209","0.0002"
"","65.0590","1.5105","0.0002"
"","65.1590","1.5006","0.0002"
"","65.2590","1.4908","0.0002"
"","65.3590","1.4808","0.0002"
"","65.4590","1.4706","0.0002"
"","65.5590","1.4607","0.0002"
"","65.6590","1.4509","0.0002"
"","65.7590","1.4407","0.0002"
"","65.8590","1.4306","0.0002"
"","65.9590","1.4207","0.0002"
"","66.0590","1.4109","0.0002"
"","66.1590","1.4006","0.0002"
"","66.2590","1.3905","0.0002"
"","66.3590","1.3808","0.0002"
"","66.4590","1.3708","0.0001"
"","66.5590","1.3606","0.0001"
"","66.6590","1.3506","0.0001"
"","66.7590","1.3409","0.0001"
"","66.8590","1.3307","0.0001"
"","66.9590","1.3206","0.0001"
"","67.0590","1.3108","0.0001"
"","67.1590","1.3007","0.0001"
"","67.2590","1.2907","0.0001"
"","67.3590","1.2806","0.0001"
"","67.4590","1.2709","0.0001"
"","67.5590","1.2605","0.0001"
"","67.6590","1.2506","0.0001"
"","67.7590","1.2407","0.0001"
"","67.8590","1.2309","0.0001"
"","67.9590","1.2206","0.0001"
"","68.0590","1.2106","0.0001"
"","68.1590","1.2009","0.0001"
"","68.2590","1.1907","0.0001"
"","68.3590","1.1806","0.0001"
"","68.4590","1.1706","0.0000"
"","68.5590","1.1610","0.0000"
"","68.6590","1.1507","0.0000"
"","68.7590","1.1407","0.0000"
"","68.8590","1.1307","0.0000"
"","68.9590","1.1209","0.0000"
"","69.0590","1.1107","0.0000"
"","69.1590","1.1006","0.0000"
"","69.2590","1.0908","0.0000"
"","69.3590","1.0807","0.0000"
"","69.4590","1.0707","0.0000"
"","69.5590","1.0607","0.0000"
"","69.6590","1.0507","0.0000"
"","69.7590","1.0408","0.0000"
"","69.8590","1.0307","0.0000"
"","69.9590","1.0209","0.0000"
"","70.0590","1.0105","0.0000"
"","70.1590","1.0006","0.0000"
"","70.2590","0.9908","0.0000"
"","70.3590","0.9809","0.0000"
"","70.4590","0.9707","0.0000"
"","70.5590","0.9606","0.0000"
"","70.6590","0.9509","0.0000"
"","70.7590","0.9406","0.0000"
"","70.8590","0.9306","0.0000"
"","70.9590","0.9207","0.0000"
"","71.0590","0.9109","0.0000"
"","71.1590","0.9006","0.0000"
"","71.2590","0.8906","-0.0001"
"","71.3590","0.8808","0.0000"
"","71.4590","0.8708","-0.0001"
"","71.5590","0.8608","-0.0001"
"","71.6590","0.8507","-0.0001"
"","71.7590","0.8408","-0.0001"
"","71.8590","0.8306","-0.0001"
"","71.9590","0.8206","-0.0001"
"","72.0590","0.8107","-0.0001"
"","72.1590","0.8007","-0.0001"
"","72.2590","0.7907","-0.0001"
"","72.3590","0.7807","-0.0001"
"","72.4590","0.7709","-0.0001"
"","72.5590","0.7605","-0.0001"
"","72.6590","0.7506","-0.0001"
"","72.7590","0.7408","-0.0001"
"","72.8590","0.7308","-0.0001"
"","72.9590","0.7206","-0.0001"
"","73.0590","0.7106","-0.0001"
"","73.1590","0.7009","-0.0001"
"","73.2590","0.6907","-0.0001"
"","73.3590","0.6806","-0.0001"
"","73.4590","0.6707","-0.0001"
"","73.5590","0.6609","-0.0001"
"","73.6590","0.6506","-0.0001"
"","73.7590","0.6405","-0.0001"
"","73.8590","0.6307","-0.0001"
"","73.9590","0.6208","-0.0001"
"","74.0590","0.6107","-0.0001"
"","74.1590","0.6006","-0.0001"
"","74.2590","0.5909","-0.0001"
"","74.3590","0.5806","-0.0001"
"","74.4590","0.5706","-0.0001"
"","74.5590","0.5608","-0.0001"
"","74.6590","0.5507","-0.0001"
"","74.7590","0.5406","-0.0001"
"","74.8590","0.5307","-0.0001"
"","74.9590","0.5209","-0.0001"
"","75.0590","0.5106","-0.0001"
"","75.1590","0.5005","-0.0001"
"","75.2590","0.4908","-0.0001"
"","75.3590","0.4809","-0.0001"
"","75.4590","0.4706","-0.0001"
"","75.5590","0.4606","-0.0001"
"","75.6590","0.4510","-0.0001"
"","75.7590","0.4407","-0.0001"
"","75.8590","0.4306","-0.0001"
"","75.9590","0.4206","-0.0001"
"","76.0590","0.4110","-0.0001"
"","76.1590","0.4008","-0.0001"
"","76.2590","0.3907","-0.0001"
"","76.3590","0.3808","-0.0001"
"","76.4590","0.3709","-0.0001"
"","76.5590","0.3607","-0.0001"
"","76.6590","0.3506","-0.0001"
"","76.7590","0.3408","-0.0001"
"","76.8590","0.3307","-0.0001"
"","76.9590","0.3206","-0.0001"
"","77.0590","0.3107","-0.0001"
"","77.1590","0.3007","-0.0001"
"","77.2590","0.2907","-0.0001"
"","77.3590","0.2807","-0.0001"
"","77.4590","0.2709","-0.0001"
"","77.5590","0.2605","-0.0001"
"","77.6590","0.2506","-0.0001"
"","77.7590","0.2407","-0.0001"
"","77.8590","0.2309","-0.0001"
"","77.9590","0.2207","-0.0001"
"","78.0590","0.2106","-0.0001"
"","78.1590","0.2010","-0.0001"
"","78.2590","0.1907","-0.0001"
"","78.3590","0.1806","-0.0001"
"","78.4590","0.1706","-0.0001"
"","78.5590","0.1609","-0.0001"
"","78.6590","0.1507","-0.0001"
"","78.7590","0.1406","-0.0001"
"","78.8590","0.1307","-0.0001"
"","78.9590","0.1208","-0.0001"
"","79.0590","0.1108","-0.0001"
"","79.1590","0.1007","-0.0001"
"","79.2590","0.0908","-0.0001"
"","79.3590","0.0806","-0.0001"
"","79.4590","0.0707","-0.0001"
"","79.5590","0.0608","-0.0001"
"","79.6590","0.0508","-0.0001"
"","79.7590","0.0406","-0.0001"
"","79.8590","0.0307","-0.0001"
"","79.9590","0.0209","-0.0001"
"","80.0590","0.0106","-0.0001"
"","80.1590","0.0006","-0.0001"
"","80.1660","0.0000","-0.0001"
"","80.1670","-0.0001","-0.0001"
"","80.1680","-0.0002","-0.0001"
"","80.2680","-0.0006","-0.0001"
"","80.3680","0.0071","-0.0001"
"","80.4680","0.0191","-0.0001"
"","80.5680","0.0291","-0.0001"
"","80.6680","0.0394","-0.0001"
"","80.7680","0.0495","-0.0001"
"","80.8680","0.0594","-0.0001"
"","80.9680","0.0692","-0.0001"
"","81.0680","0.0794","-0.0001"
"","81.1680","0.0896","-0.0001"
"","81.2680","0.0993","-0.0001"
"","81.3680","0.1094","-0.0001"
"","81.4680","0.1194","-0.0001"
"","81.5680","0.1295","-0.0001"
"","81.6680","0.1392","-0.0001"
"","81.7680","0.1494","-0.0001"
"","81.8680","0.1594","-0.0001"
"","81.9680","0.1694","-0.0001"
"","82.0680","0.1795","-0.0001"
"","82.1680","0.1895","-0.0001"
"","82.2680","0.1994","-0.0001"
"","82.3680","0.2091","-0.0001"
"","82.4680","0.2195","-0.0001"
"","82.5680","0.2294","-0.0001"
"","82.6680","0.2394","-0.0001"
"","82.7680","0.2493","-0.0001"
"","82.8680","0.2595","-0.0001"
"","82.9680","0.2696","-0.0001"
"","83.0680","0.2792","-0.0001"
"","83.1680","0.2894","-0.0001"
"","83.2680","0.2995","-0.0001"
"","83.3680","0.3095","-0.0001"
"","83.4680","0.3192","-0.0001"
"","83.5680","0.3294","-0.0001"
"","83.6680","0.3396","-0.0001"
"","83.7680","0.3493","-0.0001"
"","83.8680","0.3594","-0.0001"
"","83.9680","0.3695","-0.0001"
"","84.0680","0.3795","-0.0001"
"","84.1680","0.3893","-0.0001"
"","84.2680","0.3993","-0.0001"
"","84.3680","0.4094","-0.0001"
"","84.4680","0.4194","-0.0001"
"","84.5680","0.4296","-0.0001"
"","84.6680","0.4394","-0.0001"
"","84.7680","0.4494","-0.0001"
"","84.8680","0.4591","-0.0001"
"","84.9680","0.4696","-0.0001"
"","85.0680","0.4794","-0.0001"
"","85.1680","0.4893","-0.0001"
"","85.2680","0.4994","-0.0001"
"","85.3680","0.5095","-0.0001"
"","85.4680","0.5195","-0.0001"
"","85.5680","0.5292","-0.0001"
"","85.6680","0.5395","-0.0001"
"","85.7680","0.5495","-0.0001"
"","85.8680","0.5594","-0.0001"
"","85.9680","0.5692","-0.0001"
"","86.0680","0.5794","-0.0001"
"","86.1680","0.5896","-0.0001"
"","86.2680","0.5993","-0.0001"
"","86.3680","0.6095","0.0000"
"","86.4680","0.6194","0.0000"
"","86.5680","0.6295","0.0000"
"","86.6680","0.6393","0.0000"
"","86.7680","0.6495","0.0000"
"","86.8680","0.6595","0.0000"
"","86.9680","0.6693","0.0000"
"","87.0680","0.6795","0.0000"
"","87.1680","0.6894","0.0000"
"","87.2680","0.6995","0.0000"
"","87.3680","0.7092","0.0000"
"","87.4680","0.7196","0.0000"
"","87.5680","0.7294","0.0000"
"","87.6680","0.7394","0.0000"
"","87.7680","0.7493","0.0000"
"","87.8680","0.7596","0.0000"
"","87.9680","0.7695","0.0000"
"","88.0680","0.7792","0.0000"
"","88.1680","0.7894","0.0000"
"","88.2680","0.7996","0.0001"
"","88.3680","0.8094","0.0001"
"","88.4680","0.8192","0.0001"
"","88.5680","0.8294","0.0001"
"","88.6680","0.8396","0.0001"
"","88.7680","0.8493","0.0001"
"","88.8680","0.8594","0.0001"
"","88.9680","0.8694","0.0001"
"","89.0680","0.8795","0.0001"
"","89.1680","0.8892","0.0001"
"","89.2680","0.8994","0.0001"
"","89.3680","0.9095","0.0001"
"","89.4680","0.9194","0.0001"
"","89.5680","0.9296","0.0002"
"","89.6680","0.9394","0.0002"
"","89.7680","0.9495","0.0002"
"","89.8680","0.9591","0.0002"
"","89.9680","0.9696","0.0002"
"","90.0680","0.9794","0.0002"
"","90.1680","0.9894","0.0002"
"","90.2680","0.9993","0.0002"
"","90.3680","1.0095","0.0002"
"","90.4680","1.0195","0.0003"
"","90.5680","1.0292","0.0003"
"","90.6680","1.0395","0.0003"
"","90.7680","1.0495","0.0003"
"","90.8680","1.0595","0.0003"
"","90.9680","1.0692","0.0003"
"","91.0680","1.0794","0.0003"
"","91.1680","1.0895","0.0003"
"","91.2680","1.0993","0.0004"
"","91.3680","1.1094","0.0004"
"","91.4680","1.1195","0.0004"
"","91.5680","1.1295","0.0004"
"","91.6680","1.1393","0.0004"
"","91.7680","1.1493","0.0004"
"","91.8680","1.1594","0.0004"
"","91.9680","1.1694","0.0005"
"","92.0680","1.1796","0.0005"
"","92.1680","1.1895","0.0005"
"","92.2680","1.1995","0.0005"
"","92.3680","1.2092","0.0005"
"","92.4680","1.2196","0.0005"
"","92.5680","1.2294","0.0006"
"","92.6680","1.2394","0.0006"
"","92.7680","1.2494","0.0006"
"","92.8680","1.2595","0.0006"
"","92.9680","1.2695","0.0005"
"","93.0680","1.2792","0.0006"
"","93.1680","1.2895","0.0006"
"","93.2680","1.2995","0.0006"
"","93.3680","1.3095","0.0006"
"","93.4680","1.3192","0.0006"
"","93.5680","1.3295","0.0007"
"","93.6680","1.3395","0.0007"
"","93.7680","1.3493","0.0007"
"","93.8680","1.3595","0.0007"
"","93.9680","1.3695","0.0007"
"","94.0680","1.3795","0.0008"
"","94.1680","1.3893","0.0008"
"","94.2680","1.3995","0.0008"
"","94.3680","1.4095","0.0008"
"","94.4680","1.4193","0.0008"
"","94.5680","1.4295","0.0008"
"","94.6680","1.4394","0.0009"
"","94.7680","1.4494","0.0009"
"","94.8680","1.4592","0.0009"
"","94.9680","1.4696","0.0009"
"","95.0680","1.4794","0.0009"
"","95.1680","1.4894","0.0009"
"","95.2680","1.4993","0.0010"
"","95.3680","1.5096","0.0010"
"","95.4680","1.5195","0.0010"
"","95.5680","1.5291","0.0010"
"","95.6680","1.5394","0.0010"
"","95.7680","1.5495","0.0011"
"","95.8680","1.5594","0.0011"
"","95.9680","1.5692","0.0011"
"","96.0680","1.5795","0.0011"
"","96.1680","1.5896","0.0011"
"","96.2680","1.5994","0.0012"
"","96.3680","1.6094","0.0012"
"","96.4680","1.6194","0.0012"
"","96.5680","1.6295","0.0012"
"","96.6680","1.6392","0.0012"
"","96.7680","1.6494","0.0013"
"","96.8680","1.6595","0.0013"
"","96.9680","1.6694","0.0013"
"","97.0680","1.6796","0.0013"
"","97.1680","1.6894","0.0013"
"","97.2680","1.6994","0.0014"
"","97.3680","1.7091","0.0014"
"","97.4680","1.7195","0.0014"
"","97.5680","1.7294","0.0014"
"","97.6680","1.7394","0.0015"
"","97.7680","1.7493","0.0015"
"","97.8680","1.7596","0.0015"
"","97.9680","1.7696","0.0015"
"","98.0680","1.7792","0.0015"
"","98.1680","1.7894","0.0016"
"","98.2680","1.7995","0.0016"
"","98.3680","1.8095","0.0016"
"","98.4680","1.8192","0.0016"
"","98.5680","1.8294","0.0017"
"","98.6680","1.8395","0.0017"
"","98.7680","1.8494","0.0017"
"","98.8680","1.8594","0.0017"
"","98.9680","1.8695","0.0018"
"","99.0680","1.8795","0.0018"
"","99.1680","1.8893","0.0018"
"","99.2680","1.8993","0.0019"
"","99.3680","1.9094","0.0019"
"","99.4680","1.9193","0.0019"
"","99.5680","1.9296","0.0020"
"","99.6680","1.9395","0.0020"
"","99.7680","1.9495","0.0020"
"","99.8680","1.9591","0.0021"
"","99.9680","1.9696","0.0021"
"","100.0680","1.9795","0.0021"
"","100.1680","1.9893","0.0022"
"","100.2680","1.9993","0.0022"
"","100.3680","2.0095","0.0022"
"","100.4680","2.0196","0.0022"
"","100.5680","2.0291","0.0022"
"","100.6680","2.0395","0.0023"
"","100.7680","2.0494","0.0023"
"","100.8680","2.0595","0.0024"
"","100.9680","2.0692","0.0024"
"","101.0680","2.0794","0.0025"
"","101.1680","2.0895","0.0025"
"","101.2680","2.0994","0.0026"
"","101.3680","2.1094","0.0026"
"","101.4680","2.1194","0.0027"
"","101.5680","2.1295","0.0027"
"","101.6680","2.1392","0.0028"
"","101.7680","2.1495","0.0029"
"","101.8680","2.1594","0.0029"
"","101.9680","2.1693","0.0030"
"","102.0680","2.1795","0.0030"
"","102.1680","2.1895","0.0031"
"","102.2680","2.1995","0.0032"
"","102.3680","2.2091","0.0032"
"","102.4680","2.2195","0.0033"
"","102.5680","2.2295","0.0034"
"","102.6680","2.2394","0.0035"
"","102.7680","2.2493","0.0036"
"","102.8680","2.2596","0.0036"
"","102.9680","2.2695","0.0037"
"","103.0680","2.2791","0.0038"
"","103.1680","2.2894","0.0039"
"","103.2680","2.2995","0.0040"
"","103.3680","2.3095","0.0040"
"","103.4680","2.3192","0.0041"
"","103.5680","2.3294","0.0042"
"","103.6680","2.3396","0.0043"
"","103.7680","2.3493","0.0044"
"","103.8680","2.3594","0.0043"
"","103.9680","2.3694","0.0044"
"","104.0680","2.3795","0.0046"
"","104.1680","2.3892","0.0047"
"","104.2680","2.3995","0.0048"
"","104.3680","2.4095","0.0049"
"","104.4680","2.4194","0.0050"
"","104.5680","2.4295","0.0052"
"","104.6680","2.4395","0.0053"
"","104.7680","2.4495","0.0054"
"","104.8680","2.4591","0.0055"
"","104.9680","2.4695","0.0056"
"","105.0680","2.4795","0.0058"
"","105.1680","2.4894","0.0059"
"","105.2680","2.4993","0.0060"
"","105.3680","2.5095","0.0061"
"","105.4680","2.5196","0.0063"
"","105.5680","2.5292","0.0064"
"","105.6680","2.5394","0.0065"
"","105.7680","2.5494","0.0066"
"","105.8680","2.5595","0.0068"
"","105.9680","2.5692","0.0069"
"","106.0680","2.5794","0.0070"
"","106.1680","2.5895","0.0072"
"","106.2680","2.5994","0.0074"
"","106.3680","2.6094","0.0075"
"","106.4680","2.6194","0.0077"
"","106.5680","2.6295","0.0079"
"","106.6680","2.6393","0.0080"
"","106.7680","2.6494","0.0082"
"","106.8680","2.6594","0.0084"
"","106.9680","2.6694","0.0086"
"","107.0680","2.6795","0.0088"
"","107.1680","2.6894","0.0090"
"","107.2680","2.6994","0.0092"
"","107.3680","2.7091","0.0094"
"","107.4680","2.7196","0.0096"
"","107.5680","2.7294","0.0098"
"","107.6680","2.7393","0.0100"
"","107.7680","2.7493","0.0103"
"","107.8680","2.7595","0.0105"
"","107.9680","2.7695","0.0107"
"","108.0680","2.7792","0.0110"
"","108.1680","2.7895","0.0112"
"","108.2680","2.7995","0.0115"
"","108.3680","2.8095","0.0117"
"","108.4680","2.8192","0.0120"
"","108.5680","2.8295","0.0123"
"","108.6680","2.8395","0.0126"
"","108.7680","2.8494","0.0128"
"","108.8680","2.8594","0.0132"
"","108.9680","2.8694","0.0135"
"","109.0680","2.8795","0.0138"
"","109.1680","2.8893","0.0141"
"","109.2680","2.8994","0.0144"
"","109.3680","2.9094","0.0147"
"","109.4680","2.9194","0.0151"
"","109.5680","2.9296","0.0154"
"","109.6680","2.9395","0.0157"
"","109.7680","2.9494","0.0161"
"","109.8680","2.9591","0.0164"
"","109.9680","2.9696","0.0168"
"","110.0680","2.9794","0.0171"
"","110.1680","2.9894","0.0175"
"","110.2680","2.9993","0.0179"
"","110.3680","3.0096","0.0183"
"","110.4680","3.0195","0.0187"
"","110.5680","3.0291","0.0191"
"","110.6680","3.0394","0.0195"
"","110.7680","3.0495","0.0200"
"","110.8680","3.0594","0.0204"
"","110.9680","3.0692","0.0208"
"","111.0680","3.0795","0.0213"
"","111.1680","3.0896","0.0218"
"","111.2680","3.0994","0.0222"
"","111.3680","3.1094","0.0228"
"","111.4680","3.1195","0.0233"
"","111.5680","3.1295","0.0238"
"","111.6680","3.1393","0.0243"
"","111.7680","3.1494","0.0249"
"","111.8680","3.1595","0.0254"
"","111.9680","3.1694","0.0260"
"","112.0680","3.1796","0.0266"
"","112.1680","3.1894","0.0272"
"","112.2680","3.1994","0.0278"
"","112.3680","3.2091","0.0284"
"","112.4680","3.2196","0.0291"
"","112.5680","3.2294","0.0297"
"","112.6680","3.2394","0.0304"
"","112.7680","3.2493","0.0311"
"","112.8680","3.2596","0.0318"
"","112.9680","3.2695","0.0325"
"","113.0680","3.2792","0.0332"
"","113.1680","3.2895","0.0339"
"","113.2680","3.2994","0.0346"
"","113.3680","3.3095","0.0353"
"","113.4680","3.3192","0.0360"
"","113.5680","3.3294","0.0364"
"","113.6680","3.3395","0.0366"
"","113.7680","3.3494","0.0367"
"","113.8680","3.3594","0.0369"
"","113.9680","3.3695","0.0372"
"","114.0680","3.3795","0.0375"
"","114.1680","3.3893","0.0377"
"","114.2680","3.3993","0.0379"
"","114.3680","3.4094","0.0381"
"","114.4680","3.4194","0.0382"
"","114.5680","3.4295","0.0384"
"","114.6680","3.4394","0.0386"
"","114.7680","3.4494","0.0388"
"","114.8680","3.4592","0.0391"
"","114.9680","3.4696","0.0394"
"","115.0680","3.4795","0.0397"
"","115.1680","3.4893","0.0401"
"","115.2680","3.4993","0.0404"
"","115.3680","3.5095","0.0408"
"","115.4680","3.5195","0.0412"
"","115.5680","3.5292","0.0417"
"","115.6680","3.5395","0.0425"
"","115.7680","3.5494","0.0433"
"","115.8680","3.5595","0.0440"
"","115.9680","3.5692","0.0446"
"","116.0680","3.5795","0.0454"
"","116.1680","3.5895","0.0463"
"","116.2680","3.5993","0.0472"
"","116.3680","3.6094","0.0482"
"","116.4680","3.6194","0.0491"
"","116.5680","3.6295","0.0501"
"","116.6680","3.6393","0.0511"
"","116.7680","3.6494","0.0521"
"","116.8680","3.6594","0.0531"
"","116.9680","3.6694","0.0541"
"","117.0680","3.6796","0.0551"
"","117.1680","3.6895","0.0561"
"","117.2680","3.6995","0.0572"
"","117.3680","3.7092","0.0583"
"","117.4680","3.7195","0.0594"
"","117.5680","3.7294","0.0605"
"","117.6680","3.7394","0.0616"
"","117.7680","3.7493","0.0628"
"","117.8680","3.7595","0.0640"
"","117.9680","3.7695","0.0651"
"","118.0680","3.7791","0.0662"
"","118.1680","3.7894","0.0675"
"","118.2680","3.7995","0.0687"
"","118.3680","3.8094","0.0698"
"","118.4680","3.8192","0.0710"
"","118.5680","3.8294","0.0723"
"","118.6680","3.8396","0.0736"
"","118.7680","3.8493","0.0747"
"","118.8680","3.8594","0.0760"
"","118.9680","3.8695","0.0772"
"","119.0680","3.8795","0.0785"
"","119.1680","3.8892","0.0796"
"","119.2680","3.8994","0.0809"
"","119.3680","3.9095","0.0822"
"","119.4680","3.9194","0.0834"
"","119.5680","3.9295","0.0847"
"","119.6680","3.9394","0.0859"
"","119.7680","3.9495","0.0871"
"","119.8680","3.9591","0.0883"
"","119.9680","3.9695","0.0896"
"","120.0680","3.9794","0.0907"
"","120.1680","3.9894","0.0920"
"","120.2680","3.9993","0.0932"
"","120.2750","4.0001","0.0933"
"","120.2760","4.0002","0.0933"
"","120.2770","4.0003","0.0933"
"","120.3770","4.0008","0.0921"
"","120.4770","3.9932","0.0893"
"","120.5770","3.9813","0.0856"
"","120.6770","3.9708","0.0825"
"","120.7770","3.9608","0.0796"
"","120.8770","3.9510","0.0770"
"","120.9770","3.9407","0.0743"
"","121.0770","3.9307","0.0718"
"","121.1770","3.9207","0.0694"
"","121.2770","3.9109","0.0671"
"","121.3770","3.9007","0.0647"
"","121.4770","3.8906","0.0625"
"","121.5770","3.8808","0.0604"
"","121.6770","3.8708","0.0584"
"","121.7770","3.8608","0.0564"
"","121.8770","3.8506","0.0544"
"","121.9770","3.8408","0.0526"
"","122.0770","3.8307","0.0508"
"","122.1770","3.8206","0.0490"
"","122.2770","3.8107","0.0474"
"","122.3770","3.8007","0.0458"
"","122.4770","3.7907","0.0443"
"","122.5770","3.7808","0.0428"
"","122.6770","3.7709","0.0413"
"","122.7770","3.7606","0.0399"
"","122.8770","3.7506","0.0386"
"","122.9770","3.7408","0.0374"
"","123.0770","3.7308","0.0364"
"","123.1770","3.7206","0.0355"
"","123.2770","3.7107","0.0349"
"","123.3770","3.7009","0.0343"
"","123.4770","3.6907","0.0339"
"","123.5770","3.6806","0.0337"
"","123.6770","3.6707","0.0336"
"","123.7770","3.6609","0.0335"
"","123.8770","3.6506","0.0333"
"","123.9770","3.6406","0.0331"
"","124.0770","3.6309","0.0330"
"","124.1770","3.6208","0.0330"
"","124.2770","3.6107","0.0330"
"","124.3770","3.6006","0.0329"
"","124.4770","3.5909","0.0328"
"","124.5770","3.5807","0.0327"
"","124.6770","3.5707","0.0324"
"","124.7770","3.5608","0.0321"
"","124.8770","3.5506","0.0319"
"","124.9770","3.5407","0.0318"
"","125.0770","3.5306","0.0314"
"","125.1770","3.5209","0.0308"
"","125.2770","3.5106","0.0302"
"","125.3770","3.5006","0.0295"
"","125.4770","3.4908","0.0287"
"","125.5770","3.4809","0.0277"
"","125.6770","3.4706","0.0268"
"","125.7770","3.4606","0.0259"
"","125.8770","3.4509","0.0251"
"","125.9770","3.4407","0.0242"
"","126.0770","3.4306","0.0234"
"","126.1770","3.4206","0.0226"
"","126.2770","3.4110","0.0219"
"","126.3770","3.4007","0.0212"
"","126.4770","3.3907","0.0205"
"","126.5770","3.3807","0.0199"
"","126.6770","3.3709","0.0192"
"","126.7770","3.3607","0.0186"
"","126.8770","3.3506","0.0180"
"","126.9770","3.3408","0.0175"
"","127.0770","3.3307","0.0169"
"","127.1770","3.3207","0.0164"
"","127.2770","3.3107","0.0159"
"","127.3770","3.3007","0.0154"
"","127.4770","3.2907","0.0150"
"","127.5770","3.2807","0.0146"
"","127.6770","3.2709","0.0142"
"","127.7770","3.2605","0.0137"
"","127.8770","3.2506","0.0134"
"","127.9770","3.2408","0.0130"
"","128.0770","3.2309","0.0126"
"","128.1770","3.2207","0.0122"
"","128.2770","3.2106","0.0119"
"","128.3770","3.2009","0.0116"
"","128.4770","3.1906","0.0112"
"","128.5770","3.1806","0.0109"
"","128.6770","3.1706","0.0106"
"","128.7770","3.1609","0.0102"
"","128.8770","3.1506","0.0099"
"","128.9770","3.1406","0.0096"
"","129.0770","3.1307","0.0093"
"","129.1770","3.1208","0.0091"
"","129.2770","3.1108","0.0088"
"","129.3770","3.1006","0.0085"
"","129.4770","3.0908","0.0083"
"","129.5770","3.0806","0.0080"
"","129.6770","3.0706","0.0078"
"","129.7770","3.0607","0.0076"
"","129.8770","3.0507","0.0073"
"","129.9770","3.0407","0.0071"
"","130.0770","3.0307","0.0069"
"","130.1770","3.0209","0.0067"
"","130.2770","3.0105","0.0065"
"","130.3770","3.0006","0.0063"
"","130.4770","2.9908","0.0061"
"","130.5770","2.9808","0.0059"
"","130.6770","2.9706","0.0058"
"","130.7770","2.9606","0.0056"
"","130.8770","2.9509","0.0055"
"","130.9770","2.9407","0.0053"
"","131.0770","2.9306","0.0051"
"","131.1770","2.9206","0.0050"
"","131.2770","2.9109","0.0049"
"","131.3770","2.9006","0.0047"
"","131.4770","2.8906","0.0046"
"","131.5770","2.8807","0.0044"
"","131.6770","2.8708","0.0043"
"","131.7770","2.8607","0.0042"
"","131.8770","2.8506","0.0041"
"","131.9770","2.8409","0.0040"
"","132.0770","2.8306","0.0038"
"","132.1770","2.8206","0.0037"
"","132.2770","2.8108","0.0036"
"","132.3770","2.8006","0.0035"
"","132.4770","2.7907","0.0034"
"","132.5770","2.7807","0.0033"
"","132.6770","2.7709","0.0032"
"","132.7770","2.7606","0.0031"
"","132.8770","2.7505","0.0031"
"","132.9770","2.7408","0.0030"
"","133.0770","2.7309","0.0029"
"","133.1770","2.7206","0.0028"
"","133.2770","2.7106","0.0027"
"","133.3770","2.7009","0.0027"
"","133.4770","2.6907","0.0026"
"","133.5770","2.6806","0.0025"
"","133.6770","2.6706","0.0024"
"","133.7770","2.6610","0.0024"
"","133.8770","2.6508","0.0023"
"","133.9770","2.6406","0.0022"
"","134.0770","2.6308","0.0022"
"","134.1770","2.6208","0.0021"
"","134.2770","2.6107","0.0021"
"","134.3770","2.6006","0.0020"
"","134.4770","2.5909","0.0020"
"","134.5770","2.5806","0.0019"
"","134.6770","2.5707","0.0019"
"","134.7770","2.5607","0.0018"
"","134.8770","2.5508","0.0018"
"","134.9770","2.5407","0.0017"
"","135.0770","2.5307","0.0017"
"","135.1770","2.5209","0.0017"
"","135.2770","2.5106","0.0016"
"","135.3770","2.5006","0.0016"
"","135.4770","2.4907","0.0016"
"","135.5770","2.4809","0.0016"
"","135.6770","2.4707","0.0015"
"","135.7770","2.4606","0.0015"
"","135.8770","2.4509","0.0015"
"","135.9770","2.4407","0.0014"
"","136.0770","2.4307","0.0014"
"","136.1770","2.4206","0.0014"
"","136.2770","2.4109","0.0013"
"","136.3770","2.4006","0.0013"
"","136.4770","2.3906","0.0013"
"","136.5770","2.3808","0.0013"
"","136.6770","2.3708","0.0012"
"","136.7770","2.3608","0.0012"
"","136.8770","2.3506","0.0012"
"","136.9770","2.3409","0.0012"
"","137.0770","2.3305","0.0011"
"","137.1770","2.3206","0.0011"
"","137.2770","2.3107","0.0011"
"","137.3770","2.3008","0.0011"
"","137.4770","2.2906","0.0011"
"","137.5770","2.2807","0.0010"
"","137.6770","2.2709","0.0010"
"","137.7770","2.2606","0.0010"
"","137.8770","2.2506","0.0010"
"","137.9770","2.2408","0.0010"
"","138.0770","2.2308","0.0009"
"","138.1770","2.2206","0.0009"
"","138.2770","2.2106","0.0009"
"","138.3770","2.2009","0.0009"
"","138.4770","2.1907","0.0009"
"","138.5770","2.1806","0.0008"
"","138.6770","2.1706","0.0008"
"","138.7770","2.1610","0.0008"
"","138.8770","2.1507","0.0008"
"","138.9770","2.1405","0.0008"
"","139.0770","2.1307","0.0008"
"","139.1770","2.1208","0.0008"
"","139.2770","2.1107","0.0007"
"","139.3770","2.1006","0.0007"
"","139.4770","2.0909","0.0007"
"","139.5770","2.0806","0.0007"
"","139.6770","2.0706","0.0007"
"","139.7770","2.0608","0.0007"
"","139.8770","2.0507","0.0006"
"","139.9770","2.0407","0.0006"
"","140.0770","2.0307","0.0006"
"","140.1770","2.0209","0.0006"
"","140.2770","2.0105","0.0006"
"","140.3770","2.0006","0.0006"
"","140.4770","1.9908","0.0006"
"","140.5770","1.9809","0.0005"
"","140.6770","1.9706","0.0005"
"","140.7770","1.9606","0.0005"
"","140.8770","1.9509","0.0005"
"","140.9770","1.9407","0.0005"
"","141.0770","1.9306","0.0005"
"","141.1770","1.9206","0.0005"
"","141.2770","1.9110","0.0005"
"","141.3770","1.9007","0.0005"
"","141.4770","1.8906","0.0005"
"","141.5770","1.8807","0.0004"
"","141.6770","1.8709","0.0004"
"","141.7770","1.8607","0.0004"
"","141.8770","1.8506","0.0004"
"","141.9770","1.8408","0.0004"
"","142.0770","1.8307","0.0004"
"","142.1770","1.8207","0.0004"
"","142.2770","1.8108","0.0004"
"","142.3770","1.8007","0.0004"
"","142.4770","1.7908","0.0004"
"","142.5770","1.7807","0.0003"
"","142.6770","1.7709","0.0003"
"","142.7770","1.7605","0.0003"
"","142.8770","1.7506","0.0003"
"","142.9770","1.7407","0.0003"
"","143.0770","1.7309","0.0003"
"","143.1770","1.7207","0.0003"
"","143.2770","1.7106","0.0003"
"","143.3770","1.7010","0.0003"
"","143.4770","1.6907","0.0003"
"","143.5770","1.6806","0.0003"
"","143.6770","1.6706","0.0002"
"","143.7770","1.6609","0.0002"
"","143.8770","1.6506","0.0002"
"","143.9770","1.6406","0.0002"
"","144.0770","1.6308","0.0002"
"","144.1770","1.6208","0.0002"
"","144.2770","1.6108","0.0002"
"","144.3770","1.6006","0.0002"
"","144.4770","1.5908","0.0002"
"","144.5770","1.5806","0.0002"
"","144.6770","1.5706","0.0002"
"","144.7770","1.5607","0.0002"
"","144.8770","1.5507","0.0002"
"","144.9770","1.5407","0.0002"
"","145.0770","1.5307","0.0002"
"","145.1770","1.5209","0.0002"
"","145.2770","1.5106","0.0002"
"","145.3770","1.5006","0.0002"
"","145.4770","1.4907","0.0001"
"","145.5770","1.4808","0.0001"
"","145.6770","1.4706","0.0001"
"","145.7770","1.4606","0.0001"
"","145.8770","1.4509","0.0001"
"","145.9770","1.4407","0.0001"
"","146.0770","1.4306","0.0001"
"","146.1770","1.4207","0.0001"
"","146.2770","1.4109","0.0001"
"","146.3770","1.4006","0.0001"
"","146.4770","1.3905","0.0001"
"","146.5770","1.3808","0.0001"
"","146.6770","1.3707","0.0001"
"","146.7770","1.3606","0.0001"
"","146.8770","1.3506","0.0001"
"","146.9770","1.3409","0.0001"
"","147.0770","1.3307","0.0001"
"","147.1770","1.3206","0.0001"
"","147.2770","1.3108","0.0001"
"","147.3770","1.3007","0.0001"
"","147.4770","1.2907","0.0001"
"","147.5770","1.2806","0.0000"
"","147.6770","1.2709","0.0000"
"","147.7770","1.2605","0.0000"
"","147.8770","1.2506","0.0000"
"","147.9770","1.2407","0.0000"
"","148.0770","1.2309","0.0000"
"","148.1770","1.2206","0.0000"
"","148.2770","1.2106","0.0000"
"","148.3770","1.2009","0.0000"
"","148.4770","1.1907","0.0000"
"","148.5770","1.1806","0.0000"
"","148.6770","1.1706","0.0000"
"","148.7770","1.1610","0.0000"
"","148.8770","1.1507","0.0000"
"","148.9770","1.1406","0.0000"
"","149.0770","1.1307","0.0000"
"","149.1770","1.1209","0.0000"
"","149.2770","1.1107","0.0000"
"","149.3770","1.1006","0.0000"
"","149.4770","1.0908","0.0000"
"","149.5770","1.0807","0.0000"
"","149.6770","1.0706","0.0000"
"","149.7770","1.0607","0.0000"
"","149.8770","1.0507","0.0000"
"","149.9770","1.0408","0.0000"
"","150.0770","1.0307","0.0000"
"","150.1770","1.0209","-0.0001"
"","150.2770","1.0105","-0.0001"
"","150.3770","1.0006","-0.0001"
"","150.4770","0.9908","-0.0001"
"","150.5770","0.9809","-0.0001"
"","150.6770","0.9707","-0.0001"
"","150.7770","0.9606","-0.0001"
"","150.8770","0.9509","-0.0001"
"","150.9770","0.9406","-0.0001"
"","151.0770","0.9306","-0.0001"
"","151.1770","0.9206","-0.0001"
"","151.2770","0.9109","-0.0001"
"","151.3770","0.9006","-0.0001"
"","151.4770","0.8906","-0.0001"
"","151.5770","0.8808","-0.0001"
"","151.6770","0.8708","-0.0001"
"","151.7770","0.8608","-0.0001"
"","151.8770","0.8506","-0.0001"
"","151.9770","0.8408","-0.0001"
"","152.0770","0.8306","-0.0001"
"","152.1770","0.8206","-0.0001"
"","152.2770","0.8107","-0.0001"
"","152.3770","0.8007","-0.0001"
"","152.4770","0.7907","-0.0001"
"","152.5770","0.7807","-0.0001"
"","152.6770","0.7709","-0.0001"
"","152.7770","0.7605","-0.0001"
"","152.8770","0.7506","-0.0001"
"","152.9770","0.7408","-0.0001"
"","153.0770","0.7308","-0.0001"
"","153.1770","0.7206","-0.0001"
"","153.2770","0.7106","-0.0001"
"","153.3770","0.7009","-0.0001"
"","153.4770","0.6907","-0.0001"
"","153.5770","0.6806","-0.0001"
"","153.6770","0.6707","-0.0001"
"","153.7770","0.6609","-0.0001"
"","153.8770","0.6506","-0.0001"
"","153.9770","0.6405","-0.0001"
"","154.0770","0.6307","-0.0001"
"","154.1770","0.6208","-0.0001"
"","154.2770","0.6106","-0.0001"
"","154.3770","0.6006","-0.0001"
"","154.4770","0.5909","-0.0001"
"","154.5770","0.5806","-0.0001"
"","154.6770","0.5706","-0.0001"
"","154.7770","0.5608","-0.0001"
"","154.8770","0.5507","-0.0001"
"","154.9770","0.5406","-0.0001"
"","155.0770","0.5306","-0.0001"
"","155.1770","0.5209","-0.0001"
"","155.2770","0.5106","-0.0001"
"","155.3770","0.5005","-0.0001"
"","155.4770","0.4908","-0.0001"
"","155.5770","0.4809","-0.0001"
"","155.6770","0.4706","-0.0001"
"","155.7770","0.4606","-0.0001"
"","155.8770","0.4509","-0.0001"
"","155.9770","0.4407","-0.0001"
"","156.0770","0.4306","-0.0001"
"","156.1770","0.4206","-0.0001"
"","156.2770","0.4110","-0.0001"
"","156.3770","0.4007","-0.0001"
"","156.4770","0.3907","-0.0001"
"","156.5770","0.3808","-0.0001"
"","156.6770","0.3708","-0.0001"
"","156.7770","0.3607","-0.0001"
"","156.8770","0.3506","-0.0001"
"","156.9770","0.3408","-0.0001"
"","157.0770","0.3307","-0.0001"
"","157.1770","0.3207","-0.0001"
"","157.2770","0.3107","-0.0001"
"","157.3770","0.3007","-0.0001"
"","157.4770","0.2907","-0.0001"
"","157.5770","0.2808","-0.0001"
"","157.6770","0.2709","-0.0001"
"","157.7770","0.2606","-0.0001"
"","157.8770","0.2505","-0.0001"
"","157.9770","0.2407","-0.0001"
"","158.0770","0.2308","-0.0001"
"","158.1770","0.2206","-0.0001"
"","158.2770","0.2105","-0.0001"
"","158.3770","0.2010","-0.0001"
"","158.4770","0.1907","-0.0001"
"","158.5770","0.1806","-0.0001"
"","158.6770","0.1705","-0.0001"
"","158.7770","0.1609","-0.0001"
"","158.8770","0.1507","-0.0001"
"","158.9770","0.1406","-0.0001"
"","159.0770","0.1307","-0.0001"
"","159.1770","0.1208","-0.0001"
"","159.2770","0.1108","-0.0001"
"","159.3770","0.1007","-0.0001"
"","159.4770","0.0908","-0.0001"
"","159.5770","0.0806","-0.0001"
"","159.6770","0.0707","-0.0001"
"","159.7770","0.0608","-0.0001"
"","159.8770","0.0508","-0.0001"
"","159.9770","0.0406","-0.0001"
"","160.0770","0.0307","-0.0001"
"","160.1770","0.0209","-0.0001"
"","160.2770","0.0105","-0.0001"
"","160.3770","0.0006","-0.0001"
"","160.3840","-0.0001","-0.0001"
"","160.3850","-0.0002","-0.0001"
"","160.3860","-0.0002","-0.0001"
"","160.4860","-0.0006","-0.0001"
"","160.5860","0.0072","-0.0001"
"","160.6860","0.0191","-0.0001"
"","160.7860","0.0291","-0.0001"
"","160.8860","0.0394","-0.0001"
"","160.9860","0.0495","-0.0001"
"","161.0860","0.0594","-0.0001"
"","161.1860","0.0692","-0.0001"
"","161.2860","0.0794","-0.0001"
"","161.3860","0.0896","-0.0001"
"","161.4860","0.0993","-0.0001"
"","161.5860","0.1093","-0.0001"
"","161.6860","0.1194","-0.0001"
"","161.7860","0.1295","-0.0001"
"","161.8860","0.1392","-0.0001"
"","161.9860","0.1494","-0.0001"
"","162.0860","0.1594","-0.0001"
"","162.1860","0.1694","-0.0001"
"","162.2860","0.1795","-0.0001"
"","162.3860","0.1895","-0.0001"
"","162.4860","0.1995","-0.0001"
"","162.5860","0.2091","-0.0001"
"","162.6860","0.2194","-0.0001"
"","162.7860","0.2294","-0.0001"
"","162.8860","0.2393","-0.0001"
"","162.9860","0.2493","-0.0001"
"","163.0860","0.2595","-0.0001"
"","163.1860","0.2696","-0.0001"
"","163.2860","0.2791","-0.0001"
"","163.3860","0.2894","-0.0001"
"","163.4860","0.2994","-0.0001"
"","163.5860","0.3095","-0.0001"
"","163.6860","0.3192","-0.0001"
"","163.7860","0.3294","-0.0001"
"","163.8860","0.3396","-0.0001"
"","163.9860","0.3493","-0.0001"
"","164.0860","0.3594","-0.0001"
"","164.1860","0.3695","-0.0001"
"","164.2860","0.3795","-0.0001"
"","164.3860","0.3893","-0.0001"
"","164.4860","0.3993","-0.0001"
"","164.5860","0.4094","-0.0001"
"","164.6860","0.4194","-0.0001"
"","164.7860","0.4296","-0.0001"
"","164.8860","0.4394","-0.0001"
"","164.9860","0.4494","-0.0001"
"","165.0860","0.4591","-0.0001"
"","165.1860","0.4696","-0.0001"
"","165.2860","0.4794","-0.0001"
"","165.3860","0.4893","-0.0001"
"","165.4860","0.4993","-0.0001"
"","165.5860","0.5095","-0.0001"
"","165.6860","0.5195","-0.0001"
"","165.7860","0.5291","-0.0001"
"","165.8860","0.5395","-0.0001"
"","165.9860","0.5495","-0.0001"
"","166.0860","0.5594","-0.0001"
"","166.1860","0.5692","-0.0001"
"","166.2860","0.5795","-0.0001"
"","166.3860","0.5896","-0.0001"
"","166.4860","0.5993","-0.0001"
"","166.5860","0.6094","-0.0001"
"","166.6860","0.6194","-0.0001"
"","166.7860","0.6295","-0.0001"
"","166.8860","0.6392","-0.0001"
"","166.9860","0.6495","-0.0001"
"","167.0860","0.6594","-0.0001"
"","167.1860","0.6693","-0.0001"
"","167.2860","0.6795","-0.0001"
"","167.3860","0.6894","-0.0001"
"","167.4860","0.6994","-0.0001"
"","167.5860","0.7091","0.0000"
"","167.6860","0.7196","0.0000"
"","167.7860","0.7294","0.0000"
"","167.8860","0.7394","0.0000"
"","167.9860","0.7493","0.0000"
"","168.0860","0.7596","0.0000"
"","168.1860","0.7695","0.0000"
"","168.2860","0.7791","0.0000"
"","168.3860","0.7894","0.0000"
"","168.4860","0.7995","0.0000"
"","168.5860","0.8094","0.0000"
"","168.6860","0.8192","0.0000"
"","168.7860","0.8294","0.0000"
"","168.8860","0.8396","0.0000"
"","168.9860","0.8493","0.0000"
"","169.0860","0.8594","0.0000"
"","169.1860","0.8694","0.0000"
"","169.2860","0.8795","0.0000"
"","169.3860","0.8892","0.0000"
"","169.4860","0.8994","0.0000"
"","169.5860","0.9095","0.0001"
"","169.6860","0.9194","0.0001"
"","169.7860","0.9295","0.0001"
"","169.8860","0.9394","0.0001"
"","169.9860","0.9495","0.0001"
"","170.0860","0.9591","0.0001"
"","170.1860","0.9695","0.0001"
"","170.2860","0.9794","0.0001"
"","170.3860","0.9894","0.0001"
"","170.4860","0.9993","0.0001"
"","170.5860","1.0095","0.0001"
"","170.6860","1.0195","0.0001"
"","170.7860","1.0292","0.0001"
"","170.8860","1.0394","0.0001"
"","170.9860","1.0494","0.0002"
"","171.0860","1.0595","0.0002"
"","171.1860","1.0692","0.0002"
"","171.2860","1.0794","0.0002"
"","171.3860","1.0895","0.0002"
"","171.4860","1.0993","0.0002"
"","171.5860","1.1094","0.0002"
"","171.6860","1.1195","0.0002"
"","171.7860","1.1295","0.0002"
"","171.8860","1.1393","0.0003"
"","171.9860","1.1493","0.0003"
"","172.0860","1.1594","0.0003"
"","172.1860","1.1693","0.0003"
"","172.2860","1.1795","0.0003"
"","172.3860","1.1894","0.0003"
"","172.4860","1.1995","0.0003"
"","172.5860","1.2092","0.0003"
"","172.6860","1.2195","0.0003"
"","172.7860","1.2294","0.0004"
"","172.8860","1.2393","0.0004"
"","172.9860","1.2493","0.0004"
"","173.0860","1.2595","0.0004"
"","173.1860","1.2695","0.0004"
"","173.2860","1.2791","0.0004"
"","173.3860","1.2895","0.0004"
"","173.4860","1.2994","0.0004"
"","173.5860","1.3095","0.0005"
"","173.6860","1.3192","0.0005"
"","173.7860","1.3295","0.0005"
"","173.8860","1.3395","0.0005"
"","173.9860","1.3493","0.0005"
"","174.0860","1.3594","0.0005"
"","174.1860","1.3694","0.0005"
"","174.2860","1.3795","0.0005"
"","174.3860","1.3893","0.0006"
"","174.4860","1.3995","0.0006"
"","174.5860","1.4094","0.0006"
"","174.6860","1.4193","0.0006"
"","174.7860","1.4295","0.0006"
"","174.8860","1.4394","0.0006"
"","174.9860","1.4494","0.0007"
"","175.0860","1.4591","0.0007"
"","175.1860","1.4695","0.0007"
"","175.2860","1.4794","0.0007"
"","175.3860","1.4894","0.0007"
"","175.4860","1.4993","0.0007"
"","175.5860","1.5096","0.0007"
"","175.6860","1.5195","0.0008"
"","175.7860","1.5291","0.0008"
"","175.8860","1.5394","0.0008"
"","175.9860","1.5495","0.0008"
"","176.0860","1.5594","0.0008"
"","176.1860","1.5692","0.0009"
"","176.2860","1.5794","0.0009"
"","176.3860","1.5896","0.0009"
"","176.4860","1.5993","0.0009"
"","176.5860","1.6094","0.0009"
"","176.6860","1.6194","0.0009"
"","176.7860","1.6295","0.0010"
"","176.8860","1.6392","0.0010"
"","176.9860","1.6494","0.0010"
"","177.0860","1.6594","0.0010"
"","177.1860","1.6693","0.0010"
"","177.2860","1.6795","0.0010"
"","177.3860","1.6894","0.0011"
"","177.4860","1.6994","0.0011"
"","177.5860","1.7091","0.0011"
"","177.6860","1.7195","0.0011"
"","177.7860","1.7294","0.0011"
"","177.8860","1.7393","0.0011"
"","177.9860","1.7493","0.0012"
"","178.0860","1.7596","0.0012"
"","178.1860","1.7695","0.0012"
"","178.2860","1.7792","0.0012"
"","178.3860","1.7894","0.0012"
"","178.4860","1.7995","0.0013"
"","178.5860","1.8095","0.0013"
"","178.6860","1.8192","0.0013"
"","178.7860","1.8294","0.0013"
"","178.8860","1.8395","0.0013"
"","178.9860","1.8494","0.0014"
"","179.0860","1.8594","0.0014"
"","179.1860","1.8695","0.0014"
"","179.2860","1.8795","0.0014"
"","179.3860","1.8893","0.0015"
"","179.4860","1.8993","0.0015"
"","179.5860","1.9094","0.0015"
"","179.6860","1.9193","0.0015"
"","179.7860","1.9295","0.0015"
"","179.8860","1.9394","0.0016"
"","179.9860","1.9494","0.0016"
"","180.0860","1.9591","0.0016"
"","180.1860","1.9696","0.0017"
"","180.2860","1.9794","0.0017"
"","180.3860","1.9893","0.0017"
"","180.4860","1.9993","0.0018"
"","180.5860","2.0095","0.0018"
"","180.6860","2.0195","0.0018"
"","180.7860","2.0291","0.0018"
"","180.8860","2.0394","0.0019"
"","180.9860","2.0494","0.0019"
"","181.0860","2.0595","0.0020"
"","181.1860","2.0692","0.0020"
"","181.2860","2.0794","0.0020"
"","181.3860","2.0895","0.0021"
"","181.4860","2.0993","0.0021"
"","181.5860","2.1095","0.0021"
"","181.6860","2.1194","0.0022"
"","181.7860","2.1295","0.0022"
"","181.8860","2.1393","0.0022"
"","181.9860","2.1495","0.0023"
"","182.0860","2.1594","0.0023"
"","182.1860","2.1693","0.0023"
"","182.2860","2.1795","0.0024"
"","182.3860","2.1895","0.0024"
"","182.4860","2.1995","0.0025"
"","182.5860","2.2091","0.0026"
"","182.6860","2.2195","0.0026"
"","182.7860","2.2295","0.0027"
"","182.8860","2.2393","0.0027"
"","182.9860","2.2493","0.0028"
"","183.0860","2.2595","0.0029"
"","183.1860","2.2695","0.0029"
"","183.2860","2.2791","0.0030"
"","183.3860","2.2894","0.0030"
"","183.4860","2.2995","0.0031"
"","183.5860","2.3094","0.0031"
"","183.6860","2.3192","0.0032"
"","183.7860","2.3294","0.0033"
"","183.8860","2.3396","0.0033"
"","183.9860","2.3493","0.0034"
"","184.0860","2.3594","0.0035"
"","184.1860","2.3694","0.0036"
"","184.2860","2.3795","0.0036"
"","184.3860","2.3891","0.0037"
"","184.4860","2.3995","0.0038"
"","184.5860","2.4095","0.0039"
"","184.6860","2.4194","0.0040"
"","184.7860","2.4295","0.0041"
"","184.8860","2.4395","0.0042"
"","184.9860","2.4494","0.0042"
"","185.0860","2.4591","0.0043"
"","185.1860","2.4695","0.0044"
"","185.2860","2.4794","0.0045"
"","185.3860","2.4894","0.0046"
"","185.4860","2.4993","0.0047"
"","185.5860","2.5095","0.0048"
"","185.6860","2.5196","0.0049"
"","185.7860","2.5292","0.0050"
"","185.8860","2.5394","0.0051"
"","185.9860","2.5494","0.0052"
"","186.0860","2.5595","0.0053"
"","186.1860","2.5692","0.0054"
"","186.2860","2.5794","0.0056"
"","186.3860","2.5895","0.0057"
"","186.4860","2.5994","0.0058"
"","186.5860","2.6094","0.0059"
"","186.6860","2.6194","0.0061"
"","186.7860","2.6295","0.0062"
"","186.8860","2.6393","0.0064"
"","186.9860","2.6494","0.0065"
"","187.0860","2.6594","0.0066"
"","187.1860","2.6693","0.0068"
"","187.2860","2.6795","0.0069"
"","187.3860","2.6894","0.0070"
"","187.4860","2.6994","0.0072"
"","187.5860","2.7091","0.0073"
"","187.6860","2.7196","0.0075"
"","187.7860","2.7294","0.0077"
"","187.8860","2.7393","0.0079"
"","187.9860","2.7493","0.0080"
"","188.0860","2.7595","0.0082"
"","188.1860","2.7695","0.0084"
"","188.2860","2.7791","0.0086"
"","188.3860","2.7895","0.0088"
"","188.4860","2.7995","0.0090"
"","188.5860","2.8095","0.0093"
"","188.6860","2.8192","0.0095"
"","188.7860","2.8295","0.0097"
"","188.8860","2.8395","0.0099"
"","188.9860","2.8493","0.0101"
"","189.0860","2.8594","0.0104"
"","189.1860","2.8694","0.0106"
"","189.2860","2.8795","0.0109"
"","189.3860","2.8893","0.0111"
"","189.4860","2.8994","0.0114"
"","189.5860","2.9094","0.0116"
"","189.6860","2.9193","0.0119"
"","189.7860","2.9296","0.0122"
"","189.8860","2.9395","0.0125"
"","189.9860","2.9494","0.0128"
"","190.0860","2.9591","0.0131"
"","190.1860","2.9696","0.0134"
"","190.2860","2.9794","0.0137"
"","190.3860","2.9894","0.0141"
"","190.4860","2.9993","0.0144"
"","190.5860","3.0095","0.0147"
"","190.6860","3.0195","0.0151"
"","190.7860","3.0291","0.0154"
"","190.8860","3.0394","0.0158"
"","190.9860","3.0495","0.0162"
"","191.0860","3.0594","0.0165"
"","191.1860","3.0692","0.0169"
"","191.2860","3.0795","0.0173"
"","191.3860","3.0896","0.0177"
"","191.4860","3.0994","0.0181"
"","191.5860","3.1093","0.0185"
"","191.6860","3.1194","0.0189"
"","191.7860","3.1295","0.0194"
"","191.8860","3.1392","0.0198"
"","191.9860","3.1494","0.0203"
"","192.0860","3.1595","0.0208"
"","192.1860","3.1694","0.0212"
"","192.2860","3.1796","0.0217"
"","192.3860","3.1894","0.0222"
"","192.4860","3.1994","0.0228"
"","192.5860","3.2091","0.0233"
"","192.6860","3.2195","0.0239"
"","192.7860","3.2294","0.0244"
"","192.8860","3.2394","0.0250"
"","192.9860","3.2493","0.0256"
"","193.0860","3.2595","0.0262"
"","193.1860","3.2695","0.0269"
"","193.2860","3.2792","0.0275"
"","193.3860","3.2895","0.0282"
"","193.4860","3.2994","0.0289"
"","193.5860","3.3094","0.0296"
"","193.6860","3.3192","0.0303"
"","193.7860","3.3294","0.0310"
"","193.8860","3.3395","0.0318"
"","193.9860","3.3494","0.0325"
"","194.0860","3.3594","0.0333"
"","194.1860","3.3695","0.0341"
"","194.2860","3.3794","0.0349"
"","194.3860","3.3893","0.0356"
"","194.4860","3.3993","0.0362"
"","194.5860","3.4094","0.0365"
"","194.6860","3.4193","0.0366"
"","194.7860","3.4294","0.0369"
"","194.8860","3.4394","0.0371"
"","194.9860","3.4494","0.0374"
"","195.0860","3.4592","0.0376"
"","195.1860","3.4696","0.0378"
"","195.2860","3.4794","0.0380"
"","195.3860","3.4894","0.0382"
"","195.4860","3.4993","0.0383"
"","195.5860","3.5095","0.0385"
"","195.6860","3.5195","0.0387"
"","195.7860","3.5291","0.0390"
"","195.8860","3.5395","0.0393"
"","195.9860","3.5494","0.0396"
"","196.0860","3.5595","0.0400"
"","196.1860","3.5692","0.0404"
"","196.2860","3.5795","0.0407"
"","196.3860","3.5895","0.0411"
"","196.4860","3.5993","0.0416"
"","196.5860","3.6094","0.0425"
"","196.6860","3.6194","0.0433"
"","196.7860","3.6295","0.0440"
"","196.8860","3.6392","0.0447"
"","196.9860","3.6494","0.0455"
"","197.0860","3.6594","0.0464"
"","197.1860","3.6693","0.0474"
"","197.2860","3.6795","0.0485"
"","197.3860","3.6894","0.0495"
"","197.4860","3.6995","0.0506"
"","197.5860","3.7092","0.0516"
"","197.6860","3.7195","0.0527"
"","197.7860","3.7294","0.0538"
"","197.8860","3.7393","0.0549"
"","197.9860","3.7493","0.0561"
"","198.0860","3.7595","0.0573"
"","198.1860","3.7695","0.0585"
"","198.2860","3.7791","0.0597"
"","198.3860","3.7894","0.0610"
"","198.4860","3.7995","0.0623"
"","198.5860","3.8094","0.0636"
"","198.6860","3.8192","0.0649"
"","198.7860","3.8294","0.0663"
"","198.8860","3.8395","0.0677"
"","198.9860","3.8493","0.0690"
"","199.0860","3.8594","0.0704"
"","199.1860","3.8695","0.0718"
"","199.2860","3.8795","0.0733"
"","199.3860","3.8892","0.0746"
"","199.4860","3.8994","0.0761"
"","199.5860","3.9095","0.0776"
"","199.6860","3.9193","0.0790"
"","199.7860","3.9295","0.0805"
"","199.8860","3.9394","0.0819"
"","199.9860","3.9494","0.0834"
"","200.0860","3.9591","0.0847"
"","200.1860","3.9695","0.0862"
"","200.2860","3.9793","0.0876"
"","200.3860","3.9894","0.0890"
"","200.4860","3.9993","0.0904"
"","200.4930","4.0000","0.0905"
"","200.4940","4.0001","0.0905"
"","200.4950","4.0002","0.0905"
"","200.5950","4.0007","0.0895"
"","200.6950","3.9933","0.0868"
"","200.7950","3.9814","0.0832"
"","200.8950","3.9708","0.0801"
"","200.9950","3.9608","0.0773"
"","201.0950","3.9510","0.0747"
"","201.1950","3.9407","0.0720"
"","201.2950","3.9306","0.0695"
"","201.3950","3.9207","0.0671"
"","201.4950","3.9109","0.0649"
"","201.5950","3.9007","0.0626"
"","201.6950","3.8906","0.0604"
"","201.7950","3.8808","0.0583"
"","201.8950","3.8708","0.0563"
"","201.9950","3.8608","0.0543"
"","202.0950","3.8506","0.0524"
"","202.1950","3.8408","0.0507"
"","202.2950","3.8306","0.0489"
"","202.3950","3.8207","0.0472"
"","202.4950","3.8107","0.0456"
"","202.5950","3.8007","0.0440"
"","202.6950","3.7907","0.0425"
"","202.7950","3.7807","0.0410"
"","202.8950","3.7709","0.0397"
"","202.9950","3.7605","0.0383"
"","203.0950","3.7506","0.0371"
"","203.1950","3.7408","0.0361"
"","203.2950","3.7308","0.0353"
"","203.3950","3.7206","0.0347"
"","203.4950","3.7106","0.0341"
"","203.5950","3.7009","0.0338"
"","203.6950","3.6907","0.0336"
"","203.7950","3.6806","0.0335"
"","203.8950","3.6706","0.0333"
"","203.9950","3.6609","0.0332"
"","204.0950","3.6506","0.0330"
"","204.1950","3.6405","0.0329"
"","204.2950","3.6308","0.0328"
"","204.3950","3.6208","0.0328"
"","204.4950","3.6107","0.0328"
"","204.5950","3.6006","0.0328"
"","204.6950","3.5909","0.0326"
"","204.7950","3.5807","0.0323"
"","204.8950","3.5706","0.0320"
"","204.9950","3.5608","0.0318"
"","205.0950","3.5506","0.0316"
"","205.1950","3.5407","0.0310"
"","205.2950","3.5306","0.0303"
"","205.3950","3.5209","0.0297"
"","205.4950","3.5105","0.0290"
"","205.5950","3.5006","0.0280"
"","205.6950","3.4908","0.0271"
"","205.7950","3.4809","0.0262"
"","205.8950","3.4706","0.0253"
"","205.9950","3.4606","0.0245"
"","206.0950","3.4509","0.0237"
"","206.1950","3.4407","0.0228"
"","206.2950","3.4306","0.0221"
"","206.3950","3.4206","0.0213"
"","206.4950","3.4110","0.0207"
"","206.5950","3.4007","0.0200"
"","206.6950","3.3906","0.0193"
"","206.7950","3.3807","0.0187"
"","206.8950","3.3709","0.0181"
"","206.9950","3.3607","0.0175"
"","207.0950","3.3506","0.0169"
"","207.1950","3.3408","0.0164"
"","207.2950","3.3307","0.0159"
"","207.3950","3.3207","0.0154"
"","207.4950","3.3107","0.0150"
"","207.5950","3.3007","0.0146"
"","207.6950","3.2907","0.0141"
"","207.7950","3.2807","0.0137"
"","207.8950","3.2708","0.0133"
"","207.9950","3.2605","0.0129"
"","208.0950","3.2506","0.0126"
"","208.1950","3.2407","0.0122"
"","208.2950","3.2309","0.0119"
"","208.3950","3.2207","0.0115"
"","208.4950","3.2106","0.0112"
"","208.5950","3.2009","0.0109"
"","208.6950","3.1906","0.0105"
"","208.7950","3.1806","0.0102"
"","208.8950","3.1706","0.0099"
"","208.9950","3.1609","0.0096"
"","209.0950","3.1506","0.0093"
"","209.1950","3.1406","0.0090"
"","209.2950","3.1307","0.0088"
"","209.3950","3.1208","0.0085"
"","209.4950","3.1108","0.0082"
"","209.5950","3.1007","0.0080"
"","209.6950","3.0908","0.0077"
"","209.7950","3.0806","0.0075"
"","209.8950","3.0706","0.0072"
"","209.9950","3.0607","0.0070"
"","210.0950","3.0507","0.0068"
"","210.1950","3.0407","0.0066"
"","210.2950","3.0307","0.0064"
"","210.3950","3.0209","0.0062"
"","210.4950","3.0105","0.0061"
"","210.5950","3.0006","0.0059"
"","210.6950","2.9908","0.0057"
"","210.7950","2.9808","0.0056"
"","210.8950","2.9706","0.0054"
"","210.9950","2.9606","0.0053"
"","211.0950","2.9509","0.0051"
"","211.1950","2.9407","0.0050"
"","211.2950","2.9306","0.0048"
"","211.3950","2.9206","0.0047"
"","211.4950","2.9109","0.0045"
"","211.5950","2.9006","0.0044"
"","211.6950","2.8906","0.0043"
"","211.7950","2.8807","0.0042"
"","211.8950","2.8708","0.0040"
"","211.9950","2.8607","0.0039"
"","212.0950","2.8506","0.0038"
"","212.1950","2.8409","0.0037"
"","212.2950","2.8306","0.0036"
"","212.3950","2.8206","0.0035"
"","212.4950","2.8108","0.0034"
"","212.5950","2.8006","0.0033"
"","212.6950","2.7907","0.0032"
"","212.7950","2.7806","0.0031"
"","212.8950","2.7709","0.0030"
"","212.9950","2.7606","0.0029"
"","213.0950","2.7505","0.0029"
"","213.1950","2.7408","0.0028"
"","213.2950","2.7309","0.0027"
"","213.3950","2.7206","0.0026"
"","213.4950","2.7106","0.0025"
"","213.5950","2.7009","0.0025"
"","213.6950","2.6907","0.0024"
"","213.7950","2.6805","0.0023"
"","213.8950","2.6706","0.0023"
"","213.9950","2.6609","0.0022"
"","214.0950","2.6508","0.0021"
"","214.1950","2.6406","0.0021"
"","214.2950","2.6308","0.0020"
"","214.3950","2.6208","0.0020"
"","214.4950","2.6107","0.0019"
"","214.5950","2.6006","0.0019"
"","214.6950","2.5909","0.0018"
"","214.7950","2.5806","0.0018"
"","214.8950","2.5707","0.0017"
"","214.9950","2.5607","0.0017"
"","215.0950","2.5508","0.0017"
"","215.1950","2.5407","0.0016"
"","215.2950","2.5307","0.0016"
"","215.3950","2.5209","0.0016"
"","215.4950","2.5106","0.0016"
"","215.5950","2.5005","0.0015"
"","215.6950","2.4907","0.0015"
"","215.7950","2.4808","0.0015"
"","215.8950","2.4707","0.0014"
"","215.9950","2.4606","0.0014"
"","216.0950","2.4509","0.0014"
"","216.1950","2.4407","0.0014"
"","216.2950","2.4306","0.0013"
"","216.3950","2.4206","0.0013"
"","216.4950","2.4109","0.0013"
"","216.5950","2.4006","0.0013"
"","216.6950","2.3906","0.0012"
"","216.7950","2.3808","0.0012"
"","216.8950","2.3708","0.0012"
"","216.9950","2.3608","0.0012"
"","217.0950","2.3507","0.0011"
"","217.1950","2.3408","0.0011"
"","217.2950","2.3305","0.0011"
"","217.3950","2.3206","0.0011"
"","217.4950","2.3107","0.0010"
"","217.5950","2.3008","0.0010"
"","217.6950","2.2906","0.0010"
"","217.7950","2.2807","0.0010"
"","217.8950","2.2709","0.0010"
"","217.9950","2.2606","0.0009"
"","218.0950","2.2506","0.0009"
"","218.1950","2.2408","0.0009"
"","218.2950","2.2308","0.0009"
"","218.3950","2.2206","0.0009"
"","218.4950","2.2106","0.0008"
"","218.5950","2.2009","0.0008"
"","218.6950","2.1907","0.0008"
"","218.7950","2.1806","0.0008"
"","218.8950","2.1706","0.0008"
"","218.9950","2.1610","0.0008"
"","219.0950","2.1507","0.0007"
"","219.1950","2.1405","0.0007"
"","219.2950","2.1307","0.0007"
"","219.3950","2.1208","0.0007"
"","219.4950","2.1107","0.0007"
"","219.5950","2.1006","0.0007"
"","219.6950","2.0909","0.0007"
"","219.7950","2.0806","0.0006"
"","219.8950","2.0706","0.0006"
"","219.9950","2.0608","0.0006"
"","220.0950","2.0507","0.0006"
"","220.1950","2.0407","0.0006"
"","220.2950","2.0307","0.0006"
"","220.3950","2.0210","0.0006"
"","220.4950","2.0105","0.0005"
"","220.5950","2.0006","0.0005"
"","220.6950","1.9908","0.0005"
"","220.7950","1.9809","0.0005"
"","220.8950","1.9706","0.0005"
"","220.9950","1.9606","0.0005"
"","221.0950","1.9509","0.0005"
"","221.1950","1.9407","0.0005"
"","221.2950","1.9306","0.0004"
"","221.3950","1.9206","0.0004"
"","221.4950","1.9110","0.0004"
"","221.5950","1.9007","0.0004"
"","221.6950","1.8906","0.0004"
"","221.7950","1.8807","0.0004"
"","221.8950","1.8709","0.0004"
"","221.9950","1.8607","0.0004"
"","222.0950","1.8506","0.0004"
"","222.1950","1.8408","0.0004"
"","222.2950","1.8307","0.0004"
"","222.3950","1.8207","0.0003"
"","222.4950","1.8107","0.0003"
"","222.5950","1.8007","0.0003"
"","222.6950","1.7907","0.0003"
"","222.7950","1.7807","0.0003"
"","222.8950","1.7709","0.0003"
"","222.9950","1.7605","0.0003"
"","223.0950","1.7506","0.0003"
"","223.1950","1.7407","0.0003"
"","223.2950","1.7309","0.0003"
"","223.3950","1.7207","0.0003"
"","223.4950","1.7106","0.0002"
"","223.5950","1.7010","0.0002"
"","223.6950","1.6907","0.0002"
"","223.7950","1.6806","0.0002"
"","223.8950","1.6706","0.0002"
"","223.9950","1.6609","0.0002"
"","224.0950","1.6506","0.0002"
"","224.1950","1.6406","0.0002"
"","224.2950","1.6308","0.0002"
"","224.3950","1.6208","0.0002"
"","224.4950","1.6108","0.0002"
"","224.5950","1.6006","0.0002"
"","224.6950","1.5908","0.0002"
"","224.7950","1.5806","0.0002"
"","224.8950","1.5706","0.0002"
"","224.9950","1.5607","0.0001"
"","225.0950","1.5507","0.0002"
"","225.1950","1.5407","0.0001"
"","225.2950","1.5307","0.0001"
"","225.3950","1.5209","0.0001"
"","225.4950","1.5105","0.0001"
"","225.5950","1.5006","0.0001"
"","225.6950","1.4907","0.0001"
"","225.7950","1.4808","0.0001"
"","225.8950","1.4706","0.0001"
"","225.9950","1.4606","0.0001"
"","226.0950","1.4509","0.0001"
"","226.1950","1.4407","0.0001"
"","226.2950","1.4306","0.0001"
"","226.3950","1.4207","0.0001"
"","226.4950","1.4109","0.0001"
"","226.5950","1.4006","0.0001"
"","226.6950","1.3905","0.0001"
"","226.7950","1.3808","0.0001"
"","226.8950","1.3707","0.0001"
"","226.9950","1.3606","0.0001"
"","227.0950","1.3506","0.0001"
"","227.1950","1.3409","0.0000"
"","227.2950","1.3307","0.0001"
"","227.3950","1.3206","0.0000"
"","227.4950","1.3108","0.0000"
"","227.5950","1.3007","0.0000"
"","227.6950","1.2907","0.0000"
"","227.7950","1.2806","0.0000"
"","227.8950","1.2709","0.0000"
"","227.9950","1.2605","0.0000"
"","228.0950","1.2506","0.0000"
"","228.1950","1.2408","0.0000"
"","228.2950","1.2309","0.0000"
"","228.3950","1.2206","0.0000"
"","228.4950","1.2106","0.0000"
"","228.5950","1.2009","0.0000"
"","228.6950","1.1907","0.0000"
"","228.7950","1.1806","0.0000"
"","228.8950","1.1706","0.0000"
"","228.9950","1.1610","0.0000"
"","229.0950","1.1507","0.0000"
"","229.1950","1.1406","0.0000"
"","229.2950","1.1307","0.0000"
"","229.3950","1.1208","0.0000"
"","229.4950","1.1106","0.0000"
"","229.5950","1.1006","0.0000"
"","229.6950","1.0908","-0.0001"
"","229.7950","1.0807","-0.0001"
"","229.8950","1.0707","-0.0001"
"","229.9950","1.0607","-0.0001"
"","230.0950","1.0507","-0.0001"
"","230.1950","1.0408","-0.0001"
"","230.2950","1.0307","-0.0001"
"","230.3950","1.0208","-0.0001"
"","230.4950","1.0105","-0.0001"
"","230.5950","1.0006","-0.0001"
"","230.6950","0.9908","-0.0001"
"","230.7950","0.9809","-0.0001"
"","230.8950","0.9707","-0.0001"
"","230.9950","0.9606","-0.0001"
"","231.0950","0.9509","-0.0001"
"","231.1950","0.9406","-0.0001"
"","231.2950","0.9306","-0.0001"
"","231.3950","0.9206","-0.0001"
"","231.4950","0.9109","-0.0001"
"","231.5950","0.9006","-0.0001"
"","231.6950","0.8906","-0.0001"
"","231.7950","0.8808","-0.0001"
"","231.8950","0.8708","-0.0001"
"","231.9950","0.8608","-0.0001"
"","232.0950","0.8506","-0.0001"
"","232.1950","0.8408","-0.0001"
"","232.2950","0.8306","-0.0001"
"","232.3950","0.8206","-0.0001"
"","232.4950","0.8107","-0.0001"
"","232.5950","0.8007","-0.0001"
"","232.6950","0.7907","-0.0001"
"","232.7950","0.7807","-0.0001"
"","232.8950","0.7709","-0.0001"
"","232.9950","0.7605","-0.0001"
"","233.0950","0.7506","-0.0001"
"","233.1950","0.7408","-0.0001"
"","233.2950","0.7308","-0.0001"
"","233.3950","0.7206","-0.0001"
"","233.4950","0.7106","-0.0001"
"","233.5950","0.7009","-0.0001"
"","233.6950","0.6907","-0.0001"
"","233.7950","0.6806","-0.0001"
"","233.8950","0.6707","-0.0001"
"","233.9950","0.6609","-0.0001"
"","234.0950","0.6506","-0.0001"
"","234.1950","0.6405","-0.0001"
"","234.2950","0.6307","-0.0001"
"","234.3950","0.6208","-0.0001"
"","234.4950","0.6107","-0.0001"
"","234.5950","0.6006","-0.0001"
"","234.6950","0.5909","-0.0001"
"","234.7950","0.5806","-0.0001"
"","234.8950","0.5706","-0.0001"
"","234.9950","0.5608","-0.0001"
"","235.0950","0.5507","-0.0001"
"","235.1950","0.5406","-0.0001"
"","235.2950","0.5307","-0.0001"
"","235.3950","0.5209","-0.0001"
"","235.4950","0.5105","-0.0001"
"","235.5950","0.5005","-0.0001"
"","235.6950","0.4908","-0.0001"
"","235.7950","0.4809","-0.0001"
"","235.8950","0.4706","-0.0001"
"","235.9950","0.4606","-0.0001"
"","236.0950","0.4509","-0.0001"
"","236.1950","0.4407","-0.0001"
"","236.2950","0.4305","-0.0001"
"","236.3950","0.4206","-0.0001"
"","236.4950","0.4110","-0.0001"
"","236.5950","0.4007","-0.0001"
"","236.6950","0.3907","-0.0001"
"","236.7950","0.3808","-0.0001"
"","236.8950","0.3708","-0.0001"
"","236.9950","0.3607","-0.0001"
"","237.0950","0.3506","-0.0001"
"","237.1950","0.3408","-0.0001"
"","237.2950","0.3307","-0.0001"
"","237.3950","0.3207","-0.0001"
"","237.4950","0.3107","-0.0001"
"","237.5950","0.3007","-0.0001"
"","237.6950","0.2907","-0.0001"
"","237.7950","0.2807","-0.0001"
"","237.8950","0.2709","-0.0001"
"","237.9950","0.2605","-0.0001"
"","238.0950","0.2505","-0.0001"
"","238.1950","0.2407","-0.0001"
"","238.2950","0.2309","-0.0001"
"","238.3950","0.2207","-0.0001"
"","238.4950","0.2106","-0.0001"
"","238.5950","0.2010","-0.0001"
"","238.6950","0.1907","-0.0001"
"","238.7950","0.1806","-0.0001"
"","238.8950","0.1705","-0.0001"
"","238.9950","0.1609","-0.0001"
"","239.0950","0.1507","-0.0001"
"","239.1950","0.1406","-0.0001"
"","239.2950","0.1308","-0.0001"
"","239.3950","0.1207","-0.0001"
"","239.4950","0.1107","-0.0001"
"","239.5950","0.1006","-0.0001"
"","239.6950","0.0908","-0.0001"
"","239.7950","0.0806","-0.0001"
"","239.8950","0.0707","-0.0001"
"","239.9950","0.0608","-0.0001"
"","240.0950","0.0507","-0.0001"
"","240.1950","0.0406","-0.0001"
"","240.2950","0.0307","-0.0001"
"","240.3950","0.0209","-0.0001"
"","240.4950","0.0105","-0.0001"
"","240.5950","0.0006","-0.0001"
"","240.6020","-0.0001","-0.0001"
"","240.6030","-0.0002","-0.0001"
"","240.6040","-0.0003","-0.0001"
"","240.7040","-0.0006","-0.0001"
"","240.8040","0.0071","-0.0001"
"","240.9040","0.0191","-0.0001"
"","241.0040","0.0291","-0.0001"
"","241.1040","0.0394","-0.0001"
"","241.2040","0.0495","-0.0001"
"","241.3040","0.0594","-0.0001"
"","241.4040","0.0692","-0.0001"
"","241.5040","0.0794","-0.0001"
"","241.6040","0.0896","-0.0001"
"","241.7040","0.0993","-0.0001"
"","241.8040","0.1094","-0.0001"
"","241.9040","0.1194","-0.0001"
"","242.0040","0.1295","-0.0001"
"","242.1040","0.1392","-0.0001"
"","242.2040","0.1494","-0.0001"
"","242.3040","0.1594","-0.0001"
"","242.4040","0.1694","-0.0001"
"","242.5040","0.1795","-0.0001"
"","242.6040","0.1895","-0.0001"
"","242.7040","0.1994","-0.0001"
"","242.8040","0.2091","-0.0001"
"","242.9040","0.2194","-0.0001"
"","243.0040","0.2294","-0.0001"
"","243.1040","0.2393","-0.0001"
"","243.2040","0.2493","-0.0001"
"","243.3040","0.2595","-0.0001"
"","243.4040","0.2696","-0.0001"
"","243.5040","0.2792","-0.0001"
"","243.6040","0.2894","-0.0001"
"","243.7040","0.2994","-0.0001"
"","243.8040","0.3095","-0.0001"
"","243.9040","0.3192","-0.0001"
"","244.0040","0.3294","-0.0001"
"","244.1040","0.3396","-0.0001"
"","244.2040","0.3493","-0.0001"
"","244.3040","0.3594","-0.0001"
"","244.4040","0.3694","-0.0001"
"","244.5040","0.3795","-0.0001"
"","244.6040","0.3893","-0.0001"
"","244.7040","0.3993","-0.0001"
"","244.8040","0.4094","-0.0001"
"","244.9040","0.4194","-0.0001"
"","245.0040","0.4295","-0.0001"
"","245.1040","0.4394","-0.0001"
"","245.2040","0.4494","-0.0001"
"","245.3040","0.4591","-0.0001"
"","245.4040","0.4695","-0.0001"
"","245.5040","0.4794","-0.0001"
"","245.6040","0.4893","-0.0001"
"","245.7040","0.4993","-0.0001"
"","245.8040","0.5095","-0.0001"
"","245.9040","0.5195","-0.0001"
"","246.0040","0.5292","-0.0001"
"","246.1040","0.5395","-0.0001"
"","246.2040","0.5495","-0.0001"
"","246.3040","0.5594","-0.0001"
"","246.4040","0.5692","-0.0001"
"","246.5040","0.5794","-0.0001"
"","246.6040","0.5896","-0.0001"
"","246.7040","0.5993","-0.0001"
"","246.8040","0.6094","-0.0001"
"","246.9040","0.6194","-0.0001"
"","247.0040","0.6295","-0.0001"
"","247.1040","0.6392","-0.0001"
"","247.2040","0.6495","-0.0001"
"","247.3040","0.6595","-0.0001"
"","247.4040","0.6693","-0.0001"
"","247.5040","0.6795","-0.0001"
"","247.6040","0.6894","-0.0001"
"","247.7040","0.6994","-0.0001"
"","247.8040","0.7092","-0.0001"
"","247.9040","0.7196","-0.0001"
"","248.0040","0.7294","-0.0001"
"","248.1040","0.7393","-0.0001"
"","248.2040","0.7493","-0.0001"
"","248.3040","0.7596","-0.0001"
"","248.4040","0.7695","-0.0001"
"","248.5040","0.7791","-0.0001"
"","248.6040","0.7894","0.0000"
"","248.7040","0.7995","0.0000"
"","248.8040","0.8094","0.0000"
"","248.9040","0.8192","0.0000"
"","249.0040","0.8294","0.0000"
"","249.1040","0.8396","0.0000"
"","249.2040","0.8493","0.0000"
"","249.3040","0.8593","0.0000"
"","249.4040","0.8694","0.0000"
"","249.5040","0.8795","0.0000"
"","249.6040","0.8892","0.0000"
"","249.7040","0.8994","0.0000"
"","249.8040","0.9095","0.0000"
"","249.9040","0.9193","0.0000"
"","250.0040","0.9295","0.0000"
"","250.1040","0.9394","0.0000"
"","250.2040","0.9495","0.0000"
"","250.3040","0.9591","0.0000"
"","250.4040","0.9695","0.0000"
"","250.5040","0.9794","0.0001"
"","250.6040","0.9894","0.0001"
"","250.7040","0.9992","0.0001"
"","250.8040","1.0095","0.0001"
"","250.9040","1.0195","0.0001"
"","251.0040","1.0292","0.0001"
"","251.1040","1.0394","0.0001"
"","251.2040","1.0494","0.0001"
"","251.3040","1.0595","0.0001"
"","251.4040","1.0692","0.0001"
"","251.5040","1.0794","0.0001"
"","251.6040","1.0895","0.0001"
"","251.7040","1.0993","0.0001"
"","251.8040","1.1094","0.0001"
"","251.9040","1.1195","0.0002"
"","252.0040","1.1295","0.0002"
"","252.1040","1.1392","0.0002"
"","252.2040","1.1493","0.0002"
"","252.3040","1.1594","0.0002"
"","252.4040","1.1693","0.0002"
"","252.5040","1.1795","0.0002"
"","252.6040","1.1894","0.0002"
"","252.7040","1.1995","0.0002"
"","252.8040","1.2092","0.0002"
"","252.9040","1.2195","0.0003"
"","253.0040","1.2294","0.0003"
"","253.1040","1.2393","0.0003"
"","253.2040","1.2493","0.0003"
"","253.3040","1.2595","0.0003"
"","253.4040","1.2695","0.0003"
"","253.5040","1.2791","0.0003"
"","253.6040","1.2895","0.0003"
"","253.7040","1.2994","0.0004"
"","253.8040","1.3095","0.0004"
"","253.9040","1.3192","0.0004"
"","254.0040","1.3295","0.0004"
"","254.1040","1.3395","0.0004"
"","254.2040","1.3493","0.0004"
"","254.3040","1.3595","0.0004"
"","254.4040","1.3694","0.0004"
"","254.5040","1.3795","0.0004"
"","254.6040","1.3893","0.0005"
"","254.7040","1.3995","0.0005"
"","254.8040","1.4094","0.0005"
"","254.9040","1.4193","0.0005"
"","255.0040","1.4295","0.0005"
"","255.1040","1.4394","0.0005"
"","255.2040","1.4494","0.0005"
"","255.3040","1.4591","0.0006"
"","255.4040","1.4695","0.0006"
"","255.5040","1.4794","0.0006"
"","255.6040","1.4894","0.0006"
"","255.7040","1.4993","0.0006"
"","255.8040","1.5096","0.0006"
"","255.9040","1.5195","0.0007"
"","256.0040","1.5291","0.0007"
"","256.1040","1.5394","0.0007"
"","256.2040","1.5495","0.0007"
"","256.3040","1.5594","0.0007"
"","256.4040","1.5692","0.0007"
"","256.5040","1.5794","0.0007"
"","256.6040","1.5896","0.0008"
"","256.7040","1.5994","0.0008"
"","256.8040","1.6094","0.0008"
"","256.9040","1.6194","0.0008"
"","257.0040","1.6295","0.0008"
"","257.1040","1.6392","0.0008"
"","257.2040","1.6494","0.0009"
"","257.3040","1.6595","0.0009"
"","257.4040","1.6693","0.0009"
"","257.5040","1.6795","0.0009"
"","257.6040","1.6894","0.0009"
"","257.7040","1.6994","0.0010"
"","257.8040","1.7091","0.0010"
"","257.9040","1.7195","0.0010"
"","258.0040","1.7294","0.0010"
"","258.1040","1.7394","0.0010"
"","258.2040","1.7493","0.0010"
"","258.3040","1.7596","0.0011"
"","258.4040","1.7695","0.0011"
"","258.5040","1.7792","0.0011"
"","258.6040","1.7894","0.0011"
"","258.7040","1.7994","0.0011"
"","258.8040","1.8095","0.0012"
"","258.9040","1.8192","0.0012"
"","259.0040","1.8294","0.0012"
"","259.1040","1.8395","0.0012"
"","259.2040","1.8494","0.0012"
"","259.3040","1.8594","0.0013"
"","259.4040","1.8694","0.0013"
"","259.5040","1.8795","0.0013"
"","259.6040","1.8893","0.0013"
"","259.7040","1.8993","0.0013"
"","259.8040","1.9094","0.0014"
"","259.9040","1.9193","0.0014"
"","260.0040","1.9295","0.0014"
"","260.1040","1.9394","0.0014"
"","260.2040","1.9494","0.0015"
"","260.3040","1.9591","0.0015"
"","260.4040","1.9696","0.0015"
"","260.5040","1.9794","0.0015"
"","260.6040","1.9893","0.0016"
"","260.7040","1.9993","0.0016"
"","260.8040","2.0095","0.0016"
"","260.9040","2.0195","0.0016"
"","261.0040","2.0291","0.0017"
"","261.1040","2.0394","0.0017"
"","261.2040","2.0494","0.0017"
"","261.3040","2.0595","0.0018"
"","261.4040","2.0692","0.0018"
"","261.5040","2.0794","0.0018"
"","261.6040","2.0895","0.0019"
"","261.7040","2.0993","0.0019"
"","261.8040","2.1094","0.0019"
"","261.9040","2.1194","0.0020"
"","262.0040","2.1294","0.0020"
"","262.1040","2.1392","0.0021"
"","262.2040","2.1495","0.0021"
"","262.3040","2.1594","0.0021"
"","262.4040","2.1693","0.0021"
"","262.5040","2.1795","0.0022"
"","262.6040","2.1895","0.0022"
"","262.7040","2.1994","0.0023"
"","262.8040","2.2091","0.0023"
"","262.9040","2.2195","0.0023"
"","263.0040","2.2295","0.0024"
"","263.1040","2.2393","0.0024"
"","263.2040","2.2493","0.0025"
"","263.3040","2.2595","0.0025"
"","263.4040","2.2695","0.0026"
"","263.5040","2.2791","0.0027"
"","263.6040","2.2894","0.0027"
"","263.7040","2.2995","0.0028"
"","263.8040","2.3094","0.0029"
"","263.9040","2.3192","0.0029"
"","264.0040","2.3294","0.0030"
"","264.1040","2.3396","0.0031"
"","264.2040","2.3493","0.0031"
"","264.3040","2.3594","0.0031"
"","264.4040","2.3694","0.0032"
"","264.5040","2.3795","0.0033"
"","264.6040","2.3891","0.0033"
"","264.7040","2.3995","0.0034"
"","264.8040","2.4095","0.0035"
"","264.9040","2.4194","0.0036"
"","265.0040","2.4295","0.0037"
"","265.1040","2.4394","0.0037"
"","265.2040","2.4494","0.0038"
"","265.3040","2.4591","0.0039"
"","265.4040","2.4695","0.0040"
"","265.5040","2.4795","0.0041"
"","265.6040","2.4893","0.0042"
"","265.7040","2.4993","0.0043"
"","265.8040","2.5095","0.0044"
"","265.9040","2.5195","0.0045"
"","266.0040","2.5292","0.0046"
"","266.1040","2.5394","0.0046"
"","266.2040","2.5494","0.0047"
"","266.3040","2.5595","0.0048"
"","266.4040","2.5692","0.0049"
"","266.5040","2.5794","0.0050"
"","266.6040","2.5895","0.0052"
"","266.7040","2.5994","0.0053"
"","266.8040","2.6094","0.0054"
"","266.9040","2.6194","0.0055"
"","267.0040","2.6295","0.0056"
"","267.1040","2.6393","0.0057"
"","267.2040","2.6494","0.0058"
"","267.3040","2.6594","0.0060"
"","267.4040","2.6693","0.0061"
"","267.5040","2.6795","0.0062"
"","267.6040","2.6894","0.0064"
"","267.7040","2.6994","0.0065"
"","267.8040","2.7091","0.0066"
"","267.9040","2.7196","0.0068"
"","268.0040","2.7294","0.0069"
"","268.1040","2.7393","0.0071"
"","268.2040","2.7493","0.0073"
"","268.3040","2.7595","0.0074"
"","268.4040","2.7695","0.0076"
"","268.5040","2.7791","0.0078"
"","268.6040","2.7895","0.0080"
"","268.7040","2.7994","0.0081"
"","268.8040","2.8095","0.0083"
"","268.9040","2.8192","0.0085"
"","269.0040","2.8295","0.0087"
"","269.1040","2.8395","0.0089"
"","269.2040","2.8493","0.0091"
"","269.3040","2.8594","0.0094"
"","269.4040","2.8694","0.0096"
"","269.5040","2.8795","0.0098"
"","269.6040","2.8893","0.0100"
"","269.7040","2.8994","0.0103"
"","269.8040","2.9094","0.0105"
"","269.9040","2.9193","0.0107"
"","270.0040","2.9296","0.0110"
"","270.1040","2.9394","0.0113"
"","270.2040","2.9494","0.0115"
"","270.3040","2.9591","0.0118"
"","270.4040","2.9695","0.0121"
"","270.5040","2.9794","0.0124"
"","270.6040","2.9894","0.0127"
"","270.7040","2.9993","0.0130"
"","270.8040","3.0095","0.0133"
"","270.9040","3.0194","0.0137"
"","271.0040","3.0291","0.0140"
"","271.1040","3.0394","0.0143"
"","271.2040","3.0495","0.0147"
"","271.3040","3.0594","0.0150"
"","271.4040","3.0692","0.0153"
"","271.5040","3.0795","0.0157"
"","271.6040","3.0896","0.0161"
"","271.7040","3.0994","0.0164"
"","271.8040","3.1093","0.0168"
"","271.9040","3.1194","0.0172"
"","272.0040","3.1295","0.0176"
"","272.1040","3.1392","0.0180"
"","272.2040","3.1494","0.0184"
"","272.3040","3.1594","0.0189"
"","272.4040","3.1694","0.0193"
"","272.5040","3.1796","0.0198"
"","272.6040","3.1894","0.0202"
"","272.7040","3.1994","0.0207"
"","272.8040","3.2091","0.0212"
"","272.9040","3.2196","0.0217"
"","273.0040","3.2294","0.0222"
"","273.1040","3.2394","0.0227"
"","273.2040","3.2493","0.0233"
"","273.3040","3.2595","0.0238"
"","273.4040","3.2695","0.0244"
"","273.5040","3.2792","0.0250"
"","273.6040","3.2895","0.0257"
"","273.7040","3.2994","0.0263"
"","273.8040","3.3094","0.0269"
"","273.9040","3.3192","0.0276"
"","274.0040","3.3294","0.0283"
"","274.1040","3.3395","0.0290"
"","274.2040","3.3494","0.0298"
"","274.3040","3.3594","0.0305"
"","274.4040","3.3694","0.0313"
"","274.5040","3.3795","0.0321"
"","274.6040","3.3893","0.0328"
"","274.7040","3.3993","0.0336"
"","274.8040","3.4094","0.0345"
"","274.9040","3.4193","0.0353"
"","275.0040","3.4294","0.0360"
"","275.1040","3.4394","0.0364"
"","275.2040","3.4494","0.0366"
"","275.3040","3.4591","0.0369"
"","275.4040","3.4695","0.0371"
"","275.5040","3.4795","0.0373"
"","275.6040","3.4893","0.0376"
"","275.7040","3.4993","0.0378"
"","275.8040","3.5095","0.0380"
"","275.9040","3.5195","0.0382"
"","276.0040","3.5292","0.0383"
"","276.1040","3.5395","0.0385"
"","276.2040","3.5494","0.0387"
"","276.3040","3.5595","0.0389"
"","276.4040","3.5692","0.0392"
"","276.5040","3.5795","0.0396"
"","276.6040","3.5895","0.0400"
"","276.7040","3.5993","0.0404"
"","276.8040","3.6094","0.0408"
"","276.9040","3.6194","0.0412"
"","277.0040","3.6295","0.0416"
"","277.1040","3.6392","0.0425"
"","277.2040","3.6494","0.0434"
"","277.3040","3.6594","0.0441"
"","277.4040","3.6693","0.0448"
"","277.5040","3.6796","0.0456"
"","277.6040","3.6894","0.0466"
"","277.7040","3.6995","0.0476"
"","277.8040","3.7092","0.0486"
"","277.9040","3.7195","0.0498"
"","278.0040","3.7294","0.0508"
"","278.1040","3.7393","0.0519"
"","278.2040","3.7493","0.0531"
"","278.3040","3.7595","0.0543"
"","278.4040","3.7695","0.0554"
"","278.5040","3.7791","0.0566"
"","278.6040","3.7894","0.0579"
"","278.7040","3.7995","0.0592"
"","278.8040","3.8094","0.0605"
"","278.9040","3.8192","0.0618"
"","279.0040","3.8294","0.0632"
"","279.1040","3.8396","0.0646"
"","279.2040","3.8493","0.0660"
"","279.3040","3.8594","0.0674"
"","279.4040","3.8694","0.0689"
"","279.5040","3.8795","0.0704"
"","279.6040","3.8892","0.0718"
"","279.7040","3.8993","0.0733"
"","279.8040","3.9095","0.0749"
"","279.9040","3.9193","0.0764"
"","280.0040","3.9295","0.0780"
"","280.1040","3.9394","0.0795"
"","280.2040","3.9494","0.0811"
"","280.3040","3.9591","0.0826"
"","280.4040","3.9695","0.0842"
"","280.5040","3.9793","0.0857"
"","280.6040","3.9894","0.0872"
"","280.7040","3.9993","0.0887"
"","280.7110","4.0000","0.0888"
"","280.7120","4.0001","0.0888"
"","280.7130","4.0002","0.0889"
"","280.8130","4.0007","0.0880"
"","280.9130","3.9933","0.0854"
"","281.0130","3.9813","0.0817"
"","281.1130","3.9709","0.0787"
"","281.2130","3.9608","0.0759"
"","281.3130","3.9510","0.0733"
"","281.4130","3.9407","0.0707"
"","281.5130","3.9307","0.0682"
"","281.6130","3.9207","0.0659"
"","281.7130","3.9109","0.0636"
"","281.8130","3.9007","0.0613"
"","281.9130","3.8906","0.0592"
"","282.0130","3.8808","0.0572"
"","282.1130","3.8708","0.0551"
"","282.2130","3.8608","0.0532"
"","282.3130","3.8506","0.0513"
"","282.4130","3.8408","0.0496"
"","282.5130","3.8306","0.0478"
"","282.6130","3.8207","0.0461"
"","282.7130","3.8107","0.0446"
"","282.8130","3.8007","0.0430"
"","282.9130","3.7907","0.0415"
"","283.0130","3.7808","0.0401"
"","283.1130","3.7709","0.0387"
"","283.2130","3.7606","0.0375"
"","283.3130","3.7506","0.0364"
"","283.4130","3.7408","0.0355"
"","283.5130","3.7308","0.0348"
"","283.6130","3.7206","0.0342"
"","283.7130","3.7107","0.0338"
"","283.8130","3.7009","0.0336"
"","283.9130","3.6907","0.0335"
"","284.0130","3.6806","0.0334"
"","284.1130","3.6707","0.0332"
"","284.2130","3.6609","0.0330"
"","284.3130","3.6506","0.0329"
"","284.4130","3.6406","0.0327"
"","284.5130","3.6309","0.0327"
"","284.6130","3.6208","0.0327"
"","284.7130","3.6107","0.0327"
"","284.8130","3.6006","0.0326"
"","284.9130","3.5909","0.0323"
"","285.0130","3.5807","0.0320"
"","285.1130","3.5706","0.0318"
"","285.2130","3.5608","0.0316"
"","285.3130","3.5506","0.0309"
"","285.4130","3.5407","0.0303"
"","285.5130","3.5306","0.0297"
"","285.6130","3.5209","0.0289"
"","285.7130","3.5105","0.0279"
"","285.8130","3.5006","0.0270"
"","285.9130","3.4908","0.0261"
"","286.0130","3.4809","0.0252"
"","286.1130","3.4706","0.0244"
"","286.2130","3.4606","0.0235"
"","286.3130","3.4509","0.0228"
"","286.4130","3.4407","0.0220"
"","286.5130","3.4306","0.0212"
"","286.6130","3.4206","0.0205"
"","286.7130","3.4110","0.0199"
"","286.8130","3.4007","0.0192"
"","286.9130","3.3907","0.0185"
"","287.0130","3.3807","0.0180"
"","287.1130","3.3709","0.0174"
"","287.2130","3.3607","0.0168"
"","287.3130","3.3506","0.0163"
"","287.4130","3.3408","0.0158"
"","287.5130","3.3307","0.0153"
"","287.6130","3.3207","0.0149"
"","287.7130","3.3107","0.0145"
"","287.8130","3.3007","0.0140"
"","287.9130","3.2907","0.0137"
"","288.0130","3.2807","0.0132"
"","288.1130","3.2708","0.0129"
"","288.2130","3.2605","0.0125"
"","288.3130","3.2506","0.0121"
"","288.4130","3.2407","0.0118"
"","288.5130","3.2309","0.0114"
"","288.6130","3.2207","0.0111"
"","288.7130","3.2106","0.0108"
"","288.8130","3.2010","0.0105"
"","288.9130","3.1906","0.0102"
"","289.0130","3.1807","0.0099"
"","289.1130","3.1706","0.0096"
"","289.2130","3.1609","0.0093"
"","289.3130","3.1506","0.0090"
"","289.4130","3.1406","0.0087"
"","289.5130","3.1307","0.0084"
"","289.6130","3.1208","0.0082"
"","289.7130","3.1107","0.0079"
"","289.8130","3.1006","0.0077"
"","289.9130","3.0908","0.0074"
"","290.0130","3.0806","0.0072"
"","290.1130","3.0706","0.0070"
"","290.2130","3.0607","0.0068"
"","290.3130","3.0507","0.0066"
"","290.4130","3.0407","0.0064"
"","290.5130","3.0307","0.0062"
"","290.6130","3.0209","0.0060"
"","290.7130","3.0105","0.0058"
"","290.8130","3.0006","0.0057"
"","290.9130","2.9908","0.0055"
"","291.0130","2.9808","0.0053"
"","291.1130","2.9706","0.0052"
"","291.2130","2.9606","0.0050"
"","291.3130","2.9509","0.0049"
"","291.4130","2.9407","0.0048"
"","291.5130","2.9306","0.0046"
"","291.6130","2.9206","0.0045"
"","291.7130","2.9109","0.0044"
"","291.8130","2.9006","0.0042"
"","291.9130","2.8906","0.0041"
"","292.0130","2.8807","0.0040"
"","292.1130","2.8708","0.0039"
"","292.2130","2.8607","0.0038"
"","292.3130","2.8506","0.0037"
"","292.4130","2.8409","0.0036"
"","292.5130","2.8306","0.0035"
"","292.6130","2.8206","0.0034"
"","292.7130","2.8108","0.0033"
"","292.8130","2.8006","0.0032"
"","292.9130","2.7907","0.0031"
"","293.0130","2.7807","0.0030"
"","293.1130","2.7709","0.0029"
"","293.2130","2.7606","0.0028"
"","293.3130","2.7506","0.0028"
"","293.4130","2.7408","0.0027"
"","293.5130","2.7309","0.0026"
"","293.6130","2.7206","0.0025"
"","293.7130","2.7106","0.0025"
"","293.8130","2.7009","0.0024"
"","293.9130","2.6907","0.0023"
"","294.0130","2.6806","0.0022"
"","294.1130","2.6706","0.0022"
"","294.2130","2.6609","0.0021"
"","294.3130","2.6508","0.0021"
"","294.4130","2.6406","0.0020"
"","294.5130","2.6307","0.0020"
"","294.6130","2.6208","0.0019"
"","294.7130","2.6107","0.0019"
"","294.8130","2.6006","0.0018"
"","294.9130","2.5909","0.0018"
"","295.0130","2.5806","0.0017"
"","295.1130","2.5707","0.0017"
"","295.2130","2.5607","0.0017"
"","295.3130","2.5508","0.0016"
"","295.4130","2.5407","0.0016"
"","295.5130","2.5307","0.0016"
"","295.6130","2.5209","0.0016"
"","295.7130","2.5106","0.0015"
"","295.8130","2.5006","0.0015"
"","295.9130","2.4907","0.0015"
"","296.0130","2.4808","0.0014"
"","296.1130","2.4707","0.0014"
"","296.2130","2.4606","0.0014"
"","296.3130","2.4509","0.0013"
"","296.4130","2.4407","0.0013"
"","296.5130","2.4307","0.0013"
"","296.6130","2.4206","0.0013"
"","296.7130","2.4109","0.0012"
"","296.8130","2.4006","0.0012"
"","296.9130","2.3906","0.0012"
"","297.0130","2.3808","0.0012"
"","297.1130","2.3708","0.0011"
"","297.2130","2.3608","0.0011"
"","297.3130","2.3506","0.0011"
"","297.4130","2.3409","0.0011"
"","297.5130","2.3305","0.0011"
"","297.6130","2.3206","0.0010"
"","297.7130","2.3107","0.0010"
"","297.8130","2.3007","0.0010"
"","297.9130","2.2906","0.0010"
"","298.0130","2.2807","0.0009"
"","298.1130","2.2709","0.0009"
"","298.2130","2.2606","0.0009"
"","298.3130","2.2506","0.0009"
"","298.4130","2.2408","0.0009"
"","298.5130","2.2308","0.0008"
"","298.6130","2.2206","0.0008"
"","298.7130","2.2106","0.0008"
"","298.8130","2.2009","0.0008"
"","298.9130","2.1907","0.0008"
"","299.0130","2.1806","0.0008"
"","299.1130","2.1706","0.0007"
"","299.2130","2.1610","0.0007"
"","299.3130","2.1507","0.0007"
"","299.4130","2.1405","0.0007"
"","299.5130","2.1307","0.0007"
"","299.6130","2.1208","0.0007"
"","299.7130","2.1107","0.0007"
"","299.8130","2.1006","0.0006"
"","299.9130","2.0909","0.0006"
"","300.0130","2.0806","0.0006"
"","300.1130","2.0706","0.0006"
"","300.2130","2.0608","0.0006"
"","300.3130","2.0507","0.0006"
"","300.4130","2.0407","0.0005"
"","300.5130","2.0307","0.0005"
"","300.6130","2.0209","0.0005"
"","300.7130","2.0105","0.0005"
"","300.8130","2.0006","0.0005"
"","300.9130","1.9908","0.0005"
"","301.0130","1.9809","0.0005"
"","301.1130","1.9706","0.0005"
"","301.2130","1.9606","0.0005"
"","301.3130","1.9509","0.0005"
"","301.4130","1.9407","0.0004"
"","301.5130","1.9306","0.0004"
"","301.6130","1.9206","0.0004"
"","301.7130","1.9110","0.0004"
"","301.8130","1.9007","0.0004"
"","301.9130","1.8907","0.0004"
"","302.0130","1.8807","0.0004"
"","302.1130","1.8709","0.0004"
"","302.2130","1.8607","0.0004"
"","302.3130","1.8506","0.0003"
"","302.4130","1.8408","0.0003"
"","302.5130","1.8307","0.0003"
"","302.6130","1.8207","0.0003"
"","302.7130","1.8107","0.0003"
"","302.8130","1.8007","0.0003"
"","302.9130","1.7908","0.0003"
"","303.0130","1.7807","0.0003"
"","303.1130","1.7709","0.0003"
"","303.2130","1.7605","0.0003"
"","303.3130","1.7506","0.0002"
"","303.4130","1.7407","0.0002"
"","303.5130","1.7309","0.0002"
"","303.6130","1.7207","0.0002"
"","303.7130","1.7106","0.0002"
"","303.8130","1.7010","0.0002"
"","303.9130","1.6907","0.0002"
"","304.0130","1.6806","0.0002"
"","304.1130","1.6706","0.0002"
"","304.2130","1.6609","0.0002"
"","304.3130","1.6506","0.0002"
"","304.4130","1.6406","0.0002"
"","304.5130","1.6308","0.0002"
"","304.6130","1.6208","0.0002"
"","304.7130","1.6108","0.0002"
"","304.8130","1.6006","0.0002"
"","304.9130","1.5908","0.0002"
"","305.0130","1.5806","0.0001"
"","305.1130","1.5706","0.0001"
"","305.2130","1.5607","0.0001"
"","305.3130","1.5507","0.0001"
"","305.4130","1.5407","0.0001"
"","305.5130","1.5307","0.0001"
"","305.6130","1.5209","0.0001"
"","305.7130","1.5106","0.0001"
"","305.8130","1.5006","0.0001"
"","305.9130","1.4907","0.0001"
"","306.0130","1.4808","0.0001"
"","306.1130","1.4706","0.0001"
"","306.2130","1.4607","0.0001"
"","306.3130","1.4509","0.0001"
"","306.4130","1.4407","0.0001"
"","306.5130","1.4306","0.0001"
"","306.6130","1.4207","0.0001"
"","306.7130","1.4109","0.0001"
"","306.8130","1.4006","0.0001"
"","306.9130","1.3905","0.0000"
"","307.0130","1.3808","0.0000"
"","307.1130","1.3707","0.0000"
"","307.2130","1.3606","0.0000"
"","307.3130","1.3506","0.0000"
"","307.4130","1.3409","0.0000"
"","307.5130","1.3307","0.0000"
"","307.6130","1.3206","0.0000"
"","307.7130","1.3108","0.0000"
"","307.8130","1.3007","0.0000"
"","307.9130","1.2907","0.0000"
"","308.0130","1.2806","0.0000"
"","308.1130","1.2709","0.0000"
"","308.2130","1.2606","0.0000"
"","308.3130","1.2506","0.0000"
"","308.4130","1.2407","0.0000"
"","308.5130","1.2309","0.0000"
"","308.6130","1.2206","0.0000"
"","308.7130","1.2106","0.0000"
"","308.8130","1.2009","0.0000"
"","308.9130","1.1906","0.0000"
"","309.0130","1.1805","0.0000"
"","309.1130","1.1706","0.0000"
"","309.2130","1.1610","0.0000"
"","309.3130","1.1507","0.0000"
"","309.4130","1.1407","-0.0001"
"","309.5130","1.1307","0.0000"
"","309.6130","1.1208","-0.0001"
"","309.7130","1.1107","-0.0001"
"","309.8130","1.1006","-0.0001"
"","309.9130","1.0908","-0.0001"
"","310.0130","1.0807","-0.0001"
"","310.1130","1.0707","-0.0001"
"","310.2130","1.0607","-0.0001"
"","310.3130","1.0507","-0.0001"
"","310.4130","1.0408","-0.0001"
"","310.5130","1.0307","-0.0001"
"","310.6130","1.0209","-0.0001"
"","310.7130","1.0105","-0.0001"
"","310.8130","1.0006","-0.0001"
"","310.9130","0.9908","-0.0001"
"","311.0130","0.9809","-0.0001"
"","311.1130","0.9707","-0.0001"
"","311.2130","0.9606","-0.0001"
"","311.3130","0.9509","-0.0001"
"","311.4130","0.9406","-0.0001"
"","311.5130","0.9306","-0.0001"
"","311.6130","0.9206","-0.0001"
"","311.7130","0.9109","-0.0001"
"","311.8130","0.9006","-0.0001"
"","311.9130","0.8906","-0.0001"
"","312.0130","0.8808","-0.0001"
"","312.1130","0.8708","-0.0001"
"","312.2130","0.8608","-0.0001"
"","312.3130","0.8506","-0.0001"
"","312.4130","0.8408","-0.0001"
"","312.5130","0.8306","-0.0001"
"","312.6130","0.8206","-0.0001"
"","312.7130","0.8107","-0.0001"
"","312.8130","0.8007","-0.0001"
"","312.9130","0.7907","-0.0001"
"","313.0130","0.7807","-0.0001"
"","313.1130","0.7709","-0.0001"
"","313.2130","0.7605","-0.0001"
"","313.3130","0.7506","-0.0001"
"","313.4130","0.7408","-0.0001"
"","313.5130","0.7308","-0.0001"
"","313.6130","0.7206","-0.0001"
"","313.7130","0.7106","-0.0001"
"","313.8130","0.7009","-0.0001"
"","313.9130","0.6907","-0.0001"
"","314.0130","0.6806","-0.0001"
"","314.1130","0.6707","-0.0001"
"","314.2130","0.6609","-0.0001"
"","314.3130","0.6506","-0.0001"
"","314.4130","0.6405","-0.0001"
"","314.5130","0.6307","-0.0001"
"","314.6130","0.6208","-0.0001"
"","314.7130","0.6106","-0.0001"
"","314.8130","0.6006","-0.0001"
"","314.9130","0.5909","-0.0001"
"","315.0130","0.5806","-0.0001"
"","315.1130","0.5707","-0.0001"
"","315.2130","0.5608","-0.0001"
"","315.3130","0.5507","-0.0001"
"","315.4130","0.5406","-0.0001"
"","315.5130","0.5306","-0.0001"
"","315.6130","0.5209","-0.0001"
"","315.7130","0.5106","-0.0001"
"","315.8130","0.5005","-0.0001"
"","315.9130","0.4908","-0.0001"
"","316.0130","0.4809","-0.0001"
"","316.1130","0.4706","-0.0001"
"","316.2130","0.4605","-0.0001"
"","316.3130","0.4509","-0.0001"
"","316.4130","0.4407","-0.0001"
"","316.5130","0.4306","-0.0001"
"","316.6130","0.4206","-0.0001"
"","316.7130","0.4110","-0.0001"
"","316.8130","0.4007","-0.0001"
"","316.9130","0.3907","-0.0001"
"","317.0130","0.3807","-0.0001"
"","317.1130","0.3708","-0.0001"
"","317.2130","0.3607","-0.0001"
"","317.3130","0.3506","-0.0001"
"","317.4130","0.3408","-0.0001"
"","317.5130","0.3307","-0.0001"
"","317.6130","0.3207","-0.0001"
"","317.7130","0.3107","-0.0001"
"","317.8130","0.3007","-0.0001"
"","317.9130","0.2907","-0.0001"
"","318.0130","0.2807","-0.0001"
"","318.1130","0.2709","-0.0001"
"","318.2130","0.2605","-0.0001"
"","318.3130","0.2506","-0.0001"
"","318.4130","0.2407","-0.0001"
"","318.5130","0.2309","-0.0001"
"","318.6130","0.2207","-0.0001"
"","318.7130","0.2106","-0.0001"
"","318.8130","0.2010","-0.0001"
"","318.9130","0.1907","-0.0001"
"","319.0130","0.1806","-0.0001"
"","319.1130","0.1705","-0.0001"
"","319.2130","0.1609","-0.0001"
"","319.3130","0.1507","-0.0001"
"","319.4130","0.1406","-0.0001"
"","319.5130","0.1307","-0.0001"
"","319.6130","0.1208","-0.0001"
"","319.7130","0.1108","-0.0001"
"","319.8130","0.1007","-0.0001"
"","319.9130","0.0909","-0.0001"
"","320.0130","0.0806","-0.0001"
"","320.1130","0.0707","-0.0001"
"","320.2130","0.0608","-0.0001"
"","320.3130","0.0507","-0.0001"
"","320.4130","0.0406","-0.0001"
"","320.5130","0.0307","-0.0001"
"","320.6130","0.0209","-0.0001"
"","320.7130","0.0105","-0.0001"
"","320.8130","0.0006","-0.0001"
"","320.8200","-0.0001","-0.0001"
"","320.8210","-0.0002","-0.0001"
"","320.8220","-0.0003","-0.0001"
"","320.9220","-0.0006","-0.0001"
"","321.0220","0.0071","-0.0001"
"","321.1220","0.0191","-0.0001"
"","321.2220","0.0291","-0.0001"
"","321.3220","0.0394","-0.0001"
"","321.4220","0.0495","-0.0001"
"","321.5220","0.0594","-0.0001"
"","321.6220","0.0692","-0.0001"
"","321.7220","0.0794","-0.0001"
"","321.8220","0.0896","-0.0001"
"","321.9220","0.0993","-0.0001"
"","322.0220","0.1094","-0.0001"
"","322.1220","0.1194","-0.0001"
"","322.2220","0.1295","-0.0001"
"","322.3220","0.1392","-0.0001"
"","322.4220","0.1494","-0.0001"
"","322.5220","0.1595","-0.0001"
"","322.6220","0.1694","-0.0001"
"","322.7220","0.1795","-0.0001"
"","322.8220","0.1895","-0.0001"
"","322.9220","0.1995","-0.0001"
"","323.0220","0.2091","-0.0001"
"","323.1220","0.2195","-0.0001"
"","323.2220","0.2294","-0.0001"
"","323.3220","0.2393","-0.0001"
"","323.4220","0.2493","-0.0001"
"","323.5220","0.2595","-0.0001"
"","323.6220","0.2696","-0.0001"
"","323.7220","0.2792","-0.0001"
"","323.8220","0.2894","-0.0001"
"","323.9220","0.2994","-0.0001"
"","324.0220","0.3095","-0.0001"
"","324.1220","0.3192","-0.0001"
"","324.2220","0.3294","-0.0001"
"","324.3220","0.3395","-0.0001"
"","324.4220","0.3494","-0.0001"
"","324.5220","0.3594","-0.0001"
"","324.6220","0.3695","-0.0001"
"","324.7220","0.3795","-0.0001"
"","324.8220","0.3893","-0.0001"
"","324.9220","0.3993","-0.0001"
"","325.0220","0.4094","-0.0001"
"","325.1220","0.4194","-0.0001"
"","325.2220","0.4296","-0.0001"
"","325.3220","0.4394","-0.0001"
"","325.4220","0.4494","-0.0001"
"","325.5220","0.4591","-0.0001"
"","325.6220","0.4695","-0.0001"
"","325.7220","0.4794","-0.0001"
"","325.8220","0.4893","-0.0001"
"","325.9220","0.4994","-0.0001"
"","326.0220","0.5095","-0.0001"
"","326.1220","0.5195","-0.0001"
"","326.2220","0.5291","-0.0001"
"","326.3220","0.5395","-0.0001"
"","326.4220","0.5495","-0.0001"
"","326.5220","0.5594","-0.0001"
"","326.6220","0.5692","-0.0001"
"","326.7220","0.5794","-0.0001"
"","326.8220","0.5896","-0.0001"
"","326.9220","0.5993","-0.0001"
"","327.0220","0.6094","-0.0001"
"","327.1220","0.6194","-0.0001"
"","327.2220","0.6295","-0.0001"
"","327.3220","0.6392","-0.0001"
"","327.4220","0.6495","-0.0001"
"","327.5220","0.6595","-0.0001"
"","327.6220","0.6693","-0.0001"
"","327.7220","0.6795","-0.0001"
"","327.8220","0.6894","-0.0001"
"","327.9220","0.6994","-0.0001"
"","328.0220","0.7092","-0.0001"
"","328.1220","0.7196","-0.0001"
"","328.2220","0.7294","-0.0001"
"","328.3220","0.7394","-0.0001"
"","328.4220","0.7493","-0.0001"
"","328.5220","0.7596","-0.0001"
"","328.6220","0.7695","-0.0001"
"","328.7220","0.7792","-0.0001"
"","328.8220","0.7894","-0.0001"
"","328.9220","0.7995","-0.0001"
"","329.0220","0.8094","-0.0001"
"","329.1220","0.8192","0.0000"
"","329.2220","0.8294","-0.0001"
"","329.3220","0.8396","0.0000"
"","329.4220","0.8493","0.0000"
"","329.5220","0.8593","0.0000"
"","329.6220","0.8694","0.0000"
"","329.7220","0.8795","0.0000"
"","329.8220","0.8892","0.0000"
"","329.9220","0.8994","0.0000"
"","330.0220","0.9095","0.0000"
"","330.1220","0.9193","0.0000"
"","330.2220","0.9295","0.0000"
"","330.3220","0.9394","0.0000"
"","330.4220","0.9495","0.0000"
"","330.5220","0.9591","0.0000"
"","330.6220","0.9695","0.0000"
"","330.7220","0.9794","0.0000"
"","330.8220","0.9894","0.0000"
"","330.9220","0.9993","0.0000"
"","331.0220","1.0095","0.0000"
"","331.1220","1.0195","0.0001"
"","331.2220","1.0292","0.0001"
"","331.3220","1.0394","0.0001"
"","331.4220","1.0494","0.0001"
"","331.5220","1.0595","0.0001"
"","331.6220","1.0692","0.0001"
"","331.7220","1.0794","0.0001"
"","331.8220","1.0895","0.0001"
"","331.9220","1.0993","0.0001"
"","332.0220","1.1094","0.0001"
"","332.1220","1.1195","0.0001"
"","332.2220","1.1295","0.0001"
"","332.3220","1.1393","0.0001"
"","332.4220","1.1493","0.0001"
"","332.5220","1.1594","0.0002"
"","332.6220","1.1693","0.0002"
"","332.7220","1.1795","0.0002"
"","332.8220","1.1894","0.0002"
"","332.9220","1.1995","0.0002"
"","333.0220","1.2092","0.0002"
"","333.1220","1.2195","0.0002"
"","333.2220","1.2294","0.0002"
"","333.3220","1.2393","0.0002"
"","333.4220","1.2493","0.0002"
"","333.5220","1.2595","0.0003"
"","333.6220","1.2695","0.0003"
"","333.7220","1.2792","0.0003"
"","333.8220","1.2895","0.0003"
"","333.9220","1.2995","0.0003"
"","334.0220","1.3095","0.0003"
"","334.1220","1.3192","0.0003"
"","334.2220","1.3295","0.0003"
"","334.3220","1.3395","0.0004"
"","334.4220","1.3493","0.0004"
"","334.5220","1.3595","0.0004"
"","334.6220","1.3694","0.0004"
"","334.7220","1.3795","0.0004"
"","334.8220","1.3893","0.0004"
"","334.9220","1.3995","0.0004"
"","335.0220","1.4094","0.0004"
"","335.1220","1.4193","0.0004"
"","335.2220","1.4295","0.0004"
"","335.3220","1.4394","0.0005"
"","335.4220","1.4494","0.0005"
"","335.5220","1.4591","0.0005"
"","335.6220","1.4695","0.0005"
"","335.7220","1.4794","0.0005"
"","335.8220","1.4894","0.0005"
"","335.9220","1.4993","0.0005"
"","336.0220","1.5096","0.0006"
"","336.1220","1.5195","0.0006"
"","336.2220","1.5291","0.0006"
"","336.3220","1.5394","0.0006"
"","336.4220","1.5495","0.0006"
"","336.5220","1.5594","0.0006"
"","336.6220","1.5692","0.0007"
"","336.7220","1.5795","0.0007"
"","336.8220","1.5896","0.0007"
"","336.9220","1.5994","0.0007"
"","337.0220","1.6094","0.0007"
"","337.1220","1.6194","0.0008"
"","337.2220","1.6295","0.0008"
"","337.3220","1.6392","0.0008"
"","337.4220","1.6494","0.0008"
"","337.5220","1.6594","0.0008"
"","337.6220","1.6693","0.0008"
"","337.7220","1.6795","0.0009"
"","337.8220","1.6894","0.0009"
"","337.9220","1.6995","0.0009"
"","338.0220","1.7091","0.0009"
"","338.1220","1.7195","0.0009"
"","338.2220","1.7294","0.0009"
"","338.3220","1.7394","0.0010"
"","338.4220","1.7493","0.0010"
"","338.5220","1.7596","0.0010"
"","338.6220","1.7696","0.0010"
"","338.7220","1.7792","0.0010"
"","338.8220","1.7894","0.0011"
"","338.9220","1.7995","0.0011"
"","339.0220","1.8095","0.0011"
"","339.1220","1.8192","0.0011"
"","339.2220","1.8294","0.0011"
"","339.3220","1.8395","0.0012"
"","339.4220","1.8494","0.0012"
"","339.5220","1.8594","0.0012"
"","339.6220","1.8695","0.0012"
"","339.7220","1.8795","0.0012"
"","339.8220","1.8893","0.0013"
"","339.9220","1.8993","0.0013"
"","340.0220","1.9094","0.0013"
"","340.1220","1.9193","0.0013"
"","340.2220","1.9295","0.0013"
"","340.3220","1.9394","0.0014"
"","340.4220","1.9494","0.0014"
"","340.5220","1.9591","0.0014"
"","340.6220","1.9696","0.0015"
"","340.7220","1.9795","0.0015"
"","340.8220","1.9893","0.0015"
"","340.9220","1.9993","0.0015"
"","341.0220","2.0095","0.0015"
"","341.1220","2.0195","0.0015"
"","341.2220","2.0291","0.0016"
"","341.3220","2.0395","0.0016"
"","341.4220","2.0494","0.0016"
"","341.5220","2.0595","0.0017"
"","341.6220","2.0692","0.0017"
"","341.7220","2.0794","0.0017"
"","341.8220","2.0895","0.0018"
"","341.9220","2.0993","0.0018"
"","342.0220","2.1095","0.0018"
"","342.1220","2.1194","0.0019"
"","342.2220","2.1294","0.0019"
"","342.3220","2.1392","0.0019"
"","342.4220","2.1495","0.0020"
"","342.5220","2.1594","0.0020"
"","342.6220","2.1693","0.0020"
"","342.7220","2.1795","0.0021"
"","342.8220","2.1895","0.0021"
"","342.9220","2.1995","0.0021"
"","343.0220","2.2091","0.0022"
"","343.1220","2.2195","0.0022"
"","343.2220","2.2295","0.0023"
"","343.3220","2.2393","0.0023"
"","343.4220","2.2493","0.0023"
"","343.5220","2.2596","0.0024"
"","343.6220","2.2695","0.0024"
"","343.7220","2.2791","0.0025"
"","343.8220","2.2894","0.0025"
"","343.9220","2.2995","0.0026"
"","344.0220","2.3094","0.0027"
"","344.1220","2.3192","0.0027"
"","344.2220","2.3294","0.0028"
"","344.3220","2.3396","0.0028"
"","344.4220","2.3493","0.0029"
"","344.5220","2.3594","0.0030"
"","344.6220","2.3694","0.0030"
"","344.7220","2.3794","0.0031"
"","344.8220","2.3892","0.0031"
"","344.9220","2.3995","0.0032"
"","345.0220","2.4095","0.0032"
"","345.1220","2.4194","0.0033"
"","345.2220","2.4295","0.0034"
"","345.3220","2.4395","0.0035"
"","345.4220","2.4495","0.0035"
"","345.5220","2.4591","0.0036"
"","345.6220","2.4695","0.0037"
"","345.7220","2.4795","0.0038"
"","345.8220","2.4893","0.0039"
"","345.9220","2.4993","0.0040"
"","346.0220","2.5095","0.0041"
"","346.1220","2.5196","0.0042"
"","346.2220","2.5292","0.0043"
"","346.3220","2.5394","0.0043"
"","346.4220","2.5494","0.0044"
"","346.5220","2.5595","0.0045"
"","346.6220","2.5692","0.0046"
"","346.7220","2.5794","0.0047"
"","346.8220","2.5895","0.0048"
"","346.9220","2.5994","0.0049"
"","347.0220","2.6094","0.0050"
"","347.1220","2.6194","0.0051"
"","347.2220","2.6295","0.0052"
"","347.3220","2.6393","0.0053"
"","347.4220","2.6494","0.0054"
"","347.5220","2.6594","0.0055"
"","347.6220","2.6693","0.0056"
"","347.7220","2.6795","0.0057"
"","347.8220","2.6894","0.0059"
"","347.9220","2.6994","0.0060"
"","348.0220","2.7091","0.0061"
"","348.1220","2.7196","0.0063"
"","348.2220","2.7294","0.0064"
"","348.3220","2.7393","0.0066"
"","348.4220","2.7493","0.0067"
"","348.5220","2.7596","0.0069"
"","348.6220","2.7695","0.0070"
"","348.7220","2.7791","0.0072"
"","348.8220","2.7895","0.0074"
"","348.9220","2.7994","0.0075"
"","349.0220","2.8095","0.0077"
"","349.1220","2.8192","0.0079"
"","349.2220","2.8295","0.0081"
"","349.3220","2.8395","0.0083"
"","349.4220","2.8493","0.0084"
"","349.5220","2.8594","0.0087"
"","349.6220","2.8694","0.0089"
"","349.7220","2.8795","0.0091"
"","349.8220","2.8893","0.0093"
"","349.9220","2.8994","0.0095"
"","350.0220","2.9094","0.0097"
"","350.1220","2.9193","0.0099"
"","350.2220","2.9296","0.0102"
"","350.3220","2.9395","0.0104"
"","350.4220","2.9494","0.0106"
"","350.5220","2.9591","0.0109"
"","350.6220","2.9695","0.0111"
"","350.7220","2.9794","0.0114"
"","350.8220","2.9894","0.0117"
"","350.9220","2.9993","0.0120"
"","351.0220","3.0095","0.0123"
"","351.1220","3.0195","0.0126"
"","351.2220","3.0291","0.0129"
"","351.3220","3.0394","0.0132"
"","351.4220","3.0495","0.0136"
"","351.5220","3.0594","0.0139"
"","351.6220","3.0692","0.0142"
"","351.7220","3.0795","0.0146"
"","351.8220","3.0896","0.0149"
"","351.9220","3.0994","0.0153"
"","352.0220","3.1093","0.0156"
"","352.1220","3.1194","0.0160"
"","352.2220","3.1295","0.0164"
"","352.3220","3.1393","0.0167"
"","352.4220","3.1494","0.0171"
"","352.5220","3.1594","0.0176"
"","352.6220","3.1694","0.0180"
"","352.7220","3.1796","0.0184"
"","352.8220","3.1894","0.0188"
"","352.9220","3.1994","0.0193"
"","353.0220","3.2091","0.0197"
"","353.1220","3.2195","0.0202"
"","353.2220","3.2294","0.0206"
"","353.3220","3.2394","0.0212"
"","353.4220","3.2493","0.0217"
"","353.5220","3.2595","0.0222"
"","353.6220","3.2695","0.0227"
"","353.7220","3.2792","0.0232"
"","353.8220","3.2895","0.0239"
"","353.9220","3.2994","0.0245"
"","354.0220","3.3094","0.0251"
"","354.1220","3.3192","0.0257"
"","354.2220","3.3294","0.0264"
"","354.3220","3.3395","0.0271"
"","354.4220","3.3494","0.0278"
"","354.5220","3.3594","0.0285"
"","354.6220","3.3695","0.0293"
"","354.7220","3.3795","0.0300"
"","354.8220","3.3893","0.0308"
"","354.9220","3.3993","0.0315"
"","355.0220","3.4094","0.0324"
"","355.1220","3.4193","0.0332"
"","355.2220","3.4294","0.0341"
"","355.3220","3.4394","0.0349"
"","355.4220","3.4494","0.0358"
"","355.5220","3.4592","0.0362"
"","355.6220","3.4696","0.0366"
"","355.7220","3.4795","0.0368"
"","355.8220","3.4893","0.0370"
"","355.9220","3.4993","0.0372"
"","356.0220","3.5095","0.0375"
"","356.1220","3.5195","0.0377"
"","356.2220","3.5291","0.0379"
"","356.3220","3.5395","0.0381"
"","356.4220","3.5494","0.0383"
"","356.5220","3.5595","0.0384"
"","356.6220","3.5692","0.0386"
"","356.7220","3.5795","0.0388"
"","356.8220","3.5895","0.0391"
"","356.9220","3.5993","0.0394"
"","357.0220","3.6094","0.0398"
"","357.1220","3.6194","0.0403"
"","357.2220","3.6295","0.0407"
"","357.3220","3.6392","0.0411"
"","357.4220","3.6494","0.0415"
"","357.5220","3.6594","0.0423"
"","357.6220","3.6693","0.0432"
"","357.7220","3.6795","0.0441"
"","357.8220","3.6895","0.0447"
"","357.9220","3.6995","0.0455"
"","358.0220","3.7092","0.0464"
"","358.1220","3.7195","0.0475"
"","358.2220","3.7294","0.0486"
"","358.3220","3.7394","0.0497"
"","358.4220","3.7493","0.0509"
"","358.5220","3.7596","0.0520"
"","358.6220","3.7695","0.0532"
"","358.7220","3.7791","0.0543"
"","358.8220","3.7893","0.0556"
"","358.9220","3.7995","0.0569"
"","359.0220","3.8094","0.0582"
"","359.1220","3.8192","0.0595"
"","359.2220","3.8294","0.0609"
"","359.3220","3.8396","0.0623"
"","359.4220","3.8493","0.0637"
"","359.5220","3.8594","0.0652"
"","359.6220","3.8694","0.0667"
"","359.7220","3.8795","0.0682"
"","359.8220","3.8892","0.0696"
"","359.9220","3.8994","0.0712"
"","360.0220","3.9095","0.0728"
"","360.1220","3.9193","0.0744"
"","360.2220","3.9295","0.0760"
"","360.3220","3.9394","0.0776"
"","360.4220","3.9494","0.0793"
"","360.5220","3.9591","0.0808"
"","360.6220","3.9695","0.0826"
"","360.7220","3.9793","0.0842"
"","360.8220","3.9894","0.0858"
"","360.9220","3.9993","0.0874"
"","360.9290","4.0000","0.0875"
"","360.9300","4.0001","0.0876"
"","360.9310","4.0002","0.0876"
"","361.0310","4.0007","0.0868"
"","361.1310","3.9933","0.0842"
"","361.2310","3.9814","0.0806"
"","361.3310","3.9708","0.0776"
"","361.4310","3.9608","0.0749"
"","361.5310","3.9510","0.0723"
"","361.6310","3.9407","0.0696"
"","361.7310","3.9307","0.0672"
"","361.8310","3.9207","0.0648"
"","361.9310","3.9110","0.0626"
"","362.0310","3.9007","0.0603"
"","362.1310","3.8906","0.0582"
"","362.2310","3.8808","0.0562"
"","362.3310","3.8708","0.0542"
"","362.4310","3.8608","0.0523"
"","362.5310","3.8506","0.0504"
"","362.6310","3.8408","0.0487"
"","362.7310","3.8307","0.0469"
"","362.8310","3.8206","0.0453"
"","362.9310","3.8107","0.0437"
"","363.0310","3.8007","0.0422"
"","363.1310","3.7907","0.0407"
"","363.2310","3.7807","0.0393"
"","363.3310","3.7709","0.0380"
"","363.4310","3.7606","0.0368"
"","363.5310","3.7506","0.0358"
"","363.6310","3.7408","0.0351"
"","363.7310","3.7308","0.0344"
"","363.8310","3.7206","0.0339"
"","363.9310","3.7107","0.0336"
"","364.0310","3.7009","0.0335"
"","364.1310","3.6907","0.0334"
"","364.2310","3.6806","0.0332"
"","364.3310","3.6707","0.0331"
"","364.4310","3.6609","0.0329"
"","364.5310","3.6506","0.0328"
"","364.6310","3.6406","0.0327"
"","364.7310","3.6309","0.0327"
"","364.8310","3.6208","0.0327"
"","364.9310","3.6107","0.0326"
"","365.0310","3.6006","0.0324"
"","365.1310","3.5909","0.0321"
"","365.2310","3.5807","0.0319"
"","365.3310","3.5706","0.0316"
"","365.4310","3.5608","0.0311"
"","365.5310","3.5507","0.0305"
"","365.6310","3.5407","0.0299"
"","365.7310","3.5306","0.0291"
"","365.8310","3.5209","0.0282"
"","365.9310","3.5106","0.0272"
"","366.0310","3.5006","0.0263"
"","366.1310","3.4908","0.0254"
"","366.2310","3.4809","0.0246"
"","366.3310","3.4706","0.0237"
"","366.4310","3.4606","0.0230"
"","366.5310","3.4509","0.0222"
"","366.6310","3.4407","0.0214"
"","366.7310","3.4306","0.0207"
"","366.8310","3.4206","0.0200"
"","366.9310","3.4110","0.0193"
"","367.0310","3.4007","0.0187"
"","367.1310","3.3907","0.0181"
"","367.2310","3.3807","0.0175"
"","367.3310","3.3709","0.0169"
"","367.4310","3.3607","0.0164"
"","367.5310","3.3506","0.0159"
"","367.6310","3.3408","0.0154"
"","367.7310","3.3307","0.0150"
"","367.8310","3.3207","0.0145"
"","367.9310","3.3107","0.0141"
"","368.0310","3.3007","0.0137"
"","368.1310","3.2908","0.0133"
"","368.2310","3.2807","0.0129"
"","368.3310","3.2709","0.0125"
"","368.4310","3.2605","0.0121"
"","368.5310","3.2506","0.0118"
"","368.6310","3.2408","0.0115"
"","368.7310","3.2309","0.0112"
"","368.8310","3.2207","0.0108"
"","368.9310","3.2106","0.0105"
"","369.0310","3.2009","0.0102"
"","369.1310","3.1906","0.0099"
"","369.2310","3.1807","0.0096"
"","369.3310","3.1706","0.0093"
"","369.4310","3.1609","0.0090"
"","369.5310","3.1507","0.0088"
"","369.6310","3.1406","0.0085"
"","369.7310","3.1307","0.0082"
"","369.8310","3.1208","0.0080"
"","369.9310","3.1108","0.0077"
"","370.0310","3.1007","0.0075"
"","370.1310","3.0908","0.0072"
"","370.2310","3.0806","0.0070"
"","370.3310","3.0706","0.0068"
"","370.4310","3.0607","0.0066"
"","370.5310","3.0507","0.0064"
"","370.6310","3.0407","0.0062"
"","370.7310","3.0307","0.0060"
"","370.8310","3.0209","0.0058"
"","370.9310","3.0105","0.0057"
"","371.0310","3.0007","0.0055"
"","371.1310","2.9908","0.0053"
"","371.2310","2.9808","0.0052"
"","371.3310","2.9706","0.0050"
"","371.4310","2.9606","0.0049"
"","371.5310","2.9509","0.0048"
"","371.6310","2.9407","0.0046"
"","371.7310","2.9306","0.0045"
"","371.8310","2.9206","0.0044"
"","371.9310","2.9109","0.0043"
"","372.0310","2.9006","0.0041"
"","372.1310","2.8906","0.0040"
"","372.2310","2.8807","0.0039"
"","372.3310","2.8708","0.0038"
"","372.4310","2.8607","0.0037"
"","372.5310","2.8506","0.0036"
"","372.6310","2.8409","0.0035"
"","372.7310","2.8306","0.0034"
"","372.8310","2.8206","0.0033"
"","372.9310","2.8108","0.0032"
"","373.0310","2.8007","0.0031"
"","373.1310","2.7906","0.0030"
"","373.2310","2.7807","0.0029"
"","373.3310","2.7709","0.0029"
"","373.4310","2.7606","0.0028"
"","373.5310","2.7506","0.0027"
"","373.6310","2.7408","0.0026"
"","373.7310","2.7309","0.0025"
"","373.8310","2.7206","0.0025"
"","373.9310","2.7106","0.0024"
"","374.0310","2.7009","0.0023"
"","374.1310","2.6907","0.0023"
"","374.2310","2.6806","0.0022"
"","374.3310","2.6706","0.0021"
"","374.4310","2.6609","0.0021"
"","374.5310","2.6508","0.0020"
"","374.6310","2.6407","0.0020"
"","374.7310","2.6308","0.0019"
"","374.8310","2.6208","0.0019"
"","374.9310","2.6107","0.0018"
"","375.0310","2.6006","0.0018"
"","375.1310","2.5909","0.0017"
"","375.2310","2.5806","0.0017"
"","375.3310","2.5707","0.0017"
"","375.4310","2.5607","0.0017"
"","375.5310","2.5508","0.0016"
"","375.6310","2.5407","0.0016"
"","375.7310","2.5307","0.0015"
"","375.8310","2.5209","0.0015"
"","375.9310","2.5106","0.0015"
"","376.0310","2.5006","0.0015"
"","376.1310","2.4907","0.0014"
"","376.2310","2.4809","0.0014"
"","376.3310","2.4707","0.0014"
"","376.4310","2.4606","0.0013"
"","376.5310","2.4509","0.0013"
"","376.6310","2.4407","0.0013"
"","376.7310","2.4306","0.0013"
"","376.8310","2.4206","0.0012"
"","376.9310","2.4109","0.0012"
"","377.0310","2.4006","0.0012"
"","377.1310","2.3906","0.0012"
"","377.2310","2.3808","0.0011"
"","377.3310","2.3708","0.0011"
"","377.4310","2.3608","0.0011"
"","377.5310","2.3507","0.0011"
"","377.6310","2.3409","0.0010"
"","377.7310","2.3305","0.0010"
"","377.8310","2.3206","0.0010"
"","377.9310","2.3107","0.0010"
"","378.0310","2.3008","0.0009"
"","378.1310","2.2906","0.0009"
"","378.2310","2.2807","0.0009"
"","378.3310","2.2709","0.0009"
"","378.4310","2.2606","0.0009"
"","378.5310","2.2506","0.0009"
"","378.6310","2.2408","0.0009"
"","378.7310","2.2308","0.0008"
"","378.8310","2.2206","0.0008"
"","378.9310","2.2106","0.0008"
"","379.0310","2.2009","0.0008"
"","379.1310","2.1907","0.0007"
"","379.2310","2.1806","0.0007"
"","379.3310","2.1706","0.0007"
"","379.4310","2.1609","0.0007"
"","379.5310","2.1507","0.0007"
"","379.6310","2.1406","0.0007"
"","379.7310","2.1307","0.0007"
"","379.8310","2.1208","0.0006"
"","379.9310","2.1107","0.0006"
"","380.0310","2.1006","0.0006"
"","380.1310","2.0909","0.0006"
"","380.2310","2.0807","0.0006"
"","380.3310","2.0707","0.0006"
"","380.4310","2.0608","0.0006"
"","380.5310","2.0507","0.0005"
"","380.6310","2.0407","0.0005"
"","380.7310","2.0307","0.0005"
"","380.8310","2.0210","0.0005"
"","380.9310","2.0105","0.0005"
"","381.0310","2.0006","0.0005"
"","381.1310","1.9908","0.0005"
"","381.2310","1.9809","0.0004"
"","381.3310","1.9706","0.0004"
"","381.4310","1.9606","0.0004"
"","381.5310","1.9509","0.0004"
"","381.6310","1.9407","0.0004"
"","381.7310","1.9306","0.0004"
"","381.8310","1.9206","0.0004"
"","381.9310","1.9110","0.0004"
"","382.0310","1.9007","0.0004"
"","382.1310","1.8907","0.0004"
"","382.2310","1.8807","0.0004"
"","382.3310","1.8709","0.0003"
"","382.4310","1.8607","0.0003"
"","382.5310","1.8506","0.0003"
"","382.6310","1.8408","0.0003"
"","382.7310","1.8307","0.0003"
"","382.8310","1.8207","0.0003"
"","382.9310","1.8108","0.0003"
"","383.0310","1.8007","0.0003"
"","383.1310","1.7908","0.0003"
"","383.2310","1.7807","0.0003"
"","383.3310","1.7709","0.0002"
"","383.4310","1.7605","0.0002"
"","383.5310","1.7506","0.0002"
"","383.6310","1.7408","0.0002"
"","383.7310","1.7309","0.0002"
"","383.8310","1.7207","0.0002"
"","383.9310","1.7106","0.0002"
"","384.0310","1.7010","0.0002"
"","384.1310","1.6907","0.0002"
"","384.2310","1.6806","0.0002"
"","384.3310","1.6706","0.0002"
"","384.4310","1.6609","0.0002"
"","384.5310","1.6506","0.0002"
"","384.6310","1.6406","0.0002"
"","384.7310","1.6308","0.0002"
"","384.8310","1.6208","0.0002"
"","384.9310","1.6108","0.0001"
"","385.0310","1.6006","0.0001"
"","385.1310","1.5908","0.0001"
"","385.2310","1.5806","0.0001"
"","385.3310","1.5706","0.0001"
"","385.4310","1.5607","0.0001"
"","385.5310","1.5507","0.0001"
"","385.6310","1.5407","0.0001"
"","385.7310","1.5307","0.0001"
"","385.8310","1.5209","0.0001"
"","385.9310","1.5106","0.0001"
"","386.0310","1.5006","0.0001"
"","386.1310","1.4908","0.0001"
"","386.2310","1.4808","0.0001"
"","386.3310","1.4706","0.0001"
"","386.4310","1.4607","0.0001"
"","386.5310","1.4509","0.0001"
"","386.6310","1.4407","0.0001"
"","386.7310","1.4306","0.0001"
"","386.8310","1.4207","0.0001"
"","386.9310","1.4109","0.0000"
"","387.0310","1.4006","0.0000"
"","387.1310","1.3906","0.0000"
"","387.2310","1.3808","0.0000"
"","387.3310","1.3707","0.0000"
"","387.4310","1.3606","0.0000"
"","387.5310","1.3506","0.0000"
"","387.6310","1.3409","0.0000"
"","387.7310","1.3307","0.0000"
"","387.8310","1.3206","0.0000"
"","387.9310","1.3108","0.0000"
"","388.0310","1.3007","0.0000"
"","388.1310","1.2907","0.0000"
"","388.2310","1.2806","0.0000"
"","388.3310","1.2709","0.0000"
"","388.4310","1.2605","0.0000"
"","388.5310","1.2506","0.0000"
"","388.6310","1.2408","0.0000"
"","388.7310","1.2309","0.0000"
"","388.8310","1.2206","0.0000"
"","388.9310","1.2106","0.0000"
"","389.0310","1.2009","0.0000"
"","389.1310","1.1907","0.0000"
"","389.2310","1.1806","0.0000"
"","389.3310","1.1706","0.0000"
"","389.4310","1.1610","-0.0001"
"","389.5310","1.1508","-0.0001"
"","389.6310","1.1407","-0.0001"
"","389.7310","1.1307","-0.0001"
"","389.8310","1.1209","-0.0001"
"","389.9310","1.1107","-0.0001"
"","390.0310","1.1006","-0.0001"
"","390.1310","1.0908","-0.0001"
"","390.2310","1.0807","-0.0001"
"","390.3310","1.0707","-0.0001"
"","390.4310","1.0607","-0.0001"
"","390.5310","1.0507","-0.0001"
"","390.6310","1.0408","-0.0001"
"","390.7310","1.0307","-0.0001"
"","390.8310","1.0209","-0.0001"
"","390.9310","1.0105","-0.0001"
"","391.0310","1.0006","-0.0001"
"","391.1310","0.9908","-0.0001"
"","391.2310","0.9809","-0.0001"
"","391.3310","0.9707","-0.0001"
"","391.4310","0.9607","-0.0001"
"","391.5310","0.9509","-0.0001"
"","391.6310","0.9406","-0.0001"
"","391.7310","0.9306","-0.0001"
"","391.8310","0.9206","-0.0001"
"","391.9310","0.9109","-0.0001"
"","392.0310","0.9006","-0.0001"
"","392.1310","0.8906","-0.0001"
"","392.2310","0.8808","-0.0001"
"","392.3310","0.8708","-0.0001"
"","392.4310","0.8608","-0.0001"
"","392.5310","0.8507","-0.0001"
"","392.6310","0.8408","-0.0001"
"","392.7310","0.8306","-0.0001"
"","392.8310","0.8206","-0.0001"
"","392.9310","0.8107","-0.0001"
"","393.0310","0.8007","-0.0001"
"","393.1310","0.7907","-0.0001"
"","393.2310","0.7807","-0.0001"
"","393.3310","0.7709","-0.0001"
"","393.4310","0.7606","-0.0001"
"","393.5310","0.7506","-0.0001"
"","393.6310","0.7408","-0.0001"
"","393.7310","0.7308","-0.0001"
"","393.8310","0.7206","-0.0001"
"","393.9310","0.7106","-0.0001"
"","394.0310","0.7009","-0.0001"
"","394.1310","0.6907","-0.0001"
"","394.2310","0.6806","-0.0001"
"","394.3310","0.6707","-0.0001"
"","394.4310","0.6609","-0.0001"
"","394.5310","0.6506","-0.0001"
"","394.6310","0.6406","-0.0001"
"","394.7310","0.6307","-0.0001"
"","394.8310","0.6208","-0.0001"
"","394.9310","0.6107","-0.0001"
"","395.0310","0.6006","-0.0001"
"","395.1310","0.5909","-0.0001"
"","395.2310","0.5807","-0.0001"
"","395.3310","0.5707","-0.0001"
"","395.4310","0.5608","-0.0001"
"","395.5310","0.5507","-0.0001"
"","395.6310","0.5406","-0.0001"
"","395.7310","0.5307","-0.0001"
"","395.8310","0.5210","-0.0001"
"","395.9310","0.5105","-0.0001"
"","396.0310","0.5005","-0.0001"
"","396.1310","0.4908","-0.0001"
"","396.2310","0.4809","-0.0001"
"","396.3310","0.4706","-0.0001"
"","396.4310","0.4606","-0.0001"
"","396.5310","0.4509","-0.0001"
"","396.6310","0.4407","-0.0001"
"","396.7310","0.4306","-0.0001"
"","396.8310","0.4206","-0.0001"
"","396.9310","0.4110","-0.0001"
"","397.0310","0.4007","-0.0001"
"","397.1310","0.3907","-0.0001"
"","397.2310","0.3808","-0.0001"
"","397.3310","0.3708","-0.0001"
"","397.4310","0.3607","-0.0001"
"","397.5310","0.3506","-0.0001"
"","397.6310","0.3408","-0.0001"
"","397.7310","0.3307","-0.0001"
"","397.8310","0.3207","-0.0001"
"","397.9310","0.3107","-0.0001"
"","398.0310","0.3007","-0.0001"
"","398.1310","0.2907","-0.0001"
"","398.2310","0.2807","-0.0001"
"","398.3310","0.2709","-0.0001"
"","398.4310","0.2605","-0.0001"
"","398.5310","0.2506","-0.0001"
"","398.6310","0.2407","-0.0001"
"","398.7310","0.2309","-0.0001"
"","398.8310","0.2207","-0.0001"
"","398.9310","0.2106","-0.0001"
"","399.0310","0.2010","-0.0001"
"","399.1310","0.1907","-0.0001"
"","399.2310","0.1806","-0.0001"
"","399.3310","0.1705","-0.0001"
"","399.4310","0.1609","-0.0001"
"","399.5310","0.1507","-0.0001"
"","399.6310","0.1406","-0.0001"
"","399.7310","0.1308","-0.0001"
"","399.8310","0.1208","-0.0001"
"","399.9310","0.1108","-0.0001"
"","400.0310","0.1007","-0.0001"
"","400.1310","0.0908","-0.0001"
"","400.2310","0.0806","-0.0001"
"","400.3310","0.0707","-0.0001"
"","400.4310","0.0608","-0.0001"
"","400.5310","0.0507","-0.0001"
"","400.6310","0.0406","-0.0001"
"","400.7310","0.0307","-0.0001"
"","400.8310","0.0209","-0.0001"
"","400.9310","0.0106","-0.0001"
"","401.0310","0.0006","-0.0001"
"","401.0380","-0.0001","-0.0001"

