1,Time,Displacement,Force
,(s),(mm),(kN)
"","0.0000","-0.0021","0.0004"
"","0.1000","0.0017","0.0004"
"","0.2000","0.0104","0.0004"
"","0.3000","0.0223","0.0004"
"","0.4000","0.0323","0.0004"
"","0.5000","0.0428","0.0004"
"","0.6000","0.0525","0.0005"
"","0.7000","0.0625","0.0005"
"","0.8000","0.0723","0.0005"
"","0.9000","0.0826","0.0005"
"","1.0000","0.0926","0.0005"
"","1.1000","0.1024","0.0006"
"","1.2000","0.1126","0.0006"
"","1.3000","0.1226","0.0006"
"","1.4000","0.1327","0.0006"
"","1.5000","0.1422","0.0006"
"","1.6000","0.1526","0.0007"
"","1.7000","0.1626","0.0007"
"","1.8000","0.1725","0.0007"
"","1.9000","0.1825","0.0007"
"","2.0000","0.1925","0.0007"
"","2.1000","0.2025","0.0007"
"","2.2000","0.2123","0.0008"
"","2.3000","0.2226","0.0008"
"","2.4000","0.2325","0.0008"
"","2.5000","0.2425","0.0008"
"","2.6000","0.2524","0.0009"
"","2.7000","0.2626","0.0009"
"","2.8000","0.2725","0.0009"
"","2.9000","0.2823","0.0009"
"","3.0000","0.2926","0.0009"
"","3.1000","0.3026","0.0010"
"","3.2000","0.3125","0.0010"
"","3.3000","0.3223","0.0010"
"","3.4000","0.3326","0.0010"
"","3.5000","0.3426","0.0011"
"","3.6000","0.3524","0.0011"
"","3.7000","0.3625","0.0011"
"","3.8000","0.3726","0.0011"
"","3.9000","0.3826","0.0012"
"","4.0000","0.3922","0.0012"
"","4.1000","0.4025","0.0012"
"","4.2000","0.4126","0.0012"
"","4.3000","0.4225","0.0013"
"","4.4000","0.4324","0.0013"
"","4.5000","0.4425","0.0013"
"","4.6000","0.4526","0.0013"
"","4.7000","0.4623","0.0014"
"","4.8000","0.4726","0.0014"
"","4.9000","0.4826","0.0014"
"","5.0000","0.4926","0.0015"
"","5.1000","0.5024","0.0015"
"","5.2000","0.5126","0.0015"
"","5.3000","0.5225","0.0016"
"","5.4000","0.5323","0.0016"
"","5.5000","0.5426","0.0016"
"","5.6000","0.5526","0.0017"
"","5.7000","0.5626","0.0017"
"","5.8000","0.5722","0.0017"
"","5.9000","0.5826","0.0018"
"","6.0000","0.5926","0.0018"
"","6.1000","0.6024","0.0019"
"","6.2000","0.6125","0.0019"
"","6.3000","0.6226","0.0020"
"","6.4000","0.6327","0.0020"
"","6.5000","0.6422","0.0021"
"","6.6000","0.6524","0.0021"
"","6.7000","0.6626","0.0022"
"","6.8000","0.6726","0.0022"
"","6.9000","0.6824","0.0023"
"","7.0000","0.6925","0.0024"
"","7.1000","0.7026","0.0024"
"","7.2000","0.7124","0.0025"
"","7.3000","0.7225","0.0026"
"","7.4000","0.7325","0.0026"
"","7.5000","0.7425","0.0027"
"","7.6000","0.7524","0.0027"
"","7.7000","0.7625","0.0028"
"","7.8000","0.7725","0.0029"
"","7.9000","0.7823","0.0030"
"","8.0000","0.7927","0.0030"
"","8.1000","0.8025","0.0031"
"","8.2000","0.8125","0.0032"
"","8.3000","0.8222","0.0033"
"","8.4000","0.8326","0.0034"
"","8.5000","0.8426","0.0034"
"","8.6000","0.8524","0.0035"
"","8.7000","0.8626","0.0036"
"","8.8000","0.8726","0.0037"
"","8.9000","0.8827","0.0038"
"","9.0000","0.8922","0.0039"
"","9.1000","0.9025","0.0040"
"","9.2000","0.9125","0.0041"
"","9.3000","0.9226","0.0042"
"","9.4000","0.9324","0.0043"
"","9.5000","0.9426","0.0045"
"","9.6000","0.9525","0.0046"
"","9.7000","0.9624","0.0047"
"","9.8000","0.9726","0.0048"
"","9.9000","0.9825","0.0049"
"","10.0000","0.9925","0.0050"
"","10.1000","1.0024","0.0052"
"","10.2000","1.0126","0.0053"
"","10.3000","1.0225","0.0054"
"","10.4000","1.0323","0.0055"
"","10.5000","1.0426","0.0057"
"","10.6000","1.0526","0.0058"
"","10.7000","1.0625","0.0060"
"","10.8000","1.0723","0.0061"
"","10.9000","1.0825","0.0063"
"","11.0000","1.0926","0.0064"
"","11.1000","1.1024","0.0065"
"","11.2000","1.1125","0.0067"
"","11.3000","1.1226","0.0069"
"","11.4000","1.1326","0.0070"
"","11.5000","1.1422","0.0072"
"","11.6000","1.1525","0.0073"
"","11.7000","1.1626","0.0075"
"","11.8000","1.1726","0.0077"
"","11.9000","1.1824","0.0079"
"","12.0000","1.1925","0.0080"
"","12.1000","1.2026","0.0082"
"","12.2000","1.2124","0.0084"
"","12.3000","1.2225","0.0086"
"","12.4000","1.2325","0.0087"
"","12.5000","1.2426","0.0089"
"","12.6000","1.2524","0.0091"
"","12.7000","1.2626","0.0093"
"","12.8000","1.2725","0.0095"
"","12.9000","1.2823","0.0097"
"","13.0000","1.2927","0.0099"
"","13.1000","1.3025","0.0101"
"","13.2000","1.3126","0.0103"
"","13.3000","1.3223","0.0105"
"","13.4000","1.3326","0.0107"
"","13.5000","1.3426","0.0110"
"","13.6000","1.3524","0.0112"
"","13.7000","1.3625","0.0114"
"","13.8000","1.3726","0.0116"
"","13.9000","1.3827","0.0118"
"","14.0000","1.3922","0.0121"
"","14.1000","1.4024","0.0123"
"","14.2000","1.4125","0.0125"
"","14.3000","1.4226","0.0128"
"","14.4000","1.4324","0.0130"
"","14.5000","1.4425","0.0132"
"","14.6000","1.4526","0.0135"
"","14.7000","1.4624","0.0137"
"","14.8000","1.4725","0.0140"
"","14.9000","1.4825","0.0142"
"","15.0000","1.4925","0.0145"
"","15.1000","1.5024","0.0147"
"","15.2000","1.5125","0.0150"
"","15.3000","1.5224","0.0153"
"","15.4000","1.5323","0.0155"
"","15.5000","1.5427","0.0158"
"","15.6000","1.5526","0.0161"
"","15.7000","1.5625","0.0163"
"","15.8000","1.5723","0.0166"
"","15.9000","1.5825","0.0169"
"","16.0000","1.5926","0.0172"
"","16.1000","1.6024","0.0174"
"","16.2000","1.6126","0.0177"
"","16.3000","1.6226","0.0180"
"","16.4000","1.6327","0.0183"
"","16.5000","1.6421","0.0186"
"","16.6000","1.6526","0.0189"
"","16.7000","1.6625","0.0192"
"","16.8000","1.6726","0.0195"
"","16.9000","1.6824","0.0198"
"","17.0000","1.6926","0.0202"
"","17.1000","1.7026","0.0205"
"","17.2000","1.7123","0.0208"
"","17.3000","1.7226","0.0211"
"","17.4000","1.7325","0.0214"
"","17.5000","1.7426","0.0217"
"","17.6000","1.7524","0.0221"
"","17.7000","1.7626","0.0224"
"","17.8000","1.7726","0.0227"
"","17.9000","1.7824","0.0231"
"","18.0000","1.7926","0.0234"
"","18.1000","1.8026","0.0237"
"","18.2000","1.8125","0.0240"
"","18.3000","1.8223","0.0244"
"","18.4000","1.8326","0.0247"
"","18.5000","1.8426","0.0251"
"","18.6000","1.8524","0.0254"
"","18.7000","1.8625","0.0258"
"","18.8000","1.8726","0.0261"
"","18.9000","1.8827","0.0265"
"","19.0000","1.8922","0.0268"
"","19.1000","1.9025","0.0272"
"","19.2000","1.9126","0.0276"
"","19.3000","1.9226","0.0279"
"","19.4000","1.9324","0.0283"
"","19.5000","1.9425","0.0286"
"","19.6000","1.9526","0.0290"
"","19.7000","1.9623","0.0293"
"","19.8000","1.9725","0.0297"
"","19.9000","1.9826","0.0300"
"","20.0000","1.9925","0.0304"
"","20.1000","2.0024","0.0307"
"","20.2000","2.0125","0.0311"
"","20.3000","2.0225","0.0314"
"","20.4000","2.0323","0.0317"
"","20.5000","2.0426","0.0320"
"","20.6000","2.0526","0.0323"
"","20.7000","2.0626","0.0325"
"","20.8000","2.0722","0.0326"
"","20.9000","2.0826","0.0328"
"","21.0000","2.0926","0.0330"
"","21.1000","2.1024","0.0331"
"","21.2000","2.1125","0.0332"
"","21.3000","2.1226","0.0334"
"","21.4000","2.1327","0.0337"
"","21.5000","2.1422","0.0340"
"","21.6000","2.1525","0.0341"
"","21.7000","2.1625","0.0342"
"","21.8000","2.1726","0.0342"
"","21.9000","2.1824","0.0343"
"","22.0000","2.1925","0.0343"
"","22.1000","2.2026","0.0343"
"","22.2000","2.2124","0.0342"
"","22.3000","2.2225","0.0343"
"","22.4000","2.2325","0.0343"
"","22.5000","2.2425","0.0344"
"","22.6000","2.2524","0.0344"
"","22.7000","2.2625","0.0346"
"","22.8000","2.2725","0.0347"
"","22.9000","2.2823","0.0349"
"","23.0000","2.2927","0.0351"
"","23.1000","2.3025","0.0355"
"","23.2000","2.3125","0.0359"
"","23.3000","2.3223","0.0364"
"","23.4000","2.3326","0.0369"
"","23.5000","2.3425","0.0374"
"","23.6000","2.3524","0.0378"
"","23.7000","2.3626","0.0383"
"","23.8000","2.3726","0.0388"
"","23.9000","2.3826","0.0392"
"","24.0000","2.3922","0.0396"
"","24.1000","2.4026","0.0401"
"","24.2000","2.4126","0.0405"
"","24.3000","2.4224","0.0409"
"","24.4000","2.4324","0.0413"
"","24.5000","2.4426","0.0418"
"","24.6000","2.4527","0.0422"
"","24.7000","2.4623","0.0426"
"","24.8000","2.4725","0.0431"
"","24.9000","2.4826","0.0435"
"","25.0000","2.4926","0.0440"
"","25.1000","2.5025","0.0444"
"","25.2000","2.5126","0.0448"
"","25.3000","2.5226","0.0453"
"","25.4000","2.5324","0.0457"
"","25.5000","2.5426","0.0462"
"","25.6000","2.5524","0.0467"
"","25.7000","2.5625","0.0472"
"","25.8000","2.5723","0.0476"
"","25.9000","2.5826","0.0481"
"","26.0000","2.5925","0.0486"
"","26.1000","2.6024","0.0490"
"","26.2000","2.6125","0.0495"
"","26.3000","2.6227","0.0500"
"","26.4000","2.6326","0.0505"
"","26.5000","2.6422","0.0509"
"","26.6000","2.6525","0.0514"
"","26.7000","2.6627","0.0519"
"","26.8000","2.6725","0.0524"
"","26.9000","2.6824","0.0529"
"","27.0000","2.6926","0.0534"
"","27.1000","2.7026","0.0539"
"","27.2000","2.7123","0.0543"
"","27.3000","2.7225","0.0548"
"","27.4000","2.7326","0.0553"
"","27.5000","2.7426","0.0558"
"","27.6000","2.7523","0.0563"
"","27.7000","2.7626","0.0568"
"","27.8000","2.7725","0.0573"
"","27.9000","2.7823","0.0578"
"","28.0000","2.7926","0.0583"
"","28.1000","2.8025","0.0588"
"","28.2000","2.8126","0.0593"
"","28.3000","2.8223","0.0598"
"","28.4000","2.8326","0.0603"
"","28.5000","2.8426","0.0608"
"","28.6000","2.8524","0.0613"
"","28.7000","2.8625","0.0619"
"","28.8000","2.8726","0.0624"
"","28.9000","2.8827","0.0629"
"","29.0000","2.8922","0.0634"
"","29.1000","2.9024","0.0639"
"","29.2000","2.9125","0.0644"
"","29.3000","2.9226","0.0650"
"","29.4000","2.9324","0.0655"
"","29.5000","2.9425","0.0660"
"","29.6000","2.9526","0.0665"
"","29.7000","2.9624","0.0670"
"","29.8000","2.9724","0.0676"
"","29.9000","2.9825","0.0681"
"","30.0000","2.9925","0.0687"
"","30.1000","3.0025","0.0692"
"","30.2000","3.0125","0.0697"
"","30.3000","3.0224","0.0702"
"","30.4000","3.0323","0.0708"
"","30.5000","3.0428","0.0714"
"","30.6000","3.0526","0.0719"
"","30.7000","3.0625","0.0724"
"","30.8000","3.0722","0.0729"
"","30.9000","3.0826","0.0735"
"","31.0000","3.0926","0.0740"
"","31.1000","3.1024","0.0746"
"","31.2000","3.1126","0.0751"
"","31.3000","3.1226","0.0757"
"","31.4000","3.1327","0.0762"
"","31.5000","3.1422","0.0767"
"","31.6000","3.1526","0.0773"
"","31.7000","3.1626","0.0779"
"","31.8000","3.1725","0.0784"
"","31.9000","3.1824","0.0789"
"","32.0000","3.1926","0.0795"
"","32.1000","3.2026","0.0801"
"","32.2000","3.2123","0.0806"
"","32.3000","3.2226","0.0812"
"","32.4000","3.2326","0.0817"
"","32.5000","3.2426","0.0823"
"","32.6000","3.2524","0.0828"
"","32.7000","3.2625","0.0834"
"","32.8000","3.2725","0.0839"
"","32.9000","3.2823","0.0845"
"","33.0000","3.2926","0.0851"
"","33.1000","3.3026","0.0856"
"","33.2000","3.3125","0.0862"
"","33.3000","3.3223","0.0867"
"","33.4000","3.3326","0.0873"
"","33.5000","3.3426","0.0879"
"","33.6000","3.3524","0.0884"
"","33.7000","3.3625","0.0890"
"","33.8000","3.3726","0.0896"
"","33.9000","3.3826","0.0902"
"","34.0000","3.3922","0.0907"
"","34.1000","3.4025","0.0913"
"","34.2000","3.4126","0.0919"
"","34.3000","3.4226","0.0924"
"","34.4000","3.4324","0.0930"
"","34.5000","3.4425","0.0936"
"","34.6000","3.4526","0.0942"
"","34.7000","3.4623","0.0947"
"","34.8000","3.4725","0.0953"
"","34.9000","3.4826","0.0959"
"","35.0000","3.4926","0.0965"
"","35.1000","3.5024","0.0970"
"","35.2000","3.5126","0.0976"
"","35.3000","3.5225","0.0982"
"","35.4000","3.5323","0.0987"
"","35.5000","3.5426","0.0993"
"","35.6000","3.5525","0.0999"
"","35.7000","3.5626","0.1005"
"","35.8000","3.5722","0.1010"
"","35.9000","3.5826","0.1017"
"","36.0000","3.5926","0.1022"
"","36.1000","3.6025","0.1028"
"","36.2000","3.6125","0.1034"
"","36.3000","3.6226","0.1040"
"","36.4000","3.6327","0.1046"
"","36.5000","3.6422","0.1051"
"","36.6000","3.6525","0.1057"
"","36.7000","3.6626","0.1063"
"","36.8000","3.6726","0.1069"
"","36.9000","3.6824","0.1075"
"","37.0000","3.6925","0.1081"
"","37.1000","3.7026","0.1087"
"","37.2000","3.7124","0.1092"
"","37.3000","3.7225","0.1099"
"","37.4000","3.7325","0.1104"
"","37.5000","3.7425","0.1111"
"","37.6000","3.7525","0.1116"
"","37.7000","3.7625","0.1122"
"","37.8000","3.7725","0.1128"
"","37.9000","3.7824","0.1134"
"","38.0000","3.7927","0.1140"
"","38.1000","3.8025","0.1146"
"","38.2000","3.8125","0.1152"
"","38.3000","3.8222","0.1157"
"","38.4000","3.8326","0.1164"
"","38.5000","3.8426","0.1170"
"","38.6000","3.8524","0.1175"
"","38.7000","3.8626","0.1182"
"","38.8000","3.8726","0.1188"
"","38.9000","3.8827","0.1194"
"","39.0000","3.8922","0.1199"
"","39.1000","3.9026","0.1206"
"","39.2000","3.9125","0.1212"
"","39.3000","3.9226","0.1217"
"","39.4000","3.9324","0.1223"
"","39.5000","3.9426","0.1230"
"","39.6000","3.9526","0.1236"
"","39.7000","3.9623","0.1241"
"","39.8000","3.9726","0.1248"
"","39.9000","3.9825","0.1254"
"","40.0000","3.9926","0.1260"
"","40.0780","4.0001","0.1264"
"","40.0790","4.0002","0.1264"
"","40.0800","4.0003","0.1264"
"","40.1800","4.0009","0.1261"
"","40.2800","3.9935","0.1248"
"","40.3800","3.9813","0.1231"
"","40.4800","3.9708","0.1216"
"","40.5800","3.9607","0.1203"
"","40.6800","3.9511","0.1190"
"","40.7800","3.9408","0.1177"
"","40.8800","3.9308","0.1165"
"","40.9800","3.9209","0.1152"
"","41.0800","3.9109","0.1140"
"","41.1800","3.9009","0.1128"
"","41.2800","3.8908","0.1116"
"","41.3800","3.8810","0.1105"
"","41.4800","3.8707","0.1093"
"","41.5800","3.8607","0.1081"
"","41.6800","3.8509","0.1070"
"","41.7800","3.8408","0.1059"
"","41.8800","3.8308","0.1047"
"","41.9800","3.8208","0.1036"
"","42.0800","3.8111","0.1025"
"","42.1800","3.8007","0.1014"
"","42.2800","3.7906","0.1003"
"","42.3800","3.7808","0.0992"
"","42.4800","3.7710","0.0981"
"","42.5800","3.7608","0.0970"
"","42.6800","3.7507","0.0959"
"","42.7800","3.7410","0.0949"
"","42.8800","3.7308","0.0938"
"","42.9800","3.7207","0.0927"
"","43.0800","3.7106","0.0917"
"","43.1800","3.7010","0.0907"
"","43.2800","3.6909","0.0896"
"","43.3800","3.6808","0.0885"
"","43.4800","3.6708","0.0875"
"","43.5800","3.6609","0.0865"
"","43.6800","3.6508","0.0855"
"","43.7800","3.6407","0.0845"
"","43.8800","3.6310","0.0835"
"","43.9800","3.6207","0.0825"
"","44.0800","3.6108","0.0815"
"","44.1800","3.6008","0.0805"
"","44.2800","3.5909","0.0795"
"","44.3800","3.5808","0.0785"
"","44.4800","3.5708","0.0775"
"","44.5800","3.5610","0.0766"
"","44.6800","3.5507","0.0756"
"","44.7800","3.5407","0.0746"
"","44.8800","3.5308","0.0737"
"","44.9800","3.5210","0.0728"
"","45.0800","3.5108","0.0718"
"","45.1800","3.5007","0.0709"
"","45.2800","3.4909","0.0700"
"","45.3800","3.4807","0.0690"
"","45.4800","3.4708","0.0681"
"","45.5800","3.4607","0.0672"
"","45.6800","3.4510","0.0663"
"","45.7800","3.4408","0.0654"
"","45.8800","3.4308","0.0645"
"","45.9800","3.4208","0.0636"
"","46.0800","3.4109","0.0627"
"","46.1800","3.4008","0.0618"
"","46.2800","3.3907","0.0610"
"","46.3800","3.3810","0.0601"
"","46.4800","3.3707","0.0592"
"","46.5800","3.3608","0.0584"
"","46.6800","3.3510","0.0575"
"","46.7800","3.3409","0.0567"
"","46.8800","3.3307","0.0558"
"","46.9800","3.3209","0.0550"
"","47.0800","3.3110","0.0542"
"","47.1800","3.3007","0.0534"
"","47.2800","3.2906","0.0525"
"","47.3800","3.2808","0.0518"
"","47.4800","3.2709","0.0510"
"","47.5800","3.2608","0.0502"
"","47.6800","3.2507","0.0494"
"","47.7800","3.2410","0.0486"
"","47.8800","3.2308","0.0478"
"","47.9800","3.2206","0.0470"
"","48.0800","3.2107","0.0463"
"","48.1800","3.2011","0.0456"
"","48.2800","3.1908","0.0448"
"","48.3800","3.1807","0.0440"
"","48.4800","3.1709","0.0433"
"","48.5800","3.1608","0.0426"
"","48.6800","3.1508","0.0419"
"","48.7800","3.1407","0.0411"
"","48.8800","3.1311","0.0405"
"","48.9800","3.1206","0.0397"
"","49.0800","3.1107","0.0391"
"","49.1800","3.1009","0.0384"
"","49.2800","3.0908","0.0377"
"","49.3800","3.0807","0.0370"
"","49.4800","3.0708","0.0364"
"","49.5800","3.0611","0.0358"
"","49.6800","3.0507","0.0355"
"","49.7800","3.0405","0.0352"
"","49.8800","3.0308","0.0349"
"","49.9800","3.0210","0.0346"
"","50.0800","3.0108","0.0344"
"","50.1800","3.0007","0.0344"
"","50.2800","2.9909","0.0342"
"","50.3800","2.9808","0.0340"
"","50.4800","2.9707","0.0335"
"","50.5800","2.9607","0.0333"
"","50.6800","2.9510","0.0333"
"","50.7800","2.9409","0.0332"
"","50.8800","2.9308","0.0332"
"","50.9800","2.9208","0.0332"
"","51.0800","2.9108","0.0332"
"","51.1800","2.9008","0.0332"
"","51.2800","2.8908","0.0332"
"","51.3800","2.8810","0.0331"
"","51.4800","2.8707","0.0332"
"","51.5800","2.8608","0.0331"
"","51.6800","2.8508","0.0331"
"","51.7800","2.8409","0.0329"
"","51.8800","2.8307","0.0325"
"","51.9800","2.8208","0.0322"
"","52.0800","2.8110","0.0319"
"","52.1800","2.8007","0.0313"
"","52.2800","2.7907","0.0307"
"","52.3800","2.7809","0.0302"
"","52.4800","2.7710","0.0296"
"","52.5800","2.7608","0.0290"
"","52.6800","2.7507","0.0284"
"","52.7800","2.7410","0.0278"
"","52.8800","2.7308","0.0272"
"","52.9800","2.7207","0.0266"
"","53.0800","2.7107","0.0260"
"","53.1800","2.7010","0.0254"
"","53.2800","2.6908","0.0249"
"","53.3800","2.6807","0.0243"
"","53.4800","2.6708","0.0238"
"","53.5800","2.6609","0.0232"
"","53.6800","2.6508","0.0227"
"","53.7800","2.6407","0.0222"
"","53.8800","2.6309","0.0217"
"","53.9800","2.6208","0.0212"
"","54.0800","2.6107","0.0207"
"","54.1800","2.6008","0.0203"
"","54.2800","2.5908","0.0198"
"","54.3800","2.5809","0.0193"
"","54.4800","2.5709","0.0189"
"","54.5800","2.5610","0.0184"
"","54.6800","2.5506","0.0180"
"","54.7800","2.5407","0.0176"
"","54.8800","2.5309","0.0171"
"","54.9800","2.5209","0.0167"
"","55.0800","2.5107","0.0163"
"","55.1800","2.5007","0.0159"
"","55.2800","2.4910","0.0155"
"","55.3800","2.4808","0.0152"
"","55.4800","2.4706","0.0148"
"","55.5800","2.4607","0.0144"
"","55.6800","2.4511","0.0141"
"","55.7800","2.4407","0.0137"
"","55.8800","2.4307","0.0134"
"","55.9800","2.4209","0.0130"
"","56.0800","2.4109","0.0127"
"","56.1800","2.4008","0.0124"
"","56.2800","2.3907","0.0121"
"","56.3800","2.3810","0.0118"
"","56.4800","2.3707","0.0115"
"","56.5800","2.3607","0.0112"
"","56.6800","2.3509","0.0109"
"","56.7800","2.3409","0.0106"
"","56.8800","2.3308","0.0103"
"","56.9800","2.3208","0.0101"
"","57.0800","2.3111","0.0098"
"","57.1800","2.3007","0.0096"
"","57.2800","2.2906","0.0093"
"","57.3800","2.2808","0.0091"
"","57.4800","2.2710","0.0088"
"","57.5800","2.2608","0.0086"
"","57.6800","2.2507","0.0084"
"","57.7800","2.2410","0.0082"
"","57.8800","2.2308","0.0079"
"","57.9800","2.2207","0.0077"
"","58.0800","2.2107","0.0075"
"","58.1800","2.2010","0.0073"
"","58.2800","2.1909","0.0071"
"","58.3800","2.1808","0.0069"
"","58.4800","2.1708","0.0067"
"","58.5800","2.1609","0.0066"
"","58.6800","2.1508","0.0064"
"","58.7800","2.1407","0.0062"
"","58.8800","2.1310","0.0060"
"","58.9800","2.1207","0.0059"
"","59.0800","2.1108","0.0057"
"","59.1800","2.1008","0.0056"
"","59.2800","2.0909","0.0054"
"","59.3800","2.0807","0.0053"
"","59.4800","2.0708","0.0051"
"","59.5800","2.0610","0.0050"
"","59.6800","2.0507","0.0048"
"","59.7800","2.0406","0.0047"
"","59.8800","2.0309","0.0046"
"","59.9800","2.0210","0.0045"
"","60.0800","2.0108","0.0043"
"","60.1800","2.0007","0.0042"
"","60.2800","1.9910","0.0041"
"","60.3800","1.9808","0.0040"
"","60.4800","1.9707","0.0039"
"","60.5800","1.9607","0.0038"
"","60.6800","1.9510","0.0037"
"","60.7800","1.9408","0.0036"
"","60.8800","1.9308","0.0035"
"","60.9800","1.9208","0.0034"
"","61.0800","1.9108","0.0033"
"","61.1800","1.9008","0.0032"
"","61.2800","1.8907","0.0031"
"","61.3800","1.8810","0.0030"
"","61.4800","1.8706","0.0029"
"","61.5800","1.8608","0.0029"
"","61.6800","1.8510","0.0028"
"","61.7800","1.8409","0.0027"
"","61.8800","1.8307","0.0026"
"","61.9800","1.8209","0.0026"
"","62.0800","1.8110","0.0025"
"","62.1800","1.8007","0.0024"
"","62.2800","1.7906","0.0024"
"","62.3800","1.7809","0.0023"
"","62.4800","1.7710","0.0023"
"","62.5800","1.7608","0.0022"
"","62.6800","1.7506","0.0022"
"","62.7800","1.7410","0.0021"
"","62.8800","1.7308","0.0020"
"","62.9800","1.7206","0.0020"
"","63.0800","1.7107","0.0019"
"","63.1800","1.7011","0.0019"
"","63.2800","1.6908","0.0018"
"","63.3800","1.6807","0.0018"
"","63.4800","1.6709","0.0017"
"","63.5800","1.6608","0.0017"
"","63.6800","1.6508","0.0016"
"","63.7800","1.6408","0.0016"
"","63.8800","1.6311","0.0016"
"","63.9800","1.6206","0.0015"
"","64.0800","1.6107","0.0015"
"","64.1800","1.6009","0.0015"
"","64.2800","1.5908","0.0014"
"","64.3800","1.5808","0.0014"
"","64.4800","1.5709","0.0013"
"","64.5800","1.5612","0.0013"
"","64.6800","1.5507","0.0013"
"","64.7800","1.5405","0.0012"
"","64.8800","1.5308","0.0012"
"","64.9800","1.5210","0.0012"
"","65.0800","1.5108","0.0012"
"","65.1800","1.5007","0.0011"
"","65.2800","1.4910","0.0011"
"","65.3800","1.4808","0.0011"
"","65.4800","1.4707","0.0011"
"","65.5800","1.4607","0.0010"
"","65.6800","1.4510","0.0010"
"","65.7800","1.4408","0.0010"
"","65.8800","1.4308","0.0010"
"","65.9800","1.4208","0.0009"
"","66.0800","1.4109","0.0009"
"","66.1800","1.4009","0.0009"
"","66.2800","1.3907","0.0009"
"","66.3800","1.3810","0.0009"
"","66.4800","1.3706","0.0008"
"","66.5800","1.3608","0.0008"
"","66.6800","1.3508","0.0008"
"","66.7800","1.3409","0.0008"
"","66.8800","1.3307","0.0008"
"","66.9800","1.3208","0.0007"
"","67.0800","1.3110","0.0007"
"","67.1800","1.3007","0.0007"
"","67.2800","1.2906","0.0007"
"","67.3800","1.2809","0.0007"
"","67.4800","1.2710","0.0007"
"","67.5800","1.2608","0.0006"
"","67.6800","1.2507","0.0006"
"","67.7800","1.2410","0.0006"
"","67.8800","1.2308","0.0006"
"","67.9800","1.2208","0.0006"
"","68.0800","1.2107","0.0006"
"","68.1800","1.2010","0.0006"
"","68.2800","1.1908","0.0006"
"","68.3800","1.1808","0.0005"
"","68.4800","1.1708","0.0005"
"","68.5800","1.1608","0.0005"
"","68.6800","1.1508","0.0005"
"","68.7800","1.1407","0.0005"
"","68.8800","1.1310","0.0005"
"","68.9800","1.1207","0.0005"
"","69.0800","1.1108","0.0004"
"","69.1800","1.1010","0.0004"
"","69.2800","1.0909","0.0004"
"","69.3800","1.0807","0.0004"
"","69.4800","1.0709","0.0004"
"","69.5800","1.0610","0.0004"
"","69.6800","1.0507","0.0004"
"","69.7800","1.0406","0.0004"
"","69.8800","1.0309","0.0004"
"","69.9800","1.0210","0.0004"
"","70.0800","1.0108","0.0003"
"","70.1800","1.0006","0.0003"
"","70.2800","0.9910","0.0003"
"","70.3800","0.9808","0.0003"
"","70.4800","0.9707","0.0003"
"","70.5800","0.9607","0.0003"
"","70.6800","0.9510","0.0003"
"","70.7800","0.9408","0.0003"
"","70.8800","0.9307","0.0003"
"","70.9800","0.9209","0.0003"
"","71.0800","0.9107","0.0003"
"","71.1800","0.9008","0.0003"
"","71.2800","0.8908","0.0002"
"","71.3800","0.8811","0.0002"
"","71.4800","0.8706","0.0002"
"","71.5800","0.8607","0.0002"
"","71.6800","0.8509","0.0002"
"","71.7800","0.8409","0.0002"
"","71.8800","0.8307","0.0002"
"","71.9800","0.8209","0.0002"
"","72.0800","0.8112","0.0002"
"","72.1800","0.8007","0.0002"
"","72.2800","0.7905","0.0002"
"","72.3800","0.7808","0.0002"
"","72.4800","0.7710","0.0002"
"","72.5800","0.7608","0.0002"
"","72.6800","0.7507","0.0002"
"","72.7800","0.7409","0.0002"
"","72.8800","0.7309","0.0002"
"","72.9800","0.7208","0.0002"
"","73.0800","0.7107","0.0001"
"","73.1800","0.7009","0.0001"
"","73.2800","0.6908","0.0001"
"","73.3800","0.6808","0.0001"
"","73.4800","0.6709","0.0001"
"","73.5800","0.6608","0.0001"
"","73.6800","0.6508","0.0001"
"","73.7800","0.6407","0.0001"
"","73.8800","0.6310","0.0001"
"","73.9800","0.6207","0.0001"
"","74.0800","0.6107","0.0001"
"","74.1800","0.6008","0.0001"
"","74.2800","0.5909","0.0001"
"","74.3800","0.5808","0.0001"
"","74.4800","0.5708","0.0001"
"","74.5800","0.5610","0.0001"
"","74.6800","0.5507","0.0001"
"","74.7800","0.5407","0.0001"
"","74.8800","0.5308","0.0001"
"","74.9800","0.5210","0.0001"
"","75.0800","0.5108","0.0001"
"","75.1800","0.5007","0.0001"
"","75.2800","0.4909","0.0001"
"","75.3800","0.4808","0.0001"
"","75.4800","0.4708","0.0001"
"","75.5800","0.4607","0.0001"
"","75.6800","0.4510","0.0000"
"","75.7800","0.4408","0.0001"
"","75.8800","0.4309","0.0001"
"","75.9800","0.4209","0.0000"
"","76.0800","0.4108","0.0001"
"","76.1800","0.4008","0.0001"
"","76.2800","0.3907","0.0000"
"","76.3800","0.3810","0.0001"
"","76.4800","0.3706","0.0001"
"","76.5800","0.3608","0.0000"
"","76.6800","0.3510","0.0001"
"","76.7800","0.3409","0.0001"
"","76.8800","0.3307","0.0000"
"","76.9800","0.3209","0.0000"
"","77.0800","0.3110","0.0000"
"","77.1800","0.3006","0.0000"
"","77.2800","0.2906","0.0000"
"","77.3800","0.2809","0.0000"
"","77.4800","0.2710","0.0000"
"","77.5800","0.2607","0.0000"
"","77.6800","0.2506","0.0000"
"","77.7800","0.2411","0.0000"
"","77.8800","0.2308","0.0000"
"","77.9800","0.2206","0.0000"
"","78.0800","0.2107","0.0000"
"","78.1800","0.2011","0.0000"
"","78.2800","0.1908","0.0000"
"","78.3800","0.1807","0.0000"
"","78.4800","0.1709","0.0000"
"","78.5800","0.1608","0.0000"
"","78.6800","0.1508","0.0000"
"","78.7800","0.1407","0.0000"
"","78.8800","0.1311","0.0000"
"","78.9800","0.1206","0.0000"
"","79.0800","0.1107","0.0000"
"","79.1800","0.1009","0.0000"
"","79.2800","0.0908","0.0000"
"","79.3800","0.0807","0.0000"
"","79.4800","0.0708","0.0000"
"","79.5800","0.0611","0.0000"
"","79.6800","0.0507","0.0000"
"","79.7800","0.0405","0.0000"
"","79.8800","0.0308","0.0000"
"","79.9800","0.0210","0.0000"
"","80.0800","0.0108","0.0000"
"","80.1800","0.0007","0.0000"
"","80.1870","-0.0001","0.0000"
"","80.1880","-0.0002","0.0000"
"","80.1890","-0.0003","0.0000"
"","80.2890","-0.0006","0.0000"
"","80.3890","0.0071","0.0000"
"","80.4890","0.0190","0.0000"
"","80.5890","0.0293","0.0000"
"","80.6890","0.0395","0.0000"
"","80.7890","0.0496","0.0000"
"","80.8890","0.0595","0.0000"
"","80.9890","0.0692","0.0000"
"","81.0890","0.0795","0.0000"
"","81.1890","0.0895","0.0000"
"","81.2890","0.0994","0.0000"
"","81.3890","0.1093","0.0000"
"","81.4890","0.1196","0.0000"
"","81.5890","0.1297","0.0000"
"","81.6890","0.1393","0.0001"
"","81.7890","0.1495","0.0000"
"","81.8890","0.1595","0.0001"
"","81.9890","0.1696","0.0001"
"","82.0890","0.1793","0.0000"
"","82.1890","0.1895","0.0001"
"","82.2890","0.1995","0.0001"
"","82.3890","0.2095","0.0001"
"","82.4890","0.2196","0.0000"
"","82.5890","0.2296","0.0001"
"","82.6890","0.2395","0.0001"
"","82.7890","0.2492","0.0001"
"","82.8890","0.2596","0.0001"
"","82.9890","0.2695","0.0001"
"","83.0890","0.2793","0.0001"
"","83.1890","0.2894","0.0001"
"","83.2890","0.2996","0.0001"
"","83.3890","0.3097","0.0001"
"","83.4890","0.3193","0.0001"
"","83.5890","0.3295","0.0001"
"","83.6890","0.3395","0.0001"
"","83.7890","0.3495","0.0001"
"","83.8890","0.3593","0.0001"
"","83.9890","0.3695","0.0001"
"","84.0890","0.3796","0.0001"
"","84.1890","0.3893","0.0001"
"","84.2890","0.3995","0.0001"
"","84.3890","0.4096","0.0002"
"","84.4890","0.4196","0.0002"
"","84.5890","0.4293","0.0002"
"","84.6890","0.4394","0.0002"
"","84.7890","0.4495","0.0002"
"","84.8890","0.4594","0.0002"
"","84.9890","0.4695","0.0002"
"","85.0890","0.4796","0.0002"
"","85.1890","0.4896","0.0002"
"","85.2890","0.4992","0.0002"
"","85.3890","0.5096","0.0002"
"","85.4890","0.5195","0.0002"
"","85.5890","0.5294","0.0002"
"","85.6890","0.5394","0.0002"
"","85.7890","0.5496","0.0002"
"","85.8890","0.5596","0.0002"
"","85.9890","0.5692","0.0002"
"","86.0890","0.5796","0.0002"
"","86.1890","0.5895","0.0002"
"","86.2890","0.5995","0.0003"
"","86.3890","0.6093","0.0003"
"","86.4890","0.6196","0.0003"
"","86.5890","0.6296","0.0003"
"","86.6890","0.6393","0.0003"
"","86.7890","0.6495","0.0003"
"","86.8890","0.6595","0.0003"
"","86.9890","0.6696","0.0003"
"","87.0890","0.6794","0.0003"
"","87.1890","0.6894","0.0004"
"","87.2890","0.6995","0.0004"
"","87.3890","0.7095","0.0004"
"","87.4890","0.7196","0.0004"
"","87.5890","0.7295","0.0004"
"","87.6890","0.7395","0.0004"
"","87.7890","0.7492","0.0004"
"","87.8890","0.7595","0.0004"
"","87.9890","0.7694","0.0004"
"","88.0890","0.7794","0.0005"
"","88.1890","0.7895","0.0005"
"","88.2890","0.7996","0.0005"
"","88.3890","0.8095","0.0005"
"","88.4890","0.8192","0.0005"
"","88.5890","0.8296","0.0005"
"","88.6890","0.8396","0.0006"
"","88.7890","0.8495","0.0006"
"","88.8890","0.8593","0.0006"
"","88.9890","0.8696","0.0006"
"","89.0890","0.8797","0.0006"
"","89.1890","0.8893","0.0006"
"","89.2890","0.8995","0.0007"
"","89.3890","0.9095","0.0007"
"","89.4890","0.9197","0.0007"
"","89.5890","0.9292","0.0007"
"","89.6890","0.9395","0.0007"
"","89.7890","0.9495","0.0008"
"","89.8890","0.9595","0.0008"
"","89.9890","0.9696","0.0008"
"","90.0890","0.9796","0.0008"
"","90.1890","0.9895","0.0009"
"","90.2890","0.9992","0.0009"
"","90.3890","1.0096","0.0009"
"","90.4890","1.0195","0.0009"
"","90.5890","1.0294","0.0010"
"","90.6890","1.0394","0.0010"
"","90.7890","1.0497","0.0010"
"","90.8890","1.0596","0.0010"
"","90.9890","1.0693","0.0011"
"","91.0890","1.0795","0.0011"
"","91.1890","1.0896","0.0011"
"","91.2890","1.0994","0.0011"
"","91.3890","1.1093","0.0012"
"","91.4890","1.1195","0.0012"
"","91.5890","1.1297","0.0012"
"","91.6890","1.1393","0.0013"
"","91.7890","1.1495","0.0013"
"","91.8890","1.1596","0.0013"
"","91.9890","1.1697","0.0014"
"","92.0890","1.1793","0.0014"
"","92.1890","1.1894","0.0014"
"","92.2890","1.1995","0.0015"
"","92.3890","1.2094","0.0015"
"","92.4890","1.2195","0.0015"
"","92.5890","1.2295","0.0016"
"","92.6890","1.2396","0.0016"
"","92.7890","1.2493","0.0017"
"","92.8890","1.2596","0.0017"
"","92.9890","1.2694","0.0018"
"","93.0890","1.2794","0.0018"
"","93.1890","1.2894","0.0018"
"","93.2890","1.2997","0.0019"
"","93.3890","1.3095","0.0019"
"","93.4890","1.3192","0.0020"
"","93.5890","1.3295","0.0020"
"","93.6890","1.3396","0.0020"
"","93.7890","1.3495","0.0021"
"","93.8890","1.3593","0.0022"
"","93.9890","1.3696","0.0022"
"","94.0890","1.3796","0.0023"
"","94.1890","1.3893","0.0023"
"","94.2890","1.3995","0.0024"
"","94.3890","1.4095","0.0025"
"","94.4890","1.4196","0.0025"
"","94.5890","1.4293","0.0026"
"","94.6890","1.4394","0.0027"
"","94.7890","1.4495","0.0027"
"","94.8890","1.4595","0.0028"
"","94.9890","1.4695","0.0029"
"","95.0890","1.4795","0.0030"
"","95.1890","1.4895","0.0030"
"","95.2890","1.4993","0.0031"
"","95.3890","1.5095","0.0032"
"","95.4890","1.5194","0.0033"
"","95.5890","1.5294","0.0034"
"","95.6890","1.5395","0.0035"
"","95.7890","1.5497","0.0036"
"","95.8890","1.5595","0.0037"
"","95.9890","1.5692","0.0037"
"","96.0890","1.5795","0.0039"
"","96.1890","1.5895","0.0040"
"","96.2890","1.5995","0.0041"
"","96.3890","1.6094","0.0042"
"","96.4890","1.6196","0.0043"
"","96.5890","1.6296","0.0044"
"","96.6890","1.6393","0.0045"
"","96.7890","1.6495","0.0047"
"","96.8890","1.6595","0.0048"
"","96.9890","1.6696","0.0049"
"","97.0890","1.6792","0.0051"
"","97.1890","1.6895","0.0052"
"","97.2890","1.6995","0.0054"
"","97.3890","1.7095","0.0055"
"","97.4890","1.7195","0.0057"
"","97.5890","1.7296","0.0058"
"","97.6890","1.7396","0.0060"
"","97.7890","1.7492","0.0061"
"","97.8890","1.7596","0.0063"
"","97.9890","1.7695","0.0065"
"","98.0890","1.7795","0.0066"
"","98.1890","1.7894","0.0068"
"","98.2890","1.7997","0.0070"
"","98.3890","1.8096","0.0072"
"","98.4890","1.8193","0.0074"
"","98.5890","1.8295","0.0076"
"","98.6890","1.8396","0.0078"
"","98.7890","1.8494","0.0079"
"","98.8890","1.8593","0.0081"
"","98.9890","1.8695","0.0083"
"","99.0890","1.8797","0.0085"
"","99.1890","1.8893","0.0088"
"","99.2890","1.8995","0.0090"
"","99.3890","1.9095","0.0092"
"","99.4890","1.9197","0.0094"
"","99.5890","1.9293","0.0096"
"","99.6890","1.9394","0.0099"
"","99.7890","1.9495","0.0101"
"","99.8890","1.9594","0.0104"
"","99.9890","1.9695","0.0106"
"","100.0890","1.9796","0.0109"
"","100.1890","1.9896","0.0111"
"","100.2890","1.9992","0.0114"
"","100.3890","2.0096","0.0116"
"","100.4890","2.0194","0.0119"
"","100.5890","2.0294","0.0122"
"","100.6890","2.0394","0.0125"
"","100.7890","2.0497","0.0128"
"","100.8890","2.0595","0.0131"
"","100.9890","2.0692","0.0133"
"","101.0890","2.0795","0.0137"
"","101.1890","2.0896","0.0139"
"","101.2890","2.0995","0.0143"
"","101.3890","2.1093","0.0146"
"","101.4890","2.1196","0.0149"
"","101.5890","2.1297","0.0152"
"","101.6890","2.1393","0.0156"
"","101.7890","2.1495","0.0159"
"","101.8890","2.1595","0.0163"
"","101.9890","2.1696","0.0166"
"","102.0890","2.1793","0.0170"
"","102.1890","2.1894","0.0173"
"","102.2890","2.1995","0.0177"
"","102.3890","2.2095","0.0181"
"","102.4890","2.2195","0.0184"
"","102.5890","2.2295","0.0188"
"","102.6890","2.2396","0.0192"
"","102.7890","2.2493","0.0196"
"","102.8890","2.2595","0.0200"
"","102.9890","2.2694","0.0204"
"","103.0890","2.2794","0.0208"
"","103.1890","2.2895","0.0213"
"","103.2890","2.2996","0.0217"
"","103.3890","2.3095","0.0221"
"","103.4890","2.3193","0.0225"
"","103.5890","2.3296","0.0230"
"","103.6890","2.3394","0.0234"
"","103.7890","2.3494","0.0238"
"","103.8890","2.3593","0.0243"
"","103.9890","2.3696","0.0247"
"","104.0890","2.3796","0.0252"
"","104.1890","2.3893","0.0256"
"","104.2890","2.3996","0.0261"
"","104.3890","2.4095","0.0266"
"","104.4890","2.4195","0.0271"
"","104.5890","2.4291","0.0275"
"","104.6890","2.4395","0.0281"
"","104.7890","2.4496","0.0285"
"","104.8890","2.4595","0.0290"
"","104.9890","2.4694","0.0294"
"","105.0890","2.4796","0.0299"
"","105.1890","2.4896","0.0304"
"","105.2890","2.4993","0.0308"
"","105.3890","2.5095","0.0314"
"","105.4890","2.5196","0.0317"
"","105.5890","2.5295","0.0321"
"","105.6890","2.5395","0.0325"
"","105.7890","2.5495","0.0328"
"","105.8890","2.5596","0.0330"
"","105.9890","2.5694","0.0331"
"","106.0890","2.5795","0.0332"
"","106.1890","2.5895","0.0334"
"","106.2890","2.5995","0.0336"
"","106.3890","2.6093","0.0339"
"","106.4890","2.6196","0.0342"
"","106.5890","2.6296","0.0342"
"","106.6890","2.6393","0.0343"
"","106.7890","2.6495","0.0343"
"","106.8890","2.6596","0.0343"
"","106.9890","2.6696","0.0343"
"","107.0890","2.6793","0.0343"
"","107.1890","2.6895","0.0343"
"","107.2890","2.6996","0.0343"
"","107.3890","2.7094","0.0344"
"","107.4890","2.7195","0.0345"
"","107.5890","2.7296","0.0347"
"","107.6890","2.7396","0.0349"
"","107.7890","2.7492","0.0351"
"","107.8890","2.7596","0.0356"
"","107.9890","2.7695","0.0362"
"","108.0890","2.7794","0.0367"
"","108.1890","2.7894","0.0372"
"","108.2890","2.7996","0.0378"
"","108.3890","2.8095","0.0384"
"","108.4890","2.8192","0.0389"
"","108.5890","2.8295","0.0395"
"","108.6890","2.8396","0.0401"
"","108.7890","2.8495","0.0407"
"","108.8890","2.8593","0.0413"
"","108.9890","2.8696","0.0419"
"","109.0890","2.8796","0.0425"
"","109.1890","2.8893","0.0431"
"","109.2890","2.8994","0.0437"
"","109.3890","2.9094","0.0443"
"","109.4890","2.9196","0.0449"
"","109.5890","2.9293","0.0455"
"","109.6890","2.9394","0.0461"
"","109.7890","2.9495","0.0468"
"","109.8890","2.9594","0.0474"
"","109.9890","2.9694","0.0480"
"","110.0890","2.9794","0.0486"
"","110.1890","2.9895","0.0493"
"","110.2890","2.9992","0.0499"
"","110.3890","3.0095","0.0505"
"","110.4890","3.0193","0.0512"
"","110.5890","3.0294","0.0518"
"","110.6890","3.0396","0.0525"
"","110.7890","3.0497","0.0531"
"","110.8890","3.0596","0.0537"
"","110.9890","3.0693","0.0544"
"","111.0890","3.0796","0.0551"
"","111.1890","3.0896","0.0557"
"","111.2890","3.0995","0.0564"
"","111.3890","3.1093","0.0570"
"","111.4890","3.1196","0.0577"
"","111.5890","3.1297","0.0584"
"","111.6890","3.1393","0.0590"
"","111.7890","3.1495","0.0597"
"","111.8890","3.1595","0.0604"
"","111.9890","3.1696","0.0611"
"","112.0890","3.1792","0.0617"
"","112.1890","3.1895","0.0624"
"","112.2890","3.1995","0.0631"
"","112.3890","3.2095","0.0638"
"","112.4890","3.2195","0.0645"
"","112.5890","3.2296","0.0652"
"","112.6890","3.2396","0.0659"
"","112.7890","3.2493","0.0666"
"","112.8890","3.2595","0.0673"
"","112.9890","3.2695","0.0680"
"","113.0890","3.2795","0.0687"
"","113.1890","3.2895","0.0694"
"","113.2890","3.2996","0.0701"
"","113.3890","3.3096","0.0708"
"","113.4890","3.3193","0.0715"
"","113.5890","3.3295","0.0722"
"","113.6890","3.3396","0.0729"
"","113.7890","3.3494","0.0736"
"","113.8890","3.3593","0.0743"
"","113.9890","3.3695","0.0751"
"","114.0890","3.3797","0.0758"
"","114.1890","3.3893","0.0765"
"","114.2890","3.3995","0.0772"
"","114.3890","3.4096","0.0780"
"","114.4890","3.4197","0.0787"
"","114.5890","3.4293","0.0794"
"","114.6890","3.4394","0.0801"
"","114.7890","3.4496","0.0809"
"","114.8890","3.4594","0.0816"
"","114.9890","3.4695","0.0823"
"","115.0890","3.4795","0.0831"
"","115.1890","3.4897","0.0838"
"","115.2890","3.4993","0.0845"
"","115.3890","3.5096","0.0853"
"","115.4890","3.5195","0.0860"
"","115.5890","3.5294","0.0868"
"","115.6890","3.5394","0.0875"
"","115.7890","3.5496","0.0883"
"","115.8890","3.5595","0.0890"
"","115.9890","3.5692","0.0897"
"","116.0890","3.5795","0.0905"
"","116.1890","3.5896","0.0913"
"","116.2890","3.5995","0.0920"
"","116.3890","3.6093","0.0927"
"","116.4890","3.6196","0.0935"
"","116.5890","3.6296","0.0943"
"","116.6890","3.6393","0.0950"
"","116.7890","3.6495","0.0958"
"","116.8890","3.6595","0.0965"
"","116.9890","3.6696","0.0973"
"","117.0890","3.6793","0.0980"
"","117.1890","3.6894","0.0988"
"","117.2890","3.6996","0.0996"
"","117.3890","3.7095","0.1003"
"","117.4890","3.7195","0.1011"
"","117.5890","3.7295","0.1019"
"","117.6890","3.7395","0.1026"
"","117.7890","3.7493","0.1034"
"","117.8890","3.7595","0.1041"
"","117.9890","3.7695","0.1049"
"","118.0890","3.7795","0.1057"
"","118.1890","3.7895","0.1064"
"","118.2890","3.7996","0.1072"
"","118.3890","3.8095","0.1080"
"","118.4890","3.8192","0.1087"
"","118.5890","3.8296","0.1095"
"","118.6890","3.8396","0.1103"
"","118.7890","3.8495","0.1110"
"","118.8890","3.8593","0.1118"
"","118.9890","3.8696","0.1126"
"","119.0890","3.8796","0.1133"
"","119.1890","3.8893","0.1141"
"","119.2890","3.8995","0.1149"
"","119.3890","3.9095","0.1156"
"","119.4890","3.9196","0.1164"
"","119.5890","3.9292","0.1171"
"","119.6890","3.9395","0.1179"
"","119.7890","3.9495","0.1187"
"","119.8890","3.9595","0.1194"
"","119.9890","3.9696","0.1202"
"","120.0890","3.9796","0.1209"
"","120.1890","3.9896","0.1217"
"","120.2890","3.9992","0.1224"
"","120.2970","4.0001","0.1224"
"","120.2980","4.0002","0.1224"
"","120.2990","4.0003","0.1225"
"","120.3990","4.0008","0.1222"
"","120.4990","3.9936","0.1211"
"","120.5990","3.9813","0.1194"
"","120.6990","3.9708","0.1180"
"","120.7990","3.9607","0.1167"
"","120.8990","3.9511","0.1154"
"","120.9990","3.9408","0.1141"
"","121.0990","3.9307","0.1129"
"","121.1990","3.9209","0.1117"
"","121.2990","3.9109","0.1105"
"","121.3990","3.9008","0.1092"
"","121.4990","3.8907","0.1080"
"","121.5990","3.8810","0.1069"
"","121.6990","3.8707","0.1057"
"","121.7990","3.8607","0.1045"
"","121.8990","3.8509","0.1034"
"","121.9990","3.8408","0.1023"
"","122.0990","3.8308","0.1012"
"","122.1990","3.8208","0.1000"
"","122.2990","3.8111","0.0989"
"","122.3990","3.8007","0.0978"
"","122.4990","3.7906","0.0967"
"","122.5990","3.7808","0.0956"
"","122.6990","3.7710","0.0945"
"","122.7990","3.7608","0.0934"
"","122.8990","3.7507","0.0924"
"","122.9990","3.7410","0.0913"
"","123.0990","3.7308","0.0902"
"","123.1990","3.7207","0.0892"
"","123.2990","3.7106","0.0881"
"","123.3990","3.7010","0.0871"
"","123.4990","3.6908","0.0860"
"","123.5990","3.6808","0.0850"
"","123.6990","3.6708","0.0840"
"","123.7990","3.6608","0.0830"
"","123.8990","3.6508","0.0819"
"","123.9990","3.6407","0.0809"
"","124.0990","3.6310","0.0799"
"","124.1990","3.6207","0.0789"
"","124.2990","3.6108","0.0779"
"","124.3990","3.6008","0.0769"
"","124.4990","3.5908","0.0759"
"","124.5990","3.5808","0.0750"
"","124.6990","3.5708","0.0740"
"","124.7990","3.5610","0.0731"
"","124.8990","3.5507","0.0721"
"","124.9990","3.5407","0.0711"
"","125.0990","3.5308","0.0702"
"","125.1990","3.5210","0.0693"
"","125.2990","3.5108","0.0683"
"","125.3990","3.5007","0.0674"
"","125.4990","3.4909","0.0665"
"","125.5990","3.4807","0.0655"
"","125.6990","3.4707","0.0646"
"","125.7990","3.4607","0.0637"
"","125.8990","3.4510","0.0628"
"","125.9990","3.4408","0.0619"
"","126.0990","3.4308","0.0610"
"","126.1990","3.4208","0.0602"
"","126.2990","3.4108","0.0593"
"","126.3990","3.4008","0.0584"
"","126.4990","3.3907","0.0575"
"","126.5990","3.3810","0.0567"
"","126.6990","3.3707","0.0558"
"","126.7990","3.3608","0.0550"
"","126.8990","3.3509","0.0541"
"","126.9990","3.3409","0.0533"
"","127.0990","3.3307","0.0525"
"","127.1990","3.3208","0.0516"
"","127.2990","3.3110","0.0508"
"","127.3990","3.3007","0.0500"
"","127.4990","3.2906","0.0492"
"","127.5990","3.2808","0.0484"
"","127.6990","3.2710","0.0476"
"","127.7990","3.2607","0.0468"
"","127.8990","3.2506","0.0460"
"","127.9990","3.2410","0.0453"
"","128.0990","3.2308","0.0445"
"","128.1990","3.2206","0.0437"
"","128.2990","3.2107","0.0430"
"","128.3990","3.2010","0.0423"
"","128.4990","3.1907","0.0415"
"","128.5990","3.1807","0.0408"
"","128.6990","3.1709","0.0401"
"","128.7990","3.1608","0.0394"
"","128.8990","3.1508","0.0387"
"","128.9990","3.1407","0.0380"
"","129.0990","3.1311","0.0373"
"","129.1990","3.1206","0.0366"
"","129.2990","3.1107","0.0359"
"","129.3990","3.1009","0.0354"
"","129.4990","3.0908","0.0352"
"","129.5990","3.0807","0.0348"
"","129.6990","3.0708","0.0346"
"","129.7990","3.0611","0.0344"
"","129.8990","3.0507","0.0343"
"","129.9990","3.0405","0.0341"
"","130.0990","3.0308","0.0337"
"","130.1990","3.0210","0.0334"
"","130.2990","3.0108","0.0333"
"","130.3990","3.0007","0.0332"
"","130.4990","2.9909","0.0332"
"","130.5990","2.9808","0.0332"
"","130.6990","2.9707","0.0332"
"","130.7990","2.9607","0.0332"
"","130.8990","2.9510","0.0332"
"","130.9990","2.9408","0.0331"
"","131.0990","2.9307","0.0331"
"","131.1990","2.9208","0.0332"
"","131.2990","2.9108","0.0332"
"","131.3990","2.9008","0.0331"
"","131.4990","2.8907","0.0330"
"","131.5990","2.8810","0.0326"
"","131.6990","2.8707","0.0322"
"","131.7990","2.8608","0.0317"
"","131.8990","2.8508","0.0311"
"","131.9990","2.8408","0.0305"
"","132.0990","2.8307","0.0300"
"","132.1990","2.8208","0.0293"
"","132.2990","2.8110","0.0287"
"","132.3990","2.8007","0.0280"
"","132.4990","2.7907","0.0274"
"","132.5990","2.7809","0.0268"
"","132.6990","2.7710","0.0262"
"","132.7990","2.7608","0.0256"
"","132.8990","2.7507","0.0250"
"","132.9990","2.7409","0.0244"
"","133.0990","2.7308","0.0239"
"","133.1990","2.7207","0.0233"
"","133.2990","2.7107","0.0228"
"","133.3990","2.7010","0.0223"
"","133.4990","2.6908","0.0218"
"","133.5990","2.6807","0.0212"
"","133.6990","2.6708","0.0208"
"","133.7990","2.6609","0.0203"
"","133.8990","2.6507","0.0198"
"","133.9990","2.6407","0.0193"
"","134.0990","2.6309","0.0189"
"","134.1990","2.6207","0.0184"
"","134.2990","2.6107","0.0179"
"","134.3990","2.6008","0.0175"
"","134.4990","2.5908","0.0171"
"","134.5990","2.5808","0.0167"
"","134.6990","2.5709","0.0162"
"","134.7990","2.5610","0.0158"
"","134.8990","2.5506","0.0154"
"","134.9990","2.5407","0.0150"
"","135.0990","2.5308","0.0147"
"","135.1990","2.5209","0.0143"
"","135.2990","2.5107","0.0139"
"","135.3990","2.5007","0.0135"
"","135.4990","2.4910","0.0132"
"","135.5990","2.4808","0.0129"
"","135.6990","2.4706","0.0125"
"","135.7990","2.4607","0.0122"
"","135.8990","2.4511","0.0119"
"","135.9990","2.4407","0.0116"
"","136.0990","2.4307","0.0113"
"","136.1990","2.4209","0.0110"
"","136.2990","2.4109","0.0107"
"","136.3990","2.4008","0.0104"
"","136.4990","2.3907","0.0102"
"","136.5990","2.3810","0.0099"
"","136.6990","2.3706","0.0096"
"","136.7990","2.3607","0.0094"
"","136.8990","2.3508","0.0091"
"","136.9990","2.3408","0.0089"
"","137.0990","2.3308","0.0087"
"","137.1990","2.3208","0.0084"
"","137.2990","2.3111","0.0082"
"","137.3990","2.3007","0.0080"
"","137.4990","2.2906","0.0078"
"","137.5990","2.2808","0.0076"
"","137.6990","2.2710","0.0074"
"","137.7990","2.2608","0.0072"
"","137.8990","2.2507","0.0070"
"","137.9990","2.2410","0.0069"
"","138.0990","2.2308","0.0067"
"","138.1990","2.2207","0.0065"
"","138.2990","2.2107","0.0063"
"","138.3990","2.2010","0.0061"
"","138.4990","2.1908","0.0060"
"","138.5990","2.1808","0.0058"
"","138.6990","2.1708","0.0056"
"","138.7990","2.1609","0.0055"
"","138.8990","2.1508","0.0054"
"","138.9990","2.1407","0.0052"
"","139.0990","2.1310","0.0051"
"","139.1990","2.1207","0.0049"
"","139.2990","2.1108","0.0048"
"","139.3990","2.1008","0.0046"
"","139.4990","2.0908","0.0045"
"","139.5990","2.0807","0.0044"
"","139.6990","2.0708","0.0043"
"","139.7990","2.0610","0.0042"
"","139.8990","2.0507","0.0040"
"","139.9990","2.0406","0.0039"
"","140.0990","2.0309","0.0038"
"","140.1990","2.0210","0.0037"
"","140.2990","2.0108","0.0036"
"","140.3990","2.0007","0.0035"
"","140.4990","1.9910","0.0034"
"","140.5990","1.9808","0.0033"
"","140.6990","1.9707","0.0032"
"","140.7990","1.9607","0.0031"
"","140.8990","1.9510","0.0030"
"","140.9990","1.9408","0.0029"
"","141.0990","1.9308","0.0029"
"","141.1990","1.9208","0.0028"
"","141.2990","1.9108","0.0027"
"","141.3990","1.9008","0.0026"
"","141.4990","1.8907","0.0026"
"","141.5990","1.8809","0.0025"
"","141.6990","1.8706","0.0024"
"","141.7990","1.8608","0.0024"
"","141.8990","1.8510","0.0023"
"","141.9990","1.8409","0.0022"
"","142.0990","1.8307","0.0022"
"","142.1990","1.8208","0.0021"
"","142.2990","1.8110","0.0021"
"","142.3990","1.8007","0.0020"
"","142.4990","1.7906","0.0020"
"","142.5990","1.7808","0.0019"
"","142.6990","1.7710","0.0019"
"","142.7990","1.7607","0.0018"
"","142.8990","1.7506","0.0018"
"","142.9990","1.7410","0.0017"
"","143.0990","1.7308","0.0017"
"","143.1990","1.7206","0.0016"
"","143.2990","1.7107","0.0016"
"","143.3990","1.7010","0.0015"
"","143.4990","1.6908","0.0015"
"","143.5990","1.6807","0.0015"
"","143.6990","1.6709","0.0014"
"","143.7990","1.6607","0.0014"
"","143.8990","1.6508","0.0013"
"","143.9990","1.6407","0.0013"
"","144.0990","1.6311","0.0013"
"","144.1990","1.6206","0.0012"
"","144.2990","1.6107","0.0012"
"","144.3990","1.6008","0.0012"
"","144.4990","1.5908","0.0012"
"","144.5990","1.5808","0.0011"
"","144.6990","1.5708","0.0011"
"","144.7990","1.5611","0.0011"
"","144.8990","1.5507","0.0010"
"","144.9990","1.5405","0.0010"
"","145.0990","1.5308","0.0010"
"","145.1990","1.5210","0.0010"
"","145.2990","1.5108","0.0009"
"","145.3990","1.5006","0.0009"
"","145.4990","1.4909","0.0009"
"","145.5990","1.4808","0.0009"
"","145.6990","1.4707","0.0009"
"","145.7990","1.4606","0.0008"
"","145.8990","1.4510","0.0008"
"","145.9990","1.4408","0.0008"
"","146.0990","1.4307","0.0008"
"","146.1990","1.4208","0.0008"
"","146.2990","1.4109","0.0007"
"","146.3990","1.4008","0.0007"
"","146.4990","1.3907","0.0007"
"","146.5990","1.3810","0.0007"
"","146.6990","1.3706","0.0007"
"","146.7990","1.3607","0.0007"
"","146.8990","1.3508","0.0007"
"","146.9990","1.3408","0.0006"
"","147.0990","1.3307","0.0006"
"","147.1990","1.3208","0.0006"
"","147.2990","1.3110","0.0006"
"","147.3990","1.3007","0.0006"
"","147.4990","1.2906","0.0006"
"","147.5990","1.2808","0.0005"
"","147.6990","1.2710","0.0005"
"","147.7990","1.2608","0.0005"
"","147.8990","1.2506","0.0005"
"","147.9990","1.2410","0.0005"
"","148.0990","1.2308","0.0005"
"","148.1990","1.2208","0.0005"
"","148.2990","1.2107","0.0005"
"","148.3990","1.2010","0.0005"
"","148.4990","1.1908","0.0004"
"","148.5990","1.1808","0.0004"
"","148.6990","1.1708","0.0004"
"","148.7990","1.1608","0.0004"
"","148.8990","1.1508","0.0004"
"","148.9990","1.1407","0.0004"
"","149.0990","1.1310","0.0004"
"","149.1990","1.1207","0.0004"
"","149.2990","1.1108","0.0004"
"","149.3990","1.1009","0.0004"
"","149.4990","1.0909","0.0003"
"","149.5990","1.0807","0.0003"
"","149.6990","1.0709","0.0003"
"","149.7990","1.0610","0.0003"
"","149.8990","1.0507","0.0003"
"","149.9990","1.0406","0.0003"
"","150.0990","1.0309","0.0003"
"","150.1990","1.0210","0.0003"
"","150.2990","1.0107","0.0003"
"","150.3990","1.0006","0.0003"
"","150.4990","0.9910","0.0003"
"","150.5990","0.9808","0.0002"
"","150.6990","0.9707","0.0002"
"","150.7990","0.9607","0.0002"
"","150.8990","0.9510","0.0002"
"","150.9990","0.9408","0.0002"
"","151.0990","0.9307","0.0002"
"","151.1990","0.9209","0.0002"
"","151.2990","0.9107","0.0002"
"","151.3990","0.9008","0.0002"
"","151.4990","0.8908","0.0002"
"","151.5990","0.8811","0.0002"
"","151.6990","0.8705","0.0002"
"","151.7990","0.8607","0.0002"
"","151.8990","0.8508","0.0002"
"","151.9990","0.8408","0.0002"
"","152.0990","0.8307","0.0002"
"","152.1990","0.8208","0.0002"
"","152.2990","0.8112","0.0001"
"","152.3990","0.8007","0.0001"
"","152.4990","0.7905","0.0001"
"","152.5990","0.7808","0.0001"
"","152.6990","0.7710","0.0001"
"","152.7990","0.7608","0.0001"
"","152.8990","0.7507","0.0001"
"","152.9990","0.7409","0.0001"
"","153.0990","0.7309","0.0001"
"","153.1990","0.7207","0.0001"
"","153.2990","0.7107","0.0001"
"","153.3990","0.7009","0.0001"
"","153.4990","0.6908","0.0001"
"","153.5990","0.6807","0.0001"
"","153.6990","0.6709","0.0001"
"","153.7990","0.6608","0.0001"
"","153.8990","0.6508","0.0001"
"","153.9990","0.6407","0.0001"
"","154.0990","0.6310","0.0001"
"","154.1990","0.6207","0.0001"
"","154.2990","0.6107","0.0001"
"","154.3990","0.6008","0.0001"
"","154.4990","0.5908","0.0001"
"","154.5990","0.5808","0.0001"
"","154.6990","0.5707","0.0001"
"","154.7990","0.5610","0.0001"
"","154.8990","0.5507","0.0001"
"","154.9990","0.5407","0.0001"
"","155.0990","0.5308","0.0000"
"","155.1990","0.5210","0.0000"
"","155.2990","0.5108","0.0001"
"","155.3990","0.5007","0.0000"
"","155.4990","0.4909","0.0000"
"","155.5990","0.4808","0.0000"
"","155.6990","0.4708","0.0000"
"","155.7990","0.4607","0.0000"
"","155.8990","0.4510","0.0000"
"","155.9990","0.4408","0.0000"
"","156.0990","0.4308","0.0000"
"","156.1990","0.4209","0.0000"
"","156.2990","0.4107","0.0000"
"","156.3990","0.4008","0.0000"
"","156.4990","0.3907","0.0000"
"","156.5990","0.3810","0.0000"
"","156.6990","0.3706","0.0000"
"","156.7990","0.3608","0.0000"
"","156.8990","0.3509","0.0000"
"","156.9990","0.3409","0.0000"
"","157.0990","0.3307","0.0000"
"","157.1990","0.3209","0.0000"
"","157.2990","0.3110","0.0000"
"","157.3990","0.3006","0.0000"
"","157.4990","0.2906","0.0000"
"","157.5990","0.2809","0.0000"
"","157.6990","0.2710","0.0000"
"","157.7990","0.2607","0.0000"
"","157.8990","0.2506","0.0000"
"","157.9990","0.2410","0.0000"
"","158.0990","0.2308","0.0000"
"","158.1990","0.2206","0.0000"
"","158.2990","0.2107","0.0000"
"","158.3990","0.2010","0.0000"
"","158.4990","0.1908","0.0000"
"","158.5990","0.1807","0.0000"
"","158.6990","0.1709","0.0000"
"","158.7990","0.1608","0.0000"
"","158.8990","0.1508","0.0000"
"","158.9990","0.1407","0.0000"
"","159.0990","0.1311","0.0000"
"","159.1990","0.1206","0.0000"
"","159.2990","0.1107","0.0000"
"","159.3990","0.1009","0.0000"
"","159.4990","0.0908","0.0000"
"","159.5990","0.0807","0.0000"
"","159.6990","0.0708","0.0000"
"","159.7990","0.0611","0.0000"
"","159.8990","0.0506","0.0000"
"","159.9990","0.0405","0.0000"
"","160.0990","0.0308","0.0000"
"","160.1990","0.0210","0.0000"
"","160.2990","0.0108","0.0000"
"","160.3990","0.0006","0.0000"
"","160.4060","-0.0001","0.0000"
"","160.4070","-0.0002","0.0000"
"","160.4080","-0.0003","0.0000"
"","160.5080","-0.0006","0.0000"
"","160.6080","0.0070","0.0000"
"","160.7080","0.0190","0.0000"
"","160.8080","0.0293","0.0000"
"","160.9080","0.0395","0.0000"
"","161.0080","0.0495","0.0000"
"","161.1080","0.0595","0.0000"
"","161.2080","0.0692","0.0000"
"","161.3080","0.0795","0.0000"
"","161.4080","0.0895","0.0000"
"","161.5080","0.0994","0.0000"
"","161.6080","0.1093","0.0000"
"","161.7080","0.1196","0.0000"
"","161.8080","0.1296","0.0000"
"","161.9080","0.1393","0.0000"
"","162.0080","0.1495","0.0000"
"","162.1080","0.1595","0.0000"
"","162.2080","0.1696","0.0000"
"","162.3080","0.1792","0.0000"
"","162.4080","0.1895","0.0000"
"","162.5080","0.1994","0.0000"
"","162.6080","0.2094","0.0000"
"","162.7080","0.2196","0.0001"
"","162.8080","0.2296","0.0000"
"","162.9080","0.2395","0.0000"
"","163.0080","0.2492","0.0001"
"","163.1080","0.2595","0.0001"
"","163.2080","0.2695","0.0001"
"","163.3080","0.2793","0.0001"
"","163.4080","0.2894","0.0001"
"","163.5080","0.2996","0.0001"
"","163.6080","0.3096","0.0001"
"","163.7080","0.3193","0.0001"
"","163.8080","0.3295","0.0001"
"","163.9080","0.3395","0.0001"
"","164.0080","0.3494","0.0001"
"","164.1080","0.3592","0.0001"
"","164.2080","0.3695","0.0001"
"","164.3080","0.3796","0.0001"
"","164.4080","0.3893","0.0001"
"","164.5080","0.3994","0.0001"
"","164.6080","0.4096","0.0001"
"","164.7080","0.4196","0.0001"
"","164.8080","0.4292","0.0001"
"","164.9080","0.4394","0.0001"
"","165.0080","0.4495","0.0001"
"","165.1080","0.4594","0.0001"
"","165.2080","0.4695","0.0001"
"","165.3080","0.4796","0.0001"
"","165.4080","0.4896","0.0001"
"","165.5080","0.4992","0.0001"
"","165.6080","0.5095","0.0002"
"","165.7080","0.5194","0.0001"
"","165.8080","0.5294","0.0001"
"","165.9080","0.5394","0.0002"
"","166.0080","0.5496","0.0002"
"","166.1080","0.5596","0.0002"
"","166.2080","0.5692","0.0002"
"","166.3080","0.5795","0.0002"
"","166.4080","0.5895","0.0002"
"","166.5080","0.5995","0.0002"
"","166.6080","0.6093","0.0002"
"","166.7080","0.6196","0.0002"
"","166.8080","0.6296","0.0002"
"","166.9080","0.6393","0.0002"
"","167.0080","0.6494","0.0002"
"","167.1080","0.6595","0.0002"
"","167.2080","0.6696","0.0002"
"","167.3080","0.6793","0.0002"
"","167.4080","0.6894","0.0002"
"","167.5080","0.6995","0.0002"
"","167.6080","0.7095","0.0002"
"","167.7080","0.7196","0.0002"
"","167.8080","0.7295","0.0003"
"","167.9080","0.7395","0.0003"
"","168.0080","0.7492","0.0003"
"","168.1080","0.7595","0.0003"
"","168.2080","0.7694","0.0003"
"","168.3080","0.7794","0.0003"
"","168.4080","0.7895","0.0003"
"","168.5080","0.7996","0.0003"
"","168.6080","0.8095","0.0003"
"","168.7080","0.8192","0.0003"
"","168.8080","0.8295","0.0004"
"","168.9080","0.8396","0.0004"
"","169.0080","0.8495","0.0004"
"","169.1080","0.8593","0.0004"
"","169.2080","0.8696","0.0004"
"","169.3080","0.8797","0.0004"
"","169.4080","0.8893","0.0004"
"","169.5080","0.8995","0.0004"
"","169.6080","0.9094","0.0005"
"","169.7080","0.9196","0.0005"
"","169.8080","0.9292","0.0005"
"","169.9080","0.9395","0.0005"
"","170.0080","0.9495","0.0005"
"","170.1080","0.9595","0.0005"
"","170.2080","0.9695","0.0005"
"","170.3080","0.9796","0.0006"
"","170.4080","0.9895","0.0006"
"","170.5080","0.9992","0.0006"
"","170.6080","1.0096","0.0006"
"","170.7080","1.0194","0.0006"
"","170.8080","1.0293","0.0006"
"","170.9080","1.0394","0.0006"
"","171.0080","1.0496","0.0007"
"","171.1080","1.0595","0.0007"
"","171.2080","1.0693","0.0007"
"","171.3080","1.0794","0.0007"
"","171.4080","1.0896","0.0007"
"","171.5080","1.0994","0.0008"
"","171.6080","1.1093","0.0008"
"","171.7080","1.1195","0.0008"
"","171.8080","1.1297","0.0008"
"","171.9080","1.1392","0.0008"
"","172.0080","1.1495","0.0009"
"","172.1080","1.1596","0.0009"
"","172.2080","1.1697","0.0009"
"","172.3080","1.1792","0.0009"
"","172.4080","1.1894","0.0010"
"","172.5080","1.1995","0.0010"
"","172.6080","1.2094","0.0010"
"","172.7080","1.2194","0.0010"
"","172.8080","1.2295","0.0011"
"","172.9080","1.2396","0.0011"
"","173.0080","1.2492","0.0011"
"","173.1080","1.2596","0.0011"
"","173.2080","1.2694","0.0012"
"","173.3080","1.2794","0.0012"
"","173.4080","1.2894","0.0012"
"","173.5080","1.2997","0.0013"
"","173.6080","1.3095","0.0013"
"","173.7080","1.3192","0.0013"
"","173.8080","1.3295","0.0014"
"","173.9080","1.3396","0.0014"
"","174.0080","1.3495","0.0014"
"","174.1080","1.3593","0.0015"
"","174.2080","1.3695","0.0015"
"","174.3080","1.3796","0.0015"
"","174.4080","1.3893","0.0016"
"","174.5080","1.3994","0.0017"
"","174.6080","1.4095","0.0016"
"","174.7080","1.4196","0.0017"
"","174.8080","1.4293","0.0018"
"","174.9080","1.4394","0.0018"
"","175.0080","1.4495","0.0018"
"","175.1080","1.4594","0.0019"
"","175.2080","1.4695","0.0019"
"","175.3080","1.4795","0.0020"
"","175.4080","1.4895","0.0020"
"","175.5080","1.4993","0.0021"
"","175.6080","1.5094","0.0022"
"","175.7080","1.5194","0.0022"
"","175.8080","1.5293","0.0023"
"","175.9080","1.5395","0.0023"
"","176.0080","1.5497","0.0024"
"","176.1080","1.5595","0.0024"
"","176.2080","1.5692","0.0025"
"","176.3080","1.5795","0.0026"
"","176.4080","1.5895","0.0027"
"","176.5080","1.5995","0.0028"
"","176.6080","1.6093","0.0028"
"","176.7080","1.6196","0.0029"
"","176.8080","1.6296","0.0030"
"","176.9080","1.6392","0.0031"
"","177.0080","1.6495","0.0031"
"","177.1080","1.6595","0.0032"
"","177.2080","1.6696","0.0033"
"","177.3080","1.6792","0.0034"
"","177.4080","1.6895","0.0035"
"","177.5080","1.6995","0.0036"
"","177.6080","1.7094","0.0037"
"","177.7080","1.7195","0.0038"
"","177.8080","1.7296","0.0039"
"","177.9080","1.7396","0.0040"
"","178.0080","1.7492","0.0041"
"","178.1080","1.7595","0.0043"
"","178.2080","1.7695","0.0044"
"","178.3080","1.7794","0.0045"
"","178.4080","1.7894","0.0046"
"","178.5080","1.7996","0.0048"
"","178.6080","1.8095","0.0049"
"","178.7080","1.8193","0.0050"
"","178.8080","1.8295","0.0052"
"","178.9080","1.8396","0.0053"
"","179.0080","1.8494","0.0055"
"","179.1080","1.8593","0.0056"
"","179.2080","1.8694","0.0058"
"","179.3080","1.8797","0.0059"
"","179.4080","1.8893","0.0061"
"","179.5080","1.8995","0.0063"
"","179.6080","1.9095","0.0064"
"","179.7080","1.9197","0.0066"
"","179.8080","1.9293","0.0068"
"","179.9080","1.9394","0.0070"
"","180.0080","1.9495","0.0072"
"","180.1080","1.9594","0.0074"
"","180.2080","1.9695","0.0076"
"","180.3080","1.9795","0.0077"
"","180.4080","1.9896","0.0079"
"","180.5080","1.9992","0.0081"
"","180.6080","2.0095","0.0083"
"","180.7080","2.0194","0.0086"
"","180.8080","2.0294","0.0088"
"","180.9080","2.0394","0.0090"
"","181.0080","2.0496","0.0092"
"","181.1080","2.0595","0.0094"
"","181.2080","2.0692","0.0097"
"","181.3080","2.0795","0.0099"
"","181.4080","2.0896","0.0102"
"","181.5080","2.0994","0.0104"
"","181.6080","2.1093","0.0106"
"","181.7080","2.1195","0.0109"
"","181.8080","2.1296","0.0112"
"","181.9080","2.1393","0.0114"
"","182.0080","2.1495","0.0117"
"","182.1080","2.1595","0.0120"
"","182.2080","2.1696","0.0123"
"","182.3080","2.1793","0.0126"
"","182.4080","2.1894","0.0129"
"","182.5080","2.1995","0.0132"
"","182.6080","2.2094","0.0135"
"","182.7080","2.2194","0.0138"
"","182.8080","2.2295","0.0141"
"","182.9080","2.2395","0.0145"
"","183.0080","2.2492","0.0148"
"","183.1080","2.2594","0.0151"
"","183.2080","2.2694","0.0155"
"","183.3080","2.2794","0.0159"
"","183.4080","2.2895","0.0162"
"","183.5080","2.2996","0.0166"
"","183.6080","2.3095","0.0170"
"","183.7080","2.3192","0.0173"
"","183.8080","2.3296","0.0177"
"","183.9080","2.3394","0.0181"
"","184.0080","2.3494","0.0185"
"","184.1080","2.3593","0.0189"
"","184.2080","2.3696","0.0193"
"","184.3080","2.3796","0.0198"
"","184.4080","2.3893","0.0202"
"","184.5080","2.3995","0.0206"
"","184.6080","2.4095","0.0210"
"","184.7080","2.4195","0.0215"
"","184.8080","2.4291","0.0219"
"","184.9080","2.4395","0.0224"
"","185.0080","2.4495","0.0229"
"","185.1080","2.4595","0.0233"
"","185.2080","2.4694","0.0238"
"","185.3080","2.4796","0.0243"
"","185.4080","2.4896","0.0248"
"","185.5080","2.4992","0.0252"
"","185.6080","2.5095","0.0257"
"","185.7080","2.5195","0.0263"
"","185.8080","2.5295","0.0268"
"","185.9080","2.5395","0.0273"
"","186.0080","2.5494","0.0278"
"","186.1080","2.5595","0.0283"
"","186.2080","2.5693","0.0288"
"","186.3080","2.5795","0.0293"
"","186.4080","2.5895","0.0298"
"","186.5080","2.5995","0.0303"
"","186.6080","2.6093","0.0307"
"","186.7080","2.6196","0.0313"
"","186.8080","2.6296","0.0318"
"","186.9080","2.6392","0.0322"
"","187.0080","2.6495","0.0326"
"","187.1080","2.6596","0.0330"
"","187.2080","2.6696","0.0331"
"","187.3080","2.6792","0.0332"
"","187.4080","2.6894","0.0335"
"","187.5080","2.6996","0.0338"
"","187.6080","2.7094","0.0340"
"","187.7080","2.7195","0.0342"
"","187.8080","2.7296","0.0342"
"","187.9080","2.7396","0.0343"
"","188.0080","2.7492","0.0343"
"","188.1080","2.7595","0.0343"
"","188.2080","2.7694","0.0343"
"","188.3080","2.7794","0.0343"
"","188.4080","2.7894","0.0344"
"","188.5080","2.7996","0.0344"
"","188.6080","2.8095","0.0343"
"","188.7080","2.8192","0.0344"
"","188.8080","2.8295","0.0346"
"","188.9080","2.8395","0.0347"
"","189.0080","2.8495","0.0350"
"","189.1080","2.8593","0.0355"
"","189.2080","2.8695","0.0361"
"","189.3080","2.8796","0.0366"
"","189.4080","2.8893","0.0371"
"","189.5080","2.8994","0.0377"
"","189.6080","2.9094","0.0383"
"","189.7080","2.9196","0.0389"
"","189.8080","2.9292","0.0395"
"","189.9080","2.9394","0.0402"
"","190.0080","2.9495","0.0408"
"","190.1080","2.9594","0.0414"
"","190.2080","2.9694","0.0421"
"","190.3080","2.9794","0.0427"
"","190.4080","2.9895","0.0434"
"","190.5080","2.9993","0.0440"
"","190.6080","3.0095","0.0446"
"","190.7080","3.0194","0.0453"
"","190.8080","3.0293","0.0460"
"","190.9080","3.0395","0.0466"
"","191.0080","3.0496","0.0473"
"","191.1080","3.0595","0.0480"
"","191.2080","3.0692","0.0486"
"","191.3080","3.0795","0.0493"
"","191.4080","3.0895","0.0500"
"","191.5080","3.0994","0.0507"
"","191.6080","3.1093","0.0513"
"","191.7080","3.1196","0.0520"
"","191.8080","3.1296","0.0527"
"","191.9080","3.1392","0.0534"
"","192.0080","3.1495","0.0541"
"","192.1080","3.1595","0.0548"
"","192.2080","3.1696","0.0555"
"","192.3080","3.1791","0.0562"
"","192.4080","3.1895","0.0569"
"","192.5080","3.1995","0.0576"
"","192.6080","3.2095","0.0583"
"","192.7080","3.2195","0.0590"
"","192.8080","3.2296","0.0598"
"","192.9080","3.2396","0.0605"
"","193.0080","3.2493","0.0612"
"","193.1080","3.2595","0.0619"
"","193.2080","3.2694","0.0627"
"","193.3080","3.2794","0.0634"
"","193.4080","3.2894","0.0641"
"","193.5080","3.2996","0.0649"
"","193.6080","3.3096","0.0656"
"","193.7080","3.3193","0.0663"
"","193.8080","3.3294","0.0671"
"","193.9080","3.3396","0.0678"
"","194.0080","3.3494","0.0686"
"","194.1080","3.3593","0.0693"
"","194.2080","3.3695","0.0701"
"","194.3080","3.3796","0.0709"
"","194.4080","3.3892","0.0716"
"","194.5080","3.3995","0.0724"
"","194.6080","3.4095","0.0731"
"","194.7080","3.4197","0.0739"
"","194.8080","3.4292","0.0746"
"","194.9080","3.4394","0.0754"
"","195.0080","3.4495","0.0762"
"","195.1080","3.4594","0.0770"
"","195.2080","3.4694","0.0777"
"","195.3080","3.4795","0.0785"
"","195.4080","3.4896","0.0793"
"","195.5080","3.4993","0.0801"
"","195.6080","3.5095","0.0809"
"","195.7080","3.5194","0.0817"
"","195.8080","3.5294","0.0824"
"","195.9080","3.5394","0.0832"
"","196.0080","3.5496","0.0840"
"","196.1080","3.5595","0.0848"
"","196.2080","3.5692","0.0856"
"","196.3080","3.5795","0.0864"
"","196.4080","3.5896","0.0872"
"","196.5080","3.5995","0.0880"
"","196.6080","3.6093","0.0888"
"","196.7080","3.6196","0.0896"
"","196.8080","3.6296","0.0904"
"","196.9080","3.6393","0.0912"
"","197.0080","3.6495","0.0920"
"","197.1080","3.6595","0.0928"
"","197.2080","3.6696","0.0937"
"","197.3080","3.6792","0.0944"
"","197.4080","3.6894","0.0953"
"","197.5080","3.6995","0.0961"
"","197.6080","3.7094","0.0969"
"","197.7080","3.7195","0.0977"
"","197.8080","3.7295","0.0985"
"","197.9080","3.7395","0.0994"
"","198.0080","3.7492","0.1001"
"","198.1080","3.7595","0.1010"
"","198.2080","3.7694","0.1018"
"","198.3080","3.7794","0.1026"
"","198.4080","3.7895","0.1035"
"","198.5080","3.7996","0.1043"
"","198.6080","3.8095","0.1051"
"","198.7080","3.8192","0.1059"
"","198.8080","3.8295","0.1068"
"","198.9080","3.8395","0.1076"
"","199.0080","3.8495","0.1084"
"","199.1080","3.8593","0.1092"
"","199.2080","3.8696","0.1101"
"","199.3080","3.8796","0.1109"
"","199.4080","3.8893","0.1117"
"","199.5080","3.8995","0.1125"
"","199.6080","3.9094","0.1134"
"","199.7080","3.9196","0.1142"
"","199.8080","3.9292","0.1150"
"","199.9080","3.9395","0.1158"
"","200.0080","3.9495","0.1166"
"","200.1080","3.9595","0.1175"
"","200.2080","3.9696","0.1183"
"","200.3080","3.9795","0.1191"
"","200.4080","3.9896","0.1199"
"","200.5080","3.9992","0.1207"
"","200.5160","4.0000","0.1207"
"","200.5170","4.0001","0.1207"
"","200.5180","4.0002","0.1207"
"","200.6180","4.0009","0.1206"
"","200.7180","3.9934","0.1194"
"","200.8180","3.9812","0.1178"
"","200.9180","3.9707","0.1164"
"","201.0180","3.9606","0.1151"
"","201.1180","3.9510","0.1139"
"","201.2180","3.9408","0.1126"
"","201.3180","3.9307","0.1113"
"","201.4180","3.9208","0.1101"
"","201.5180","3.9108","0.1089"
"","201.6180","3.9008","0.1077"
"","201.7180","3.8907","0.1065"
"","201.8180","3.8810","0.1054"
"","201.9180","3.8706","0.1042"
"","202.0180","3.8606","0.1030"
"","202.1180","3.8508","0.1019"
"","202.2180","3.8407","0.1008"
"","202.3180","3.8307","0.0996"
"","202.4180","3.8207","0.0985"
"","202.5180","3.8110","0.0974"
"","202.6180","3.8006","0.0963"
"","202.7180","3.7905","0.0952"
"","202.8180","3.7807","0.0941"
"","202.9180","3.7709","0.0930"
"","203.0180","3.7607","0.0919"
"","203.1180","3.7506","0.0908"
"","203.2180","3.7409","0.0898"
"","203.3180","3.7308","0.0887"
"","203.4180","3.7206","0.0876"
"","203.5180","3.7106","0.0866"
"","203.6180","3.7009","0.0856"
"","203.7180","3.6908","0.0845"
"","203.8180","3.6807","0.0835"
"","203.9180","3.6707","0.0825"
"","204.0180","3.6608","0.0814"
"","204.1180","3.6507","0.0804"
"","204.2180","3.6406","0.0794"
"","204.3180","3.6309","0.0784"
"","204.4180","3.6207","0.0774"
"","204.5180","3.6107","0.0764"
"","204.6180","3.6007","0.0754"
"","204.7180","3.5907","0.0744"
"","204.8180","3.5807","0.0735"
"","204.9180","3.5707","0.0725"
"","205.0180","3.5609","0.0715"
"","205.1180","3.5506","0.0706"
"","205.2180","3.5406","0.0696"
"","205.3180","3.5308","0.0687"
"","205.4180","3.5209","0.0677"
"","205.5180","3.5107","0.0668"
"","205.6180","3.5006","0.0658"
"","205.7180","3.4909","0.0649"
"","205.8180","3.4807","0.0640"
"","205.9180","3.4707","0.0631"
"","206.0180","3.4606","0.0622"
"","206.1180","3.4510","0.0613"
"","206.2180","3.4407","0.0604"
"","206.3180","3.4307","0.0595"
"","206.4180","3.4208","0.0586"
"","206.5180","3.4107","0.0577"
"","206.6180","3.4007","0.0568"
"","206.7180","3.3907","0.0560"
"","206.8180","3.3809","0.0552"
"","206.9180","3.3706","0.0543"
"","207.0180","3.3608","0.0534"
"","207.1180","3.3509","0.0526"
"","207.2180","3.3408","0.0517"
"","207.3180","3.3306","0.0509"
"","207.4180","3.3208","0.0501"
"","207.5180","3.3109","0.0493"
"","207.6180","3.3006","0.0484"
"","207.7180","3.2905","0.0476"
"","207.8180","3.2807","0.0469"
"","207.9180","3.2709","0.0461"
"","208.0180","3.2607","0.0453"
"","208.1180","3.2506","0.0445"
"","208.2180","3.2409","0.0438"
"","208.3180","3.2307","0.0430"
"","208.4180","3.2206","0.0422"
"","208.5180","3.2106","0.0415"
"","208.6180","3.2010","0.0408"
"","208.7180","3.1907","0.0400"
"","208.8180","3.1806","0.0393"
"","208.9180","3.1709","0.0386"
"","209.0180","3.1607","0.0379"
"","209.1180","3.1507","0.0372"
"","209.2180","3.1407","0.0365"
"","209.3180","3.1310","0.0359"
"","209.4180","3.1205","0.0354"
"","209.5180","3.1106","0.0351"
"","209.6180","3.1008","0.0348"
"","209.7180","3.0908","0.0345"
"","209.8180","3.0806","0.0343"
"","209.9180","3.0707","0.0341"
"","210.0180","3.0611","0.0337"
"","210.1180","3.0506","0.0334"
"","210.2180","3.0404","0.0333"
"","210.3180","3.0308","0.0332"
"","210.4180","3.0209","0.0331"
"","210.5180","3.0107","0.0331"
"","210.6180","3.0006","0.0331"
"","210.7180","2.9908","0.0331"
"","210.8180","2.9807","0.0331"
"","210.9180","2.9706","0.0331"
"","211.0180","2.9606","0.0331"
"","211.1180","2.9509","0.0330"
"","211.2180","2.9408","0.0332"
"","211.3180","2.9307","0.0332"
"","211.4180","2.9207","0.0331"
"","211.5180","2.9108","0.0329"
"","211.6180","2.9008","0.0324"
"","211.7180","2.8907","0.0318"
"","211.8180","2.8809","0.0312"
"","211.9180","2.8706","0.0306"
"","212.0180","2.8607","0.0301"
"","212.1180","2.8508","0.0295"
"","212.2180","2.8407","0.0288"
"","212.3180","2.8307","0.0282"
"","212.4180","2.8207","0.0275"
"","212.5180","2.8109","0.0269"
"","212.6180","2.8006","0.0263"
"","212.7180","2.7906","0.0257"
"","212.8180","2.7808","0.0251"
"","212.9180","2.7709","0.0245"
"","213.0180","2.7607","0.0239"
"","213.1180","2.7506","0.0233"
"","213.2180","2.7409","0.0228"
"","213.3180","2.7307","0.0223"
"","213.4180","2.7206","0.0217"
"","213.5180","2.7106","0.0212"
"","213.6180","2.7009","0.0207"
"","213.7180","2.6907","0.0202"
"","213.8180","2.6807","0.0197"
"","213.9180","2.6708","0.0193"
"","214.0180","2.6608","0.0188"
"","214.1180","2.6507","0.0183"
"","214.2180","2.6406","0.0178"
"","214.3180","2.6309","0.0174"
"","214.4180","2.6207","0.0170"
"","214.5180","2.6107","0.0165"
"","214.6180","2.6008","0.0161"
"","214.7180","2.5907","0.0157"
"","214.8180","2.5808","0.0153"
"","214.9180","2.5707","0.0149"
"","215.0180","2.5608","0.0145"
"","215.1180","2.5506","0.0142"
"","215.2180","2.5407","0.0138"
"","215.3180","2.5308","0.0134"
"","215.4180","2.5209","0.0131"
"","215.5180","2.5106","0.0127"
"","215.6180","2.5006","0.0124"
"","215.7180","2.4910","0.0121"
"","215.8180","2.4807","0.0118"
"","215.9180","2.4705","0.0114"
"","216.0180","2.4606","0.0111"
"","216.1180","2.4510","0.0109"
"","216.2180","2.4406","0.0106"
"","216.3180","2.4306","0.0103"
"","216.4180","2.4209","0.0100"
"","216.5180","2.4108","0.0097"
"","216.6180","2.4007","0.0095"
"","216.7180","2.3906","0.0092"
"","216.8180","2.3810","0.0090"
"","216.9180","2.3706","0.0087"
"","217.0180","2.3606","0.0085"
"","217.1180","2.3508","0.0083"
"","217.2180","2.3408","0.0081"
"","217.3180","2.3307","0.0079"
"","217.4180","2.3207","0.0077"
"","217.5180","2.3110","0.0075"
"","217.6180","2.3006","0.0073"
"","217.7180","2.2905","0.0071"
"","217.8180","2.2807","0.0069"
"","217.9180","2.2709","0.0068"
"","218.0180","2.2607","0.0066"
"","218.1180","2.2506","0.0064"
"","218.2180","2.2409","0.0063"
"","218.3180","2.2308","0.0061"
"","218.4180","2.2206","0.0059"
"","218.5180","2.2106","0.0058"
"","218.6180","2.2009","0.0056"
"","218.7180","2.1908","0.0055"
"","218.8180","2.1807","0.0053"
"","218.9180","2.1708","0.0052"
"","219.0180","2.1608","0.0050"
"","219.1180","2.1507","0.0049"
"","219.2180","2.1406","0.0048"
"","219.3180","2.1309","0.0046"
"","219.4180","2.1206","0.0045"
"","219.5180","2.1107","0.0044"
"","219.6180","2.1008","0.0042"
"","219.7180","2.0908","0.0041"
"","219.8180","2.0807","0.0040"
"","219.9180","2.0707","0.0039"
"","220.0180","2.0609","0.0038"
"","220.1180","2.0506","0.0037"
"","220.2180","2.0406","0.0036"
"","220.3180","2.0308","0.0035"
"","220.4180","2.0209","0.0034"
"","220.5180","2.0107","0.0033"
"","220.6180","2.0006","0.0032"
"","220.7180","1.9909","0.0031"
"","220.8180","1.9807","0.0030"
"","220.9180","1.9707","0.0029"
"","221.0180","1.9606","0.0028"
"","221.1180","1.9509","0.0027"
"","221.2180","1.9407","0.0027"
"","221.3180","1.9307","0.0026"
"","221.4180","1.9208","0.0025"
"","221.5180","1.9107","0.0025"
"","221.6180","1.9007","0.0024"
"","221.7180","1.8906","0.0023"
"","221.8180","1.8809","0.0023"
"","221.9180","1.8705","0.0022"
"","222.0180","1.8607","0.0022"
"","222.1180","1.8509","0.0021"
"","222.2180","1.8408","0.0020"
"","222.3180","1.8306","0.0020"
"","222.4180","1.8208","0.0019"
"","222.5180","1.8109","0.0019"
"","222.6180","1.8006","0.0018"
"","222.7180","1.7905","0.0018"
"","222.8180","1.7808","0.0017"
"","222.9180","1.7709","0.0017"
"","223.0180","1.7607","0.0016"
"","223.1180","1.7505","0.0016"
"","223.2180","1.7409","0.0015"
"","223.3180","1.7307","0.0015"
"","223.4180","1.7205","0.0015"
"","223.5180","1.7106","0.0014"
"","223.6180","1.7010","0.0014"
"","223.7180","1.6907","0.0013"
"","223.8180","1.6806","0.0013"
"","223.9180","1.6708","0.0013"
"","224.0180","1.6607","0.0012"
"","224.1180","1.6507","0.0012"
"","224.2180","1.6407","0.0012"
"","224.3180","1.6310","0.0011"
"","224.4180","1.6205","0.0011"
"","224.5180","1.6106","0.0011"
"","224.6180","1.6008","0.0011"
"","224.7180","1.5907","0.0010"
"","224.8180","1.5807","0.0010"
"","224.9180","1.5708","0.0010"
"","225.0180","1.5611","0.0010"
"","225.1180","1.5506","0.0009"
"","225.2180","1.5404","0.0009"
"","225.3180","1.5308","0.0009"
"","225.4180","1.5210","0.0009"
"","225.5180","1.5108","0.0009"
"","225.6180","1.5006","0.0008"
"","225.7180","1.4909","0.0008"
"","225.8180","1.4807","0.0008"
"","225.9180","1.4706","0.0007"
"","226.0180","1.4606","0.0008"
"","226.1180","1.4509","0.0007"
"","226.2180","1.4408","0.0007"
"","226.3180","1.4307","0.0007"
"","226.4180","1.4207","0.0007"
"","226.5180","1.4108","0.0006"
"","226.6180","1.4008","0.0007"
"","226.7180","1.3906","0.0006"
"","226.8180","1.3809","0.0006"
"","226.9180","1.3706","0.0006"
"","227.0180","1.3607","0.0006"
"","227.1180","1.3508","0.0006"
"","227.2180","1.3408","0.0006"
"","227.3180","1.3306","0.0005"
"","227.4180","1.3207","0.0005"
"","227.5180","1.3109","0.0005"
"","227.6180","1.3007","0.0005"
"","227.7180","1.2905","0.0005"
"","227.8180","1.2808","0.0005"
"","227.9180","1.2709","0.0005"
"","228.0180","1.2607","0.0005"
"","228.1180","1.2506","0.0005"
"","228.2180","1.2409","0.0004"
"","228.3180","1.2307","0.0004"
"","228.4180","1.2207","0.0004"
"","228.5180","1.2106","0.0004"
"","228.6180","1.2009","0.0004"
"","228.7180","1.1908","0.0004"
"","228.8180","1.1807","0.0004"
"","228.9180","1.1708","0.0004"
"","229.0180","1.1607","0.0004"
"","229.1180","1.1507","0.0003"
"","229.2180","1.1406","0.0003"
"","229.3180","1.1309","0.0003"
"","229.4180","1.1206","0.0003"
"","229.5180","1.1107","0.0003"
"","229.6180","1.1009","0.0003"
"","229.7180","1.0908","0.0003"
"","229.8180","1.0806","0.0003"
"","229.9180","1.0708","0.0003"
"","230.0180","1.0609","0.0003"
"","230.1180","1.0506","0.0003"
"","230.2180","1.0405","0.0002"
"","230.3180","1.0308","0.0002"
"","230.4180","1.0209","0.0002"
"","230.5180","1.0107","0.0002"
"","230.6180","1.0005","0.0002"
"","230.7180","0.9910","0.0002"
"","230.8180","0.9807","0.0002"
"","230.9180","0.9706","0.0002"
"","231.0180","0.9606","0.0002"
"","231.1180","0.9509","0.0002"
"","231.2180","0.9408","0.0002"
"","231.3180","0.9306","0.0002"
"","231.4180","0.9209","0.0002"
"","231.5180","0.9106","0.0002"
"","231.6180","0.9007","0.0002"
"","231.7180","0.8907","0.0002"
"","231.8180","0.8810","0.0002"
"","231.9180","0.8705","0.0001"
"","232.0180","0.8606","0.0001"
"","232.1180","0.8508","0.0001"
"","232.2180","0.8408","0.0001"
"","232.3180","0.8306","0.0001"
"","232.4180","0.8207","0.0001"
"","232.5180","0.8111","0.0001"
"","232.6180","0.8006","0.0001"
"","232.7180","0.7905","0.0001"
"","232.8180","0.7807","0.0001"
"","232.9180","0.7710","0.0001"
"","233.0180","0.7607","0.0001"
"","233.1180","0.7506","0.0001"
"","233.2180","0.7408","0.0001"
"","233.3180","0.7308","0.0001"
"","233.4180","0.7207","0.0001"
"","233.5180","0.7106","0.0001"
"","233.6180","0.7009","0.0001"
"","233.7180","0.6907","0.0001"
"","233.8180","0.6807","0.0001"
"","233.9180","0.6708","0.0001"
"","234.0180","0.6607","0.0001"
"","234.1180","0.6507","0.0001"
"","234.2180","0.6406","0.0001"
"","234.3180","0.6309","0.0001"
"","234.4180","0.6206","0.0001"
"","234.5180","0.6106","0.0001"
"","234.6180","0.6007","0.0001"
"","234.7180","0.5908","0.0000"
"","234.8180","0.5807","0.0000"
"","234.9180","0.5707","0.0000"
"","235.0180","0.5609","0.0000"
"","235.1180","0.5506","0.0000"
"","235.2180","0.5406","0.0000"
"","235.3180","0.5307","0.0000"
"","235.4180","0.5209","0.0000"
"","235.5180","0.5107","0.0000"
"","235.6180","0.5006","0.0000"
"","235.7180","0.4908","0.0000"
"","235.8180","0.4807","0.0000"
"","235.9180","0.4707","0.0000"
"","236.0180","0.4606","0.0000"
"","236.1180","0.4509","0.0000"
"","236.2180","0.4407","0.0000"
"","236.3180","0.4307","0.0000"
"","236.4180","0.4208","0.0000"
"","236.5180","0.4107","0.0000"
"","236.6180","0.4007","0.0000"
"","236.7180","0.3907","0.0000"
"","236.8180","0.3809","0.0000"
"","236.9180","0.3705","0.0000"
"","237.0180","0.3607","0.0000"
"","237.1180","0.3509","0.0000"
"","237.2180","0.3408","0.0000"
"","237.3180","0.3306","0.0000"
"","237.4180","0.3208","0.0000"
"","237.5180","0.3109","0.0000"
"","237.6180","0.3006","0.0000"
"","237.7180","0.2905","0.0000"
"","237.8180","0.2808","0.0000"
"","237.9180","0.2709","0.0000"
"","238.0180","0.2607","0.0000"
"","238.1180","0.2505","0.0000"
"","238.2180","0.2410","0.0000"
"","238.3180","0.2308","0.0000"
"","238.4180","0.2206","0.0000"
"","238.5180","0.2106","0.0000"
"","238.6180","0.2010","0.0000"
"","238.7180","0.1907","0.0000"
"","238.8180","0.1806","0.0000"
"","238.9180","0.1708","0.0000"
"","239.0180","0.1607","0.0000"
"","239.1180","0.1507","0.0000"
"","239.2180","0.1407","0.0000"
"","239.3180","0.1310","0.0000"
"","239.4180","0.1205","0.0000"
"","239.5180","0.1106","0.0000"
"","239.6180","0.1008","0.0000"
"","239.7180","0.0908","0.0000"
"","239.8180","0.0806","0.0000"
"","239.9180","0.0707","0.0000"
"","240.0180","0.0611","0.0000"
"","240.1180","0.0506","0.0000"
"","240.2180","0.0405","0.0000"
"","240.3180","0.0308","0.0000"
"","240.4180","0.0210","0.0000"
"","240.5180","0.0107","0.0000"
"","240.6180","0.0006","0.0000"
"","240.6240","0.0000","0.0000"
"","240.6250","-0.0001","0.0000"
"","240.6260","-0.0002","0.0000"
"","240.7260","-0.0006","0.0000"
"","240.8260","0.0071","0.0000"
"","240.9260","0.0190","0.0000"
"","241.0260","0.0293","0.0000"
"","241.1260","0.0395","0.0000"
"","241.2260","0.0496","0.0000"
"","241.3260","0.0595","0.0000"
"","241.4260","0.0692","0.0000"
"","241.5260","0.0796","0.0000"
"","241.6260","0.0895","0.0000"
"","241.7260","0.0994","0.0000"
"","241.8260","0.1093","0.0000"
"","241.9260","0.1196","0.0000"
"","242.0260","0.1297","0.0000"
"","242.1260","0.1393","0.0000"
"","242.2260","0.1495","0.0000"
"","242.3260","0.1595","0.0000"
"","242.4260","0.1696","0.0000"
"","242.5260","0.1793","0.0000"
"","242.6260","0.1895","0.0000"
"","242.7260","0.1995","0.0000"
"","242.8260","0.2095","0.0000"
"","242.9260","0.2196","0.0000"
"","243.0260","0.2296","0.0000"
"","243.1260","0.2395","0.0000"
"","243.2260","0.2492","0.0000"
"","243.3260","0.2596","0.0000"
"","243.4260","0.2695","0.0000"
"","243.5260","0.2794","0.0000"
"","243.6260","0.2894","0.0000"
"","243.7260","0.2997","0.0001"
"","243.8260","0.3097","0.0000"
"","243.9260","0.3193","0.0000"
"","244.0260","0.3295","0.0001"
"","244.1260","0.3396","0.0001"
"","244.2260","0.3495","0.0001"
"","244.3260","0.3593","0.0001"
"","244.4260","0.3695","0.0001"
"","244.5260","0.3796","0.0001"
"","244.6260","0.3893","0.0001"
"","244.7260","0.3995","0.0001"
"","244.8260","0.4096","0.0001"
"","244.9260","0.4196","0.0001"
"","245.0260","0.4293","0.0001"
"","245.1260","0.4394","0.0001"
"","245.2260","0.4495","0.0001"
"","245.3260","0.4594","0.0001"
"","245.4260","0.4695","0.0001"
"","245.5260","0.4796","0.0001"
"","245.6260","0.4896","0.0001"
"","245.7260","0.4992","0.0001"
"","245.8260","0.5096","0.0001"
"","245.9260","0.5195","0.0001"
"","246.0260","0.5294","0.0001"
"","246.1260","0.5394","0.0001"
"","246.2260","0.5496","0.0001"
"","246.3260","0.5596","0.0001"
"","246.4260","0.5692","0.0001"
"","246.5260","0.5795","0.0001"
"","246.6260","0.5896","0.0001"
"","246.7260","0.5995","0.0001"
"","246.8260","0.6093","0.0002"
"","246.9260","0.6196","0.0002"
"","247.0260","0.6296","0.0002"
"","247.1260","0.6393","0.0002"
"","247.2260","0.6495","0.0002"
"","247.3260","0.6595","0.0002"
"","247.4260","0.6696","0.0002"
"","247.5260","0.6794","0.0002"
"","247.6260","0.6894","0.0002"
"","247.7260","0.6995","0.0002"
"","247.8260","0.7095","0.0002"
"","247.9260","0.7196","0.0002"
"","248.0260","0.7295","0.0002"
"","248.1260","0.7395","0.0002"
"","248.2260","0.7492","0.0002"
"","248.3260","0.7595","0.0002"
"","248.4260","0.7695","0.0002"
"","248.5260","0.7794","0.0002"
"","248.6260","0.7895","0.0003"
"","248.7260","0.7996","0.0003"
"","248.8260","0.8095","0.0003"
"","248.9260","0.8192","0.0003"
"","249.0260","0.8296","0.0003"
"","249.1260","0.8396","0.0003"
"","249.2260","0.8495","0.0003"
"","249.3260","0.8593","0.0003"
"","249.4260","0.8696","0.0003"
"","249.5260","0.8797","0.0003"
"","249.6260","0.8893","0.0003"
"","249.7260","0.8995","0.0004"
"","249.8260","0.9095","0.0004"
"","249.9260","0.9197","0.0004"
"","250.0260","0.9292","0.0004"
"","250.1260","0.9395","0.0004"
"","250.2260","0.9495","0.0004"
"","250.3260","0.9595","0.0004"
"","250.4260","0.9696","0.0004"
"","250.5260","0.9796","0.0005"
"","250.6260","0.9896","0.0005"
"","250.7260","0.9992","0.0005"
"","250.8260","1.0096","0.0005"
"","250.9260","1.0195","0.0005"
"","251.0260","1.0294","0.0005"
"","251.1260","1.0394","0.0006"
"","251.2260","1.0497","0.0006"
"","251.3260","1.0596","0.0006"
"","251.4260","1.0693","0.0006"
"","251.5260","1.0795","0.0006"
"","251.6260","1.0896","0.0006"
"","251.7260","1.0995","0.0006"
"","251.8260","1.1093","0.0007"
"","251.9260","1.1195","0.0007"
"","252.0260","1.1297","0.0007"
"","252.1260","1.1392","0.0007"
"","252.2260","1.1495","0.0007"
"","252.3260","1.1596","0.0008"
"","252.4260","1.1697","0.0008"
"","252.5260","1.1793","0.0008"
"","252.6260","1.1894","0.0008"
"","252.7260","1.1995","0.0008"
"","252.8260","1.2094","0.0008"
"","252.9260","1.2195","0.0009"
"","253.0260","1.2296","0.0009"
"","253.1260","1.2396","0.0009"
"","253.2260","1.2493","0.0010"
"","253.3260","1.2596","0.0010"
"","253.4260","1.2694","0.0010"
"","253.5260","1.2794","0.0010"
"","253.6260","1.2894","0.0011"
"","253.7260","1.2997","0.0011"
"","253.8260","1.3095","0.0011"
"","253.9260","1.3192","0.0011"
"","254.0260","1.3295","0.0011"
"","254.1260","1.3396","0.0012"
"","254.2260","1.3495","0.0012"
"","254.3260","1.3593","0.0012"
"","254.4260","1.3696","0.0013"
"","254.5260","1.3796","0.0013"
"","254.6260","1.3893","0.0013"
"","254.7260","1.3995","0.0014"
"","254.8260","1.4095","0.0014"
"","254.9260","1.4197","0.0014"
"","255.0260","1.4293","0.0015"
"","255.1260","1.4394","0.0015"
"","255.2260","1.4495","0.0016"
"","255.3260","1.4595","0.0016"
"","255.4260","1.4695","0.0016"
"","255.5260","1.4795","0.0017"
"","255.6260","1.4895","0.0017"
"","255.7260","1.4993","0.0017"
"","255.8260","1.5095","0.0018"
"","255.9260","1.5194","0.0019"
"","256.0260","1.5294","0.0019"
"","256.1260","1.5395","0.0019"
"","256.2260","1.5497","0.0020"
"","256.3260","1.5596","0.0020"
"","256.4260","1.5693","0.0021"
"","256.5260","1.5795","0.0022"
"","256.6260","1.5896","0.0022"
"","256.7260","1.5995","0.0023"
"","256.8260","1.6094","0.0023"
"","256.9260","1.6196","0.0024"
"","257.0260","1.6296","0.0025"
"","257.1260","1.6393","0.0025"
"","257.2260","1.6495","0.0026"
"","257.3260","1.6595","0.0027"
"","257.4260","1.6696","0.0028"
"","257.5260","1.6792","0.0028"
"","257.6260","1.6895","0.0029"
"","257.7260","1.6995","0.0030"
"","257.8260","1.7094","0.0031"
"","257.9260","1.7195","0.0032"
"","258.0260","1.7296","0.0033"
"","258.1260","1.7396","0.0033"
"","258.2260","1.7492","0.0034"
"","258.3260","1.7596","0.0035"
"","258.4260","1.7695","0.0036"
"","258.5260","1.7795","0.0037"
"","258.6260","1.7895","0.0038"
"","258.7260","1.7997","0.0040"
"","258.8260","1.8096","0.0041"
"","258.9260","1.8193","0.0042"
"","259.0260","1.8295","0.0043"
"","259.1260","1.8396","0.0044"
"","259.2260","1.8495","0.0046"
"","259.3260","1.8593","0.0047"
"","259.4260","1.8695","0.0048"
"","259.5260","1.8797","0.0050"
"","259.6260","1.8893","0.0051"
"","259.7260","1.8995","0.0053"
"","259.8260","1.9096","0.0054"
"","259.9260","1.9197","0.0056"
"","260.0260","1.9293","0.0057"
"","260.1260","1.9394","0.0059"
"","260.2260","1.9496","0.0060"
"","260.3260","1.9594","0.0062"
"","260.4260","1.9695","0.0064"
"","260.5260","1.9796","0.0066"
"","260.6260","1.9896","0.0067"
"","260.7260","1.9992","0.0069"
"","260.8260","2.0096","0.0071"
"","260.9260","2.0194","0.0073"
"","261.0260","2.0294","0.0075"
"","261.1260","2.0394","0.0077"
"","261.2260","2.0497","0.0078"
"","261.3260","2.0595","0.0080"
"","261.4260","2.0692","0.0082"
"","261.5260","2.0795","0.0085"
"","261.6260","2.0896","0.0087"
"","261.7260","2.0995","0.0089"
"","261.8260","2.1093","0.0091"
"","261.9260","2.1196","0.0093"
"","262.0260","2.1297","0.0096"
"","262.1260","2.1393","0.0098"
"","262.2260","2.1495","0.0100"
"","262.3260","2.1595","0.0103"
"","262.4260","2.1696","0.0105"
"","262.5260","2.1793","0.0107"
"","262.6260","2.1894","0.0110"
"","262.7260","2.1995","0.0113"
"","262.8260","2.2095","0.0116"
"","262.9260","2.2194","0.0118"
"","263.0260","2.2295","0.0121"
"","263.1260","2.2395","0.0124"
"","263.2260","2.2493","0.0127"
"","263.3260","2.2595","0.0130"
"","263.4260","2.2695","0.0133"
"","263.5260","2.2794","0.0136"
"","263.6260","2.2895","0.0140"
"","263.7260","2.2996","0.0143"
"","263.8260","2.3096","0.0146"
"","263.9260","2.3193","0.0150"
"","264.0260","2.3296","0.0153"
"","264.1260","2.3395","0.0157"
"","264.2260","2.3495","0.0161"
"","264.3260","2.3593","0.0164"
"","264.4260","2.3696","0.0168"
"","264.5260","2.3796","0.0172"
"","264.6260","2.3893","0.0176"
"","264.7260","2.3996","0.0180"
"","264.8260","2.4095","0.0184"
"","264.9260","2.4196","0.0188"
"","265.0260","2.4291","0.0192"
"","265.1260","2.4395","0.0197"
"","265.2260","2.4496","0.0201"
"","265.3260","2.4595","0.0205"
"","265.4260","2.4694","0.0210"
"","265.5260","2.4796","0.0214"
"","265.6260","2.4896","0.0219"
"","265.7260","2.4992","0.0223"
"","265.8260","2.5095","0.0228"
"","265.9260","2.5196","0.0233"
"","266.0260","2.5295","0.0238"
"","266.1260","2.5395","0.0243"
"","266.2260","2.5495","0.0248"
"","266.3260","2.5596","0.0253"
"","266.4260","2.5693","0.0258"
"","266.5260","2.5796","0.0263"
"","266.6260","2.5895","0.0269"
"","266.7260","2.5995","0.0274"
"","266.8260","2.6093","0.0279"
"","266.9260","2.6196","0.0284"
"","267.0260","2.6296","0.0290"
"","267.1260","2.6393","0.0294"
"","267.2260","2.6496","0.0300"
"","267.3260","2.6596","0.0305"
"","267.4260","2.6696","0.0310"
"","267.5260","2.6792","0.0315"
"","267.6260","2.6895","0.0320"
"","267.7260","2.6996","0.0325"
"","267.8260","2.7094","0.0329"
"","267.9260","2.7195","0.0331"
"","268.0260","2.7296","0.0334"
"","268.1260","2.7396","0.0337"
"","268.2260","2.7492","0.0340"
"","268.3260","2.7596","0.0341"
"","268.4260","2.7695","0.0342"
"","268.5260","2.7794","0.0343"
"","268.6260","2.7894","0.0344"
"","268.7260","2.7996","0.0344"
"","268.8260","2.8096","0.0344"
"","268.9260","2.8192","0.0344"
"","269.0260","2.8295","0.0344"
"","269.1260","2.8396","0.0345"
"","269.2260","2.8495","0.0345"
"","269.3260","2.8593","0.0345"
"","269.4260","2.8696","0.0344"
"","269.5260","2.8796","0.0346"
"","269.6260","2.8893","0.0347"
"","269.7260","2.8995","0.0350"
"","269.8260","2.9095","0.0354"
"","269.9260","2.9196","0.0359"
"","270.0260","2.9293","0.0364"
"","270.1260","2.9395","0.0370"
"","270.2260","2.9495","0.0376"
"","270.3260","2.9595","0.0382"
"","270.4260","2.9694","0.0389"
"","270.5260","2.9794","0.0395"
"","270.6260","2.9895","0.0402"
"","270.7260","2.9993","0.0409"
"","270.8260","3.0095","0.0415"
"","270.9260","3.0194","0.0422"
"","271.0260","3.0294","0.0429"
"","271.1260","3.0395","0.0436"
"","271.2260","3.0496","0.0442"
"","271.3260","3.0595","0.0449"
"","271.4260","3.0693","0.0455"
"","271.5260","3.0796","0.0462"
"","271.6260","3.0896","0.0469"
"","271.7260","3.0995","0.0476"
"","271.8260","3.1093","0.0483"
"","271.9260","3.1196","0.0490"
"","272.0260","3.1297","0.0497"
"","272.1260","3.1393","0.0504"
"","272.2260","3.1495","0.0511"
"","272.3260","3.1595","0.0518"
"","272.4260","3.1696","0.0525"
"","272.5260","3.1792","0.0532"
"","272.6260","3.1895","0.0539"
"","272.7260","3.1995","0.0546"
"","272.8260","3.2095","0.0554"
"","272.9260","3.2195","0.0561"
"","273.0260","3.2296","0.0568"
"","273.1260","3.2396","0.0576"
"","273.2260","3.2493","0.0583"
"","273.3260","3.2595","0.0590"
"","273.4260","3.2695","0.0597"
"","273.5260","3.2794","0.0605"
"","273.6260","3.2895","0.0612"
"","273.7260","3.2996","0.0620"
"","273.8260","3.3096","0.0627"
"","273.9260","3.3193","0.0635"
"","274.0260","3.3295","0.0643"
"","274.1260","3.3396","0.0650"
"","274.2260","3.3495","0.0658"
"","274.3260","3.3593","0.0665"
"","274.4260","3.3695","0.0673"
"","274.5260","3.3797","0.0681"
"","274.6260","3.3893","0.0688"
"","274.7260","3.3995","0.0696"
"","274.8260","3.4096","0.0704"
"","274.9260","3.4197","0.0712"
"","275.0260","3.4293","0.0720"
"","275.1260","3.4394","0.0728"
"","275.2260","3.4496","0.0736"
"","275.3260","3.4594","0.0743"
"","275.4260","3.4695","0.0751"
"","275.5260","3.4795","0.0759"
"","275.6260","3.4897","0.0767"
"","275.7260","3.4993","0.0775"
"","275.8260","3.5095","0.0783"
"","275.9260","3.5194","0.0791"
"","276.0260","3.5294","0.0799"
"","276.1260","3.5394","0.0807"
"","276.2260","3.5496","0.0816"
"","276.3260","3.5594","0.0824"
"","276.4260","3.5692","0.0831"
"","276.5260","3.5795","0.0840"
"","276.6260","3.5896","0.0848"
"","276.7260","3.5995","0.0856"
"","276.8260","3.6093","0.0864"
"","276.9260","3.6197","0.0873"
"","277.0260","3.6297","0.0881"
"","277.1260","3.6393","0.0889"
"","277.2260","3.6495","0.0898"
"","277.3260","3.6595","0.0906"
"","277.4260","3.6696","0.0914"
"","277.5260","3.6793","0.0922"
"","277.6260","3.6894","0.0931"
"","277.7260","3.6995","0.0939"
"","277.8260","3.7095","0.0948"
"","277.9260","3.7195","0.0956"
"","278.0260","3.7295","0.0965"
"","278.1260","3.7396","0.0973"
"","278.2260","3.7493","0.0982"
"","278.3260","3.7595","0.0990"
"","278.4260","3.7695","0.0999"
"","278.5260","3.7795","0.1007"
"","278.6260","3.7895","0.1016"
"","278.7260","3.7996","0.1024"
"","278.8260","3.8095","0.1033"
"","278.9260","3.8192","0.1041"
"","279.0260","3.8296","0.1050"
"","279.1260","3.8396","0.1058"
"","279.2260","3.8495","0.1067"
"","279.3260","3.8593","0.1075"
"","279.4260","3.8696","0.1084"
"","279.5260","3.8797","0.1093"
"","279.6260","3.8893","0.1101"
"","279.7260","3.8995","0.1110"
"","279.8260","3.9095","0.1119"
"","279.9260","3.9196","0.1127"
"","280.0260","3.9292","0.1135"
"","280.1260","3.9395","0.1144"
"","280.2260","3.9495","0.1153"
"","280.3260","3.9595","0.1161"
"","280.4260","3.9696","0.1170"
"","280.5260","3.9796","0.1179"
"","280.6260","3.9896","0.1187"
"","280.7260","3.9992","0.1195"
"","280.7340","4.0001","0.1196"
"","280.7350","4.0002","0.1196"
"","280.7360","4.0003","0.1196"
"","280.8360","4.0008","0.1194"
"","280.9360","3.9935","0.1183"
"","281.0360","3.9812","0.1167"
"","281.1360","3.9708","0.1153"
"","281.2360","3.9607","0.1140"
"","281.3360","3.9510","0.1128"
"","281.4360","3.9408","0.1115"
"","281.5360","3.9307","0.1103"
"","281.6360","3.9208","0.1091"
"","281.7360","3.9108","0.1078"
"","281.8360","3.9008","0.1066"
"","281.9360","3.8907","0.1055"
"","282.0360","3.8810","0.1043"
"","282.1360","3.8707","0.1031"
"","282.2360","3.8607","0.1019"
"","282.3360","3.8508","0.1008"
"","282.4360","3.8408","0.0997"
"","282.5360","3.8308","0.0986"
"","282.6360","3.8208","0.0974"
"","282.7360","3.8111","0.0964"
"","282.8360","3.8007","0.0952"
"","282.9360","3.7906","0.0941"
"","283.0360","3.7808","0.0930"
"","283.1360","3.7709","0.0919"
"","283.2360","3.7608","0.0908"
"","283.3360","3.7506","0.0898"
"","283.4360","3.7409","0.0887"
"","283.5360","3.7308","0.0876"
"","283.6360","3.7207","0.0866"
"","283.7360","3.7106","0.0855"
"","283.8360","3.7010","0.0845"
"","283.9360","3.6908","0.0834"
"","284.0360","3.6807","0.0824"
"","284.1360","3.6707","0.0814"
"","284.2360","3.6608","0.0804"
"","284.3360","3.6508","0.0793"
"","284.4360","3.6407","0.0783"
"","284.5360","3.6310","0.0773"
"","284.6360","3.6207","0.0763"
"","284.7360","3.6107","0.0753"
"","284.8360","3.6008","0.0743"
"","284.9360","3.5908","0.0734"
"","285.0360","3.5807","0.0724"
"","285.1360","3.5708","0.0714"
"","285.2360","3.5610","0.0705"
"","285.3360","3.5507","0.0695"
"","285.4360","3.5407","0.0685"
"","285.5360","3.5308","0.0676"
"","285.6360","3.5210","0.0667"
"","285.7360","3.5108","0.0657"
"","285.8360","3.5006","0.0648"
"","285.9360","3.4909","0.0639"
"","286.0360","3.4807","0.0629"
"","286.1360","3.4707","0.0620"
"","286.2360","3.4607","0.0611"
"","286.3360","3.4510","0.0602"
"","286.4360","3.4407","0.0593"
"","286.5360","3.4307","0.0584"
"","286.6360","3.4208","0.0575"
"","286.7360","3.4108","0.0567"
"","286.8360","3.4007","0.0558"
"","286.9360","3.3907","0.0549"
"","287.0360","3.3809","0.0541"
"","287.1360","3.3707","0.0532"
"","287.2360","3.3608","0.0524"
"","287.3360","3.3509","0.0515"
"","287.4360","3.3408","0.0507"
"","287.5360","3.3307","0.0498"
"","287.6360","3.3208","0.0490"
"","287.7360","3.3110","0.0482"
"","287.8360","3.3006","0.0474"
"","287.9360","3.2906","0.0466"
"","288.0360","3.2808","0.0458"
"","288.1360","3.2709","0.0450"
"","288.2360","3.2607","0.0443"
"","288.3360","3.2506","0.0435"
"","288.4360","3.2410","0.0427"
"","288.5360","3.2307","0.0420"
"","288.6360","3.2206","0.0412"
"","288.7360","3.2107","0.0405"
"","288.8360","3.2010","0.0398"
"","288.9360","3.1907","0.0390"
"","289.0360","3.1807","0.0383"
"","289.1360","3.1709","0.0376"
"","289.2360","3.1607","0.0369"
"","289.3360","3.1507","0.0362"
"","289.4360","3.1407","0.0356"
"","289.5360","3.1311","0.0353"
"","289.6360","3.1206","0.0349"
"","289.7360","3.1107","0.0347"
"","289.8360","3.1008","0.0344"
"","289.9360","3.0908","0.0340"
"","290.0360","3.0807","0.0336"
"","290.1360","3.0708","0.0334"
"","290.2360","3.0611","0.0333"
"","290.3360","3.0506","0.0332"
"","290.4360","3.0405","0.0331"
"","290.5360","3.0308","0.0331"
"","290.6360","3.0210","0.0330"
"","290.7360","3.0108","0.0330"
"","290.8360","3.0006","0.0330"
"","290.9360","2.9909","0.0330"
"","291.0360","2.9808","0.0330"
"","291.1360","2.9706","0.0330"
"","291.2360","2.9606","0.0331"
"","291.3360","2.9510","0.0331"
"","291.4360","2.9408","0.0331"
"","291.5360","2.9307","0.0330"
"","291.6360","2.9208","0.0325"
"","291.7360","2.9108","0.0319"
"","291.8360","2.9008","0.0313"
"","291.9360","2.8907","0.0307"
"","292.0360","2.8810","0.0301"
"","292.1360","2.8707","0.0296"
"","292.2360","2.8607","0.0289"
"","292.3360","2.8508","0.0282"
"","292.4360","2.8408","0.0276"
"","292.5360","2.8307","0.0269"
"","292.6360","2.8208","0.0263"
"","292.7360","2.8109","0.0257"
"","292.8360","2.8006","0.0251"
"","292.9360","2.7907","0.0245"
"","293.0360","2.7808","0.0239"
"","293.1360","2.7710","0.0233"
"","293.2360","2.7607","0.0228"
"","293.3360","2.7506","0.0222"
"","293.4360","2.7409","0.0217"
"","293.5360","2.7308","0.0212"
"","293.6360","2.7207","0.0206"
"","293.7360","2.7106","0.0201"
"","293.8360","2.7010","0.0197"
"","293.9360","2.6907","0.0192"
"","294.0360","2.6807","0.0187"
"","294.1360","2.6708","0.0182"
"","294.2360","2.6609","0.0178"
"","294.3360","2.6507","0.0173"
"","294.4360","2.6407","0.0169"
"","294.5360","2.6309","0.0165"
"","294.6360","2.6207","0.0160"
"","294.7360","2.6107","0.0156"
"","294.8360","2.6008","0.0152"
"","294.9360","2.5908","0.0148"
"","295.0360","2.5808","0.0144"
"","295.1360","2.5708","0.0140"
"","295.2360","2.5609","0.0137"
"","295.3360","2.5506","0.0133"
"","295.4360","2.5407","0.0130"
"","295.5360","2.5308","0.0126"
"","295.6360","2.5209","0.0123"
"","295.7360","2.5107","0.0119"
"","295.8360","2.5006","0.0116"
"","295.9360","2.4910","0.0113"
"","296.0360","2.4807","0.0110"
"","296.1360","2.4706","0.0107"
"","296.2360","2.4607","0.0104"
"","296.3360","2.4510","0.0102"
"","296.4360","2.4407","0.0099"
"","296.5360","2.4306","0.0096"
"","296.6360","2.4209","0.0094"
"","296.7360","2.4108","0.0091"
"","296.8360","2.4007","0.0089"
"","296.9360","2.3907","0.0087"
"","297.0360","2.3810","0.0084"
"","297.1360","2.3706","0.0082"
"","297.2360","2.3606","0.0080"
"","297.3360","2.3508","0.0078"
"","297.4360","2.3408","0.0076"
"","297.5360","2.3308","0.0074"
"","297.6360","2.3207","0.0072"
"","297.7360","2.3110","0.0071"
"","297.8360","2.3006","0.0069"
"","297.9360","2.2905","0.0067"
"","298.0360","2.2808","0.0065"
"","298.1360","2.2709","0.0064"
"","298.2360","2.2608","0.0062"
"","298.3360","2.2506","0.0060"
"","298.4360","2.2409","0.0059"
"","298.5360","2.2308","0.0057"
"","298.6360","2.2207","0.0056"
"","298.7360","2.2106","0.0054"
"","298.8360","2.2010","0.0053"
"","298.9360","2.1908","0.0051"
"","299.0360","2.1807","0.0050"
"","299.1360","2.1708","0.0048"
"","299.2360","2.1608","0.0047"
"","299.3360","2.1508","0.0046"
"","299.4360","2.1407","0.0045"
"","299.5360","2.1310","0.0043"
"","299.6360","2.1207","0.0042"
"","299.7360","2.1107","0.0041"
"","299.8360","2.1008","0.0040"
"","299.9360","2.0908","0.0039"
"","300.0360","2.0807","0.0037"
"","300.1360","2.0707","0.0036"
"","300.2360","2.0610","0.0035"
"","300.3360","2.0507","0.0034"
"","300.4360","2.0406","0.0033"
"","300.5360","2.0308","0.0032"
"","300.6360","2.0210","0.0031"
"","300.7360","2.0108","0.0030"
"","300.8360","2.0006","0.0030"
"","300.9360","1.9909","0.0029"
"","301.0360","1.9807","0.0028"
"","301.1360","1.9707","0.0027"
"","301.2360","1.9607","0.0026"
"","301.3360","1.9510","0.0026"
"","301.4360","1.9408","0.0025"
"","301.5360","1.9307","0.0024"
"","301.6360","1.9208","0.0024"
"","301.7360","1.9108","0.0023"
"","301.8360","1.9008","0.0022"
"","301.9360","1.8907","0.0022"
"","302.0360","1.8809","0.0021"
"","302.1360","1.8706","0.0021"
"","302.2360","1.8608","0.0020"
"","302.3360","1.8510","0.0020"
"","302.4360","1.8408","0.0019"
"","302.5360","1.8307","0.0018"
"","302.6360","1.8208","0.0018"
"","302.7360","1.8109","0.0017"
"","302.8360","1.8006","0.0017"
"","302.9360","1.7906","0.0017"
"","303.0360","1.7808","0.0016"
"","303.1360","1.7709","0.0016"
"","303.2360","1.7607","0.0015"
"","303.3360","1.7506","0.0015"
"","303.4360","1.7410","0.0014"
"","303.5360","1.7308","0.0014"
"","303.6360","1.7206","0.0014"
"","303.7360","1.7107","0.0013"
"","303.8360","1.7010","0.0013"
"","303.9360","1.6908","0.0012"
"","304.0360","1.6807","0.0012"
"","304.1360","1.6709","0.0012"
"","304.2360","1.6607","0.0011"
"","304.3360","1.6507","0.0011"
"","304.4360","1.6407","0.0011"
"","304.5360","1.6311","0.0011"
"","304.6360","1.6205","0.0010"
"","304.7360","1.6107","0.0010"
"","304.8360","1.6008","0.0010"
"","304.9360","1.5908","0.0010"
"","305.0360","1.5807","0.0009"
"","305.1360","1.5708","0.0009"
"","305.2360","1.5611","0.0009"
"","305.3360","1.5506","0.0009"
"","305.4360","1.5405","0.0009"
"","305.5360","1.5308","0.0008"
"","305.6360","1.5210","0.0008"
"","305.7360","1.5108","0.0008"
"","305.8360","1.5006","0.0008"
"","305.9360","1.4909","0.0007"
"","306.0360","1.4808","0.0007"
"","306.1360","1.4707","0.0007"
"","306.2360","1.4606","0.0007"
"","306.3360","1.4510","0.0007"
"","306.4360","1.4408","0.0007"
"","306.5360","1.4307","0.0006"
"","306.6360","1.4208","0.0006"
"","306.7360","1.4108","0.0006"
"","306.8360","1.4008","0.0006"
"","306.9360","1.3907","0.0006"
"","307.0360","1.3810","0.0006"
"","307.1360","1.3706","0.0006"
"","307.2360","1.3607","0.0005"
"","307.3360","1.3508","0.0005"
"","307.4360","1.3408","0.0005"
"","307.5360","1.3307","0.0005"
"","307.6360","1.3207","0.0005"
"","307.7360","1.3110","0.0005"
"","307.8360","1.3007","0.0005"
"","307.9360","1.2906","0.0005"
"","308.0360","1.2808","0.0004"
"","308.1360","1.2710","0.0004"
"","308.2360","1.2608","0.0004"
"","308.3360","1.2506","0.0004"
"","308.4360","1.2409","0.0004"
"","308.5360","1.2307","0.0004"
"","308.6360","1.2207","0.0004"
"","308.7360","1.2106","0.0004"
"","308.8360","1.2009","0.0004"
"","308.9360","1.1908","0.0003"
"","309.0360","1.1808","0.0003"
"","309.1360","1.1708","0.0003"
"","309.2360","1.1608","0.0003"
"","309.3360","1.1508","0.0003"
"","309.4360","1.1407","0.0003"
"","309.5360","1.1309","0.0003"
"","309.6360","1.1206","0.0003"
"","309.7360","1.1107","0.0003"
"","309.8360","1.1009","0.0003"
"","309.9360","1.0908","0.0002"
"","310.0360","1.0807","0.0002"
"","310.1360","1.0708","0.0002"
"","310.2360","1.0610","0.0002"
"","310.3360","1.0506","0.0002"
"","310.4360","1.0405","0.0002"
"","310.5360","1.0308","0.0002"
"","310.6360","1.0210","0.0002"
"","310.7360","1.0107","0.0002"
"","310.8360","1.0006","0.0002"
"","310.9360","0.9910","0.0002"
"","311.0360","0.9808","0.0002"
"","311.1360","0.9706","0.0002"
"","311.2360","0.9607","0.0002"
"","311.3360","0.9510","0.0002"
"","311.4360","0.9408","0.0002"
"","311.5360","0.9307","0.0001"
"","311.6360","0.9209","0.0001"
"","311.7360","0.9107","0.0001"
"","311.8360","0.9008","0.0001"
"","311.9360","0.8907","0.0001"
"","312.0360","0.8810","0.0001"
"","312.1360","0.8705","0.0001"
"","312.2360","0.8607","0.0001"
"","312.3360","0.8508","0.0001"
"","312.4360","0.8408","0.0001"
"","312.5360","0.8306","0.0001"
"","312.6360","0.8208","0.0001"
"","312.7360","0.8111","0.0001"
"","312.8360","0.8007","0.0001"
"","312.9360","0.7905","0.0001"
"","313.0360","0.7808","0.0001"
"","313.1360","0.7710","0.0001"
"","313.2360","0.7607","0.0001"
"","313.3360","0.7506","0.0001"
"","313.4360","0.7409","0.0001"
"","313.5360","0.7308","0.0001"
"","313.6360","0.7207","0.0001"
"","313.7360","0.7106","0.0001"
"","313.8360","0.7009","0.0001"
"","313.9360","0.6908","0.0001"
"","314.0360","0.6807","0.0001"
"","314.1360","0.6708","0.0001"
"","314.2360","0.6608","0.0001"
"","314.3360","0.6508","0.0000"
"","314.4360","0.6407","0.0000"
"","314.5360","0.6310","0.0000"
"","314.6360","0.6207","0.0000"
"","314.7360","0.6107","0.0000"
"","314.8360","0.6008","0.0000"
"","314.9360","0.5908","0.0000"
"","315.0360","0.5807","0.0000"
"","315.1360","0.5707","0.0000"
"","315.2360","0.5610","0.0000"
"","315.3360","0.5507","0.0001"
"","315.4360","0.5407","0.0000"
"","315.5360","0.5308","0.0000"
"","315.6360","0.5210","0.0000"
"","315.7360","0.5107","0.0000"
"","315.8360","0.5007","0.0000"
"","315.9360","0.4909","0.0001"
"","316.0360","0.4808","0.0000"
"","316.1360","0.4707","0.0000"
"","316.2360","0.4607","0.0000"
"","316.3360","0.4509","0.0000"
"","316.4360","0.4408","0.0000"
"","316.5360","0.4308","0.0000"
"","316.6360","0.4208","0.0000"
"","316.7360","0.4107","0.0000"
"","316.8360","0.4007","0.0000"
"","316.9360","0.3907","0.0000"
"","317.0360","0.3809","0.0000"
"","317.1360","0.3706","0.0000"
"","317.2360","0.3607","0.0000"
"","317.3360","0.3509","0.0000"
"","317.4360","0.3408","0.0000"
"","317.5360","0.3307","0.0000"
"","317.6360","0.3209","0.0000"
"","317.7360","0.3109","0.0000"
"","317.8360","0.3006","0.0000"
"","317.9360","0.2906","0.0000"
"","318.0360","0.2809","0.0000"
"","318.1360","0.2710","0.0000"
"","318.2360","0.2607","0.0000"
"","318.3360","0.2506","0.0000"
"","318.4360","0.2410","0.0000"
"","318.5360","0.2308","0.0000"
"","318.6360","0.2206","0.0000"
"","318.7360","0.2107","0.0000"
"","318.8360","0.2010","0.0000"
"","318.9360","0.1908","0.0000"
"","319.0360","0.1807","0.0000"
"","319.1360","0.1709","0.0000"
"","319.2360","0.1607","0.0000"
"","319.3360","0.1507","0.0000"
"","319.4360","0.1407","0.0000"
"","319.5360","0.1310","0.0000"
"","319.6360","0.1206","0.0000"
"","319.7360","0.1107","0.0000"
"","319.8360","0.1008","0.0000"
"","319.9360","0.0908","0.0000"
"","320.0360","0.0807","-0.0001"
"","320.1360","0.0708","0.0000"
"","320.2360","0.0611","0.0000"
"","320.3360","0.0506","-0.0001"
"","320.4360","0.0405","-0.0001"
"","320.5360","0.0308","0.0000"
"","320.6360","0.0210","-0.0001"
"","320.7360","0.0108","0.0000"
"","320.8360","0.0006","-0.0001"
"","320.8420","0.0000","-0.0001"
"","320.8430","-0.0001","-0.0001"
"","320.8440","-0.0002","-0.0001"
"","320.9440","-0.0005","-0.0001"
"","321.0440","0.0071","0.0000"
"","321.1440","0.0191","0.0000"
"","321.2440","0.0293","0.0000"
"","321.3440","0.0396","0.0000"
"","321.4440","0.0496","-0.0001"
"","321.5440","0.0596","-0.0001"
"","321.6440","0.0693","0.0000"
"","321.7440","0.0796","0.0000"
"","321.8440","0.0896","0.0000"
"","321.9440","0.0995","0.0000"
"","322.0440","0.1094","0.0000"
"","322.1440","0.1197","0.0000"
"","322.2440","0.1297","0.0000"
"","322.3440","0.1393","0.0000"
"","322.4440","0.1496","0.0000"
"","322.5440","0.1596","0.0000"
"","322.6440","0.1697","0.0000"
"","322.7440","0.1794","0.0000"
"","322.8440","0.1896","0.0000"
"","322.9440","0.1995","0.0000"
"","323.0440","0.2095","0.0000"
"","323.1440","0.2197","0.0000"
"","323.2440","0.2296","0.0000"
"","323.3440","0.2396","0.0000"
"","323.4440","0.2493","0.0000"
"","323.5440","0.2596","0.0000"
"","323.6440","0.2696","0.0000"
"","323.7440","0.2794","0.0000"
"","323.8440","0.2895","0.0000"
"","323.9440","0.2997","0.0001"
"","324.0440","0.3097","0.0000"
"","324.1440","0.3193","0.0000"
"","324.2440","0.3296","0.0000"
"","324.3440","0.3396","0.0000"
"","324.4440","0.3495","0.0001"
"","324.5440","0.3593","0.0001"
"","324.6440","0.3696","0.0001"
"","324.7440","0.3797","0.0001"
"","324.8440","0.3894","0.0001"
"","324.9440","0.3996","0.0001"
"","325.0440","0.4097","0.0001"
"","325.1440","0.4197","0.0001"
"","325.2440","0.4293","0.0001"
"","325.3440","0.4395","0.0001"
"","325.4440","0.4496","0.0001"
"","325.5440","0.4594","0.0001"
"","325.6440","0.4696","0.0001"
"","325.7440","0.4797","0.0001"
"","325.8440","0.4897","0.0001"
"","325.9440","0.4993","0.0001"
"","326.0440","0.5096","0.0001"
"","326.1440","0.5195","0.0001"
"","326.2440","0.5295","0.0001"
"","326.3440","0.5395","0.0001"
"","326.4440","0.5497","0.0001"
"","326.5440","0.5596","0.0001"
"","326.6440","0.5693","0.0001"
"","326.7440","0.5796","0.0001"
"","326.8440","0.5896","0.0001"
"","326.9440","0.5996","0.0001"
"","327.0440","0.6093","0.0001"
"","327.1440","0.6196","0.0001"
"","327.2440","0.6297","0.0001"
"","327.3440","0.6394","0.0001"
"","327.4440","0.6495","0.0002"
"","327.5440","0.6596","0.0002"
"","327.6440","0.6697","0.0002"
"","327.7440","0.6794","0.0002"
"","327.8440","0.6895","0.0002"
"","327.9440","0.6995","0.0002"
"","328.0440","0.7096","0.0002"
"","328.1440","0.7197","0.0002"
"","328.2440","0.7295","0.0002"
"","328.3440","0.7396","0.0002"
"","328.4440","0.7493","0.0002"
"","328.5440","0.7596","0.0002"
"","328.6440","0.7695","0.0002"
"","328.7440","0.7795","0.0002"
"","328.8440","0.7896","0.0002"
"","328.9440","0.7997","0.0002"
"","329.0440","0.8096","0.0003"
"","329.1440","0.8193","0.0002"
"","329.2440","0.8296","0.0002"
"","329.3440","0.8397","0.0003"
"","329.4440","0.8495","0.0003"
"","329.5440","0.8594","0.0003"
"","329.6440","0.8697","0.0003"
"","329.7440","0.8798","0.0003"
"","329.8440","0.8893","0.0003"
"","329.9440","0.8996","0.0003"
"","330.0440","0.9095","0.0003"
"","330.1440","0.9197","0.0003"
"","330.2440","0.9293","0.0004"
"","330.3440","0.9396","0.0004"
"","330.4440","0.9495","0.0004"
"","330.5440","0.9596","0.0004"
"","330.6440","0.9696","0.0004"
"","330.7440","0.9796","0.0004"
"","330.8440","0.9896","0.0004"
"","330.9440","0.9993","0.0004"
"","331.0440","1.0097","0.0004"
"","331.1440","1.0195","0.0005"
"","331.2440","1.0294","0.0005"
"","331.3440","1.0395","0.0005"
"","331.4440","1.0497","0.0005"
"","331.5440","1.0596","0.0005"
"","331.6440","1.0694","0.0005"
"","331.7440","1.0795","0.0005"
"","331.8440","1.0897","0.0005"
"","331.9440","1.0995","0.0005"
"","332.0440","1.1094","0.0006"
"","332.1440","1.1196","0.0006"
"","332.2440","1.1297","0.0006"
"","332.3440","1.1393","0.0006"
"","332.4440","1.1496","0.0006"
"","332.5440","1.1596","0.0007"
"","332.6440","1.1697","0.0007"
"","332.7440","1.1793","0.0007"
"","332.8440","1.1895","0.0008"
"","332.9440","1.1996","0.0007"
"","333.0440","1.2095","0.0007"
"","333.1440","1.2195","0.0007"
"","333.2440","1.2296","0.0008"
"","333.3440","1.2397","0.0009"
"","333.4440","1.2493","0.0008"
"","333.5440","1.2597","0.0009"
"","333.6440","1.2695","0.0009"
"","333.7440","1.2795","0.0009"
"","333.8440","1.2895","0.0009"
"","333.9440","1.2997","0.0009"
"","334.0440","1.3096","0.0010"
"","334.1440","1.3193","0.0010"
"","334.2440","1.3296","0.0010"
"","334.3440","1.3397","0.0011"
"","334.4440","1.3495","0.0011"
"","334.5440","1.3593","0.0011"
"","334.6440","1.3696","0.0011"
"","334.7440","1.3797","0.0012"
"","334.8440","1.3894","0.0012"
"","334.9440","1.3995","0.0012"
"","335.0440","1.4095","0.0013"
"","335.1440","1.4197","0.0013"
"","335.2440","1.4294","0.0013"
"","335.3440","1.4395","0.0013"
"","335.4440","1.4496","0.0014"
"","335.5440","1.4595","0.0014"
"","335.6440","1.4696","0.0014"
"","335.7440","1.4795","0.0015"
"","335.8440","1.4896","0.0015"
"","335.9440","1.4994","0.0015"
"","336.0440","1.5095","0.0016"
"","336.1440","1.5194","0.0017"
"","336.2440","1.5294","0.0016"
"","336.3440","1.5396","0.0017"
"","336.4440","1.5498","0.0018"
"","336.5440","1.5596","0.0018"
"","336.6440","1.5693","0.0019"
"","336.7440","1.5796","0.0019"
"","336.8440","1.5896","0.0019"
"","336.9440","1.5995","0.0020"
"","337.0440","1.6094","0.0021"
"","337.1440","1.6197","0.0021"
"","337.2440","1.6297","0.0022"
"","337.3440","1.6393","0.0022"
"","337.4440","1.6496","0.0023"
"","337.5440","1.6596","0.0024"
"","337.6440","1.6697","0.0024"
"","337.7440","1.6793","0.0025"
"","337.8440","1.6896","0.0026"
"","337.9440","1.6996","0.0026"
"","338.0440","1.7095","0.0027"
"","338.1440","1.7196","0.0028"
"","338.2440","1.7297","0.0028"
"","338.3440","1.7397","0.0029"
"","338.4440","1.7493","0.0030"
"","338.5440","1.7596","0.0031"
"","338.6440","1.7696","0.0032"
"","338.7440","1.7795","0.0033"
"","338.8440","1.7895","0.0033"
"","338.9440","1.7997","0.0035"
"","339.0440","1.8097","0.0036"
"","339.1440","1.8194","0.0036"
"","339.2440","1.8295","0.0037"
"","339.3440","1.8397","0.0039"
"","339.4440","1.8495","0.0040"
"","339.5440","1.8594","0.0041"
"","339.6440","1.8696","0.0043"
"","339.7440","1.8797","0.0044"
"","339.8440","1.8893","0.0045"
"","339.9440","1.8995","0.0046"
"","340.0440","1.9096","0.0047"
"","340.1440","1.9198","0.0049"
"","340.2440","1.9293","0.0050"
"","340.3440","1.9395","0.0051"
"","340.4440","1.9496","0.0053"
"","340.5440","1.9595","0.0055"
"","340.6440","1.9696","0.0056"
"","340.7440","1.9796","0.0058"
"","340.8440","1.9897","0.0060"
"","340.9440","1.9993","0.0060"
"","341.0440","2.0096","0.0063"
"","341.1440","2.0195","0.0065"
"","341.2440","2.0295","0.0066"
"","341.3440","2.0395","0.0068"
"","341.4440","2.0497","0.0069"
"","341.5440","2.0596","0.0072"
"","341.6440","2.0693","0.0074"
"","341.7440","2.0796","0.0075"
"","341.8440","2.0897","0.0077"
"","341.9440","2.0995","0.0079"
"","342.0440","2.1093","0.0080"
"","342.1440","2.1196","0.0084"
"","342.2440","2.1297","0.0086"
"","342.3440","2.1393","0.0087"
"","342.4440","2.1495","0.0089"
"","342.5440","2.1596","0.0092"
"","342.6440","2.1697","0.0094"
"","342.7440","2.1793","0.0096"
"","342.8440","2.1895","0.0099"
"","342.9440","2.1996","0.0101"
"","343.0440","2.2095","0.0104"
"","343.1440","2.2195","0.0106"
"","343.2440","2.2296","0.0109"
"","343.3440","2.2396","0.0112"
"","343.4440","2.2493","0.0114"
"","343.5440","2.2595","0.0117"
"","343.6440","2.2695","0.0120"
"","343.7440","2.2795","0.0123"
"","343.8440","2.2896","0.0125"
"","343.9440","2.2996","0.0129"
"","344.0440","2.3096","0.0132"
"","344.1440","2.3193","0.0135"
"","344.2440","2.3297","0.0139"
"","344.3440","2.3395","0.0142"
"","344.4440","2.3495","0.0145"
"","344.5440","2.3594","0.0149"
"","344.6440","2.3697","0.0152"
"","344.7440","2.3797","0.0156"
"","344.8440","2.3893","0.0160"
"","344.9440","2.3996","0.0163"
"","345.0440","2.4096","0.0167"
"","345.1440","2.4196","0.0172"
"","345.2440","2.4292","0.0175"
"","345.3440","2.4396","0.0179"
"","345.4440","2.4496","0.0184"
"","345.5440","2.4596","0.0188"
"","345.6440","2.4695","0.0192"
"","345.7440","2.4797","0.0197"
"","345.8440","2.4897","0.0201"
"","345.9440","2.4993","0.0206"
"","346.0440","2.5096","0.0210"
"","346.1440","2.5196","0.0215"
"","346.2440","2.5295","0.0219"
"","346.3440","2.5396","0.0224"
"","346.4440","2.5495","0.0229"
"","346.5440","2.5596","0.0234"
"","346.6440","2.5694","0.0239"
"","346.7440","2.5796","0.0244"
"","346.8440","2.5896","0.0249"
"","346.9440","2.5996","0.0255"
"","347.0440","2.6094","0.0260"
"","347.1440","2.6197","0.0265"
"","347.2440","2.6297","0.0270"
"","347.3440","2.6393","0.0276"
"","347.4440","2.6496","0.0281"
"","347.5440","2.6597","0.0287"
"","347.6440","2.6697","0.0291"
"","347.7440","2.6793","0.0297"
"","347.8440","2.6895","0.0302"
"","347.9440","2.6996","0.0308"
"","348.0440","2.7095","0.0313"
"","348.1440","2.7196","0.0318"
"","348.2440","2.7297","0.0324"
"","348.3440","2.7397","0.0328"
"","348.4440","2.7493","0.0332"
"","348.5440","2.7596","0.0336"
"","348.6440","2.7695","0.0338"
"","348.7440","2.7795","0.0340"
"","348.8440","2.7894","0.0341"
"","348.9440","2.7997","0.0342"
"","349.0440","2.8096","0.0343"
"","349.1440","2.8193","0.0344"
"","349.2440","2.8296","0.0344"
"","349.3440","2.8396","0.0344"
"","349.4440","2.8495","0.0345"
"","349.5440","2.8593","0.0345"
"","349.6440","2.8696","0.0345"
"","349.7440","2.8797","0.0345"
"","349.8440","2.8894","0.0345"
"","349.9440","2.8995","0.0344"
"","350.0440","2.9095","0.0345"
"","350.1440","2.9197","0.0347"
"","350.2440","2.9294","0.0349"
"","350.3440","2.9395","0.0353"
"","350.4440","2.9496","0.0358"
"","350.5440","2.9595","0.0363"
"","350.6440","2.9695","0.0368"
"","350.7440","2.9795","0.0374"
"","350.8440","2.9896","0.0381"
"","350.9440","2.9994","0.0388"
"","351.0440","3.0096","0.0394"
"","351.1440","3.0194","0.0401"
"","351.2440","3.0294","0.0408"
"","351.3440","3.0396","0.0414"
"","351.4440","3.0497","0.0421"
"","351.5440","3.0596","0.0428"
"","351.6440","3.0693","0.0435"
"","351.7440","3.0796","0.0442"
"","351.8440","3.0896","0.0449"
"","351.9440","3.0995","0.0456"
"","352.0440","3.1094","0.0463"
"","352.1440","3.1197","0.0470"
"","352.2440","3.1297","0.0477"
"","352.3440","3.1393","0.0484"
"","352.4440","3.1496","0.0491"
"","352.5440","3.1596","0.0498"
"","352.6440","3.1697","0.0505"
"","352.7440","3.1792","0.0512"
"","352.8440","3.1896","0.0520"
"","352.9440","3.1996","0.0527"
"","353.0440","3.2096","0.0534"
"","353.1440","3.2195","0.0541"
"","353.2440","3.2297","0.0549"
"","353.3440","3.2397","0.0556"
"","353.4440","3.2493","0.0563"
"","353.5440","3.2596","0.0571"
"","353.6440","3.2695","0.0578"
"","353.7440","3.2795","0.0586"
"","353.8440","3.2895","0.0593"
"","353.9440","3.2997","0.0601"
"","354.0440","3.3097","0.0608"
"","354.1440","3.3194","0.0616"
"","354.2440","3.3295","0.0624"
"","354.3440","3.3397","0.0631"
"","354.4440","3.3495","0.0639"
"","354.5440","3.3594","0.0647"
"","354.6440","3.3695","0.0655"
"","354.7440","3.3797","0.0662"
"","354.8440","3.3893","0.0670"
"","354.9440","3.3995","0.0678"
"","355.0440","3.4096","0.0686"
"","355.1440","3.4197","0.0694"
"","355.2440","3.4293","0.0702"
"","355.3440","3.4395","0.0710"
"","355.4440","3.4495","0.0718"
"","355.5440","3.4595","0.0726"
"","355.6440","3.4695","0.0734"
"","355.7440","3.4796","0.0742"
"","355.8440","3.4897","0.0750"
"","355.9440","3.4993","0.0758"
"","356.0440","3.5096","0.0766"
"","356.1440","3.5195","0.0774"
"","356.2440","3.5295","0.0783"
"","356.3440","3.5395","0.0791"
"","356.4440","3.5497","0.0799"
"","356.5440","3.5595","0.0807"
"","356.6440","3.5692","0.0815"
"","356.7440","3.5795","0.0824"
"","356.8440","3.5896","0.0832"
"","356.9440","3.5996","0.0840"
"","357.0440","3.6094","0.0848"
"","357.1440","3.6198","0.0857"
"","357.2440","3.6297","0.0866"
"","357.3440","3.6394","0.0874"
"","357.4440","3.6496","0.0882"
"","357.5440","3.6596","0.0891"
"","357.6440","3.6697","0.0899"
"","357.7440","3.6793","0.0908"
"","357.8440","3.6895","0.0916"
"","357.9440","3.6996","0.0925"
"","358.0440","3.7095","0.0933"
"","358.1440","3.7195","0.0942"
"","358.2440","3.7295","0.0951"
"","358.3440","3.7396","0.0959"
"","358.4440","3.7493","0.0967"
"","358.5440","3.7596","0.0976"
"","358.6440","3.7695","0.0985"
"","358.7440","3.7795","0.0994"
"","358.8440","3.7896","0.1003"
"","358.9440","3.7997","0.1011"
"","359.0440","3.8095","0.1020"
"","359.1440","3.8193","0.1029"
"","359.2440","3.8296","0.1038"
"","359.3440","3.8396","0.1046"
"","359.4440","3.8495","0.1055"
"","359.5440","3.8594","0.1064"
"","359.6440","3.8697","0.1073"
"","359.7440","3.8797","0.1082"
"","359.8440","3.8893","0.1090"
"","359.9440","3.8996","0.1099"
"","360.0440","3.9095","0.1108"
"","360.1440","3.9196","0.1117"
"","360.2440","3.9293","0.1125"
"","360.3440","3.9396","0.1134"
"","360.4440","3.9496","0.1143"
"","360.5440","3.9595","0.1152"
"","360.6440","3.9697","0.1161"
"","360.7440","3.9796","0.1170"
"","360.8440","3.9896","0.1178"
"","360.9440","3.9992","0.1186"
"","360.9520","4.0001","0.1187"
"","360.9530","4.0002","0.1187"
"","360.9540","4.0003","0.1187"
"","361.0540","4.0009","0.1186"
"","361.1540","3.9935","0.1175"
"","361.2540","3.9813","0.1159"
"","361.3540","3.9708","0.1145"
"","361.4540","3.9607","0.1132"
"","361.5540","3.9511","0.1120"
"","361.6540","3.9409","0.1107"
"","361.7540","3.9308","0.1095"
"","361.8540","3.9209","0.1083"
"","361.9540","3.9109","0.1071"
"","362.0540","3.9009","0.1059"
"","362.1540","3.8908","0.1047"
"","362.2540","3.8811","0.1035"
"","362.3540","3.8707","0.1023"
"","362.4540","3.8607","0.1012"
"","362.5540","3.8509","0.1000"
"","362.6540","3.8409","0.0989"
"","362.7540","3.8308","0.0978"
"","362.8540","3.8208","0.0966"
"","362.9540","3.8111","0.0956"
"","363.0540","3.8007","0.0944"
"","363.1540","3.7906","0.0933"
"","363.2540","3.7808","0.0922"
"","363.3540","3.7710","0.0911"
"","363.4540","3.7608","0.0900"
"","363.5540","3.7507","0.0890"
"","363.6540","3.7410","0.0879"
"","363.7540","3.7309","0.0868"
"","363.8540","3.7208","0.0858"
"","363.9540","3.7107","0.0847"
"","364.0540","3.7011","0.0837"
"","364.1540","3.6909","0.0826"
"","364.2540","3.6808","0.0816"
"","364.3540","3.6708","0.0806"
"","364.4540","3.6609","0.0796"
"","364.5540","3.6508","0.0785"
"","364.6540","3.6407","0.0776"
"","364.7540","3.6310","0.0765"
"","364.8540","3.6208","0.0755"
"","364.9540","3.6108","0.0745"
"","365.0540","3.6008","0.0735"
"","365.1540","3.5909","0.0726"
"","365.2540","3.5808","0.0716"
"","365.3540","3.5708","0.0706"
"","365.4540","3.5611","0.0697"
"","365.5540","3.5507","0.0687"
"","365.6540","3.5407","0.0677"
"","365.7540","3.5309","0.0668"
"","365.8540","3.5210","0.0659"
"","365.9540","3.5108","0.0649"
"","366.0540","3.5007","0.0640"
"","366.1540","3.4910","0.0631"
"","366.2540","3.4808","0.0621"
"","366.3540","3.4708","0.0612"
"","366.4540","3.4607","0.0603"
"","366.5540","3.4511","0.0594"
"","366.6540","3.4408","0.0585"
"","366.7540","3.4308","0.0576"
"","366.8540","3.4208","0.0567"
"","366.9540","3.4109","0.0559"
"","367.0540","3.4008","0.0550"
"","367.1540","3.3908","0.0541"
"","367.2540","3.3810","0.0533"
"","367.3540","3.3707","0.0524"
"","367.4540","3.3608","0.0515"
"","367.5540","3.3510","0.0507"
"","367.6540","3.3409","0.0499"
"","367.7540","3.3308","0.0490"
"","367.8540","3.3209","0.0482"
"","367.9540","3.3110","0.0474"
"","368.0540","3.3007","0.0466"
"","368.1540","3.2906","0.0458"
"","368.2540","3.2808","0.0450"
"","368.3540","3.2710","0.0443"
"","368.4540","3.2608","0.0435"
"","368.5540","3.2507","0.0427"
"","368.6540","3.2410","0.0420"
"","368.7540","3.2308","0.0412"
"","368.8540","3.2206","0.0404"
"","368.9540","3.2107","0.0397"
"","369.0540","3.2011","0.0390"
"","369.1540","3.1908","0.0383"
"","369.2540","3.1807","0.0375"
"","369.3540","3.1710","0.0369"
"","369.4540","3.1608","0.0362"
"","369.5540","3.1508","0.0356"
"","369.6540","3.1408","0.0353"
"","369.7540","3.1311","0.0349"
"","369.8540","3.1207","0.0346"
"","369.9540","3.1107","0.0343"
"","370.0540","3.1009","0.0338"
"","370.1540","3.0909","0.0335"
"","370.2540","3.0807","0.0333"
"","370.3540","3.0708","0.0333"
"","370.4540","3.0611","0.0331"
"","370.5540","3.0507","0.0330"
"","370.6540","3.0406","0.0330"
"","370.7540","3.0309","0.0330"
"","370.8540","3.0210","0.0329"
"","370.9540","3.0108","0.0329"
"","371.0540","3.0007","0.0329"
"","371.1540","2.9910","0.0329"
"","371.2540","2.9809","0.0329"
"","371.3540","2.9707","0.0330"
"","371.4540","2.9607","0.0331"
"","371.5540","2.9511","0.0331"
"","371.6540","2.9409","0.0329"
"","371.7540","2.9308","0.0323"
"","371.8540","2.9208","0.0318"
"","371.9540","2.9109","0.0312"
"","372.0540","2.9009","0.0306"
"","372.1540","2.8908","0.0299"
"","372.2540","2.8810","0.0293"
"","372.3540","2.8707","0.0286"
"","372.4540","2.8608","0.0280"
"","372.5540","2.8509","0.0273"
"","372.6540","2.8409","0.0267"
"","372.7540","2.8308","0.0261"
"","372.8540","2.8208","0.0255"
"","372.9540","2.8110","0.0249"
"","373.0540","2.8007","0.0242"
"","373.1540","2.7907","0.0237"
"","373.2540","2.7809","0.0231"
"","373.3540","2.7710","0.0226"
"","373.4540","2.7608","0.0220"
"","373.5540","2.7507","0.0215"
"","373.6540","2.7410","0.0210"
"","373.7540","2.7308","0.0204"
"","373.8540","2.7208","0.0199"
"","373.9540","2.7107","0.0194"
"","374.0540","2.7010","0.0189"
"","374.1540","2.6908","0.0185"
"","374.2540","2.6807","0.0180"
"","374.3540","2.6709","0.0175"
"","374.4540","2.6609","0.0171"
"","374.5540","2.6508","0.0166"
"","374.6540","2.6407","0.0162"
"","374.7540","2.6310","0.0158"
"","374.8540","2.6208","0.0154"
"","374.9540","2.6108","0.0150"
"","375.0540","2.6009","0.0146"
"","375.1540","2.5908","0.0142"
"","375.2540","2.5809","0.0138"
"","375.3540","2.5708","0.0135"
"","375.4540","2.5610","0.0131"
"","375.5540","2.5507","0.0127"
"","375.6540","2.5408","0.0124"
"","375.7540","2.5309","0.0121"
"","375.8540","2.5210","0.0118"
"","375.9540","2.5107","0.0114"
"","376.0540","2.5007","0.0111"
"","376.1540","2.4911","0.0108"
"","376.2540","2.4808","0.0105"
"","376.3540","2.4706","0.0102"
"","376.4540","2.4607","0.0100"
"","376.5540","2.4511","0.0097"
"","376.6540","2.4408","0.0095"
"","376.7540","2.4307","0.0092"
"","376.8540","2.4209","0.0090"
"","376.9540","2.4109","0.0087"
"","377.0540","2.4008","0.0085"
"","377.1540","2.3908","0.0083"
"","377.2540","2.3811","0.0081"
"","377.3540","2.3707","0.0079"
"","377.4540","2.3607","0.0077"
"","377.5540","2.3509","0.0075"
"","377.6540","2.3409","0.0073"
"","377.7540","2.3308","0.0071"
"","377.8540","2.3208","0.0069"
"","377.9540","2.3111","0.0067"
"","378.0540","2.3007","0.0066"
"","378.1540","2.2906","0.0064"
"","378.2540","2.2808","0.0062"
"","378.3540","2.2710","0.0060"
"","378.4540","2.2608","0.0059"
"","378.5540","2.2507","0.0057"
"","378.6540","2.2410","0.0056"
"","378.7540","2.2309","0.0054"
"","378.8540","2.2207","0.0053"
"","378.9540","2.2107","0.0051"
"","379.0540","2.2011","0.0050"
"","379.1540","2.1909","0.0049"
"","379.2540","2.1808","0.0047"
"","379.3540","2.1709","0.0046"
"","379.4540","2.1609","0.0045"
"","379.5540","2.1508","0.0044"
"","379.6540","2.1407","0.0042"
"","379.7540","2.1311","0.0041"
"","379.8540","2.1207","0.0040"
"","379.9540","2.1108","0.0039"
"","380.0540","2.1009","0.0038"
"","380.1540","2.0909","0.0037"
"","380.2540","2.0808","0.0036"
"","380.3540","2.0708","0.0034"
"","380.4540","2.0610","0.0034"
"","380.5540","2.0508","0.0032"
"","380.6540","2.0407","0.0031"
"","380.7540","2.0309","0.0031"
"","380.8540","2.0210","0.0030"
"","380.9540","2.0108","0.0029"
"","381.0540","2.0007","0.0028"
"","381.1540","1.9910","0.0027"
"","381.2540","1.9808","0.0026"
"","381.3540","1.9708","0.0026"
"","381.4540","1.9607","0.0025"
"","381.5540","1.9510","0.0024"
"","381.6540","1.9408","0.0024"
"","381.7540","1.9308","0.0023"
"","381.8540","1.9209","0.0022"
"","381.9540","1.9108","0.0022"
"","382.0540","1.9008","0.0021"
"","382.1540","1.8907","0.0021"
"","382.2540","1.8810","0.0020"
"","382.3540","1.8707","0.0019"
"","382.4540","1.8608","0.0019"
"","382.5540","1.8510","0.0018"
"","382.6540","1.8409","0.0018"
"","382.7540","1.8307","0.0017"
"","382.8540","1.8209","0.0017"
"","382.9540","1.8110","0.0016"
"","383.0540","1.8007","0.0016"
"","383.1540","1.7906","0.0015"
"","383.2540","1.7809","0.0015"
"","383.3540","1.7710","0.0015"
"","383.4540","1.7608","0.0014"
"","383.5540","1.7506","0.0014"
"","383.6540","1.7410","0.0014"
"","383.7540","1.7308","0.0013"
"","383.8540","1.7207","0.0013"
"","383.9540","1.7107","0.0013"
"","384.0540","1.7011","0.0012"
"","384.1540","1.6908","0.0012"
"","384.2540","1.6808","0.0011"
"","384.3540","1.6709","0.0011"
"","384.4540","1.6608","0.0011"
"","384.5540","1.6508","0.0011"
"","384.6540","1.6408","0.0010"
"","384.7540","1.6311","0.0010"
"","384.8540","1.6206","0.0010"
"","384.9540","1.6107","0.0010"
"","385.0540","1.6009","0.0009"
"","385.1540","1.5908","0.0009"
"","385.2540","1.5808","0.0009"
"","385.3540","1.5709","0.0009"
"","385.4540","1.5612","0.0008"
"","385.5540","1.5507","0.0008"
"","385.6540","1.5406","0.0008"
"","385.7540","1.5309","0.0008"
"","385.8540","1.5211","0.0008"
"","385.9540","1.5109","0.0007"
"","386.0540","1.5007","0.0007"
"","386.1540","1.4910","0.0007"
"","386.2540","1.4809","0.0007"
"","386.3540","1.4707","0.0007"
"","386.4540","1.4607","0.0007"
"","386.5540","1.4510","0.0006"
"","386.6540","1.4409","0.0006"
"","386.7540","1.4308","0.0006"
"","386.8540","1.4208","0.0006"
"","386.9540","1.4109","0.0006"
"","387.0540","1.4008","0.0006"
"","387.1540","1.3907","0.0005"
"","387.2540","1.3811","0.0005"
"","387.3540","1.3707","0.0005"
"","387.4540","1.3608","0.0005"
"","387.5540","1.3509","0.0005"
"","387.6540","1.3409","0.0005"
"","387.7540","1.3307","0.0005"
"","387.8540","1.3208","0.0005"
"","387.9540","1.3110","0.0005"
"","388.0540","1.3008","0.0004"
"","388.1540","1.2907","0.0004"
"","388.2540","1.2809","0.0004"
"","388.3540","1.2710","0.0004"
"","388.4540","1.2608","0.0004"
"","388.5540","1.2507","0.0004"
"","388.6540","1.2410","0.0004"
"","388.7540","1.2308","0.0004"
"","388.8540","1.2208","0.0003"
"","388.9540","1.2107","0.0003"
"","389.0540","1.2010","0.0003"
"","389.1540","1.1909","0.0003"
"","389.2540","1.1808","0.0003"
"","389.3540","1.1709","0.0003"
"","389.4540","1.1608","0.0003"
"","389.5540","1.1508","0.0003"
"","389.6540","1.1407","0.0003"
"","389.7540","1.1310","0.0003"
"","389.8540","1.1207","0.0003"
"","389.9540","1.1108","0.0002"
"","390.0540","1.1010","0.0002"
"","390.1540","1.0909","0.0002"
"","390.2540","1.0807","0.0002"
"","390.3540","1.0709","0.0002"
"","390.4540","1.0610","0.0002"
"","390.5540","1.0507","0.0002"
"","390.6540","1.0406","0.0002"
"","390.7540","1.0309","0.0002"
"","390.8540","1.0210","0.0002"
"","390.9540","1.0108","0.0002"
"","391.0540","1.0006","0.0002"
"","391.1540","0.9911","0.0002"
"","391.2540","0.9808","0.0002"
"","391.3540","0.9707","0.0002"
"","391.4540","0.9607","0.0001"
"","391.5540","0.9511","0.0001"
"","391.6540","0.9409","0.0001"
"","391.7540","0.9307","0.0001"
"","391.8540","0.9209","0.0001"
"","391.9540","0.9107","0.0001"
"","392.0540","0.9008","0.0001"
"","392.1540","0.8908","0.0001"
"","392.2540","0.8811","0.0001"
"","392.3540","0.8706","0.0001"
"","392.4540","0.8607","0.0001"
"","392.5540","0.8509","0.0001"
"","392.6540","0.8409","0.0001"
"","392.7540","0.8307","0.0001"
"","392.8540","0.8208","0.0001"
"","392.9540","0.8112","0.0001"
"","393.0540","0.8007","0.0001"
"","393.1540","0.7906","0.0001"
"","393.2540","0.7809","0.0001"
"","393.3540","0.7711","0.0001"
"","393.4540","0.7608","0.0001"
"","393.5540","0.7507","0.0001"
"","393.6540","0.7409","0.0001"
"","393.7540","0.7309","0.0001"
"","393.8540","0.7208","0.0001"
"","393.9540","0.7107","0.0000"
"","394.0540","0.7010","0.0000"
"","394.1540","0.6908","0.0000"
"","394.2540","0.6808","0.0000"
"","394.3540","0.6709","0.0000"
"","394.4540","0.6609","0.0000"
"","394.5540","0.6508","0.0000"
"","394.6540","0.6407","0.0000"
"","394.7540","0.6310","0.0000"
"","394.8540","0.6207","0.0000"
"","394.9540","0.6107","0.0000"
"","395.0540","0.6009","0.0000"
"","395.1540","0.5909","0.0000"
"","395.2540","0.5808","0.0000"
"","395.3540","0.5708","0.0000"
"","395.4540","0.5610","0.0000"
"","395.5540","0.5508","0.0000"
"","395.6540","0.5407","0.0000"
"","395.7540","0.5308","0.0000"
"","395.8540","0.5210","0.0000"
"","395.9540","0.5108","0.0000"
"","396.0540","0.5007","0.0000"
"","396.1540","0.4909","0.0000"
"","396.2540","0.4808","0.0000"
"","396.3540","0.4708","0.0000"
"","396.4540","0.4607","0.0000"
"","396.5540","0.4510","0.0000"
"","396.6540","0.4408","0.0000"
"","396.7540","0.4309","0.0000"
"","396.8540","0.4209","0.0000"
"","396.9540","0.4108","0.0000"
"","397.0540","0.4008","0.0000"
"","397.1540","0.3908","0.0000"
"","397.2540","0.3810","0.0000"
"","397.3540","0.3706","0.0000"
"","397.4540","0.3608","0.0000"
"","397.5540","0.3510","0.0000"
"","397.6540","0.3409","0.0000"
"","397.7540","0.3307","0.0000"
"","397.8540","0.3209","0.0000"
"","397.9540","0.3110","0.0000"
"","398.0540","0.3007","0.0000"
"","398.1540","0.2906","0.0000"
"","398.2540","0.2809","0.0000"
"","398.3540","0.2710","0.0000"
"","398.4540","0.2608","0.0000"
"","398.5540","0.2506","0.0000"
"","398.6540","0.2411","0.0000"
"","398.7540","0.2309","0.0000"
"","398.8540","0.2207","-0.0001"
"","398.9540","0.2107","0.0000"
"","399.0540","0.2011","0.0000"
"","399.1540","0.1909","0.0000"
"","399.2540","0.1807","0.0000"
"","399.3540","0.1709","0.0000"
"","399.4540","0.1608","0.0000"
"","399.5540","0.1508","0.0000"
"","399.6540","0.1408","-0.0001"
"","399.7540","0.1311","0.0000"
"","399.8540","0.1207","0.0000"
"","399.9540","0.1108","0.0000"
"","400.0540","0.1009","-0.0001"
"","400.1540","0.0909","0.0000"
"","400.2540","0.0807","0.0000"
"","400.3540","0.0708","0.0000"
"","400.4540","0.0611","-0.0001"
"","400.5540","0.0507","-0.0001"
"","400.6540","0.0406","-0.0001"
"","400.7540","0.0309","-0.0001"
"","400.8540","0.0211","-0.0001"
"","400.9540","0.0108","-0.0001"
"","401.0540","0.0007","-0.0001"
"","401.0610","-0.0001","-0.0001"

