1,Time,Displacement,Force
,(s),(mm),(kN)
"","0.0000","0.0000","0.0000"
"","0.1000","0.0021","0.0001"
"","0.2000","0.0142","0.0001"
"","0.3000","0.0251","0.0001"
"","0.4000","0.0347","0.0001"
"","0.5000","0.0451","0.0001"
"","0.6000","0.0550","0.0001"
"","0.7000","0.0651","0.0002"
"","0.8000","0.0750","0.0002"
"","0.9000","0.0851","0.0002"
"","1.0000","0.0951","0.0002"
"","1.1000","0.1048","0.0002"
"","1.2000","0.1152","0.0002"
"","1.3000","0.1251","0.0002"
"","1.4000","0.1351","0.0003"
"","1.5000","0.1449","0.0003"
"","1.6000","0.1552","0.0003"
"","1.7000","0.1651","0.0003"
"","1.8000","0.1748","0.0004"
"","1.9000","0.1851","0.0004"
"","2.0000","0.1952","0.0004"
"","2.1000","0.2050","0.0004"
"","2.2000","0.2148","0.0004"
"","2.3000","0.2251","0.0005"
"","2.4000","0.2351","0.0005"
"","2.5000","0.2449","0.0005"
"","2.6000","0.2550","0.0005"
"","2.7000","0.2652","0.0006"
"","2.8000","0.2752","0.0006"
"","2.9000","0.2848","0.0006"
"","3.0000","0.2950","0.0007"
"","3.1000","0.3052","0.0007"
"","3.2000","0.3151","0.0007"
"","3.3000","0.3250","0.0007"
"","3.4000","0.3351","0.0008"
"","3.5000","0.3451","0.0008"
"","3.6000","0.3548","0.0008"
"","3.7000","0.3651","0.0009"
"","3.8000","0.3751","0.0009"
"","3.9000","0.3851","0.0009"
"","4.0000","0.3949","0.0010"
"","4.1000","0.4051","0.0010"
"","4.2000","0.4151","0.0011"
"","4.3000","0.4249","0.0011"
"","4.4000","0.4351","0.0011"
"","4.5000","0.4451","0.0012"
"","4.6000","0.4551","0.0012"
"","4.7000","0.4648","0.0012"
"","4.8000","0.4751","0.0013"
"","4.9000","0.4851","0.0013"
"","5.0000","0.4949","0.0014"
"","5.1000","0.5050","0.0014"
"","5.2000","0.5152","0.0015"
"","5.3000","0.5252","0.0015"
"","5.4000","0.5348","0.0016"
"","5.5000","0.5449","0.0016"
"","5.6000","0.5551","0.0017"
"","5.7000","0.5651","0.0017"
"","5.8000","0.5750","0.0018"
"","5.9000","0.5851","0.0018"
"","6.0000","0.5951","0.0019"
"","6.1000","0.6050","0.0019"
"","6.2000","0.6151","0.0020"
"","6.3000","0.6250","0.0021"
"","6.4000","0.6350","0.0021"
"","6.5000","0.6449","0.0022"
"","6.6000","0.6551","0.0022"
"","6.7000","0.6650","0.0023"
"","6.8000","0.6749","0.0024"
"","6.9000","0.6853","0.0025"
"","7.0000","0.6951","0.0025"
"","7.1000","0.7050","0.0026"
"","7.2000","0.7147","0.0027"
"","7.3000","0.7252","0.0028"
"","7.4000","0.7352","0.0029"
"","7.5000","0.7449","0.0030"
"","7.6000","0.7550","0.0031"
"","7.7000","0.7651","0.0032"
"","7.8000","0.7753","0.0033"
"","7.9000","0.7847","0.0035"
"","8.0000","0.7951","0.0036"
"","8.1000","0.8050","0.0037"
"","8.2000","0.8151","0.0038"
"","8.3000","0.8249","0.0039"
"","8.4000","0.8351","0.0040"
"","8.5000","0.8451","0.0042"
"","8.6000","0.8549","0.0043"
"","8.7000","0.8651","0.0045"
"","8.8000","0.8751","0.0046"
"","8.9000","0.8851","0.0048"
"","9.0000","0.8949","0.0049"
"","9.1000","0.9051","0.0051"
"","9.2000","0.9151","0.0053"
"","9.3000","0.9249","0.0054"
"","9.4000","0.9352","0.0056"
"","9.5000","0.9452","0.0058"
"","9.6000","0.9550","0.0060"
"","9.7000","0.9648","0.0062"
"","9.8000","0.9751","0.0064"
"","9.9000","0.9852","0.0066"
"","10.0000","0.9949","0.0067"
"","10.1000","1.0050","0.0069"
"","10.2000","1.0151","0.0071"
"","10.3000","1.0252","0.0073"
"","10.4000","1.0347","0.0075"
"","10.5000","1.0449","0.0078"
"","10.6000","1.0551","0.0080"
"","10.7000","1.0652","0.0082"
"","10.8000","1.0750","0.0084"
"","10.9000","1.0851","0.0086"
"","11.0000","1.0951","0.0089"
"","11.1000","1.1049","0.0091"
"","11.2000","1.1151","0.0093"
"","11.3000","1.1251","0.0096"
"","11.4000","1.1351","0.0098"
"","11.5000","1.1449","0.0100"
"","11.6000","1.1551","0.0103"
"","11.7000","1.1650","0.0106"
"","11.8000","1.1749","0.0108"
"","11.9000","1.1852","0.0111"
"","12.0000","1.1951","0.0113"
"","12.1000","1.2051","0.0116"
"","12.2000","1.2147","0.0118"
"","12.3000","1.2251","0.0121"
"","12.4000","1.2352","0.0124"
"","12.5000","1.2450","0.0126"
"","12.6000","1.2550","0.0129"
"","12.7000","1.2651","0.0132"
"","12.8000","1.2752","0.0135"
"","12.9000","1.2847","0.0137"
"","13.0000","1.2949","0.0141"
"","13.1000","1.3051","0.0143"
"","13.2000","1.3152","0.0146"
"","13.3000","1.3250","0.0149"
"","13.4000","1.3351","0.0153"
"","13.5000","1.3450","0.0156"
"","13.6000","1.3549","0.0159"
"","13.7000","1.3651","0.0162"
"","13.8000","1.3750","0.0165"
"","13.9000","1.3850","0.0169"
"","14.0000","1.3949","0.0172"
"","14.1000","1.4051","0.0176"
"","14.2000","1.4150","0.0179"
"","14.3000","1.4249","0.0183"
"","14.4000","1.4352","0.0187"
"","14.5000","1.4452","0.0190"
"","14.6000","1.4550","0.0194"
"","14.7000","1.4648","0.0197"
"","14.8000","1.4751","0.0201"
"","14.9000","1.4851","0.0205"
"","15.0000","1.4949","0.0209"
"","15.1000","1.5050","0.0213"
"","15.2000","1.5152","0.0217"
"","15.3000","1.5253","0.0221"
"","15.4000","1.5346","0.0224"
"","15.5000","1.5451","0.0229"
"","15.6000","1.5550","0.0233"
"","15.7000","1.5651","0.0237"
"","15.8000","1.5749","0.0241"
"","15.9000","1.5851","0.0245"
"","16.0000","1.5950","0.0249"
"","16.1000","1.6049","0.0253"
"","16.2000","1.6151","0.0258"
"","16.3000","1.6251","0.0262"
"","16.4000","1.6351","0.0267"
"","16.5000","1.6449","0.0271"
"","16.6000","1.6551","0.0275"
"","16.7000","1.6650","0.0280"
"","16.8000","1.6749","0.0284"
"","16.9000","1.6851","0.0289"
"","17.0000","1.6952","0.0293"
"","17.1000","1.7051","0.0298"
"","17.2000","1.7148","0.0302"
"","17.3000","1.7250","0.0306"
"","17.4000","1.7351","0.0311"
"","17.5000","1.7449","0.0315"
"","17.6000","1.7550","0.0320"
"","17.7000","1.7651","0.0325"
"","17.8000","1.7752","0.0329"
"","17.9000","1.7847","0.0332"
"","18.0000","1.7950","0.0332"
"","18.1000","1.8051","0.0332"
"","18.2000","1.8152","0.0332"
"","18.3000","1.8249","0.0332"
"","18.4000","1.8350","0.0333"
"","18.5000","1.8451","0.0333"
"","18.6000","1.8549","0.0333"
"","18.7000","1.8651","0.0333"
"","18.8000","1.8751","0.0333"
"","18.9000","1.8851","0.0333"
"","19.0000","1.8949","0.0333"
"","19.1000","1.9051","0.0334"
"","19.2000","1.9150","0.0333"
"","19.3000","1.9249","0.0333"
"","19.4000","1.9351","0.0333"
"","19.5000","1.9451","0.0333"
"","19.6000","1.9551","0.0334"
"","19.7000","1.9648","0.0334"
"","19.8000","1.9751","0.0334"
"","19.9000","1.9852","0.0334"
"","20.0000","1.9950","0.0336"
"","20.1000","2.0050","0.0343"
"","20.2000","2.0151","0.0350"
"","20.3000","2.0253","0.0357"
"","20.4000","2.0347","0.0363"
"","20.5000","2.0449","0.0369"
"","20.6000","2.0550","0.0375"
"","20.7000","2.0652","0.0381"
"","20.8000","2.0749","0.0387"
"","20.9000","2.0851","0.0393"
"","21.0000","2.0951","0.0398"
"","21.1000","2.1050","0.0404"
"","21.2000","2.1150","0.0410"
"","21.3000","2.1250","0.0415"
"","21.4000","2.1351","0.0421"
"","21.5000","2.1450","0.0426"
"","21.6000","2.1550","0.0432"
"","21.7000","2.1650","0.0438"
"","21.8000","2.1749","0.0443"
"","21.9000","2.1852","0.0449"
"","22.0000","2.1951","0.0455"
"","22.1000","2.2051","0.0461"
"","22.2000","2.2148","0.0466"
"","22.3000","2.2251","0.0472"
"","22.4000","2.2350","0.0478"
"","22.5000","2.2450","0.0484"
"","22.6000","2.2551","0.0490"
"","22.7000","2.2651","0.0496"
"","22.8000","2.2752","0.0502"
"","22.9000","2.2847","0.0507"
"","23.0000","2.2951","0.0514"
"","23.1000","2.3051","0.0520"
"","23.2000","2.3150","0.0526"
"","23.3000","2.3249","0.0532"
"","23.4000","2.3351","0.0538"
"","23.5000","2.3452","0.0545"
"","23.6000","2.3549","0.0551"
"","23.7000","2.3651","0.0557"
"","23.8000","2.3751","0.0564"
"","23.9000","2.3851","0.0570"
"","24.0000","2.3949","0.0576"
"","24.1000","2.4051","0.0583"
"","24.2000","2.4151","0.0589"
"","24.3000","2.4249","0.0595"
"","24.4000","2.4352","0.0602"
"","24.5000","2.4451","0.0609"
"","24.6000","2.4551","0.0615"
"","24.7000","2.4649","0.0621"
"","24.8000","2.4751","0.0628"
"","24.9000","2.4851","0.0635"
"","25.0000","2.4950","0.0641"
"","25.1000","2.5050","0.0648"
"","25.2000","2.5152","0.0654"
"","25.3000","2.5252","0.0661"
"","25.4000","2.5347","0.0667"
"","25.5000","2.5450","0.0674"
"","25.6000","2.5551","0.0681"
"","25.7000","2.5651","0.0688"
"","25.8000","2.5749","0.0694"
"","25.9000","2.5851","0.0701"
"","26.0000","2.5951","0.0708"
"","26.1000","2.6048","0.0714"
"","26.2000","2.6150","0.0721"
"","26.3000","2.6251","0.0728"
"","26.4000","2.6351","0.0735"
"","26.5000","2.6449","0.0741"
"","26.6000","2.6551","0.0748"
"","26.7000","2.6650","0.0755"
"","26.8000","2.6749","0.0762"
"","26.9000","2.6851","0.0769"
"","27.0000","2.6951","0.0776"
"","27.1000","2.7051","0.0783"
"","27.2000","2.7148","0.0789"
"","27.3000","2.7250","0.0796"
"","27.4000","2.7351","0.0803"
"","27.5000","2.7450","0.0810"
"","27.6000","2.7550","0.0817"
"","27.7000","2.7651","0.0825"
"","27.8000","2.7752","0.0831"
"","27.9000","2.7847","0.0838"
"","28.0000","2.7949","0.0845"
"","28.1000","2.8050","0.0852"
"","28.2000","2.8151","0.0859"
"","28.3000","2.8249","0.0866"
"","28.4000","2.8351","0.0874"
"","28.5000","2.8451","0.0881"
"","28.6000","2.8549","0.0888"
"","28.7000","2.8650","0.0895"
"","28.8000","2.8750","0.0902"
"","28.9000","2.8850","0.0909"
"","29.0000","2.8949","0.0917"
"","29.1000","2.9049","0.0924"
"","29.2000","2.9149","0.0931"
"","29.3000","2.9249","0.0938"
"","29.4000","2.9352","0.0946"
"","29.5000","2.9451","0.0953"
"","29.6000","2.9550","0.0960"
"","29.7000","2.9648","0.0967"
"","29.8000","2.9751","0.0975"
"","29.9000","2.9851","0.0982"
"","30.0000","2.9949","0.0989"
"","30.1000","3.0050","0.0997"
"","30.2000","3.0152","0.1004"
"","30.3000","3.0252","0.1011"
"","30.4000","3.0346","0.1018"
"","30.5000","3.0451","0.1026"
"","30.6000","3.0551","0.1034"
"","30.7000","3.0652","0.1041"
"","30.8000","3.0750","0.1048"
"","30.9000","3.0853","0.1056"
"","31.0000","3.0952","0.1064"
"","31.1000","3.1049","0.1071"
"","31.2000","3.1151","0.1078"
"","31.3000","3.1251","0.1086"
"","31.4000","3.1351","0.1093"
"","31.5000","3.1449","0.1101"
"","31.6000","3.1550","0.1108"
"","31.7000","3.1650","0.1116"
"","31.8000","3.1748","0.1123"
"","31.9000","3.1852","0.1131"
"","32.0000","3.1952","0.1139"
"","32.1000","3.2050","0.1146"
"","32.2000","3.2148","0.1153"
"","32.3000","3.2251","0.1161"
"","32.4000","3.2351","0.1169"
"","32.5000","3.2449","0.1176"
"","32.6000","3.2550","0.1184"
"","32.7000","3.2652","0.1192"
"","32.8000","3.2753","0.1199"
"","32.9000","3.2847","0.1206"
"","33.0000","3.2950","0.1214"
"","33.1000","3.3051","0.1222"
"","33.2000","3.3151","0.1229"
"","33.3000","3.3249","0.1237"
"","33.4000","3.3351","0.1245"
"","33.5000","3.3451","0.1252"
"","33.6000","3.3549","0.1259"
"","33.7000","3.3650","0.1267"
"","33.8000","3.3750","0.1275"
"","33.9000","3.3851","0.1283"
"","34.0000","3.3949","0.1290"
"","34.1000","3.4051","0.1298"
"","34.2000","3.4151","0.1306"
"","34.3000","3.4249","0.1313"
"","34.4000","3.4352","0.1321"
"","34.5000","3.4451","0.1328"
"","34.6000","3.4550","0.1336"
"","34.7000","3.4647","0.1344"
"","34.8000","3.4751","0.1352"
"","34.9000","3.4852","0.1359"
"","35.0000","3.4949","0.1367"
"","35.1000","3.5050","0.1375"
"","35.2000","3.5152","0.1383"
"","35.3000","3.5253","0.1390"
"","35.4000","3.5347","0.1398"
"","35.5000","3.5449","0.1406"
"","35.6000","3.5551","0.1414"
"","35.7000","3.5652","0.1421"
"","35.8000","3.5749","0.1429"
"","35.9000","3.5851","0.1437"
"","36.0000","3.5951","0.1445"
"","36.1000","3.6050","0.1452"
"","36.2000","3.6150","0.1460"
"","36.3000","3.6250","0.1468"
"","36.4000","3.6350","0.1476"
"","36.5000","3.6450","0.1484"
"","36.6000","3.6551","0.1491"
"","36.7000","3.6650","0.1499"
"","36.8000","3.6749","0.1507"
"","36.9000","3.6852","0.1515"
"","37.0000","3.6951","0.1523"
"","37.1000","3.7050","0.1531"
"","37.2000","3.7148","0.1538"
"","37.3000","3.7251","0.1546"
"","37.4000","3.7351","0.1554"
"","37.5000","3.7449","0.1562"
"","37.6000","3.7550","0.1570"
"","37.7000","3.7651","0.1578"
"","37.8000","3.7754","0.1586"
"","37.9000","3.7846","0.1593"
"","38.0000","3.7950","0.1602"
"","38.1000","3.8051","0.1610"
"","38.2000","3.8152","0.1618"
"","38.3000","3.8249","0.1625"
"","38.4000","3.8351","0.1633"
"","38.5000","3.8451","0.1641"
"","38.6000","3.8549","0.1649"
"","38.7000","3.8652","0.1657"
"","38.8000","3.8751","0.1665"
"","38.9000","3.8851","0.1673"
"","39.0000","3.8949","0.1680"
"","39.1000","3.9051","0.1688"
"","39.2000","3.9150","0.1696"
"","39.3000","3.9248","0.1704"
"","39.4000","3.9352","0.1712"
"","39.5000","3.9452","0.1720"
"","39.6000","3.9550","0.1728"
"","39.7000","3.9647","0.1735"
"","39.8000","3.9751","0.1744"
"","39.9000","3.9852","0.1751"
"","40.0000","3.9949","0.1759"
"","40.0540","4.0001","0.1763"
"","40.0550","4.0002","0.1763"
"","40.0560","4.0003","0.1763"
"","40.1560","4.0009","0.1759"
"","40.2560","3.9935","0.1744"
"","40.3560","3.9814","0.1722"
"","40.4560","3.9711","0.1704"
"","40.5560","3.9611","0.1687"
"","40.6560","3.9512","0.1671"
"","40.7560","3.9409","0.1654"
"","40.8560","3.9309","0.1638"
"","40.9560","3.9212","0.1623"
"","41.0560","3.9110","0.1607"
"","41.1560","3.9010","0.1592"
"","41.2560","3.8908","0.1577"
"","41.3560","3.8812","0.1562"
"","41.4560","3.8710","0.1547"
"","41.5560","3.8609","0.1532"
"","41.6560","3.8510","0.1517"
"","41.7560","3.8411","0.1503"
"","41.8560","3.8311","0.1488"
"","41.9560","3.8209","0.1473"
"","42.0560","3.8111","0.1459"
"","42.1560","3.8010","0.1445"
"","42.2560","3.7910","0.1431"
"","42.3560","3.7811","0.1417"
"","42.4560","3.7710","0.1403"
"","42.5560","3.7609","0.1388"
"","42.6560","3.7509","0.1374"
"","42.7560","3.7411","0.1361"
"","42.8560","3.7308","0.1347"
"","42.9560","3.7209","0.1333"
"","43.0560","3.7110","0.1320"
"","43.1560","3.7012","0.1306"
"","43.2560","3.6908","0.1292"
"","43.3560","3.6809","0.1279"
"","43.4560","3.6711","0.1266"
"","43.5560","3.6610","0.1252"
"","43.6560","3.6508","0.1239"
"","43.7560","3.6409","0.1226"
"","43.8560","3.6312","0.1213"
"","43.9560","3.6210","0.1199"
"","44.0560","3.6109","0.1186"
"","44.1560","3.6009","0.1173"
"","44.2560","3.5912","0.1161"
"","44.3560","3.5810","0.1147"
"","44.4560","3.5709","0.1134"
"","44.5560","3.5610","0.1122"
"","44.6560","3.5510","0.1109"
"","44.7560","3.5409","0.1096"
"","44.8560","3.5310","0.1084"
"","44.9560","3.5211","0.1072"
"","45.0560","3.5110","0.1059"
"","45.1560","3.5009","0.1046"
"","45.2560","3.4911","0.1034"
"","45.3560","3.4809","0.1022"
"","45.4560","3.4709","0.1010"
"","45.5560","3.4609","0.0998"
"","45.6560","3.4512","0.0986"
"","45.7560","3.4409","0.0974"
"","45.8560","3.4309","0.0962"
"","45.9560","3.4211","0.0950"
"","46.0560","3.4110","0.0938"
"","46.1560","3.4010","0.0926"
"","46.2560","3.3908","0.0915"
"","46.3560","3.3812","0.0903"
"","46.4560","3.3709","0.0891"
"","46.5560","3.3609","0.0880"
"","46.6560","3.3510","0.0869"
"","46.7560","3.3411","0.0858"
"","46.8560","3.3310","0.0846"
"","46.9560","3.3209","0.0835"
"","47.0560","3.3111","0.0824"
"","47.1560","3.3009","0.0813"
"","47.2560","3.2909","0.0802"
"","47.3560","3.2809","0.0791"
"","47.4560","3.2710","0.0780"
"","47.5560","3.2610","0.0769"
"","47.6560","3.2510","0.0758"
"","47.7560","3.2412","0.0748"
"","47.8560","3.2309","0.0737"
"","47.9560","3.2209","0.0727"
"","48.0560","3.2110","0.0717"
"","48.1560","3.2011","0.0706"
"","48.2560","3.1908","0.0695"
"","48.3560","3.1808","0.0685"
"","48.4560","3.1711","0.0676"
"","48.5560","3.1610","0.0665"
"","48.6560","3.1510","0.0655"
"","48.7560","3.1408","0.0645"
"","48.8560","3.1312","0.0636"
"","48.9560","3.1209","0.0626"
"","49.0560","3.1108","0.0616"
"","49.1560","3.1009","0.0607"
"","49.2560","3.0911","0.0597"
"","49.3560","3.0810","0.0588"
"","49.4560","3.0709","0.0578"
"","49.5560","3.0611","0.0570"
"","49.6560","3.0509","0.0560"
"","49.7560","3.0409","0.0551"
"","49.8560","3.0310","0.0542"
"","49.9560","3.0211","0.0533"
"","50.0560","3.0109","0.0524"
"","50.1560","3.0010","0.0515"
"","50.2560","2.9912","0.0507"
"","50.3560","2.9808","0.0498"
"","50.4560","2.9708","0.0489"
"","50.5560","2.9610","0.0481"
"","50.6560","2.9513","0.0473"
"","50.7560","2.9409","0.0464"
"","50.8560","2.9307","0.0456"
"","50.9560","2.9211","0.0448"
"","51.0560","2.9111","0.0440"
"","51.1560","2.9009","0.0432"
"","51.2560","2.8908","0.0424"
"","51.3560","2.8812","0.0416"
"","51.4560","2.8710","0.0408"
"","51.5560","2.8609","0.0400"
"","51.6560","2.8509","0.0393"
"","51.7560","2.8412","0.0386"
"","51.8560","2.8311","0.0378"
"","51.9560","2.8209","0.0371"
"","52.0560","2.8110","0.0363"
"","52.1560","2.8009","0.0356"
"","52.2560","2.7909","0.0349"
"","52.3560","2.7810","0.0342"
"","52.4560","2.7711","0.0336"
"","52.5560","2.7610","0.0329"
"","52.6560","2.7509","0.0326"
"","52.7560","2.7411","0.0325"
"","52.8560","2.7308","0.0325"
"","52.9560","2.7209","0.0325"
"","53.0560","2.7110","0.0325"
"","53.1560","2.7012","0.0325"
"","53.2560","2.6909","0.0325"
"","53.3560","2.6808","0.0324"
"","53.4560","2.6712","0.0324"
"","53.5560","2.6610","0.0324"
"","53.6560","2.6510","0.0324"
"","53.7560","2.6408","0.0324"
"","53.8560","2.6312","0.0324"
"","53.9560","2.6209","0.0324"
"","54.0560","2.6109","0.0324"
"","54.1560","2.6009","0.0324"
"","54.2560","2.5911","0.0324"
"","54.3560","2.5810","0.0324"
"","54.4560","2.5709","0.0324"
"","54.5560","2.5611","0.0324"
"","54.6560","2.5509","0.0320"
"","54.7560","2.5409","0.0316"
"","54.8560","2.5309","0.0311"
"","54.9560","2.5211","0.0304"
"","55.0560","2.5110","0.0296"
"","55.1560","2.5009","0.0290"
"","55.2560","2.4911","0.0283"
"","55.3560","2.4808","0.0277"
"","55.4560","2.4710","0.0271"
"","55.5560","2.4610","0.0265"
"","55.6560","2.4511","0.0259"
"","55.7560","2.4408","0.0253"
"","55.8560","2.4309","0.0247"
"","55.9560","2.4210","0.0242"
"","56.0560","2.4109","0.0236"
"","56.1560","2.4009","0.0231"
"","56.2560","2.3909","0.0226"
"","56.3560","2.3812","0.0221"
"","56.4560","2.3709","0.0215"
"","56.5560","2.3608","0.0211"
"","56.6560","2.3510","0.0206"
"","56.7560","2.3411","0.0201"
"","56.8560","2.3309","0.0196"
"","56.9560","2.3209","0.0192"
"","57.0560","2.3112","0.0188"
"","57.1560","2.3010","0.0183"
"","57.2560","2.2909","0.0179"
"","57.3560","2.2810","0.0175"
"","57.4560","2.2711","0.0171"
"","57.5560","2.2609","0.0166"
"","57.6560","2.2509","0.0162"
"","57.7560","2.2411","0.0159"
"","57.8560","2.2308","0.0155"
"","57.9560","2.2209","0.0151"
"","58.0560","2.2110","0.0147"
"","58.1560","2.2012","0.0143"
"","58.2560","2.1909","0.0140"
"","58.3560","2.1808","0.0136"
"","58.4560","2.1711","0.0133"
"","58.5560","2.1610","0.0129"
"","58.6560","2.1509","0.0126"
"","58.7560","2.1408","0.0123"
"","58.8560","2.1312","0.0120"
"","58.9560","2.1209","0.0117"
"","59.0560","2.1109","0.0114"
"","59.1560","2.1009","0.0111"
"","59.2560","2.0911","0.0108"
"","59.3560","2.0810","0.0105"
"","59.4560","2.0709","0.0103"
"","59.5560","2.0611","0.0100"
"","59.6560","2.0509","0.0097"
"","59.7560","2.0409","0.0095"
"","59.8560","2.0310","0.0092"
"","59.9560","2.0211","0.0090"
"","60.0560","2.0110","0.0088"
"","60.1560","2.0009","0.0085"
"","60.2560","1.9911","0.0083"
"","60.3560","1.9809","0.0081"
"","60.4560","1.9708","0.0079"
"","60.5560","1.9610","0.0077"
"","60.6560","1.9512","0.0075"
"","60.7560","1.9410","0.0073"
"","60.8560","1.9308","0.0071"
"","60.9560","1.9212","0.0069"
"","61.0560","1.9110","0.0067"
"","61.1560","1.9010","0.0065"
"","61.2560","1.8907","0.0063"
"","61.3560","1.8812","0.0062"
"","61.4560","1.8709","0.0060"
"","61.5560","1.8609","0.0058"
"","61.6560","1.8509","0.0057"
"","61.7560","1.8411","0.0055"
"","61.8560","1.8311","0.0054"
"","61.9560","1.8210","0.0052"
"","62.0560","1.8111","0.0051"
"","62.1560","1.8008","0.0049"
"","62.2560","1.7909","0.0048"
"","62.3560","1.7809","0.0047"
"","62.4560","1.7711","0.0045"
"","62.5560","1.7609","0.0044"
"","62.6560","1.7510","0.0043"
"","62.7560","1.7412","0.0041"
"","62.8560","1.7309","0.0040"
"","62.9560","1.7209","0.0039"
"","63.0560","1.7111","0.0038"
"","63.1560","1.7011","0.0037"
"","63.2560","1.6909","0.0036"
"","63.3560","1.6808","0.0035"
"","63.4560","1.6711","0.0034"
"","63.5560","1.6610","0.0033"
"","63.6560","1.6509","0.0031"
"","63.7560","1.6408","0.0031"
"","63.8560","1.6312","0.0030"
"","63.9560","1.6210","0.0029"
"","64.0560","1.6108","0.0028"
"","64.1560","1.6009","0.0027"
"","64.2560","1.5911","0.0026"
"","64.3560","1.5811","0.0025"
"","64.4560","1.5709","0.0024"
"","64.5560","1.5611","0.0024"
"","64.6560","1.5509","0.0023"
"","64.7560","1.5409","0.0022"
"","64.8560","1.5310","0.0021"
"","64.9560","1.5211","0.0021"
"","65.0560","1.5109","0.0020"
"","65.1560","1.5009","0.0019"
"","65.2560","1.4911","0.0019"
"","65.3560","1.4808","0.0018"
"","65.4560","1.4709","0.0018"
"","65.5560","1.4610","0.0017"
"","65.6560","1.4513","0.0017"
"","65.7560","1.4409","0.0016"
"","65.8560","1.4308","0.0016"
"","65.9560","1.4211","0.0015"
"","66.0560","1.4110","0.0015"
"","66.1560","1.4009","0.0015"
"","66.2560","1.3908","0.0014"
"","66.3560","1.3813","0.0014"
"","66.4560","1.3710","0.0014"
"","66.5560","1.3609","0.0013"
"","66.6560","1.3509","0.0013"
"","66.7560","1.3411","0.0012"
"","66.8560","1.3310","0.0012"
"","66.9560","1.3209","0.0012"
"","67.0560","1.3110","0.0011"
"","67.1560","1.3010","0.0011"
"","67.2560","1.2909","0.0011"
"","67.3560","1.2809","0.0010"
"","67.4560","1.2711","0.0010"
"","67.5560","1.2610","0.0010"
"","67.6560","1.2509","0.0010"
"","67.7560","1.2411","0.0009"
"","67.8560","1.2309","0.0009"
"","67.9560","1.2208","0.0009"
"","68.0560","1.2110","0.0009"
"","68.1560","1.2012","0.0008"
"","68.2560","1.1909","0.0008"
"","68.3560","1.1808","0.0008"
"","68.4560","1.1711","0.0008"
"","68.5560","1.1610","0.0007"
"","68.6560","1.1509","0.0007"
"","68.7560","1.1407","0.0007"
"","68.8560","1.1312","0.0007"
"","68.9560","1.1209","0.0007"
"","69.0560","1.1109","0.0006"
"","69.1560","1.1009","0.0006"
"","69.2560","1.0911","0.0006"
"","69.3560","1.0811","0.0006"
"","69.4560","1.0709","0.0005"
"","69.5560","1.0610","0.0005"
"","69.6560","1.0508","0.0005"
"","69.7560","1.0409","0.0005"
"","69.8560","1.0310","0.0005"
"","69.9560","1.0210","0.0005"
"","70.0560","1.0109","0.0004"
"","70.1560","1.0010","0.0004"
"","70.2560","0.9912","0.0004"
"","70.3560","0.9808","0.0004"
"","70.4560","0.9709","0.0003"
"","70.5560","0.9611","0.0003"
"","70.6560","0.9511","0.0003"
"","70.7560","0.9408","0.0003"
"","70.8560","0.9308","0.0003"
"","70.9560","0.9212","0.0003"
"","71.0560","0.9110","0.0002"
"","71.1560","0.9009","0.0002"
"","71.2560","0.8908","0.0002"
"","71.3560","0.8812","0.0002"
"","71.4560","0.8709","0.0002"
"","71.5560","0.8608","0.0002"
"","71.6560","0.8509","0.0001"
"","71.7560","0.8411","0.0001"
"","71.8560","0.8310","0.0001"
"","71.9560","0.8209","0.0001"
"","72.0560","0.8111","0.0001"
"","72.1560","0.8009","0.0001"
"","72.2560","0.7909","0.0001"
"","72.3560","0.7810","0.0000"
"","72.4560","0.7710","0.0000"
"","72.5560","0.7609","0.0000"
"","72.6560","0.7510","0.0000"
"","72.7560","0.7412","0.0000"
"","72.8560","0.7308","0.0000"
"","72.9560","0.7208","0.0000"
"","73.0560","0.7110","0.0000"
"","73.1560","0.7013","0.0000"
"","73.2560","0.6909","0.0000"
"","73.3560","0.6808","-0.0001"
"","73.4560","0.6711","-0.0001"
"","73.5560","0.6610","-0.0001"
"","73.6560","0.6509","-0.0001"
"","73.7560","0.6408","-0.0001"
"","73.8560","0.6312","-0.0001"
"","73.9560","0.6210","-0.0001"
"","74.0560","0.6109","-0.0001"
"","74.1560","0.6010","-0.0001"
"","74.2560","0.5911","-0.0002"
"","74.3560","0.5810","-0.0001"
"","74.4560","0.5709","-0.0002"
"","74.5560","0.5611","-0.0002"
"","74.6560","0.5509","-0.0002"
"","74.7560","0.5409","-0.0002"
"","74.8560","0.5309","-0.0002"
"","74.9560","0.5212","-0.0002"
"","75.0560","0.5110","-0.0002"
"","75.1560","0.5009","-0.0002"
"","75.2560","0.4911","-0.0002"
"","75.3560","0.4809","-0.0002"
"","75.4560","0.4709","-0.0002"
"","75.5560","0.4609","-0.0002"
"","75.6560","0.4512","-0.0002"
"","75.7560","0.4409","-0.0003"
"","75.8560","0.4309","-0.0003"
"","75.9560","0.4211","-0.0003"
"","76.0560","0.4110","-0.0003"
"","76.1560","0.4009","-0.0003"
"","76.2560","0.3908","-0.0003"
"","76.3560","0.3811","-0.0003"
"","76.4560","0.3709","-0.0003"
"","76.5560","0.3609","-0.0003"
"","76.6560","0.3510","-0.0003"
"","76.7560","0.3411","-0.0003"
"","76.8560","0.3311","-0.0003"
"","76.9560","0.3209","-0.0003"
"","77.0560","0.3111","-0.0004"
"","77.1560","0.3008","-0.0004"
"","77.2560","0.2909","-0.0004"
"","77.3560","0.2810","-0.0004"
"","77.4560","0.2711","-0.0004"
"","77.5560","0.2609","-0.0004"
"","77.6560","0.2510","-0.0004"
"","77.7560","0.2412","-0.0004"
"","77.8560","0.2309","-0.0004"
"","77.9560","0.2209","-0.0004"
"","78.0560","0.2111","-0.0004"
"","78.1560","0.2011","-0.0004"
"","78.2560","0.1908","-0.0004"
"","78.3560","0.1808","-0.0004"
"","78.4560","0.1711","-0.0004"
"","78.5560","0.1610","-0.0004"
"","78.6560","0.1509","-0.0005"
"","78.7560","0.1408","-0.0005"
"","78.8560","0.1312","-0.0005"
"","78.9560","0.1209","-0.0005"
"","79.0560","0.1108","-0.0005"
"","79.1560","0.1010","-0.0005"
"","79.2560","0.0911","-0.0005"
"","79.3560","0.0811","-0.0005"
"","79.4560","0.0709","-0.0005"
"","79.5560","0.0611","-0.0005"
"","79.6560","0.0509","-0.0005"
"","79.7560","0.0409","-0.0005"
"","79.8560","0.0310","-0.0005"
"","79.9560","0.0210","-0.0005"
"","80.0560","0.0109","-0.0005"
"","80.1560","0.0010","-0.0005"
"","80.1660","0.0000","-0.0005"
"","80.1670","-0.0001","-0.0005"
"","80.1680","-0.0002","-0.0005"
"","80.2680","-0.0007","-0.0005"
"","80.3680","0.0067","-0.0005"
"","80.4680","0.0189","-0.0005"
"","80.5680","0.0292","-0.0005"
"","80.6680","0.0391","-0.0005"
"","80.7680","0.0493","-0.0005"
"","80.8680","0.0594","-0.0005"
"","80.9680","0.0691","-0.0005"
"","81.0680","0.0793","-0.0005"
"","81.1680","0.0892","-0.0005"
"","81.2680","0.0993","-0.0004"
"","81.3680","0.1091","-0.0004"
"","81.4680","0.1194","-0.0004"
"","81.5680","0.1293","-0.0004"
"","81.6680","0.1391","-0.0004"
"","81.7680","0.1494","-0.0004"
"","81.8680","0.1593","-0.0004"
"","81.9680","0.1692","-0.0004"
"","82.0680","0.1790","-0.0004"
"","82.1680","0.1894","-0.0004"
"","82.2680","0.1994","-0.0003"
"","82.3680","0.2091","-0.0003"
"","82.4680","0.2191","-0.0003"
"","82.5680","0.2293","-0.0003"
"","82.6680","0.2394","-0.0003"
"","82.7680","0.2490","-0.0003"
"","82.8680","0.2593","-0.0003"
"","82.9680","0.2694","-0.0003"
"","83.0680","0.2792","-0.0003"
"","83.1680","0.2891","-0.0003"
"","83.2680","0.2993","-0.0003"
"","83.3680","0.3095","-0.0002"
"","83.4680","0.3191","-0.0002"
"","83.5680","0.3293","-0.0002"
"","83.6680","0.3393","-0.0002"
"","83.7680","0.3493","-0.0002"
"","83.8680","0.3590","-0.0002"
"","83.9680","0.3693","-0.0002"
"","84.0680","0.3794","-0.0002"
"","84.1680","0.3891","-0.0002"
"","84.2680","0.3993","-0.0002"
"","84.3680","0.4093","-0.0001"
"","84.4680","0.4193","-0.0001"
"","84.5680","0.4290","-0.0001"
"","84.6680","0.4393","-0.0001"
"","84.7680","0.4493","-0.0001"
"","84.8680","0.4592","-0.0001"
"","84.9680","0.4692","-0.0001"
"","85.0680","0.4794","-0.0001"
"","85.1680","0.4894","-0.0001"
"","85.2680","0.4990","0.0000"
"","85.3680","0.5093","0.0000"
"","85.4680","0.5193","0.0000"
"","85.5680","0.5293","0.0000"
"","85.6680","0.5391","0.0000"
"","85.7680","0.5493","0.0000"
"","85.8680","0.5594","0.0000"
"","85.9680","0.5692","0.0000"
"","86.0680","0.5792","0.0001"
"","86.1680","0.5893","0.0001"
"","86.2680","0.5993","0.0001"
"","86.3680","0.6092","0.0001"
"","86.4680","0.6192","0.0001"
"","86.5680","0.6293","0.0001"
"","86.6680","0.6391","0.0001"
"","86.7680","0.6494","0.0002"
"","86.8680","0.6592","0.0002"
"","86.9680","0.6692","0.0002"
"","87.0680","0.6791","0.0002"
"","87.1680","0.6894","0.0002"
"","87.2680","0.6992","0.0002"
"","87.3680","0.7091","0.0003"
"","87.4680","0.7192","0.0003"
"","87.5680","0.7294","0.0003"
"","87.6680","0.7394","0.0003"
"","87.7680","0.7490","0.0003"
"","87.8680","0.7593","0.0004"
"","87.9680","0.7693","0.0004"
"","88.0680","0.7793","0.0004"
"","88.1680","0.7891","0.0004"
"","88.2680","0.7993","0.0005"
"","88.3680","0.8094","0.0005"
"","88.4680","0.8191","0.0005"
"","88.5680","0.8293","0.0005"
"","88.6680","0.8392","0.0006"
"","88.7680","0.8493","0.0006"
"","88.8680","0.8593","0.0006"
"","88.9680","0.8693","0.0006"
"","89.0680","0.8793","0.0006"
"","89.1680","0.8891","0.0007"
"","89.2680","0.8995","0.0007"
"","89.3680","0.9093","0.0007"
"","89.4680","0.9193","0.0008"
"","89.5680","0.9290","0.0008"
"","89.6680","0.9394","0.0008"
"","89.7680","0.9493","0.0008"
"","89.8680","0.9592","0.0009"
"","89.9680","0.9692","0.0009"
"","90.0680","0.9794","0.0009"
"","90.1680","0.9893","0.0010"
"","90.2680","0.9989","0.0010"
"","90.3680","1.0093","0.0010"
"","90.4680","1.0194","0.0011"
"","90.5680","1.0292","0.0011"
"","90.6680","1.0391","0.0011"
"","90.7680","1.0492","0.0012"
"","90.8680","1.0594","0.0012"
"","90.9680","1.0692","0.0012"
"","91.0680","1.0792","0.0013"
"","91.1680","1.0892","0.0013"
"","91.2680","1.0993","0.0013"
"","91.3680","1.1092","0.0014"
"","91.4680","1.1193","0.0014"
"","91.5680","1.1293","0.0014"
"","91.6680","1.1391","0.0015"
"","91.7680","1.1494","0.0015"
"","91.8680","1.1593","0.0016"
"","91.9680","1.1693","0.0016"
"","92.0680","1.1790","0.0016"
"","92.1680","1.1894","0.0017"
"","92.2680","1.1993","0.0017"
"","92.3680","1.2091","0.0018"
"","92.4680","1.2192","0.0019"
"","92.5680","1.2294","0.0019"
"","92.6680","1.2394","0.0020"
"","92.7680","1.2490","0.0020"
"","92.8680","1.2593","0.0021"
"","92.9680","1.2692","0.0021"
"","93.0680","1.2792","0.0022"
"","93.1680","1.2891","0.0023"
"","93.2680","1.2993","0.0023"
"","93.3680","1.3094","0.0024"
"","93.4680","1.3192","0.0025"
"","93.5680","1.3292","0.0026"
"","93.6680","1.3393","0.0027"
"","93.7680","1.3492","0.0027"
"","93.8680","1.3592","0.0028"
"","93.9680","1.3692","0.0029"
"","94.0680","1.3792","0.0030"
"","94.1680","1.3891","0.0031"
"","94.2680","1.3994","0.0032"
"","94.3680","1.4093","0.0033"
"","94.4680","1.4192","0.0034"
"","94.5680","1.4290","0.0036"
"","94.6680","1.4394","0.0037"
"","94.7680","1.4493","0.0038"
"","94.8680","1.4591","0.0039"
"","94.9680","1.4692","0.0040"
"","95.0680","1.4793","0.0042"
"","95.1680","1.4893","0.0043"
"","95.2680","1.4990","0.0044"
"","95.3680","1.5094","0.0046"
"","95.4680","1.5193","0.0047"
"","95.5680","1.5293","0.0048"
"","95.6680","1.5391","0.0050"
"","95.7680","1.5493","0.0052"
"","95.8680","1.5594","0.0053"
"","95.9680","1.5691","0.0055"
"","96.0680","1.5793","0.0056"
"","96.1680","1.5893","0.0058"
"","96.2680","1.5993","0.0060"
"","96.3680","1.6092","0.0061"
"","96.4680","1.6194","0.0063"
"","96.5680","1.6293","0.0065"
"","96.6680","1.6391","0.0067"
"","96.7680","1.6495","0.0069"
"","96.8680","1.6593","0.0071"
"","96.9680","1.6692","0.0072"
"","97.0680","1.6790","0.0074"
"","97.1680","1.6894","0.0077"
"","97.2680","1.6993","0.0079"
"","97.3680","1.7092","0.0081"
"","97.4680","1.7192","0.0083"
"","97.5680","1.7294","0.0086"
"","97.6680","1.7393","0.0088"
"","97.7680","1.7490","0.0090"
"","97.8680","1.7593","0.0093"
"","97.9680","1.7694","0.0095"
"","98.0680","1.7792","0.0098"
"","98.1680","1.7891","0.0101"
"","98.2680","1.7993","0.0103"
"","98.3680","1.8094","0.0106"
"","98.4680","1.8192","0.0109"
"","98.5680","1.8292","0.0112"
"","98.6680","1.8392","0.0115"
"","98.7680","1.8493","0.0118"
"","98.8680","1.8592","0.0121"
"","98.9680","1.8693","0.0124"
"","99.0680","1.8793","0.0127"
"","99.1680","1.8891","0.0130"
"","99.2680","1.8994","0.0134"
"","99.3680","1.9093","0.0137"
"","99.4680","1.9193","0.0140"
"","99.5680","1.9290","0.0144"
"","99.6680","1.9394","0.0148"
"","99.7680","1.9492","0.0151"
"","99.8680","1.9591","0.0155"
"","99.9680","1.9692","0.0159"
"","100.0680","1.9795","0.0163"
"","100.1680","1.9894","0.0167"
"","100.2680","1.9990","0.0171"
"","100.3680","2.0093","0.0175"
"","100.4680","2.0193","0.0179"
"","100.5680","2.0292","0.0184"
"","100.6680","2.0391","0.0188"
"","100.7680","2.0493","0.0192"
"","100.8680","2.0594","0.0197"
"","100.9680","2.0692","0.0201"
"","101.0680","2.0792","0.0206"
"","101.1680","2.0893","0.0211"
"","101.2680","2.0993","0.0215"
"","101.3680","2.1092","0.0220"
"","101.4680","2.1193","0.0225"
"","101.5680","2.1293","0.0230"
"","101.6680","2.1392","0.0235"
"","101.7680","2.1494","0.0240"
"","101.8680","2.1592","0.0245"
"","101.9680","2.1693","0.0250"
"","102.0680","2.1791","0.0255"
"","102.1680","2.1894","0.0261"
"","102.2680","2.1993","0.0266"
"","102.3680","2.2092","0.0271"
"","102.4680","2.2193","0.0277"
"","102.5680","2.2294","0.0282"
"","102.6680","2.2393","0.0288"
"","102.7680","2.2490","0.0294"
"","102.8680","2.2594","0.0300"
"","102.9680","2.2693","0.0305"
"","103.0680","2.2793","0.0312"
"","103.1680","2.2892","0.0318"
"","103.2680","2.2994","0.0324"
"","103.3680","2.3094","0.0330"
"","103.4680","2.3189","0.0332"
"","103.5680","2.3293","0.0333"
"","103.6680","2.3393","0.0332"
"","103.7680","2.3494","0.0332"
"","103.8680","2.3590","0.0331"
"","103.9680","2.3693","0.0331"
"","104.0680","2.3793","0.0331"
"","104.1680","2.3891","0.0331"
"","104.2680","2.3994","0.0331"
"","104.3680","2.4093","0.0332"
"","104.4680","2.4193","0.0332"
"","104.5680","2.4291","0.0333"
"","104.6680","2.4392","0.0334"
"","104.7680","2.4493","0.0333"
"","104.8680","2.4592","0.0333"
"","104.9680","2.4692","0.0333"
"","105.0680","2.4794","0.0334"
"","105.1680","2.4893","0.0334"
"","105.2680","2.4990","0.0333"
"","105.3680","2.5093","0.0334"
"","105.4680","2.5194","0.0340"
"","105.5680","2.5292","0.0347"
"","105.6680","2.5391","0.0354"
"","105.7680","2.5494","0.0361"
"","105.8680","2.5594","0.0368"
"","105.9680","2.5691","0.0375"
"","106.0680","2.5792","0.0382"
"","106.1680","2.5893","0.0389"
"","106.2680","2.5993","0.0396"
"","106.3680","2.6091","0.0403"
"","106.4680","2.6193","0.0411"
"","106.5680","2.6294","0.0418"
"","106.6680","2.6391","0.0426"
"","106.7680","2.6493","0.0434"
"","106.8680","2.6593","0.0441"
"","106.9680","2.6693","0.0449"
"","107.0680","2.6790","0.0456"
"","107.1680","2.6894","0.0464"
"","107.2680","2.6993","0.0472"
"","107.3680","2.7092","0.0480"
"","107.4680","2.7192","0.0487"
"","107.5680","2.7294","0.0495"
"","107.6680","2.7394","0.0503"
"","107.7680","2.7490","0.0511"
"","107.8680","2.7592","0.0519"
"","107.9680","2.7693","0.0527"
"","108.0680","2.7792","0.0535"
"","108.1680","2.7889","0.0543"
"","108.2680","2.7993","0.0552"
"","108.3680","2.8094","0.0560"
"","108.4680","2.8191","0.0568"
"","108.5680","2.8292","0.0576"
"","108.6680","2.8393","0.0585"
"","108.7680","2.8493","0.0593"
"","108.8680","2.8592","0.0602"
"","108.9680","2.8693","0.0610"
"","109.0680","2.8793","0.0619"
"","109.1680","2.8892","0.0627"
"","109.2680","2.8995","0.0636"
"","109.3680","2.9093","0.0644"
"","109.4680","2.9193","0.0653"
"","109.5680","2.9290","0.0662"
"","109.6680","2.9395","0.0671"
"","109.7680","2.9493","0.0679"
"","109.8680","2.9592","0.0688"
"","109.9680","2.9693","0.0697"
"","110.0680","2.9794","0.0706"
"","110.1680","2.9894","0.0715"
"","110.2680","2.9990","0.0724"
"","110.3680","3.0093","0.0733"
"","110.4680","3.0193","0.0742"
"","110.5680","3.0293","0.0751"
"","110.6680","3.0391","0.0760"
"","110.7680","3.0493","0.0769"
"","110.8680","3.0594","0.0778"
"","110.9680","3.0691","0.0787"
"","111.0680","3.0793","0.0796"
"","111.1680","3.0893","0.0806"
"","111.2680","3.0993","0.0815"
"","111.3680","3.1091","0.0824"
"","111.4680","3.1193","0.0833"
"","111.5680","3.1293","0.0843"
"","111.6680","3.1391","0.0852"
"","111.7680","3.1494","0.0861"
"","111.8680","3.1592","0.0871"
"","111.9680","3.1692","0.0880"
"","112.0680","3.1790","0.0889"
"","112.1680","3.1894","0.0899"
"","112.2680","3.1993","0.0909"
"","112.3680","3.2092","0.0918"
"","112.4680","3.2192","0.0928"
"","112.5680","3.2294","0.0937"
"","112.6680","3.2393","0.0947"
"","112.7680","3.2489","0.0956"
"","112.8680","3.2593","0.0966"
"","112.9680","3.2694","0.0976"
"","113.0680","3.2792","0.0985"
"","113.1680","3.2891","0.0995"
"","113.2680","3.2993","0.1005"
"","113.3680","3.3094","0.1015"
"","113.4680","3.3191","0.1024"
"","113.5680","3.3292","0.1035"
"","113.6680","3.3393","0.1045"
"","113.7680","3.3493","0.1055"
"","113.8680","3.3591","0.1064"
"","113.9680","3.3693","0.1074"
"","114.0680","3.3793","0.1084"
"","114.1680","3.3892","0.1094"
"","114.2680","3.3994","0.1104"
"","114.3680","3.4093","0.1114"
"","114.4680","3.4193","0.1125"
"","114.5680","3.4290","0.1134"
"","114.6680","3.4394","0.1145"
"","114.7680","3.4492","0.1155"
"","114.8680","3.4591","0.1165"
"","114.9680","3.4692","0.1175"
"","115.0680","3.4794","0.1185"
"","115.1680","3.4893","0.1196"
"","115.2680","3.4990","0.1205"
"","115.3680","3.5093","0.1216"
"","115.4680","3.5193","0.1226"
"","115.5680","3.5292","0.1236"
"","115.6680","3.5390","0.1246"
"","115.7680","3.5493","0.1257"
"","115.8680","3.5594","0.1268"
"","115.9680","3.5691","0.1277"
"","116.0680","3.5792","0.1288"
"","116.1680","3.5893","0.1299"
"","116.2680","3.5993","0.1309"
"","116.3680","3.6092","0.1319"
"","116.4680","3.6192","0.1330"
"","116.5680","3.6292","0.1340"
"","116.6680","3.6391","0.1350"
"","116.7680","3.6496","0.1362"
"","116.8680","3.6593","0.1372"
"","116.9680","3.6693","0.1382"
"","117.0680","3.6790","0.1393"
"","117.1680","3.6894","0.1403"
"","117.2680","3.6992","0.1414"
"","117.3680","3.7091","0.1424"
"","117.4680","3.7192","0.1435"
"","117.5680","3.7294","0.1445"
"","117.6680","3.7393","0.1456"
"","117.7680","3.7489","0.1466"
"","117.8680","3.7593","0.1477"
"","117.9680","3.7693","0.1488"
"","118.0680","3.7793","0.1498"
"","118.1680","3.7891","0.1508"
"","118.2680","3.7994","0.1519"
"","118.3680","3.8094","0.1530"
"","118.4680","3.8191","0.1540"
"","118.5680","3.8293","0.1551"
"","118.6680","3.8393","0.1561"
"","118.7680","3.8493","0.1572"
"","118.8680","3.8592","0.1582"
"","118.9680","3.8693","0.1593"
"","119.0680","3.8793","0.1604"
"","119.1680","3.8890","0.1614"
"","119.2680","3.8994","0.1624"
"","119.3680","3.9091","0.1634"
"","119.4680","3.9191","0.1645"
"","119.5680","3.9290","0.1655"
"","119.6680","3.9394","0.1666"
"","119.7680","3.9493","0.1676"
"","119.8680","3.9591","0.1686"
"","119.9680","3.9692","0.1697"
"","120.0680","3.9794","0.1707"
"","120.1680","3.9893","0.1717"
"","120.2680","3.9989","0.1727"
"","120.2790","4.0001","0.1728"
"","120.2800","4.0002","0.1728"
"","120.2810","4.0003","0.1728"
"","120.3810","4.0011","0.1726"
"","120.4810","3.9938","0.1712"
"","120.5810","3.9815","0.1691"
"","120.6810","3.9712","0.1674"
"","120.7810","3.9613","0.1657"
"","120.8810","3.9514","0.1641"
"","120.9810","3.9410","0.1624"
"","121.0810","3.9310","0.1609"
"","121.1810","3.9213","0.1593"
"","121.2810","3.9112","0.1578"
"","121.3810","3.9011","0.1562"
"","121.4810","3.8910","0.1547"
"","121.5810","3.8814","0.1533"
"","121.6810","3.8711","0.1517"
"","121.7810","3.8610","0.1502"
"","121.8810","3.8512","0.1488"
"","121.9810","3.8413","0.1473"
"","122.0810","3.8312","0.1458"
"","122.1810","3.8211","0.1443"
"","122.2810","3.8113","0.1429"
"","122.3810","3.8012","0.1415"
"","122.4810","3.7911","0.1401"
"","122.5810","3.7812","0.1386"
"","122.6810","3.7712","0.1372"
"","122.7810","3.7611","0.1358"
"","122.8810","3.7511","0.1344"
"","122.9810","3.7413","0.1330"
"","123.0810","3.7310","0.1316"
"","123.1810","3.7211","0.1302"
"","123.2810","3.7112","0.1289"
"","123.3810","3.7014","0.1275"
"","123.4810","3.6910","0.1261"
"","123.5810","3.6811","0.1248"
"","123.6810","3.6713","0.1234"
"","123.7810","3.6612","0.1221"
"","123.8810","3.6510","0.1207"
"","123.9810","3.6410","0.1194"
"","124.0810","3.6314","0.1181"
"","124.1810","3.6212","0.1167"
"","124.2810","3.6111","0.1154"
"","124.3810","3.6011","0.1141"
"","124.4810","3.5914","0.1129"
"","124.5810","3.5812","0.1115"
"","124.6810","3.5711","0.1102"
"","124.7810","3.5612","0.1090"
"","124.8810","3.5511","0.1077"
"","124.9810","3.5411","0.1064"
"","125.0810","3.5311","0.1051"
"","125.1810","3.5212","0.1039"
"","125.2810","3.5112","0.1026"
"","125.3810","3.5011","0.1014"
"","125.4810","3.4913","0.1001"
"","125.5810","3.4810","0.0989"
"","125.6810","3.4711","0.0977"
"","125.7810","3.4611","0.0964"
"","125.8810","3.4513","0.0953"
"","125.9810","3.4411","0.0940"
"","126.0810","3.4311","0.0928"
"","126.1810","3.4213","0.0917"
"","126.2810","3.4112","0.0904"
"","126.3810","3.4012","0.0892"
"","126.4810","3.3910","0.0881"
"","126.5810","3.3814","0.0869"
"","126.6810","3.3711","0.0857"
"","126.7810","3.3610","0.0846"
"","126.8810","3.3511","0.0835"
"","126.9810","3.3413","0.0824"
"","127.0810","3.3312","0.0812"
"","127.1810","3.3211","0.0801"
"","127.2810","3.3112","0.0790"
"","127.3810","3.3011","0.0778"
"","127.4810","3.2911","0.0767"
"","127.5810","3.2811","0.0756"
"","127.6810","3.2712","0.0746"
"","127.7810","3.2611","0.0735"
"","127.8810","3.2512","0.0724"
"","127.9810","3.2414","0.0714"
"","128.0810","3.2311","0.0703"
"","128.1810","3.2211","0.0693"
"","128.2810","3.2112","0.0682"
"","128.3810","3.2013","0.0672"
"","128.4810","3.1910","0.0661"
"","128.5810","3.1810","0.0651"
"","128.6810","3.1712","0.0642"
"","128.7810","3.1612","0.0631"
"","128.8810","3.1511","0.0622"
"","128.9810","3.1410","0.0612"
"","129.0810","3.1313","0.0602"
"","129.1810","3.1211","0.0592"
"","129.2810","3.1110","0.0583"
"","129.3810","3.1011","0.0573"
"","129.4810","3.0913","0.0564"
"","129.5810","3.0812","0.0555"
"","129.6810","3.0711","0.0545"
"","129.7810","3.0613","0.0536"
"","129.8810","3.0511","0.0527"
"","129.9810","3.0411","0.0518"
"","130.0810","3.0311","0.0509"
"","130.1810","3.0213","0.0500"
"","130.2810","3.0111","0.0491"
"","130.3810","3.0011","0.0483"
"","130.4810","2.9914","0.0474"
"","130.5810","2.9810","0.0465"
"","130.6810","2.9710","0.0457"
"","130.7810","2.9612","0.0448"
"","130.8810","2.9515","0.0440"
"","130.9810","2.9410","0.0432"
"","131.0810","2.9309","0.0424"
"","131.1810","2.9213","0.0416"
"","131.2810","2.9112","0.0408"
"","131.3810","2.9011","0.0400"
"","131.4810","2.8910","0.0392"
"","131.5810","2.8814","0.0385"
"","131.6810","2.8712","0.0377"
"","131.7810","2.8611","0.0369"
"","131.8810","2.8511","0.0362"
"","131.9810","2.8413","0.0355"
"","132.0810","2.8313","0.0347"
"","132.1810","2.8211","0.0340"
"","132.2810","2.8112","0.0333"
"","132.3810","2.8010","0.0326"
"","132.4810","2.7911","0.0326"
"","132.5810","2.7811","0.0325"
"","132.6810","2.7713","0.0325"
"","132.7810","2.7612","0.0324"
"","132.8810","2.7511","0.0324"
"","132.9810","2.7412","0.0325"
"","133.0810","2.7310","0.0324"
"","133.1810","2.7210","0.0324"
"","133.2810","2.7112","0.0324"
"","133.3810","2.7014","0.0324"
"","133.4810","2.6911","0.0324"
"","133.5810","2.6810","0.0324"
"","133.6810","2.6713","0.0324"
"","133.7810","2.6612","0.0324"
"","133.8810","2.6511","0.0324"
"","133.9810","2.6410","0.0324"
"","134.0810","2.6314","0.0324"
"","134.1810","2.6211","0.0324"
"","134.2810","2.6110","0.0324"
"","134.3810","2.6011","0.0322"
"","134.4810","2.5913","0.0317"
"","134.5810","2.5812","0.0313"
"","134.6810","2.5710","0.0306"
"","134.7810","2.5613","0.0301"
"","134.8810","2.5511","0.0293"
"","134.9810","2.5411","0.0286"
"","135.0810","2.5311","0.0280"
"","135.1810","2.5213","0.0273"
"","135.2810","2.5111","0.0267"
"","135.3810","2.5011","0.0260"
"","135.4810","2.4913","0.0255"
"","135.5810","2.4810","0.0248"
"","135.6810","2.4712","0.0243"
"","135.7810","2.4612","0.0237"
"","135.8810","2.4513","0.0232"
"","135.9810","2.4410","0.0227"
"","136.0810","2.4311","0.0221"
"","136.1810","2.4212","0.0216"
"","136.2810","2.4111","0.0211"
"","136.3810","2.4011","0.0206"
"","136.4810","2.3911","0.0201"
"","136.5810","2.3814","0.0197"
"","136.6810","2.3711","0.0192"
"","136.7810","2.3610","0.0187"
"","136.8810","2.3512","0.0183"
"","136.9810","2.3412","0.0178"
"","137.0810","2.3311","0.0174"
"","137.1810","2.3211","0.0170"
"","137.2810","2.3114","0.0166"
"","137.3810","2.3012","0.0162"
"","137.4810","2.2911","0.0158"
"","137.5810","2.2811","0.0154"
"","137.6810","2.2712","0.0150"
"","137.7810","2.2611","0.0146"
"","137.8810","2.2511","0.0143"
"","137.9810","2.2413","0.0139"
"","138.0810","2.2310","0.0135"
"","138.1810","2.2211","0.0132"
"","138.2810","2.2111","0.0128"
"","138.3810","2.2014","0.0125"
"","138.4810","2.1910","0.0122"
"","138.5810","2.1810","0.0119"
"","138.6810","2.1712","0.0116"
"","138.7810","2.1612","0.0113"
"","138.8810","2.1511","0.0110"
"","138.9810","2.1410","0.0107"
"","139.0810","2.1314","0.0104"
"","139.1810","2.1211","0.0102"
"","139.2810","2.1110","0.0099"
"","139.3810","2.1011","0.0096"
"","139.4810","2.0913","0.0094"
"","139.5810","2.0812","0.0091"
"","139.6810","2.0711","0.0089"
"","139.7810","2.0612","0.0087"
"","139.8810","2.0511","0.0084"
"","139.9810","2.0411","0.0082"
"","140.0810","2.0311","0.0080"
"","140.1810","2.0213","0.0078"
"","140.2810","2.0111","0.0075"
"","140.3810","2.0011","0.0073"
"","140.4810","1.9912","0.0071"
"","140.5810","1.9811","0.0069"
"","140.6810","1.9710","0.0068"
"","140.7810","1.9612","0.0066"
"","140.8810","1.9514","0.0064"
"","140.9810","1.9411","0.0062"
"","141.0810","1.9309","0.0060"
"","141.1810","1.9213","0.0059"
"","141.2810","1.9112","0.0057"
"","141.3810","1.9012","0.0056"
"","141.4810","1.8909","0.0054"
"","141.5810","1.8814","0.0053"
"","141.6810","1.8711","0.0051"
"","141.7810","1.8611","0.0050"
"","141.8810","1.8511","0.0048"
"","141.9810","1.8413","0.0047"
"","142.0810","1.8313","0.0045"
"","142.1810","1.8211","0.0044"
"","142.2810","1.8113","0.0043"
"","142.3810","1.8010","0.0041"
"","142.4810","1.7911","0.0040"
"","142.5810","1.7811","0.0039"
"","142.6810","1.7713","0.0038"
"","142.7810","1.7611","0.0037"
"","142.8810","1.7512","0.0036"
"","142.9810","1.7414","0.0035"
"","143.0810","1.7310","0.0033"
"","143.1810","1.7210","0.0032"
"","143.2810","1.7113","0.0032"
"","143.3810","1.7013","0.0030"
"","143.4810","1.6910","0.0029"
"","143.5810","1.6810","0.0029"
"","143.6810","1.6713","0.0028"
"","143.7810","1.6612","0.0027"
"","143.8810","1.6511","0.0026"
"","143.9810","1.6410","0.0025"
"","144.0810","1.6314","0.0024"
"","144.1810","1.6211","0.0023"
"","144.2810","1.6110","0.0023"
"","144.3810","1.6011","0.0022"
"","144.4810","1.5913","0.0021"
"","144.5810","1.5812","0.0020"
"","144.6810","1.5711","0.0020"
"","144.7810","1.5613","0.0019"
"","144.8810","1.5510","0.0018"
"","144.9810","1.5411","0.0018"
"","145.0810","1.5312","0.0017"
"","145.1810","1.5212","0.0017"
"","145.2810","1.5110","0.0016"
"","145.3810","1.5011","0.0016"
"","145.4810","1.4913","0.0015"
"","145.5810","1.4810","0.0015"
"","145.6810","1.4710","0.0015"
"","145.7810","1.4612","0.0014"
"","145.8810","1.4515","0.0014"
"","145.9810","1.4410","0.0013"
"","146.0810","1.4309","0.0013"
"","146.1810","1.4213","0.0013"
"","146.2810","1.4112","0.0012"
"","146.3810","1.4011","0.0012"
"","146.4810","1.3910","0.0012"
"","146.5810","1.3814","0.0011"
"","146.6810","1.3712","0.0011"
"","146.7810","1.3611","0.0011"
"","146.8810","1.3511","0.0010"
"","146.9810","1.3413","0.0010"
"","147.0810","1.3312","0.0010"
"","147.1810","1.3211","0.0009"
"","147.2810","1.3112","0.0009"
"","147.3810","1.3011","0.0009"
"","147.4810","1.2911","0.0009"
"","147.5810","1.2811","0.0008"
"","147.6810","1.2713","0.0008"
"","147.7810","1.2611","0.0008"
"","147.8810","1.2511","0.0008"
"","147.9810","1.2412","0.0007"
"","148.0810","1.2311","0.0007"
"","148.1810","1.2210","0.0007"
"","148.2810","1.2111","0.0007"
"","148.3810","1.2014","0.0006"
"","148.4810","1.1911","0.0006"
"","148.5810","1.1810","0.0006"
"","148.6810","1.1713","0.0006"
"","148.7810","1.1612","0.0006"
"","148.8810","1.1511","0.0005"
"","148.9810","1.1409","0.0005"
"","149.0810","1.1314","0.0005"
"","149.1810","1.1211","0.0005"
"","149.2810","1.1111","0.0005"
"","149.3810","1.1011","0.0004"
"","149.4810","1.0913","0.0004"
"","149.5810","1.0813","0.0004"
"","149.6810","1.0711","0.0004"
"","149.7810","1.0612","0.0003"
"","149.8810","1.0510","0.0003"
"","149.9810","1.0411","0.0003"
"","150.0810","1.0311","0.0003"
"","150.1810","1.0212","0.0003"
"","150.2810","1.0111","0.0003"
"","150.3810","1.0011","0.0002"
"","150.4810","0.9914","0.0002"
"","150.5810","0.9810","0.0002"
"","150.6810","0.9711","0.0002"
"","150.7810","0.9612","0.0002"
"","150.8810","0.9513","0.0002"
"","150.9810","0.9410","0.0001"
"","151.0810","0.9310","0.0001"
"","151.1810","0.9213","0.0001"
"","151.2810","0.9112","0.0001"
"","151.3810","0.9011","0.0001"
"","151.4810","0.8910","0.0001"
"","151.5810","0.8814","0.0000"
"","151.6810","0.8711","0.0000"
"","151.7810","0.8610","0.0000"
"","151.8810","0.8511","0.0000"
"","151.9810","0.8413","0.0000"
"","152.0810","0.8312","0.0000"
"","152.1810","0.8211","0.0000"
"","152.2810","0.8113","0.0000"
"","152.3810","0.8011","-0.0001"
"","152.4810","0.7911","-0.0001"
"","152.5810","0.7812","-0.0001"
"","152.6810","0.7712","-0.0001"
"","152.7810","0.7610","-0.0001"
"","152.8810","0.7511","-0.0001"
"","152.9810","0.7414","-0.0001"
"","153.0810","0.7310","-0.0001"
"","153.1810","0.7210","-0.0001"
"","153.2810","0.7112","-0.0001"
"","153.3810","0.7015","-0.0001"
"","153.4810","0.6911","-0.0002"
"","153.5810","0.6809","-0.0002"
"","153.6810","0.6713","-0.0002"
"","153.7810","0.6612","-0.0002"
"","153.8810","0.6511","-0.0002"
"","153.9810","0.6410","-0.0002"
"","154.0810","0.6314","-0.0002"
"","154.1810","0.6212","-0.0002"
"","154.2810","0.6110","-0.0002"
"","154.3810","0.6011","-0.0002"
"","154.4810","0.5912","-0.0003"
"","154.5810","0.5812","-0.0003"
"","154.6810","0.5710","-0.0003"
"","154.7810","0.5613","-0.0003"
"","154.8810","0.5510","-0.0003"
"","154.9810","0.5411","-0.0003"
"","155.0810","0.5311","-0.0003"
"","155.1810","0.5213","-0.0003"
"","155.2810","0.5111","-0.0003"
"","155.3810","0.5011","-0.0003"
"","155.4810","0.4912","-0.0003"
"","155.5810","0.4811","-0.0003"
"","155.6810","0.4711","-0.0003"
"","155.7810","0.4611","-0.0003"
"","155.8810","0.4513","-0.0004"
"","155.9810","0.4411","-0.0004"
"","156.0810","0.4310","-0.0004"
"","156.1810","0.4213","-0.0004"
"","156.2810","0.4112","-0.0004"
"","156.3810","0.4011","-0.0004"
"","156.4810","0.3910","-0.0004"
"","156.5810","0.3813","-0.0004"
"","156.6810","0.3711","-0.0004"
"","156.7810","0.3611","-0.0004"
"","156.8810","0.3511","-0.0004"
"","156.9810","0.3412","-0.0004"
"","157.0810","0.3313","-0.0004"
"","157.1810","0.3211","-0.0004"
"","157.2810","0.3112","-0.0004"
"","157.3810","0.3010","-0.0004"
"","157.4810","0.2911","-0.0005"
"","157.5810","0.2811","-0.0004"
"","157.6810","0.2713","-0.0005"
"","157.7810","0.2610","-0.0005"
"","157.8810","0.2511","-0.0005"
"","157.9810","0.2413","-0.0005"
"","158.0810","0.2311","-0.0005"
"","158.1810","0.2210","-0.0005"
"","158.2810","0.2113","-0.0005"
"","158.3810","0.2013","-0.0005"
"","158.4810","0.1910","-0.0005"
"","158.5810","0.1810","-0.0005"
"","158.6810","0.1713","-0.0005"
"","158.7810","0.1612","-0.0005"
"","158.8810","0.1511","-0.0005"
"","158.9810","0.1410","-0.0005"
"","159.0810","0.1314","-0.0005"
"","159.1810","0.1211","-0.0005"
"","159.2810","0.1110","-0.0006"
"","159.3810","0.1011","-0.0006"
"","159.4810","0.0913","-0.0006"
"","159.5810","0.0812","-0.0006"
"","159.6810","0.0710","-0.0006"
"","159.7810","0.0613","-0.0006"
"","159.8810","0.0511","-0.0006"
"","159.9810","0.0411","-0.0006"
"","160.0810","0.0311","-0.0006"
"","160.1810","0.0212","-0.0006"
"","160.2810","0.0111","-0.0006"
"","160.3810","0.0011","-0.0006"
"","160.3930","0.0000","-0.0006"
"","160.3940","-0.0001","-0.0006"
"","160.3950","-0.0002","-0.0006"
"","160.4950","-0.0008","-0.0006"
"","160.5950","0.0066","-0.0006"
"","160.6950","0.0188","-0.0006"
"","160.7950","0.0292","-0.0006"
"","160.8950","0.0391","-0.0006"
"","160.9950","0.0492","-0.0006"
"","161.0950","0.0593","-0.0005"
"","161.1950","0.0690","-0.0005"
"","161.2950","0.0793","-0.0005"
"","161.3950","0.0892","-0.0005"
"","161.4950","0.0993","-0.0005"
"","161.5950","0.1090","-0.0005"
"","161.6950","0.1193","-0.0005"
"","161.7950","0.1292","-0.0005"
"","161.8950","0.1390","-0.0005"
"","161.9950","0.1493","-0.0005"
"","162.0950","0.1593","-0.0005"
"","162.1950","0.1691","-0.0005"
"","162.2950","0.1790","-0.0004"
"","162.3950","0.1893","-0.0004"
"","162.4950","0.1993","-0.0004"
"","162.5950","0.2091","-0.0004"
"","162.6950","0.2191","-0.0004"
"","162.7950","0.2293","-0.0004"
"","162.8950","0.2393","-0.0004"
"","162.9950","0.2489","-0.0004"
"","163.0950","0.2592","-0.0004"
"","163.1950","0.2693","-0.0004"
"","163.2950","0.2792","-0.0004"
"","163.3950","0.2891","-0.0004"
"","163.4950","0.2993","-0.0003"
"","163.5950","0.3094","-0.0003"
"","163.6950","0.3190","-0.0003"
"","163.7950","0.3292","-0.0003"
"","163.8950","0.3392","-0.0003"
"","163.9950","0.3492","-0.0003"
"","164.0950","0.3590","-0.0003"
"","164.1950","0.3693","-0.0003"
"","164.2950","0.3793","-0.0003"
"","164.3950","0.3891","-0.0003"
"","164.4950","0.3992","-0.0003"
"","164.5950","0.4093","-0.0002"
"","164.6950","0.4193","-0.0002"
"","164.7950","0.4289","-0.0002"
"","164.8950","0.4393","-0.0002"
"","164.9950","0.4492","-0.0002"
"","165.0950","0.4591","-0.0002"
"","165.1950","0.4692","-0.0002"
"","165.2950","0.4793","-0.0002"
"","165.3950","0.4893","-0.0002"
"","165.4950","0.4989","-0.0002"
"","165.5950","0.5092","-0.0001"
"","165.6950","0.5192","-0.0001"
"","165.7950","0.5292","-0.0001"
"","165.8950","0.5390","-0.0001"
"","165.9950","0.5492","-0.0001"
"","166.0950","0.5593","-0.0001"
"","166.1950","0.5691","-0.0001"
"","166.2950","0.5791","-0.0001"
"","166.3950","0.5892","0.0000"
"","166.4950","0.5992","0.0000"
"","166.5950","0.6091","0.0000"
"","166.6950","0.6192","0.0000"
"","166.7950","0.6292","0.0000"
"","166.8950","0.6391","0.0000"
"","166.9950","0.6493","0.0000"
"","167.0950","0.6592","0.0000"
"","167.1950","0.6691","0.0001"
"","167.2950","0.6790","0.0001"
"","167.3950","0.6894","0.0001"
"","167.4950","0.6992","0.0001"
"","167.5950","0.7091","0.0001"
"","167.6950","0.7192","0.0001"
"","167.7950","0.7294","0.0001"
"","167.8950","0.7393","0.0002"
"","167.9950","0.7489","0.0002"
"","168.0950","0.7593","0.0002"
"","168.1950","0.7693","0.0002"
"","168.2950","0.7792","0.0002"
"","168.3950","0.7891","0.0002"
"","168.4950","0.7993","0.0003"
"","168.5950","0.8093","0.0003"
"","168.6950","0.8191","0.0003"
"","168.7950","0.8292","0.0003"
"","168.8950","0.8392","0.0004"
"","168.9950","0.8493","0.0004"
"","169.0950","0.8592","0.0004"
"","169.1950","0.8693","0.0004"
"","169.2950","0.8792","0.0004"
"","169.3950","0.8890","0.0005"
"","169.4950","0.8994","0.0005"
"","169.5950","0.9092","0.0005"
"","169.6950","0.9192","0.0005"
"","169.7950","0.9289","0.0006"
"","169.8950","0.9394","0.0006"
"","169.9950","0.9492","0.0006"
"","170.0950","0.9591","0.0006"
"","170.1950","0.9691","0.0007"
"","170.2950","0.9794","0.0007"
"","170.3950","0.9893","0.0007"
"","170.4950","0.9988","0.0007"
"","170.5950","1.0092","0.0008"
"","170.6950","1.0193","0.0008"
"","170.7950","1.0291","0.0008"
"","170.8950","1.0390","0.0009"
"","170.9950","1.0492","0.0009"
"","171.0950","1.0594","0.0009"
"","171.1950","1.0691","0.0010"
"","171.2950","1.0791","0.0010"
"","171.3950","1.0892","0.0010"
"","171.4950","1.0992","0.0011"
"","171.5950","1.1091","0.0011"
"","171.6950","1.1192","0.0011"
"","171.7950","1.1292","0.0011"
"","171.8950","1.1391","0.0012"
"","171.9950","1.1494","0.0012"
"","172.0950","1.1592","0.0012"
"","172.1950","1.1692","0.0013"
"","172.2950","1.1789","0.0013"
"","172.3950","1.1893","0.0014"
"","172.4950","1.1992","0.0014"
"","172.5950","1.2091","0.0014"
"","172.6950","1.2191","0.0015"
"","172.7950","1.2294","0.0015"
"","172.8950","1.2393","0.0015"
"","172.9950","1.2489","0.0016"
"","173.0950","1.2592","0.0016"
"","173.1950","1.2692","0.0017"
"","173.2950","1.2792","0.0017"
"","173.3950","1.2890","0.0018"
"","173.4950","1.2992","0.0018"
"","173.5950","1.3094","0.0019"
"","173.6950","1.3192","0.0019"
"","173.7950","1.3291","0.0020"
"","173.8950","1.3392","0.0020"
"","173.9950","1.3492","0.0021"
"","174.0950","1.3592","0.0021"
"","174.1950","1.3692","0.0022"
"","174.2950","1.3792","0.0023"
"","174.3950","1.3890","0.0023"
"","174.4950","1.3993","0.0024"
"","174.5950","1.4092","0.0025"
"","174.6950","1.4192","0.0026"
"","174.7950","1.4290","0.0027"
"","174.8950","1.4394","0.0028"
"","174.9950","1.4493","0.0029"
"","175.0950","1.4591","0.0030"
"","175.1950","1.4691","0.0031"
"","175.2950","1.4793","0.0032"
"","175.3950","1.4893","0.0033"
"","175.4950","1.4989","0.0034"
"","175.5950","1.5093","0.0035"
"","175.6950","1.5192","0.0036"
"","175.7950","1.5292","0.0037"
"","175.8950","1.5390","0.0038"
"","175.9950","1.5493","0.0040"
"","176.0950","1.5593","0.0041"
"","176.1950","1.5690","0.0042"
"","176.2950","1.5792","0.0043"
"","176.3950","1.5892","0.0045"
"","176.4950","1.5993","0.0046"
"","176.5950","1.6091","0.0048"
"","176.6950","1.6193","0.0049"
"","176.7950","1.6293","0.0051"
"","176.8950","1.6390","0.0052"
"","176.9950","1.6494","0.0054"
"","177.0950","1.6592","0.0056"
"","177.1950","1.6692","0.0057"
"","177.2950","1.6789","0.0059"
"","177.3950","1.6893","0.0061"
"","177.4950","1.6993","0.0062"
"","177.5950","1.7091","0.0064"
"","177.6950","1.7191","0.0066"
"","177.7950","1.7293","0.0068"
"","177.8950","1.7393","0.0070"
"","177.9950","1.7489","0.0072"
"","178.0950","1.7592","0.0074"
"","178.1950","1.7693","0.0076"
"","178.2950","1.7791","0.0078"
"","178.3950","1.7890","0.0080"
"","178.4950","1.7993","0.0082"
"","178.5950","1.8094","0.0085"
"","178.6950","1.8191","0.0087"
"","178.7950","1.8291","0.0089"
"","178.8950","1.8391","0.0092"
"","178.9950","1.8492","0.0094"
"","179.0950","1.8591","0.0097"
"","179.1950","1.8693","0.0099"
"","179.2950","1.8792","0.0102"
"","179.3950","1.8890","0.0105"
"","179.4950","1.8994","0.0108"
"","179.5950","1.9092","0.0111"
"","179.6950","1.9193","0.0114"
"","179.7950","1.9289","0.0116"
"","179.8950","1.9393","0.0120"
"","179.9950","1.9492","0.0123"
"","180.0950","1.9591","0.0126"
"","180.1950","1.9691","0.0129"
"","180.2950","1.9794","0.0133"
"","180.3950","1.9893","0.0136"
"","180.4950","1.9989","0.0140"
"","180.5950","2.0092","0.0143"
"","180.6950","2.0193","0.0147"
"","180.7950","2.0292","0.0150"
"","180.8950","2.0390","0.0154"
"","180.9950","2.0492","0.0158"
"","181.0950","2.0593","0.0162"
"","181.1950","2.0691","0.0166"
"","181.2950","2.0792","0.0170"
"","181.3950","2.0892","0.0174"
"","181.4950","2.0992","0.0179"
"","181.5950","2.1091","0.0183"
"","181.6950","2.1192","0.0187"
"","181.7950","2.1292","0.0192"
"","181.8950","2.1391","0.0196"
"","181.9950","2.1493","0.0201"
"","182.0950","2.1592","0.0205"
"","182.1950","2.1693","0.0210"
"","182.2950","2.1790","0.0215"
"","182.3950","2.1893","0.0219"
"","182.4950","2.1992","0.0224"
"","182.5950","2.2091","0.0229"
"","182.6950","2.2192","0.0234"
"","182.7950","2.2293","0.0240"
"","182.8950","2.2392","0.0245"
"","182.9950","2.2489","0.0250"
"","183.0950","2.2593","0.0255"
"","183.1950","2.2692","0.0261"
"","183.2950","2.2792","0.0266"
"","183.3950","2.2891","0.0272"
"","183.4950","2.2993","0.0278"
"","183.5950","2.3093","0.0284"
"","183.6950","2.3189","0.0289"
"","183.7950","2.3292","0.0295"
"","183.8950","2.3392","0.0301"
"","183.9950","2.3493","0.0308"
"","184.0950","2.3590","0.0314"
"","184.1950","2.3693","0.0320"
"","184.2950","2.3793","0.0326"
"","184.3950","2.3891","0.0331"
"","184.4950","2.3993","0.0332"
"","184.5950","2.4093","0.0333"
"","184.6950","2.4193","0.0332"
"","184.7950","2.4290","0.0332"
"","184.8950","2.4392","0.0331"
"","184.9950","2.4492","0.0331"
"","185.0950","2.4592","0.0331"
"","185.1950","2.4692","0.0331"
"","185.2950","2.4794","0.0331"
"","185.3950","2.4893","0.0332"
"","185.4950","2.4990","0.0333"
"","185.5950","2.5092","0.0333"
"","185.6950","2.5193","0.0333"
"","185.7950","2.5291","0.0333"
"","185.8950","2.5391","0.0333"
"","185.9950","2.5493","0.0333"
"","186.0950","2.5594","0.0333"
"","186.1950","2.5690","0.0333"
"","186.2950","2.5792","0.0333"
"","186.3950","2.5893","0.0336"
"","186.4950","2.5992","0.0343"
"","186.5950","2.6090","0.0351"
"","186.6950","2.6193","0.0357"
"","186.7950","2.6293","0.0365"
"","186.8950","2.6391","0.0372"
"","186.9950","2.6493","0.0379"
"","187.0950","2.6592","0.0386"
"","187.1950","2.6692","0.0393"
"","187.2950","2.6789","0.0401"
"","187.3950","2.6893","0.0409"
"","187.4950","2.6992","0.0416"
"","187.5950","2.7091","0.0424"
"","187.6950","2.7191","0.0432"
"","187.7950","2.7293","0.0440"
"","187.8950","2.7393","0.0448"
"","187.9950","2.7489","0.0455"
"","188.0950","2.7592","0.0464"
"","188.1950","2.7693","0.0472"
"","188.2950","2.7792","0.0479"
"","188.3950","2.7890","0.0487"
"","188.4950","2.7992","0.0496"
"","188.5950","2.8093","0.0504"
"","188.6950","2.8191","0.0512"
"","188.7950","2.8291","0.0521"
"","188.8950","2.8392","0.0529"
"","188.9950","2.8492","0.0537"
"","189.0950","2.8591","0.0546"
"","189.1950","2.8691","0.0554"
"","189.2950","2.8791","0.0563"
"","189.3950","2.8891","0.0571"
"","189.4950","2.8993","0.0580"
"","189.5950","2.9091","0.0589"
"","189.6950","2.9192","0.0597"
"","189.7950","2.9289","0.0606"
"","189.8950","2.9394","0.0615"
"","189.9950","2.9492","0.0624"
"","190.0950","2.9591","0.0633"
"","190.1950","2.9692","0.0642"
"","190.2950","2.9794","0.0651"
"","190.3950","2.9893","0.0660"
"","190.4950","2.9989","0.0668"
"","190.5950","3.0093","0.0678"
"","190.6950","3.0193","0.0687"
"","190.7950","3.0293","0.0696"
"","190.8950","3.0391","0.0705"
"","190.9950","3.0493","0.0714"
"","191.0950","3.0593","0.0723"
"","191.1950","3.0690","0.0732"
"","191.2950","3.0793","0.0742"
"","191.3950","3.0892","0.0751"
"","191.4950","3.0993","0.0760"
"","191.5950","3.1091","0.0769"
"","191.6950","3.1193","0.0779"
"","191.7950","3.1293","0.0788"
"","191.8950","3.1391","0.0798"
"","191.9950","3.1493","0.0807"
"","192.0950","3.1592","0.0817"
"","192.1950","3.1692","0.0826"
"","192.2950","3.1790","0.0836"
"","192.3950","3.1894","0.0846"
"","192.4950","3.1992","0.0855"
"","192.5950","3.2091","0.0865"
"","192.6950","3.2191","0.0875"
"","192.7950","3.2293","0.0884"
"","192.8950","3.2392","0.0894"
"","192.9950","3.2487","0.0903"
"","193.0950","3.2592","0.0914"
"","193.1950","3.2694","0.0924"
"","193.2950","3.2792","0.0933"
"","193.3950","3.2890","0.0943"
"","193.4950","3.2993","0.0954"
"","193.5950","3.3094","0.0964"
"","193.6950","3.3190","0.0973"
"","193.7950","3.3291","0.0983"
"","193.8950","3.3392","0.0994"
"","193.9950","3.3492","0.1004"
"","194.0950","3.3591","0.1014"
"","194.1950","3.3692","0.1024"
"","194.2950","3.3794","0.1035"
"","194.3950","3.3891","0.1045"
"","194.4950","3.3994","0.1055"
"","194.5950","3.4092","0.1065"
"","194.6950","3.4193","0.1076"
"","194.7950","3.4289","0.1086"
"","194.8950","3.4393","0.1096"
"","194.9950","3.4491","0.1106"
"","195.0950","3.4591","0.1117"
"","195.1950","3.4692","0.1127"
"","195.2950","3.4794","0.1138"
"","195.3950","3.4893","0.1148"
"","195.4950","3.4989","0.1158"
"","195.5950","3.5092","0.1169"
"","195.6950","3.5193","0.1180"
"","195.7950","3.5292","0.1190"
"","195.8950","3.5391","0.1201"
"","195.9950","3.5492","0.1212"
"","196.0950","3.5593","0.1223"
"","196.1950","3.5691","0.1233"
"","196.2950","3.5791","0.1244"
"","196.3950","3.5892","0.1255"
"","196.4950","3.5992","0.1265"
"","196.5950","3.6092","0.1276"
"","196.6950","3.6192","0.1287"
"","196.7950","3.6292","0.1298"
"","196.8950","3.6391","0.1309"
"","196.9950","3.6494","0.1320"
"","197.0950","3.6592","0.1330"
"","197.1950","3.6692","0.1341"
"","197.2950","3.6789","0.1352"
"","197.3950","3.6893","0.1363"
"","197.4950","3.6992","0.1374"
"","197.5950","3.7091","0.1385"
"","197.6950","3.7191","0.1396"
"","197.7950","3.7294","0.1407"
"","197.8950","3.7393","0.1418"
"","197.9950","3.7489","0.1428"
"","198.0950","3.7593","0.1440"
"","198.1950","3.7692","0.1451"
"","198.2950","3.7792","0.1462"
"","198.3950","3.7891","0.1473"
"","198.4950","3.7993","0.1484"
"","198.5950","3.8093","0.1495"
"","198.6950","3.8191","0.1506"
"","198.7950","3.8293","0.1517"
"","198.8950","3.8392","0.1528"
"","198.9950","3.8492","0.1540"
"","199.0950","3.8591","0.1550"
"","199.1950","3.8693","0.1562"
"","199.2950","3.8792","0.1573"
"","199.3950","3.8890","0.1584"
"","199.4950","3.8994","0.1595"
"","199.5950","3.9092","0.1606"
"","199.6950","3.9192","0.1617"
"","199.7950","3.9289","0.1628"
"","199.8950","3.9394","0.1640"
"","199.9950","3.9492","0.1650"
"","200.0950","3.9591","0.1661"
"","200.1950","3.9690","0.1672"
"","200.2950","3.9794","0.1684"
"","200.3950","3.9893","0.1694"
"","200.4950","3.9988","0.1705"
"","200.5070","4.0000","0.1706"
"","200.5080","4.0001","0.1706"
"","200.5090","4.0002","0.1706"
"","200.6090","4.0009","0.1704"
"","200.7090","3.9935","0.1691"
"","200.8090","3.9813","0.1670"
"","200.9090","3.9710","0.1653"
"","201.0090","3.9611","0.1637"
"","201.1090","3.9511","0.1621"
"","201.2090","3.9408","0.1604"
"","201.3090","3.9308","0.1589"
"","201.4090","3.9211","0.1574"
"","201.5090","3.9110","0.1558"
"","201.6090","3.9009","0.1542"
"","201.7090","3.8908","0.1527"
"","201.8090","3.8812","0.1513"
"","201.9090","3.8709","0.1497"
"","202.0090","3.8608","0.1482"
"","202.1090","3.8509","0.1468"
"","202.2090","3.8410","0.1453"
"","202.3090","3.8310","0.1438"
"","202.4090","3.8208","0.1424"
"","202.5090","3.8111","0.1410"
"","202.6090","3.8009","0.1395"
"","202.7090","3.7909","0.1380"
"","202.8090","3.7810","0.1366"
"","202.9090","3.7710","0.1352"
"","203.0090","3.7609","0.1338"
"","203.1090","3.7509","0.1324"
"","203.2090","3.7411","0.1310"
"","203.3090","3.7308","0.1296"
"","203.4090","3.7208","0.1282"
"","203.5090","3.7109","0.1268"
"","203.6090","3.7012","0.1255"
"","203.7090","3.6908","0.1241"
"","203.8090","3.6808","0.1227"
"","203.9090","3.6710","0.1214"
"","204.0090","3.6610","0.1200"
"","204.1090","3.6508","0.1187"
"","204.2090","3.6408","0.1173"
"","204.3090","3.6312","0.1161"
"","204.4090","3.6210","0.1147"
"","204.5090","3.6108","0.1134"
"","204.6090","3.6009","0.1121"
"","204.7090","3.5911","0.1108"
"","204.8090","3.5810","0.1094"
"","204.9090","3.5708","0.1081"
"","205.0090","3.5610","0.1069"
"","205.1090","3.5509","0.1056"
"","205.2090","3.5409","0.1043"
"","205.3090","3.5309","0.1030"
"","205.4090","3.5210","0.1018"
"","205.5090","3.5110","0.1005"
"","205.6090","3.5009","0.0992"
"","205.7090","3.4911","0.0980"
"","205.8090","3.4808","0.0968"
"","205.9090","3.4708","0.0956"
"","206.0090","3.4609","0.0943"
"","206.1090","3.4511","0.0931"
"","206.2090","3.4409","0.0919"
"","206.3090","3.4308","0.0907"
"","206.4090","3.4211","0.0895"
"","206.5090","3.4110","0.0883"
"","206.6090","3.4009","0.0871"
"","206.7090","3.3908","0.0860"
"","206.8090","3.3811","0.0848"
"","206.9090","3.3709","0.0836"
"","207.0090","3.3608","0.0825"
"","207.1090","3.3509","0.0814"
"","207.2090","3.3411","0.0802"
"","207.3090","3.3310","0.0791"
"","207.4090","3.3208","0.0779"
"","207.5090","3.3110","0.0769"
"","207.6090","3.3009","0.0757"
"","207.7090","3.2909","0.0746"
"","207.8090","3.2809","0.0735"
"","207.9090","3.2710","0.0725"
"","208.0090","3.2609","0.0714"
"","208.1090","3.2510","0.0703"
"","208.2090","3.2411","0.0693"
"","208.3090","3.2308","0.0682"
"","208.4090","3.2208","0.0672"
"","208.5090","3.2110","0.0661"
"","208.6090","3.2011","0.0651"
"","208.7090","3.1908","0.0641"
"","208.8090","3.1808","0.0631"
"","208.9090","3.1710","0.0621"
"","209.0090","3.1610","0.0611"
"","209.1090","3.1509","0.0601"
"","209.2090","3.1408","0.0591"
"","209.3090","3.1311","0.0582"
"","209.4090","3.1208","0.0572"
"","209.5090","3.1108","0.0562"
"","209.6090","3.1009","0.0553"
"","209.7090","3.0910","0.0544"
"","209.8090","3.0810","0.0534"
"","209.9090","3.0708","0.0525"
"","210.0090","3.0611","0.0516"
"","210.1090","3.0508","0.0507"
"","210.2090","3.0409","0.0498"
"","210.3090","3.0309","0.0489"
"","210.4090","3.0210","0.0480"
"","210.5090","3.0108","0.0471"
"","210.6090","3.0009","0.0463"
"","210.7090","2.9912","0.0454"
"","210.8090","2.9808","0.0446"
"","210.9090","2.9708","0.0437"
"","211.0090","2.9610","0.0429"
"","211.1090","2.9512","0.0421"
"","211.2090","2.9408","0.0413"
"","211.3090","2.9307","0.0405"
"","211.4090","2.9211","0.0397"
"","211.5090","2.9110","0.0389"
"","211.6090","2.9009","0.0381"
"","211.7090","2.8908","0.0373"
"","211.8090","2.8812","0.0366"
"","211.9090","2.8709","0.0358"
"","212.0090","2.8608","0.0351"
"","212.1090","2.8509","0.0344"
"","212.2090","2.8411","0.0337"
"","212.3090","2.8310","0.0329"
"","212.4090","2.8208","0.0327"
"","212.5090","2.8110","0.0325"
"","212.6090","2.8008","0.0325"
"","212.7090","2.7909","0.0325"
"","212.8090","2.7809","0.0324"
"","212.9090","2.7711","0.0324"
"","213.0090","2.7609","0.0324"
"","213.1090","2.7509","0.0324"
"","213.2090","2.7410","0.0324"
"","213.3090","2.7308","0.0324"
"","213.4090","2.7208","0.0324"
"","213.5090","2.7110","0.0323"
"","213.6090","2.7012","0.0324"
"","213.7090","2.6908","0.0324"
"","213.8090","2.6808","0.0324"
"","213.9090","2.6711","0.0324"
"","214.0090","2.6610","0.0324"
"","214.1090","2.6509","0.0324"
"","214.2090","2.6408","0.0324"
"","214.3090","2.6312","0.0322"
"","214.4090","2.6209","0.0317"
"","214.5090","2.6108","0.0314"
"","214.6090","2.6009","0.0308"
"","214.7090","2.5910","0.0302"
"","214.8090","2.5810","0.0296"
"","214.9090","2.5708","0.0288"
"","215.0090","2.5610","0.0282"
"","215.1090","2.5508","0.0275"
"","215.2090","2.5408","0.0268"
"","215.3090","2.5309","0.0262"
"","215.4090","2.5210","0.0256"
"","215.5090","2.5109","0.0250"
"","215.6090","2.5009","0.0244"
"","215.7090","2.4910","0.0239"
"","215.8090","2.4808","0.0233"
"","215.9090","2.4709","0.0228"
"","216.0090","2.4610","0.0223"
"","216.1090","2.4510","0.0217"
"","216.2090","2.4408","0.0212"
"","216.3090","2.4309","0.0207"
"","216.4090","2.4210","0.0202"
"","216.5090","2.4109","0.0197"
"","216.6090","2.4008","0.0192"
"","216.7090","2.3909","0.0188"
"","216.8090","2.3812","0.0183"
"","216.9090","2.3708","0.0179"
"","217.0090","2.3608","0.0174"
"","217.1090","2.3510","0.0170"
"","217.2090","2.3410","0.0166"
"","217.3090","2.3309","0.0162"
"","217.4090","2.3208","0.0158"
"","217.5090","2.3112","0.0154"
"","217.6090","2.3009","0.0150"
"","217.7090","2.2909","0.0146"
"","217.8090","2.2809","0.0142"
"","217.9090","2.2710","0.0139"
"","218.0090","2.2609","0.0135"
"","218.1090","2.2509","0.0132"
"","218.2090","2.2411","0.0128"
"","218.3090","2.2308","0.0125"
"","218.4090","2.2208","0.0122"
"","218.5090","2.2109","0.0119"
"","218.6090","2.2012","0.0116"
"","218.7090","2.1908","0.0112"
"","218.8090","2.1808","0.0110"
"","218.9090","2.1710","0.0107"
"","219.0090","2.1610","0.0104"
"","219.1090","2.1508","0.0101"
"","219.2090","2.1408","0.0099"
"","219.3090","2.1312","0.0096"
"","219.4090","2.1209","0.0093"
"","219.5090","2.1108","0.0091"
"","219.6090","2.1009","0.0088"
"","219.7090","2.0911","0.0086"
"","219.8090","2.0810","0.0084"
"","219.9090","2.0708","0.0081"
"","220.0090","2.0610","0.0079"
"","220.1090","2.0509","0.0077"
"","220.2090","2.0409","0.0075"
"","220.3090","2.0309","0.0073"
"","220.4090","2.0211","0.0071"
"","220.5090","2.0109","0.0069"
"","220.6090","2.0009","0.0067"
"","220.7090","1.9910","0.0065"
"","220.8090","1.9808","0.0063"
"","220.9090","1.9708","0.0061"
"","221.0090","1.9610","0.0060"
"","221.1090","1.9512","0.0058"
"","221.2090","1.9409","0.0057"
"","221.3090","1.9307","0.0055"
"","221.4090","1.9211","0.0053"
"","221.5090","1.9110","0.0052"
"","221.6090","1.9009","0.0050"
"","221.7090","1.8907","0.0049"
"","221.8090","1.8812","0.0048"
"","221.9090","1.8709","0.0046"
"","222.0090","1.8608","0.0045"
"","222.1090","1.8508","0.0043"
"","222.2090","1.8411","0.0042"
"","222.3090","1.8310","0.0041"
"","222.4090","1.8209","0.0040"
"","222.5090","1.8110","0.0039"
"","222.6090","1.8008","0.0037"
"","222.7090","1.7909","0.0036"
"","222.8090","1.7809","0.0035"
"","222.9090","1.7710","0.0034"
"","223.0090","1.7609","0.0033"
"","223.1090","1.7510","0.0032"
"","223.2090","1.7411","0.0031"
"","223.3090","1.7308","0.0030"
"","223.4090","1.7208","0.0029"
"","223.5090","1.7111","0.0028"
"","223.6090","1.7011","0.0027"
"","223.7090","1.6908","0.0026"
"","223.8090","1.6807","0.0025"
"","223.9090","1.6711","0.0025"
"","224.0090","1.6610","0.0024"
"","224.1090","1.6509","0.0023"
"","224.2090","1.6407","0.0022"
"","224.3090","1.6311","0.0022"
"","224.4090","1.6209","0.0021"
"","224.5090","1.6108","0.0020"
"","224.6090","1.6009","0.0019"
"","224.7090","1.5910","0.0019"
"","224.8090","1.5810","0.0018"
"","224.9090","1.5709","0.0017"
"","225.0090","1.5611","0.0017"
"","225.1090","1.5508","0.0016"
"","225.2090","1.5409","0.0016"
"","225.3090","1.5310","0.0016"
"","225.4090","1.5210","0.0015"
"","225.5090","1.5108","0.0015"
"","225.6090","1.5009","0.0014"
"","225.7090","1.4911","0.0014"
"","225.8090","1.4808","0.0013"
"","225.9090","1.4708","0.0013"
"","226.0090","1.4610","0.0013"
"","226.1090","1.4512","0.0012"
"","226.2090","1.4408","0.0012"
"","226.3090","1.4307","0.0012"
"","226.4090","1.4211","0.0011"
"","226.5090","1.4110","0.0011"
"","226.6090","1.4008","0.0010"
"","226.7090","1.3907","0.0010"
"","226.8090","1.3812","0.0010"
"","226.9090","1.3709","0.0010"
"","227.0090","1.3609","0.0009"
"","227.1090","1.3508","0.0009"
"","227.2090","1.3411","0.0009"
"","227.3090","1.3310","0.0009"
"","227.4090","1.3208","0.0008"
"","227.5090","1.3110","0.0008"
"","227.6090","1.3009","0.0008"
"","227.7090","1.2908","0.0008"
"","227.8090","1.2809","0.0007"
"","227.9090","1.2711","0.0007"
"","228.0090","1.2609","0.0007"
"","228.1090","1.2509","0.0006"
"","228.2090","1.2410","0.0006"
"","228.3090","1.2308","0.0006"
"","228.4090","1.2208","0.0006"
"","228.5090","1.2109","0.0006"
"","228.6090","1.2011","0.0005"
"","228.7090","1.1909","0.0005"
"","228.8090","1.1808","0.0005"
"","228.9090","1.1711","0.0005"
"","229.0090","1.1610","0.0005"
"","229.1090","1.1509","0.0004"
"","229.2090","1.1407","0.0004"
"","229.3090","1.1312","0.0004"
"","229.4090","1.1209","0.0004"
"","229.5090","1.1108","0.0004"
"","229.6090","1.1008","0.0003"
"","229.7090","1.0910","0.0003"
"","229.8090","1.0810","0.0003"
"","229.9090","1.0709","0.0003"
"","230.0090","1.0610","0.0003"
"","230.1090","1.0508","0.0002"
"","230.2090","1.0409","0.0002"
"","230.3090","1.0309","0.0002"
"","230.4090","1.0210","0.0002"
"","230.5090","1.0109","0.0002"
"","230.6090","1.0009","0.0002"
"","230.7090","0.9912","0.0001"
"","230.8090","0.9808","0.0001"
"","230.9090","0.9708","0.0001"
"","231.0090","0.9610","0.0001"
"","231.1090","0.9511","0.0001"
"","231.2090","0.9408","0.0001"
"","231.3090","0.9307","0.0000"
"","231.4090","0.9211","0.0000"
"","231.5090","0.9110","0.0000"
"","231.6090","0.9008","0.0000"
"","231.7090","0.8908","0.0000"
"","231.8090","0.8812","0.0000"
"","231.9090","0.8709","0.0000"
"","232.0090","0.8608","0.0000"
"","232.1090","0.8509","-0.0001"
"","232.2090","0.8410","-0.0001"
"","232.3090","0.8310","-0.0001"
"","232.4090","0.8209","-0.0001"
"","232.5090","0.8111","-0.0001"
"","232.6090","0.8008","-0.0001"
"","232.7090","0.7909","-0.0001"
"","232.8090","0.7810","-0.0001"
"","232.9090","0.7710","-0.0001"
"","233.0090","0.7608","-0.0001"
"","233.1090","0.7509","-0.0002"
"","233.2090","0.7412","-0.0002"
"","233.3090","0.7308","-0.0002"
"","233.4090","0.7207","-0.0002"
"","233.5090","0.7110","-0.0002"
"","233.6090","0.7013","-0.0002"
"","233.7090","0.6908","-0.0002"
"","233.8090","0.6807","-0.0002"
"","233.9090","0.6711","-0.0002"
"","234.0090","0.6610","-0.0003"
"","234.1090","0.6508","-0.0002"
"","234.2090","0.6408","-0.0003"
"","234.3090","0.6311","-0.0003"
"","234.4090","0.6210","-0.0003"
"","234.5090","0.6108","-0.0003"
"","234.6090","0.6009","-0.0003"
"","234.7090","0.5910","-0.0003"
"","234.8090","0.5810","-0.0003"
"","234.9090","0.5708","-0.0003"
"","235.0090","0.5611","-0.0003"
"","235.1090","0.5508","-0.0003"
"","235.2090","0.5408","-0.0003"
"","235.3090","0.5309","-0.0003"
"","235.4090","0.5211","-0.0004"
"","235.5090","0.5109","-0.0004"
"","235.6090","0.5009","-0.0004"
"","235.7090","0.4910","-0.0004"
"","235.8090","0.4808","-0.0004"
"","235.9090","0.4708","-0.0004"
"","236.0090","0.4609","-0.0004"
"","236.1090","0.4511","-0.0004"
"","236.2090","0.4409","-0.0004"
"","236.3090","0.4308","-0.0004"
"","236.4090","0.4211","-0.0004"
"","236.5090","0.4110","-0.0004"
"","236.6090","0.4009","-0.0004"
"","236.7090","0.3908","-0.0004"
"","236.8090","0.3811","-0.0004"
"","236.9090","0.3709","-0.0004"
"","237.0090","0.3608","-0.0004"
"","237.1090","0.3509","-0.0005"
"","237.2090","0.3410","-0.0005"
"","237.3090","0.3311","-0.0005"
"","237.4090","0.3208","-0.0005"
"","237.5090","0.3110","-0.0005"
"","237.6090","0.3008","-0.0005"
"","237.7090","0.2909","-0.0005"
"","237.8090","0.2809","-0.0005"
"","237.9090","0.2710","-0.0005"
"","238.0090","0.2608","-0.0005"
"","238.1090","0.2509","-0.0005"
"","238.2090","0.2411","-0.0005"
"","238.3090","0.2308","-0.0005"
"","238.4090","0.2208","-0.0005"
"","238.5090","0.2110","-0.0005"
"","238.6090","0.2011","-0.0005"
"","238.7090","0.1908","-0.0005"
"","238.8090","0.1808","-0.0005"
"","238.9090","0.1711","-0.0006"
"","239.0090","0.1610","-0.0006"
"","239.1090","0.1508","-0.0006"
"","239.2090","0.1408","-0.0006"
"","239.3090","0.1312","-0.0006"
"","239.4090","0.1209","-0.0006"
"","239.5090","0.1108","-0.0006"
"","239.6090","0.1009","-0.0006"
"","239.7090","0.0910","-0.0006"
"","239.8090","0.0810","-0.0006"
"","239.9090","0.0708","-0.0006"
"","240.0090","0.0611","-0.0006"
"","240.1090","0.0509","-0.0006"
"","240.2090","0.0409","-0.0006"
"","240.3090","0.0309","-0.0006"
"","240.4090","0.0210","-0.0006"
"","240.5090","0.0109","-0.0006"
"","240.6090","0.0009","-0.0006"
"","240.6190","-0.0001","-0.0006"
"","240.6200","-0.0002","-0.0006"
"","240.6210","-0.0003","-0.0006"
"","240.7210","-0.0008","-0.0006"
"","240.8210","0.0065","-0.0006"
"","240.9210","0.0187","-0.0006"
"","241.0210","0.0291","-0.0006"
"","241.1210","0.0390","-0.0006"
"","241.2210","0.0492","-0.0006"
"","241.3210","0.0592","-0.0006"
"","241.4210","0.0690","-0.0006"
"","241.5210","0.0792","-0.0006"
"","241.6210","0.0891","-0.0006"
"","241.7210","0.0992","-0.0006"
"","241.8210","0.1090","-0.0005"
"","241.9210","0.1192","-0.0005"
"","242.0210","0.1291","-0.0005"
"","242.1210","0.1390","-0.0005"
"","242.2210","0.1493","-0.0005"
"","242.3210","0.1592","-0.0005"
"","242.4210","0.1691","-0.0005"
"","242.5210","0.1789","-0.0005"
"","242.6210","0.1892","-0.0005"
"","242.7210","0.1993","-0.0005"
"","242.8210","0.2090","-0.0005"
"","242.9210","0.2190","-0.0005"
"","243.0210","0.2292","-0.0005"
"","243.1210","0.2392","-0.0004"
"","243.2210","0.2488","-0.0004"
"","243.3210","0.2591","-0.0004"
"","243.4210","0.2692","-0.0004"
"","243.5210","0.2791","-0.0004"
"","243.6210","0.2890","-0.0004"
"","243.7210","0.2992","-0.0004"
"","243.8210","0.3093","-0.0004"
"","243.9210","0.3189","-0.0004"
"","244.0210","0.3292","-0.0004"
"","244.1210","0.3392","-0.0004"
"","244.2210","0.3491","-0.0004"
"","244.3210","0.3589","-0.0003"
"","244.4210","0.3692","-0.0003"
"","244.5210","0.3792","-0.0003"
"","244.6210","0.3890","-0.0003"
"","244.7210","0.3992","-0.0003"
"","244.8210","0.4092","-0.0003"
"","244.9210","0.4192","-0.0003"
"","245.0210","0.4288","-0.0003"
"","245.1210","0.4392","-0.0003"
"","245.2210","0.4492","-0.0003"
"","245.3210","0.4590","-0.0003"
"","245.4210","0.4691","-0.0002"
"","245.5210","0.4792","-0.0002"
"","245.6210","0.4892","-0.0002"
"","245.7210","0.4989","-0.0002"
"","245.8210","0.5092","-0.0002"
"","245.9210","0.5192","-0.0002"
"","246.0210","0.5291","-0.0002"
"","246.1210","0.5389","-0.0002"
"","246.2210","0.5491","-0.0002"
"","246.3210","0.5593","-0.0001"
"","246.4210","0.5691","-0.0001"
"","246.5210","0.5791","-0.0001"
"","246.6210","0.5892","-0.0001"
"","246.7210","0.5991","-0.0001"
"","246.8210","0.6090","-0.0001"
"","246.9210","0.6191","-0.0001"
"","247.0210","0.6291","-0.0001"
"","247.1210","0.6390","0.0000"
"","247.2210","0.6492","0.0000"
"","247.3210","0.6591","0.0000"
"","247.4210","0.6690","0.0000"
"","247.5210","0.6789","0.0000"
"","247.6210","0.6893","0.0000"
"","247.7210","0.6991","0.0000"
"","247.8210","0.7090","0.0000"
"","247.9210","0.7191","0.0001"
"","248.0210","0.7293","0.0001"
"","248.1210","0.7392","0.0001"
"","248.2210","0.7488","0.0001"
"","248.3210","0.7592","0.0001"
"","248.4210","0.7692","0.0001"
"","248.5210","0.7792","0.0001"
"","248.6210","0.7890","0.0002"
"","248.7210","0.7992","0.0002"
"","248.8210","0.8092","0.0002"
"","248.9210","0.8190","0.0002"
"","249.0210","0.8291","0.0002"
"","249.1210","0.8391","0.0003"
"","249.2210","0.8492","0.0003"
"","249.3210","0.8591","0.0003"
"","249.4210","0.8692","0.0003"
"","249.5210","0.8791","0.0003"
"","249.6210","0.8889","0.0003"
"","249.7210","0.8993","0.0004"
"","249.8210","0.9091","0.0004"
"","249.9210","0.9191","0.0004"
"","250.0210","0.9289","0.0004"
"","250.1210","0.9393","0.0005"
"","250.2210","0.9491","0.0005"
"","250.3210","0.9590","0.0005"
"","250.4210","0.9690","0.0005"
"","250.5210","0.9793","0.0006"
"","250.6210","0.9892","0.0006"
"","250.7210","0.9988","0.0006"
"","250.8210","1.0091","0.0006"
"","250.9210","1.0193","0.0007"
"","251.0210","1.0291","0.0007"
"","251.1210","1.0389","0.0007"
"","251.2210","1.0491","0.0008"
"","251.3210","1.0593","0.0008"
"","251.4210","1.0691","0.0008"
"","251.5210","1.0791","0.0008"
"","251.6210","1.0891","0.0009"
"","251.7210","1.0992","0.0009"
"","251.8210","1.1090","0.0009"
"","251.9210","1.1192","0.0010"
"","252.0210","1.1292","0.0010"
"","252.1210","1.1390","0.0010"
"","252.2210","1.1493","0.0010"
"","252.3210","1.1591","0.0011"
"","252.4210","1.1692","0.0011"
"","252.5210","1.1788","0.0011"
"","252.6210","1.1893","0.0012"
"","252.7210","1.1991","0.0012"
"","252.8210","1.2090","0.0012"
"","252.9210","1.2190","0.0013"
"","253.0210","1.2293","0.0013"
"","253.1210","1.2392","0.0014"
"","253.2210","1.2489","0.0014"
"","253.3210","1.2592","0.0014"
"","253.4210","1.2691","0.0015"
"","253.5210","1.2791","0.0015"
"","253.6210","1.2889","0.0015"
"","253.7210","1.2991","0.0016"
"","253.8210","1.3093","0.0016"
"","253.9210","1.3191","0.0017"
"","254.0210","1.3291","0.0017"
"","254.1210","1.3392","0.0018"
"","254.2210","1.3491","0.0018"
"","254.3210","1.3591","0.0019"
"","254.4210","1.3691","0.0019"
"","254.5210","1.3791","0.0020"
"","254.6210","1.3890","0.0020"
"","254.7210","1.3992","0.0021"
"","254.8210","1.4091","0.0021"
"","254.9210","1.4191","0.0022"
"","255.0210","1.4289","0.0023"
"","255.1210","1.4393","0.0024"
"","255.2210","1.4492","0.0024"
"","255.3210","1.4590","0.0025"
"","255.4210","1.4691","0.0026"
"","255.5210","1.4792","0.0027"
"","255.6210","1.4892","0.0028"
"","255.7210","1.4988","0.0029"
"","255.8210","1.5092","0.0030"
"","255.9210","1.5192","0.0031"
"","256.0210","1.5291","0.0032"
"","256.1210","1.5390","0.0033"
"","256.2210","1.5492","0.0034"
"","256.3210","1.5592","0.0035"
"","256.4210","1.5690","0.0036"
"","256.5210","1.5792","0.0037"
"","256.6210","1.5891","0.0039"
"","256.7210","1.5992","0.0040"
"","256.8210","1.6091","0.0041"
"","256.9210","1.6192","0.0042"
"","257.0210","1.6292","0.0044"
"","257.1210","1.6390","0.0045"
"","257.2210","1.6493","0.0047"
"","257.3210","1.6591","0.0048"
"","257.4210","1.6691","0.0050"
"","257.5210","1.6789","0.0051"
"","257.6210","1.6893","0.0053"
"","257.7210","1.6991","0.0054"
"","257.8210","1.7090","0.0056"
"","257.9210","1.7190","0.0058"
"","258.0210","1.7292","0.0059"
"","258.1210","1.7392","0.0061"
"","258.2210","1.7488","0.0063"
"","258.3210","1.7591","0.0065"
"","258.4210","1.7693","0.0066"
"","258.5210","1.7791","0.0068"
"","258.6210","1.7889","0.0070"
"","258.7210","1.7992","0.0072"
"","258.8210","1.8093","0.0074"
"","258.9210","1.8190","0.0076"
"","259.0210","1.8291","0.0078"
"","259.1210","1.8391","0.0081"
"","259.2210","1.8492","0.0083"
"","259.3210","1.8590","0.0085"
"","259.4210","1.8692","0.0087"
"","259.5210","1.8792","0.0090"
"","259.6210","1.8890","0.0092"
"","259.7210","1.8993","0.0095"
"","259.8210","1.9091","0.0098"
"","259.9210","1.9192","0.0100"
"","260.0210","1.9288","0.0103"
"","260.1210","1.9393","0.0106"
"","260.2210","1.9491","0.0109"
"","260.3210","1.9590","0.0112"
"","260.4210","1.9690","0.0115"
"","260.5210","1.9793","0.0118"
"","260.6210","1.9892","0.0121"
"","260.7210","1.9989","0.0124"
"","260.8210","2.0091","0.0128"
"","260.9210","2.0192","0.0131"
"","261.0210","2.0291","0.0134"
"","261.1210","2.0389","0.0138"
"","261.2210","2.0491","0.0141"
"","261.3210","2.0593","0.0145"
"","261.4210","2.0690","0.0149"
"","261.5210","2.0791","0.0152"
"","261.6210","2.0892","0.0156"
"","261.7210","2.0991","0.0160"
"","261.8210","2.1090","0.0164"
"","261.9210","2.1191","0.0168"
"","262.0210","2.1292","0.0173"
"","262.1210","2.1390","0.0177"
"","262.2210","2.1492","0.0181"
"","262.3210","2.1591","0.0185"
"","262.4210","2.1692","0.0190"
"","262.5210","2.1789","0.0194"
"","262.6210","2.1893","0.0199"
"","262.7210","2.1991","0.0203"
"","262.8210","2.2091","0.0208"
"","262.9210","2.2191","0.0213"
"","263.0210","2.2292","0.0218"
"","263.1210","2.2392","0.0223"
"","263.2210","2.2489","0.0228"
"","263.3210","2.2592","0.0233"
"","263.4210","2.2691","0.0238"
"","263.5210","2.2791","0.0243"
"","263.6210","2.2890","0.0248"
"","263.7210","2.2992","0.0254"
"","263.8210","2.3092","0.0260"
"","263.9210","2.3188","0.0265"
"","264.0210","2.3291","0.0271"
"","264.1210","2.3392","0.0277"
"","264.2210","2.3493","0.0283"
"","264.3210","2.3589","0.0289"
"","264.4210","2.3692","0.0295"
"","264.5210","2.3792","0.0301"
"","264.6210","2.3890","0.0307"
"","264.7210","2.3992","0.0314"
"","264.8210","2.4092","0.0320"
"","264.9210","2.4192","0.0326"
"","265.0210","2.4289","0.0331"
"","265.1210","2.4391","0.0332"
"","265.2210","2.4491","0.0333"
"","265.3210","2.4591","0.0333"
"","265.4210","2.4691","0.0332"
"","265.5210","2.4793","0.0331"
"","265.6210","2.4892","0.0331"
"","265.7210","2.4989","0.0331"
"","265.8210","2.5091","0.0331"
"","265.9210","2.5192","0.0331"
"","266.0210","2.5290","0.0332"
"","266.1210","2.5389","0.0332"
"","266.2210","2.5492","0.0333"
"","266.3210","2.5593","0.0333"
"","266.4210","2.5689","0.0333"
"","266.5210","2.5791","0.0333"
"","266.6210","2.5892","0.0333"
"","266.7210","2.5992","0.0333"
"","266.8210","2.6090","0.0333"
"","266.9210","2.6192","0.0333"
"","267.0210","2.6292","0.0336"
"","267.1210","2.6390","0.0343"
"","267.2210","2.6492","0.0351"
"","267.3210","2.6591","0.0357"
"","267.4210","2.6691","0.0365"
"","267.5210","2.6788","0.0372"
"","267.6210","2.6892","0.0379"
"","267.7210","2.6991","0.0386"
"","267.8210","2.7090","0.0394"
"","267.9210","2.7190","0.0402"
"","268.0210","2.7292","0.0409"
"","268.1210","2.7393","0.0417"
"","268.2210","2.7488","0.0425"
"","268.3210","2.7592","0.0433"
"","268.4210","2.7692","0.0441"
"","268.5210","2.7791","0.0449"
"","268.6210","2.7889","0.0457"
"","268.7210","2.7991","0.0465"
"","268.8210","2.8092","0.0473"
"","268.9210","2.8190","0.0481"
"","269.0210","2.8291","0.0490"
"","269.1210","2.8392","0.0498"
"","269.2210","2.8491","0.0506"
"","269.3210","2.8590","0.0515"
"","269.4210","2.8691","0.0523"
"","269.5210","2.8791","0.0532"
"","269.6210","2.8890","0.0540"
"","269.7210","2.8993","0.0549"
"","269.8210","2.9091","0.0558"
"","269.9210","2.9191","0.0567"
"","270.0210","2.9288","0.0575"
"","270.1210","2.9393","0.0584"
"","270.2210","2.9491","0.0593"
"","270.3210","2.9590","0.0602"
"","270.4210","2.9691","0.0611"
"","270.5210","2.9793","0.0620"
"","270.6210","2.9892","0.0629"
"","270.7210","2.9988","0.0638"
"","270.8210","3.0092","0.0647"
"","270.9210","3.0192","0.0656"
"","271.0210","3.0291","0.0665"
"","271.1210","3.0390","0.0674"
"","271.2210","3.0492","0.0684"
"","271.3210","3.0592","0.0693"
"","271.4210","3.0689","0.0702"
"","271.5210","3.0792","0.0711"
"","271.6210","3.0891","0.0721"
"","271.7210","3.0992","0.0730"
"","271.8210","3.1090","0.0739"
"","271.9210","3.1192","0.0749"
"","272.0210","3.1292","0.0758"
"","272.1210","3.1390","0.0768"
"","272.2210","3.1492","0.0777"
"","272.3210","3.1591","0.0787"
"","272.4210","3.1691","0.0797"
"","272.5210","3.1789","0.0806"
"","272.6210","3.1893","0.0816"
"","272.7210","3.1992","0.0826"
"","272.8210","3.2090","0.0836"
"","272.9210","3.2190","0.0845"
"","273.0210","3.2293","0.0855"
"","273.1210","3.2392","0.0865"
"","273.2210","3.2488","0.0874"
"","273.3210","3.2591","0.0885"
"","273.4210","3.2692","0.0895"
"","273.5210","3.2790","0.0904"
"","273.6210","3.2889","0.0914"
"","273.7210","3.2991","0.0925"
"","273.8210","3.3093","0.0935"
"","273.9210","3.3190","0.0945"
"","274.0210","3.3291","0.0955"
"","274.1210","3.3391","0.0965"
"","274.2210","3.3492","0.0976"
"","274.3210","3.3590","0.0986"
"","274.4210","3.3691","0.0996"
"","274.5210","3.3792","0.1007"
"","274.6210","3.3890","0.1017"
"","274.7210","3.3993","0.1027"
"","274.8210","3.4092","0.1038"
"","274.9210","3.4192","0.1048"
"","275.0210","3.4288","0.1058"
"","275.1210","3.4392","0.1069"
"","275.2210","3.4491","0.1079"
"","275.3210","3.4590","0.1090"
"","275.4210","3.4691","0.1101"
"","275.5210","3.4793","0.1111"
"","275.6210","3.4892","0.1122"
"","275.7210","3.4988","0.1132"
"","275.8210","3.5092","0.1143"
"","275.9210","3.5192","0.1154"
"","276.0210","3.5291","0.1165"
"","276.1210","3.5389","0.1175"
"","276.2210","3.5492","0.1186"
"","276.3210","3.5593","0.1197"
"","276.4210","3.5690","0.1208"
"","276.5210","3.5791","0.1219"
"","276.6210","3.5892","0.1230"
"","276.7210","3.5991","0.1241"
"","276.8210","3.6091","0.1251"
"","276.9210","3.6190","0.1262"
"","277.0210","3.6290","0.1273"
"","277.1210","3.6389","0.1284"
"","277.2210","3.6492","0.1295"
"","277.3210","3.6591","0.1306"
"","277.4210","3.6692","0.1318"
"","277.5210","3.6789","0.1328"
"","277.6210","3.6892","0.1340"
"","277.7210","3.6991","0.1351"
"","277.8210","3.7090","0.1362"
"","277.9210","3.7191","0.1373"
"","278.0210","3.7293","0.1384"
"","278.1210","3.7393","0.1396"
"","278.2210","3.7489","0.1407"
"","278.3210","3.7592","0.1418"
"","278.4210","3.7691","0.1429"
"","278.5210","3.7792","0.1441"
"","278.6210","3.7890","0.1452"
"","278.7210","3.7992","0.1464"
"","278.8210","3.8092","0.1475"
"","278.9210","3.8190","0.1486"
"","279.0210","3.8292","0.1497"
"","279.1210","3.8391","0.1509"
"","279.2210","3.8492","0.1520"
"","279.3210","3.8590","0.1531"
"","279.4210","3.8692","0.1543"
"","279.5210","3.8791","0.1554"
"","279.6210","3.8890","0.1566"
"","279.7210","3.8993","0.1577"
"","279.8210","3.9091","0.1589"
"","279.9210","3.9191","0.1600"
"","280.0210","3.9288","0.1611"
"","280.1210","3.9393","0.1623"
"","280.2210","3.9491","0.1634"
"","280.3210","3.9590","0.1645"
"","280.4210","3.9690","0.1657"
"","280.5210","3.9793","0.1668"
"","280.6210","3.9892","0.1679"
"","280.7210","3.9987","0.1690"
"","280.7340","4.0001","0.1692"
"","280.7350","4.0002","0.1692"
"","280.7360","4.0003","0.1692"
"","280.8360","4.0009","0.1690"
"","280.9360","3.9936","0.1677"
"","281.0360","3.9813","0.1657"
"","281.1360","3.9711","0.1640"
"","281.2360","3.9611","0.1623"
"","281.3360","3.9512","0.1607"
"","281.4360","3.9409","0.1591"
"","281.5360","3.9309","0.1576"
"","281.6360","3.9211","0.1560"
"","281.7360","3.9110","0.1545"
"","281.8360","3.9010","0.1529"
"","281.9360","3.8908","0.1514"
"","282.0360","3.8812","0.1499"
"","282.1360","3.8710","0.1484"
"","282.2360","3.8609","0.1469"
"","282.3360","3.8510","0.1454"
"","282.4360","3.8411","0.1440"
"","282.5360","3.8310","0.1425"
"","282.6360","3.8209","0.1410"
"","282.7360","3.8111","0.1396"
"","282.8360","3.8010","0.1381"
"","282.9360","3.7910","0.1367"
"","283.0360","3.7810","0.1353"
"","283.1360","3.7710","0.1339"
"","283.2360","3.7609","0.1324"
"","283.3360","3.7510","0.1310"
"","283.4360","3.7412","0.1296"
"","283.5360","3.7308","0.1282"
"","283.6360","3.7209","0.1268"
"","283.7360","3.7110","0.1254"
"","283.8360","3.7013","0.1241"
"","283.9360","3.6909","0.1227"
"","284.0360","3.6809","0.1213"
"","284.1360","3.6711","0.1200"
"","284.2360","3.6610","0.1186"
"","284.3360","3.6508","0.1172"
"","284.4360","3.6409","0.1159"
"","284.5360","3.6312","0.1147"
"","284.6360","3.6210","0.1133"
"","284.7360","3.6109","0.1119"
"","284.8360","3.6009","0.1106"
"","284.9360","3.5912","0.1094"
"","285.0360","3.5810","0.1080"
"","285.1360","3.5709","0.1067"
"","285.2360","3.5610","0.1054"
"","285.3360","3.5510","0.1042"
"","285.4360","3.5409","0.1028"
"","285.5360","3.5309","0.1016"
"","285.6360","3.5211","0.1004"
"","285.7360","3.5110","0.0991"
"","285.8360","3.5010","0.0978"
"","285.9360","3.4911","0.0966"
"","286.0360","3.4809","0.0953"
"","286.1360","3.4709","0.0941"
"","286.2360","3.4609","0.0929"
"","286.3360","3.4512","0.0917"
"","286.4360","3.4409","0.0905"
"","286.5360","3.4309","0.0893"
"","286.6360","3.4211","0.0881"
"","286.7360","3.4110","0.0869"
"","286.8360","3.4010","0.0857"
"","286.9360","3.3908","0.0845"
"","287.0360","3.3812","0.0834"
"","287.1360","3.3709","0.0822"
"","287.2360","3.3609","0.0810"
"","287.3360","3.3510","0.0799"
"","287.4360","3.3411","0.0788"
"","287.5360","3.3311","0.0776"
"","287.6360","3.3209","0.0765"
"","287.7360","3.3110","0.0754"
"","287.8360","3.3009","0.0743"
"","287.9360","3.2909","0.0732"
"","288.0360","3.2809","0.0721"
"","288.1360","3.2710","0.0710"
"","288.2360","3.2610","0.0699"
"","288.3360","3.2510","0.0689"
"","288.4360","3.2412","0.0678"
"","288.5360","3.2309","0.0668"
"","288.6360","3.2209","0.0657"
"","288.7360","3.2111","0.0647"
"","288.8360","3.2011","0.0637"
"","288.9360","3.1909","0.0626"
"","289.0360","3.1808","0.0617"
"","289.1360","3.1711","0.0607"
"","289.2360","3.1610","0.0597"
"","289.3360","3.1509","0.0587"
"","289.4360","3.1409","0.0577"
"","289.5360","3.1312","0.0568"
"","289.6360","3.1209","0.0558"
"","289.7360","3.1108","0.0548"
"","289.8360","3.1010","0.0539"
"","289.9360","3.0911","0.0530"
"","290.0360","3.0810","0.0520"
"","290.1360","3.0709","0.0511"
"","290.2360","3.0611","0.0502"
"","290.3360","3.0509","0.0493"
"","290.4360","3.0409","0.0484"
"","290.5360","3.0310","0.0475"
"","290.6360","3.0211","0.0467"
"","290.7360","3.0109","0.0458"
"","290.8360","3.0010","0.0450"
"","290.9360","2.9912","0.0441"
"","291.0360","2.9808","0.0432"
"","291.1360","2.9708","0.0424"
"","291.2360","2.9610","0.0416"
"","291.3360","2.9513","0.0408"
"","291.4360","2.9409","0.0400"
"","291.5360","2.9307","0.0392"
"","291.6360","2.9211","0.0384"
"","291.7360","2.9111","0.0376"
"","291.8360","2.9010","0.0368"
"","291.9360","2.8908","0.0361"
"","292.0360","2.8812","0.0354"
"","292.1360","2.8710","0.0346"
"","292.2360","2.8609","0.0338"
"","292.3360","2.8509","0.0331"
"","292.4360","2.8412","0.0327"
"","292.5360","2.8311","0.0325"
"","292.6360","2.8209","0.0325"
"","292.7360","2.8110","0.0325"
"","292.8360","2.8009","0.0324"
"","292.9360","2.7910","0.0324"
"","293.0360","2.7810","0.0324"
"","293.1360","2.7711","0.0324"
"","293.2360","2.7610","0.0324"
"","293.3360","2.7509","0.0324"
"","293.4360","2.7411","0.0324"
"","293.5360","2.7308","0.0324"
"","293.6360","2.7209","0.0323"
"","293.7360","2.7110","0.0324"
"","293.8360","2.7012","0.0324"
"","293.9360","2.6909","0.0324"
"","294.0360","2.6808","0.0324"
"","294.1360","2.6712","0.0324"
"","294.2360","2.6610","0.0324"
"","294.3360","2.6510","0.0322"
"","294.4360","2.6408","0.0317"
"","294.5360","2.6312","0.0315"
"","294.6360","2.6209","0.0311"
"","294.7360","2.6109","0.0304"
"","294.8360","2.6009","0.0297"
"","294.9360","2.5911","0.0290"
"","295.0360","2.5810","0.0283"
"","295.1360","2.5709","0.0276"
"","295.2360","2.5611","0.0270"
"","295.3360","2.5509","0.0263"
"","295.4360","2.5409","0.0257"
"","295.5360","2.5309","0.0251"
"","295.6360","2.5211","0.0245"
"","295.7360","2.5109","0.0239"
"","295.8360","2.5009","0.0234"
"","295.9360","2.4911","0.0228"
"","296.0360","2.4808","0.0223"
"","296.1360","2.4710","0.0218"
"","296.2360","2.4611","0.0212"
"","296.3360","2.4511","0.0207"
"","296.4360","2.4408","0.0202"
"","296.5360","2.4309","0.0198"
"","296.6360","2.4210","0.0193"
"","296.7360","2.4109","0.0188"
"","296.8360","2.4009","0.0183"
"","296.9360","2.3909","0.0179"
"","297.0360","2.3812","0.0175"
"","297.1360","2.3709","0.0170"
"","297.2360","2.3608","0.0166"
"","297.3360","2.3510","0.0162"
"","297.4360","2.3411","0.0157"
"","297.5360","2.3309","0.0153"
"","297.6360","2.3209","0.0149"
"","297.7360","2.3112","0.0146"
"","297.8360","2.3010","0.0142"
"","297.9360","2.2909","0.0138"
"","298.0360","2.2809","0.0135"
"","298.1360","2.2711","0.0131"
"","298.2360","2.2609","0.0128"
"","298.3360","2.2509","0.0124"
"","298.4360","2.2411","0.0121"
"","298.5360","2.2308","0.0118"
"","298.6360","2.2209","0.0115"
"","298.7360","2.2110","0.0112"
"","298.8360","2.2012","0.0109"
"","298.9360","2.1909","0.0106"
"","299.0360","2.1808","0.0104"
"","299.1360","2.1711","0.0101"
"","299.2360","2.1610","0.0098"
"","299.3360","2.1509","0.0096"
"","299.4360","2.1408","0.0093"
"","299.5360","2.1312","0.0091"
"","299.6360","2.1210","0.0088"
"","299.7360","2.1109","0.0086"
"","299.8360","2.1009","0.0083"
"","299.9360","2.0911","0.0081"
"","300.0360","2.0810","0.0079"
"","300.1360","2.0709","0.0077"
"","300.2360","2.0611","0.0075"
"","300.3360","2.0509","0.0072"
"","300.4360","2.0409","0.0070"
"","300.5360","2.0309","0.0069"
"","300.6360","2.0211","0.0067"
"","300.7360","2.0110","0.0065"
"","300.8360","2.0009","0.0063"
"","300.9360","1.9911","0.0061"
"","301.0360","1.9809","0.0059"
"","301.1360","1.9708","0.0058"
"","301.2360","1.9610","0.0056"
"","301.3360","1.9512","0.0054"
"","301.4360","1.9410","0.0053"
"","301.5360","1.9308","0.0051"
"","301.6360","1.9212","0.0050"
"","301.7360","1.9110","0.0048"
"","301.8360","1.9010","0.0047"
"","301.9360","1.8907","0.0046"
"","302.0360","1.8812","0.0044"
"","302.1360","1.8709","0.0043"
"","302.2360","1.8609","0.0042"
"","302.3360","1.8509","0.0040"
"","302.4360","1.8411","0.0039"
"","302.5360","1.8311","0.0038"
"","302.6360","1.8210","0.0037"
"","302.7360","1.8111","0.0036"
"","302.8360","1.8008","0.0035"
"","302.9360","1.7909","0.0033"
"","303.0360","1.7809","0.0032"
"","303.1360","1.7711","0.0032"
"","303.2360","1.7609","0.0031"
"","303.3360","1.7510","0.0030"
"","303.4360","1.7412","0.0029"
"","303.5360","1.7309","0.0028"
"","303.6360","1.7209","0.0027"
"","303.7360","1.7111","0.0026"
"","303.8360","1.7011","0.0025"
"","303.9360","1.6909","0.0024"
"","304.0360","1.6808","0.0023"
"","304.1360","1.6711","0.0023"
"","304.2360","1.6610","0.0022"
"","304.3360","1.6509","0.0021"
"","304.4360","1.6408","0.0020"
"","304.5360","1.6312","0.0020"
"","304.6360","1.6210","0.0019"
"","304.7360","1.6108","0.0018"
"","304.8360","1.6009","0.0018"
"","304.9360","1.5911","0.0017"
"","305.0360","1.5810","0.0017"
"","305.1360","1.5709","0.0016"
"","305.2360","1.5611","0.0016"
"","305.3360","1.5509","0.0015"
"","305.4360","1.5409","0.0015"
"","305.5360","1.5310","0.0014"
"","305.6360","1.5211","0.0014"
"","305.7360","1.5109","0.0014"
"","305.8360","1.5009","0.0013"
"","305.9360","1.4911","0.0013"
"","306.0360","1.4808","0.0012"
"","306.1360","1.4709","0.0012"
"","306.2360","1.4611","0.0012"
"","306.3360","1.4513","0.0011"
"","306.4360","1.4408","0.0011"
"","306.5360","1.4308","0.0011"
"","306.6360","1.4211","0.0010"
"","306.7360","1.4110","0.0010"
"","306.8360","1.4009","0.0010"
"","306.9360","1.3908","0.0010"
"","307.0360","1.3813","0.0009"
"","307.1360","1.3710","0.0009"
"","307.2360","1.3609","0.0009"
"","307.3360","1.3509","0.0008"
"","307.4360","1.3412","0.0008"
"","307.5360","1.3310","0.0008"
"","307.6360","1.3209","0.0008"
"","307.7360","1.3110","0.0007"
"","307.8360","1.3010","0.0007"
"","307.9360","1.2909","0.0007"
"","308.0360","1.2810","0.0007"
"","308.1360","1.2711","0.0006"
"","308.2360","1.2610","0.0006"
"","308.3360","1.2509","0.0006"
"","308.4360","1.2411","0.0006"
"","308.5360","1.2309","0.0005"
"","308.6360","1.2208","0.0005"
"","308.7360","1.2110","0.0005"
"","308.8360","1.2012","0.0005"
"","308.9360","1.1909","0.0005"
"","309.0360","1.1808","0.0004"
"","309.1360","1.1712","0.0004"
"","309.2360","1.1610","0.0004"
"","309.3360","1.1510","0.0004"
"","309.4360","1.1407","0.0004"
"","309.5360","1.1312","0.0003"
"","309.6360","1.1209","0.0003"
"","309.7360","1.1109","0.0003"
"","309.8360","1.1009","0.0003"
"","309.9360","1.0911","0.0003"
"","310.0360","1.0811","0.0002"
"","310.1360","1.0709","0.0002"
"","310.2360","1.0610","0.0002"
"","310.3360","1.0508","0.0002"
"","310.4360","1.0410","0.0002"
"","310.5360","1.0310","0.0002"
"","310.6360","1.0210","0.0001"
"","310.7360","1.0110","0.0001"
"","310.8360","1.0010","0.0001"
"","310.9360","0.9912","0.0001"
"","311.0360","0.9809","0.0001"
"","311.1360","0.9709","0.0001"
"","311.2360","0.9611","0.0000"
"","311.3360","0.9511","0.0000"
"","311.4360","0.9408","0.0000"
"","311.5360","0.9308","0.0000"
"","311.6360","0.9212","0.0000"
"","311.7360","0.9110","0.0000"
"","311.8360","0.9009","0.0000"
"","311.9360","0.8908","0.0000"
"","312.0360","0.8812","-0.0001"
"","312.1360","0.8710","-0.0001"
"","312.2360","0.8608","-0.0001"
"","312.3360","0.8509","-0.0001"
"","312.4360","0.8411","-0.0001"
"","312.5360","0.8311","-0.0001"
"","312.6360","0.8209","-0.0001"
"","312.7360","0.8112","-0.0001"
"","312.8360","0.8009","-0.0001"
"","312.9360","0.7910","-0.0001"
"","313.0360","0.7810","-0.0002"
"","313.1360","0.7711","-0.0002"
"","313.2360","0.7608","-0.0002"
"","313.3360","0.7510","-0.0002"
"","313.4360","0.7412","-0.0002"
"","313.5360","0.7309","-0.0002"
"","313.6360","0.7208","-0.0002"
"","313.7360","0.7110","-0.0002"
"","313.8360","0.7013","-0.0002"
"","313.9360","0.6909","-0.0002"
"","314.0360","0.6808","-0.0003"
"","314.1360","0.6711","-0.0003"
"","314.2360","0.6610","-0.0003"
"","314.3360","0.6509","-0.0003"
"","314.4360","0.6409","-0.0003"
"","314.5360","0.6312","-0.0003"
"","314.6360","0.6210","-0.0003"
"","314.7360","0.6109","-0.0003"
"","314.8360","0.6010","-0.0003"
"","314.9360","0.5911","-0.0003"
"","315.0360","0.5810","-0.0003"
"","315.1360","0.5709","-0.0003"
"","315.2360","0.5611","-0.0003"
"","315.3360","0.5508","-0.0004"
"","315.4360","0.5409","-0.0004"
"","315.5360","0.5309","-0.0004"
"","315.6360","0.5212","-0.0004"
"","315.7360","0.5110","-0.0004"
"","315.8360","0.5009","-0.0004"
"","315.9360","0.4911","-0.0004"
"","316.0360","0.4809","-0.0004"
"","316.1360","0.4709","-0.0004"
"","316.2360","0.4609","-0.0004"
"","316.3360","0.4512","-0.0004"
"","316.4360","0.4409","-0.0004"
"","316.5360","0.4309","-0.0004"
"","316.6360","0.4211","-0.0004"
"","316.7360","0.4110","-0.0004"
"","316.8360","0.4010","-0.0004"
"","316.9360","0.3908","-0.0005"
"","317.0360","0.3812","-0.0005"
"","317.1360","0.3709","-0.0005"
"","317.2360","0.3609","-0.0005"
"","317.3360","0.3510","-0.0005"
"","317.4360","0.3411","-0.0005"
"","317.5360","0.3311","-0.0005"
"","317.6360","0.3209","-0.0005"
"","317.7360","0.3111","-0.0005"
"","317.8360","0.3008","-0.0005"
"","317.9360","0.2910","-0.0005"
"","318.0360","0.2810","-0.0005"
"","318.1360","0.2711","-0.0005"
"","318.2360","0.2609","-0.0005"
"","318.3360","0.2510","-0.0005"
"","318.4360","0.2412","-0.0005"
"","318.5360","0.2309","-0.0005"
"","318.6360","0.2209","-0.0005"
"","318.7360","0.2111","-0.0006"
"","318.8360","0.2011","-0.0006"
"","318.9360","0.1908","-0.0006"
"","319.0360","0.1808","-0.0006"
"","319.1360","0.1711","-0.0006"
"","319.2360","0.1610","-0.0006"
"","319.3360","0.1509","-0.0006"
"","319.4360","0.1408","-0.0006"
"","319.5360","0.1312","-0.0006"
"","319.6360","0.1209","-0.0006"
"","319.7360","0.1108","-0.0006"
"","319.8360","0.1010","-0.0006"
"","319.9360","0.0911","-0.0006"
"","320.0360","0.0811","-0.0006"
"","320.1360","0.0709","-0.0006"
"","320.2360","0.0611","-0.0006"
"","320.3360","0.0509","-0.0006"
"","320.4360","0.0409","-0.0006"
"","320.5360","0.0310","-0.0006"
"","320.6360","0.0210","-0.0007"
"","320.7360","0.0109","-0.0007"
"","320.8360","0.0010","-0.0007"
"","320.8460","0.0000","-0.0007"
"","320.8470","-0.0001","-0.0007"
"","320.8480","-0.0002","-0.0007"
"","320.9480","-0.0008","-0.0007"
"","321.0480","0.0065","-0.0007"
"","321.1480","0.0187","-0.0006"
"","321.2480","0.0291","-0.0006"
"","321.3480","0.0390","-0.0006"
"","321.4480","0.0492","-0.0006"
"","321.5480","0.0593","-0.0006"
"","321.6480","0.0690","-0.0006"
"","321.7480","0.0792","-0.0006"
"","321.8480","0.0891","-0.0006"
"","321.9480","0.0992","-0.0006"
"","322.0480","0.1090","-0.0006"
"","322.1480","0.1192","-0.0006"
"","322.2480","0.1291","-0.0006"
"","322.3480","0.1390","-0.0006"
"","322.4480","0.1493","-0.0005"
"","322.5480","0.1592","-0.0005"
"","322.6480","0.1691","-0.0005"
"","322.7480","0.1789","-0.0005"
"","322.8480","0.1892","-0.0005"
"","322.9480","0.1992","-0.0005"
"","323.0480","0.2090","-0.0005"
"","323.1480","0.2190","-0.0005"
"","323.2480","0.2292","-0.0005"
"","323.3480","0.2392","-0.0005"
"","323.4480","0.2488","-0.0005"
"","323.5480","0.2591","-0.0005"
"","323.6480","0.2692","-0.0004"
"","323.7480","0.2791","-0.0004"
"","323.8480","0.2890","-0.0004"
"","323.9480","0.2992","-0.0004"
"","324.0480","0.3093","-0.0004"
"","324.1480","0.3190","-0.0004"
"","324.2480","0.3291","-0.0004"
"","324.3480","0.3392","-0.0004"
"","324.4480","0.3491","-0.0004"
"","324.5480","0.3589","-0.0004"
"","324.6480","0.3692","-0.0004"
"","324.7480","0.3792","-0.0004"
"","324.8480","0.3890","-0.0003"
"","324.9480","0.3992","-0.0003"
"","325.0480","0.4092","-0.0003"
"","325.1480","0.4192","-0.0003"
"","325.2480","0.4288","-0.0003"
"","325.3480","0.4392","-0.0003"
"","325.4480","0.4492","-0.0003"
"","325.5480","0.4590","-0.0003"
"","325.6480","0.4691","-0.0003"
"","325.7480","0.4793","-0.0003"
"","325.8480","0.4893","-0.0003"
"","325.9480","0.4989","-0.0003"
"","326.0480","0.5092","-0.0002"
"","326.1480","0.5192","-0.0002"
"","326.2480","0.5291","-0.0002"
"","326.3480","0.5389","-0.0002"
"","326.4480","0.5491","-0.0002"
"","326.5480","0.5593","-0.0002"
"","326.6480","0.5691","-0.0002"
"","326.7480","0.5791","-0.0001"
"","326.8480","0.5892","-0.0001"
"","326.9480","0.5991","-0.0001"
"","327.0480","0.6090","-0.0001"
"","327.1480","0.6191","-0.0001"
"","327.2480","0.6291","-0.0001"
"","327.3480","0.6390","-0.0001"
"","327.4480","0.6492","-0.0001"
"","327.5480","0.6591","-0.0001"
"","327.6480","0.6691","-0.0001"
"","327.7480","0.6789","0.0000"
"","327.8480","0.6893","0.0000"
"","327.9480","0.6991","0.0000"
"","328.0480","0.7090","0.0000"
"","328.1480","0.7191","0.0000"
"","328.2480","0.7293","0.0000"
"","328.3480","0.7393","0.0000"
"","328.4480","0.7488","0.0001"
"","328.5480","0.7592","0.0001"
"","328.6480","0.7692","0.0001"
"","328.7480","0.7792","0.0001"
"","328.8480","0.7890","0.0001"
"","328.9480","0.7992","0.0001"
"","329.0480","0.8092","0.0002"
"","329.1480","0.8190","0.0002"
"","329.2480","0.8292","0.0001"
"","329.3480","0.8391","0.0002"
"","329.4480","0.8492","0.0002"
"","329.5480","0.8591","0.0002"
"","329.6480","0.8692","0.0003"
"","329.7480","0.8791","0.0003"
"","329.8480","0.8890","0.0003"
"","329.9480","0.8993","0.0003"
"","330.0480","0.9092","0.0003"
"","330.1480","0.9191","0.0003"
"","330.2480","0.9288","0.0004"
"","330.3480","0.9393","0.0004"
"","330.4480","0.9491","0.0004"
"","330.5480","0.9590","0.0004"
"","330.6480","0.9690","0.0005"
"","330.7480","0.9793","0.0005"
"","330.8480","0.9892","0.0005"
"","330.9480","0.9988","0.0005"
"","331.0480","1.0091","0.0006"
"","331.1480","1.0193","0.0006"
"","331.2480","1.0291","0.0006"
"","331.3480","1.0389","0.0006"
"","331.4480","1.0491","0.0007"
"","331.5480","1.0593","0.0007"
"","331.6480","1.0691","0.0007"
"","331.7480","1.0791","0.0007"
"","331.8480","1.0891","0.0008"
"","331.9480","1.0992","0.0008"
"","332.0480","1.1090","0.0008"
"","332.1480","1.1192","0.0009"
"","332.2480","1.1292","0.0009"
"","332.3480","1.1390","0.0009"
"","332.4480","1.1493","0.0010"
"","332.5480","1.1591","0.0010"
"","332.6480","1.1691","0.0010"
"","332.7480","1.1788","0.0010"
"","332.8480","1.1893","0.0011"
"","332.9480","1.1991","0.0011"
"","333.0480","1.2090","0.0011"
"","333.1480","1.2190","0.0012"
"","333.2480","1.2293","0.0012"
"","333.3480","1.2392","0.0012"
"","333.4480","1.2489","0.0013"
"","333.5480","1.2592","0.0013"
"","333.6480","1.2691","0.0013"
"","333.7480","1.2791","0.0014"
"","333.8480","1.2890","0.0014"
"","333.9480","1.2991","0.0014"
"","334.0480","1.3093","0.0015"
"","334.1480","1.3191","0.0015"
"","334.2480","1.3291","0.0016"
"","334.3480","1.3391","0.0016"
"","334.4480","1.3491","0.0017"
"","334.5480","1.3591","0.0017"
"","334.6480","1.3691","0.0018"
"","334.7480","1.3791","0.0018"
"","334.8480","1.3890","0.0019"
"","334.9480","1.3992","0.0019"
"","335.0480","1.4091","0.0020"
"","335.1480","1.4191","0.0020"
"","335.2480","1.4289","0.0021"
"","335.3480","1.4393","0.0021"
"","335.4480","1.4492","0.0022"
"","335.5480","1.4590","0.0023"
"","335.6480","1.4691","0.0023"
"","335.7480","1.4792","0.0024"
"","335.8480","1.4892","0.0025"
"","335.9480","1.4988","0.0026"
"","336.0480","1.5092","0.0027"
"","336.1480","1.5192","0.0028"
"","336.2480","1.5291","0.0029"
"","336.3480","1.5390","0.0030"
"","336.4480","1.5492","0.0031"
"","336.5480","1.5592","0.0032"
"","336.6480","1.5690","0.0033"
"","336.7480","1.5792","0.0034"
"","336.8480","1.5891","0.0035"
"","336.9480","1.5992","0.0036"
"","337.0480","1.6090","0.0037"
"","337.1480","1.6192","0.0038"
"","337.2480","1.6292","0.0040"
"","337.3480","1.6390","0.0041"
"","337.4480","1.6493","0.0042"
"","337.5480","1.6591","0.0044"
"","337.6480","1.6691","0.0045"
"","337.7480","1.6789","0.0046"
"","337.8480","1.6893","0.0048"
"","337.9480","1.6992","0.0049"
"","338.0480","1.7090","0.0051"
"","338.1480","1.7190","0.0053"
"","338.2480","1.7292","0.0054"
"","338.3480","1.7392","0.0056"
"","338.4480","1.7488","0.0057"
"","338.5480","1.7591","0.0059"
"","338.6480","1.7693","0.0061"
"","338.7480","1.7790","0.0062"
"","338.8480","1.7889","0.0064"
"","338.9480","1.7991","0.0066"
"","339.0480","1.8093","0.0068"
"","339.1480","1.8190","0.0070"
"","339.2480","1.8290","0.0072"
"","339.3480","1.8391","0.0074"
"","339.4480","1.8492","0.0076"
"","339.5480","1.8590","0.0078"
"","339.6480","1.8692","0.0080"
"","339.7480","1.8792","0.0083"
"","339.8480","1.8890","0.0085"
"","339.9480","1.8993","0.0087"
"","340.0480","1.9091","0.0090"
"","340.1480","1.9192","0.0092"
"","340.2480","1.9288","0.0095"
"","340.3480","1.9393","0.0097"
"","340.4480","1.9491","0.0100"
"","340.5480","1.9590","0.0103"
"","340.6480","1.9690","0.0106"
"","340.7480","1.9793","0.0109"
"","340.8480","1.9892","0.0111"
"","340.9480","1.9989","0.0114"
"","341.0480","2.0092","0.0118"
"","341.1480","2.0192","0.0121"
"","341.2480","2.0291","0.0124"
"","341.3480","2.0389","0.0127"
"","341.4480","2.0491","0.0131"
"","341.5480","2.0592","0.0134"
"","341.6480","2.0690","0.0138"
"","341.7480","2.0791","0.0141"
"","341.8480","2.0892","0.0145"
"","341.9480","2.0991","0.0149"
"","342.0480","2.1091","0.0152"
"","342.1480","2.1191","0.0156"
"","342.2480","2.1292","0.0160"
"","342.3480","2.1390","0.0164"
"","342.4480","2.1493","0.0168"
"","342.5480","2.1591","0.0172"
"","342.6480","2.1692","0.0177"
"","342.7480","2.1789","0.0181"
"","342.8480","2.1893","0.0185"
"","342.9480","2.1991","0.0190"
"","343.0480","2.2091","0.0194"
"","343.1480","2.2191","0.0199"
"","343.2480","2.2292","0.0204"
"","343.3480","2.2392","0.0208"
"","343.4480","2.2489","0.0213"
"","343.5480","2.2593","0.0218"
"","343.6480","2.2691","0.0223"
"","343.7480","2.2791","0.0228"
"","343.8480","2.2890","0.0233"
"","343.9480","2.2993","0.0239"
"","344.0480","2.3092","0.0244"
"","344.1480","2.3188","0.0249"
"","344.2480","2.3291","0.0255"
"","344.3480","2.3392","0.0261"
"","344.4480","2.3493","0.0267"
"","344.5480","2.3589","0.0272"
"","344.6480","2.3692","0.0278"
"","344.7480","2.3792","0.0284"
"","344.8480","2.3890","0.0290"
"","344.9480","2.3992","0.0296"
"","345.0480","2.4092","0.0302"
"","345.1480","2.4192","0.0309"
"","345.2480","2.4290","0.0315"
"","345.3480","2.4391","0.0322"
"","345.4480","2.4491","0.0328"
"","345.5480","2.4591","0.0331"
"","345.6480","2.4691","0.0332"
"","345.7480","2.4793","0.0332"
"","345.8480","2.4892","0.0332"
"","345.9480","2.4989","0.0331"
"","346.0480","2.5092","0.0331"
"","346.1480","2.5192","0.0331"
"","346.2480","2.5291","0.0331"
"","346.3480","2.5390","0.0331"
"","346.4480","2.5492","0.0331"
"","346.5480","2.5593","0.0332"
"","346.6480","2.5689","0.0332"
"","346.7480","2.5791","0.0333"
"","346.8480","2.5892","0.0333"
"","346.9480","2.5992","0.0333"
"","347.0480","2.6090","0.0333"
"","347.1480","2.6192","0.0333"
"","347.2480","2.6292","0.0333"
"","347.3480","2.6390","0.0333"
"","347.4480","2.6492","0.0333"
"","347.5480","2.6591","0.0338"
"","347.6480","2.6692","0.0346"
"","347.7480","2.6788","0.0353"
"","347.8480","2.6892","0.0360"
"","347.9480","2.6992","0.0367"
"","348.0480","2.7091","0.0374"
"","348.1480","2.7191","0.0381"
"","348.2480","2.7293","0.0389"
"","348.3480","2.7393","0.0397"
"","348.4480","2.7489","0.0404"
"","348.5480","2.7592","0.0412"
"","348.6480","2.7692","0.0420"
"","348.7480","2.7791","0.0428"
"","348.8480","2.7889","0.0436"
"","348.9480","2.7991","0.0445"
"","349.0480","2.8092","0.0453"
"","349.1480","2.8190","0.0461"
"","349.2480","2.8291","0.0469"
"","349.3480","2.8391","0.0477"
"","349.4480","2.8491","0.0486"
"","349.5480","2.8591","0.0494"
"","349.6480","2.8691","0.0502"
"","349.7480","2.8791","0.0511"
"","349.8480","2.8890","0.0520"
"","349.9480","2.8993","0.0529"
"","350.0480","2.9091","0.0537"
"","350.1480","2.9191","0.0546"
"","350.2480","2.9288","0.0554"
"","350.3480","2.9393","0.0564"
"","350.4480","2.9491","0.0572"
"","350.5480","2.9589","0.0581"
"","350.6480","2.9691","0.0590"
"","350.7480","2.9793","0.0599"
"","350.8480","2.9892","0.0608"
"","350.9480","2.9988","0.0617"
"","351.0480","3.0092","0.0626"
"","351.1480","3.0192","0.0636"
"","351.2480","3.0292","0.0644"
"","351.3480","3.0390","0.0653"
"","351.4480","3.0492","0.0663"
"","351.5480","3.0593","0.0672"
"","351.6480","3.0690","0.0681"
"","351.7480","3.0792","0.0691"
"","351.8480","3.0891","0.0700"
"","351.9480","3.0992","0.0710"
"","352.0480","3.1090","0.0719"
"","352.1480","3.1192","0.0729"
"","352.2480","3.1292","0.0738"
"","352.3480","3.1390","0.0747"
"","352.4480","3.1493","0.0757"
"","352.5480","3.1591","0.0767"
"","352.6480","3.1691","0.0777"
"","352.7480","3.1789","0.0786"
"","352.8480","3.1893","0.0796"
"","352.9480","3.1991","0.0806"
"","353.0480","3.2090","0.0815"
"","353.1480","3.2190","0.0825"
"","353.2480","3.2293","0.0835"
"","353.3480","3.2392","0.0845"
"","353.4480","3.2488","0.0855"
"","353.5480","3.2591","0.0865"
"","353.6480","3.2692","0.0875"
"","353.7480","3.2791","0.0885"
"","353.8480","3.2890","0.0895"
"","353.9480","3.2991","0.0905"
"","354.0480","3.3093","0.0916"
"","354.1480","3.3190","0.0925"
"","354.2480","3.3291","0.0936"
"","354.3480","3.3391","0.0946"
"","354.4480","3.3491","0.0956"
"","354.5480","3.3590","0.0966"
"","354.6480","3.3692","0.0977"
"","354.7480","3.3792","0.0987"
"","354.8480","3.3890","0.0998"
"","354.9480","3.3993","0.1008"
"","355.0480","3.4091","0.1019"
"","355.1480","3.4192","0.1029"
"","355.2480","3.4288","0.1039"
"","355.3480","3.4392","0.1050"
"","355.4480","3.4491","0.1061"
"","355.5480","3.4590","0.1071"
"","355.6480","3.4691","0.1082"
"","355.7480","3.4793","0.1093"
"","355.8480","3.4892","0.1103"
"","355.9480","3.4988","0.1114"
"","356.0480","3.5092","0.1125"
"","356.1480","3.5192","0.1136"
"","356.2480","3.5291","0.1147"
"","356.3480","3.5390","0.1157"
"","356.4480","3.5492","0.1169"
"","356.5480","3.5593","0.1180"
"","356.6480","3.5690","0.1190"
"","356.7480","3.5791","0.1201"
"","356.8480","3.5892","0.1213"
"","356.9480","3.5992","0.1223"
"","357.0480","3.6091","0.1234"
"","357.1480","3.6191","0.1245"
"","357.2480","3.6291","0.1257"
"","357.3480","3.6390","0.1268"
"","357.4480","3.6493","0.1279"
"","357.5480","3.6591","0.1290"
"","357.6480","3.6691","0.1301"
"","357.7480","3.6789","0.1312"
"","357.8480","3.6893","0.1324"
"","357.9480","3.6991","0.1335"
"","358.0480","3.7090","0.1346"
"","358.1480","3.7190","0.1357"
"","358.2480","3.7292","0.1369"
"","358.3480","3.7392","0.1380"
"","358.4480","3.7488","0.1391"
"","358.5480","3.7591","0.1403"
"","358.6480","3.7691","0.1414"
"","358.7480","3.7792","0.1426"
"","358.8480","3.7890","0.1437"
"","358.9480","3.7992","0.1449"
"","359.0480","3.8092","0.1460"
"","359.1480","3.8190","0.1471"
"","359.2480","3.8292","0.1483"
"","359.3480","3.8391","0.1495"
"","359.4480","3.8492","0.1506"
"","359.5480","3.8590","0.1518"
"","359.6480","3.8692","0.1529"
"","359.7480","3.8791","0.1541"
"","359.8480","3.8890","0.1552"
"","359.9480","3.8994","0.1565"
"","360.0480","3.9091","0.1576"
"","360.1480","3.9191","0.1588"
"","360.2480","3.9288","0.1599"
"","360.3480","3.9393","0.1611"
"","360.4480","3.9491","0.1622"
"","360.5480","3.9590","0.1633"
"","360.6480","3.9690","0.1645"
"","360.7480","3.9793","0.1657"
"","360.8480","3.9892","0.1668"
"","360.9480","3.9987","0.1679"
"","360.9610","4.0001","0.1681"
"","360.9620","4.0002","0.1681"
"","360.9630","4.0003","0.1681"
"","361.0630","4.0010","0.1680"
"","361.1630","3.9936","0.1666"
"","361.2630","3.9814","0.1646"
"","361.3630","3.9711","0.1629"
"","361.4630","3.9611","0.1613"
"","361.5630","3.9512","0.1597"
"","361.6630","3.9409","0.1581"
"","361.7630","3.9309","0.1565"
"","361.8630","3.9212","0.1550"
"","361.9630","3.9111","0.1534"
"","362.0630","3.9010","0.1519"
"","362.1630","3.8909","0.1504"
"","362.2630","3.8812","0.1489"
"","362.3630","3.8710","0.1474"
"","362.4630","3.8609","0.1458"
"","362.5630","3.8510","0.1444"
"","362.6630","3.8411","0.1429"
"","362.7630","3.8311","0.1414"
"","362.8630","3.8209","0.1399"
"","362.9630","3.8111","0.1385"
"","363.0630","3.8010","0.1371"
"","363.1630","3.7910","0.1356"
"","363.2630","3.7811","0.1342"
"","363.3630","3.7710","0.1328"
"","363.4630","3.7610","0.1314"
"","363.5630","3.7510","0.1299"
"","363.6630","3.7412","0.1285"
"","363.7630","3.7309","0.1271"
"","363.8630","3.7209","0.1257"
"","363.9630","3.7110","0.1244"
"","364.0630","3.7013","0.1230"
"","364.1630","3.6909","0.1216"
"","364.2630","3.6809","0.1203"
"","364.3630","3.6711","0.1189"
"","364.4630","3.6610","0.1175"
"","364.5630","3.6509","0.1162"
"","364.6630","3.6409","0.1148"
"","364.7630","3.6313","0.1136"
"","364.8630","3.6210","0.1122"
"","364.9630","3.6109","0.1108"
"","365.0630","3.6010","0.1095"
"","365.1630","3.5912","0.1082"
"","365.2630","3.5811","0.1069"
"","365.3630","3.5709","0.1056"
"","365.4630","3.5611","0.1043"
"","365.5630","3.5510","0.1030"
"","365.6630","3.5409","0.1017"
"","365.7630","3.5310","0.1005"
"","365.8630","3.5211","0.0992"
"","365.9630","3.5111","0.0980"
"","366.0630","3.5010","0.0967"
"","366.1630","3.4911","0.0955"
"","366.2630","3.4809","0.0942"
"","366.3630","3.4709","0.0930"
"","366.4630","3.4610","0.0918"
"","366.5630","3.4512","0.0906"
"","366.6630","3.4410","0.0893"
"","366.7630","3.4309","0.0881"
"","366.8630","3.4211","0.0870"
"","366.9630","3.4110","0.0858"
"","367.0630","3.4010","0.0846"
"","367.1630","3.3909","0.0834"
"","367.2630","3.3812","0.0823"
"","367.3630","3.3709","0.0811"
"","367.4630","3.3609","0.0799"
"","367.5630","3.3510","0.0788"
"","367.6630","3.3411","0.0777"
"","367.7630","3.3311","0.0765"
"","367.8630","3.3210","0.0754"
"","367.9630","3.3111","0.0743"
"","368.0630","3.3009","0.0732"
"","368.1630","3.2909","0.0721"
"","368.2630","3.2810","0.0710"
"","368.3630","3.2711","0.0699"
"","368.4630","3.2610","0.0688"
"","368.5630","3.2510","0.0678"
"","368.6630","3.2412","0.0667"
"","368.7630","3.2309","0.0657"
"","368.8630","3.2209","0.0646"
"","368.9630","3.2111","0.0636"
"","369.0630","3.2012","0.0626"
"","369.1630","3.1909","0.0616"
"","369.2630","3.1809","0.0606"
"","369.3630","3.1711","0.0596"
"","369.4630","3.1610","0.0586"
"","369.5630","3.1509","0.0576"
"","369.6630","3.1409","0.0566"
"","369.7630","3.1312","0.0557"
"","369.8630","3.1209","0.0547"
"","369.9630","3.1109","0.0537"
"","370.0630","3.1010","0.0528"
"","370.1630","3.0911","0.0519"
"","370.2630","3.0810","0.0510"
"","370.3630","3.0709","0.0500"
"","370.4630","3.0612","0.0492"
"","370.5630","3.0509","0.0483"
"","370.6630","3.0410","0.0474"
"","370.7630","3.0310","0.0465"
"","370.8630","3.0211","0.0456"
"","370.9630","3.0109","0.0448"
"","371.0630","3.0010","0.0439"
"","371.1630","2.9912","0.0431"
"","371.2630","2.9809","0.0422"
"","371.3630","2.9708","0.0414"
"","371.4630","2.9610","0.0406"
"","371.5630","2.9513","0.0398"
"","371.6630","2.9409","0.0390"
"","371.7630","2.9308","0.0382"
"","371.8630","2.9212","0.0374"
"","371.9630","2.9111","0.0366"
"","372.0630","2.9010","0.0359"
"","372.1630","2.8909","0.0351"
"","372.2630","2.8813","0.0344"
"","372.3630","2.8710","0.0336"
"","372.4630","2.8609","0.0329"
"","372.5630","2.8510","0.0327"
"","372.6630","2.8412","0.0325"
"","372.7630","2.8311","0.0325"
"","372.8630","2.8209","0.0325"
"","372.9630","2.8111","0.0325"
"","373.0630","2.8009","0.0325"
"","373.1630","2.7910","0.0325"
"","373.2630","2.7810","0.0324"
"","373.3630","2.7711","0.0324"
"","373.4630","2.7610","0.0324"
"","373.5630","2.7510","0.0324"
"","373.6630","2.7411","0.0324"
"","373.7630","2.7309","0.0324"
"","373.8630","2.7209","0.0324"
"","373.9630","2.7111","0.0324"
"","374.0630","2.7012","0.0324"
"","374.1630","2.6909","0.0324"
"","374.2630","2.6808","0.0324"
"","374.3630","2.6712","0.0324"
"","374.4630","2.6611","0.0320"
"","374.5630","2.6510","0.0316"
"","374.6630","2.6408","0.0313"
"","374.7630","2.6313","0.0309"
"","374.8630","2.6209","0.0302"
"","374.9630","2.6109","0.0294"
"","375.0630","2.6009","0.0287"
"","375.1630","2.5911","0.0281"
"","375.2630","2.5811","0.0274"
"","375.3630","2.5709","0.0267"
"","375.4630","2.5611","0.0261"
"","375.5630","2.5509","0.0255"
"","375.6630","2.5409","0.0248"
"","375.7630","2.5310","0.0243"
"","375.8630","2.5211","0.0237"
"","375.9630","2.5110","0.0231"
"","376.0630","2.5009","0.0226"
"","376.1630","2.4911","0.0221"
"","376.2630","2.4809","0.0215"
"","376.3630","2.4710","0.0210"
"","376.4630","2.4610","0.0205"
"","376.5630","2.4511","0.0200"
"","376.6630","2.4409","0.0195"
"","376.7630","2.4310","0.0190"
"","376.8630","2.4211","0.0186"
"","376.9630","2.4110","0.0181"
"","377.0630","2.4009","0.0176"
"","377.1630","2.3910","0.0172"
"","377.2630","2.3812","0.0168"
"","377.3630","2.3709","0.0163"
"","377.4630","2.3608","0.0159"
"","377.5630","2.3511","0.0155"
"","377.6630","2.3411","0.0151"
"","377.7630","2.3310","0.0147"
"","377.8630","2.3209","0.0143"
"","377.9630","2.3112","0.0140"
"","378.0630","2.3010","0.0136"
"","378.1630","2.2910","0.0132"
"","378.2630","2.2810","0.0129"
"","378.3630","2.2711","0.0126"
"","378.4630","2.2609","0.0122"
"","378.5630","2.2510","0.0119"
"","378.6630","2.2412","0.0116"
"","378.7630","2.2309","0.0113"
"","378.8630","2.2209","0.0110"
"","378.9630","2.2110","0.0107"
"","379.0630","2.2013","0.0104"
"","379.1630","2.1909","0.0101"
"","379.2630","2.1809","0.0099"
"","379.3630","2.1711","0.0096"
"","379.4630","2.1611","0.0094"
"","379.5630","2.1509","0.0091"
"","379.6630","2.1409","0.0089"
"","379.7630","2.1313","0.0086"
"","379.8630","2.1210","0.0084"
"","379.9630","2.1109","0.0082"
"","380.0630","2.1009","0.0079"
"","380.1630","2.0912","0.0077"
"","380.2630","2.0811","0.0075"
"","380.3630","2.0709","0.0073"
"","380.4630","2.0611","0.0071"
"","380.5630","2.0510","0.0069"
"","380.6630","2.0409","0.0067"
"","380.7630","2.0310","0.0065"
"","380.8630","2.0212","0.0063"
"","380.9630","2.0110","0.0062"
"","381.0630","2.0010","0.0060"
"","381.1630","1.9911","0.0058"
"","381.2630","1.9809","0.0056"
"","381.3630","1.9708","0.0055"
"","381.4630","1.9610","0.0053"
"","381.5630","1.9512","0.0052"
"","381.6630","1.9410","0.0050"
"","381.7630","1.9308","0.0049"
"","381.8630","1.9212","0.0047"
"","381.9630","1.9111","0.0046"
"","382.0630","1.9010","0.0045"
"","382.1630","1.8908","0.0043"
"","382.2630","1.8813","0.0042"
"","382.3630","1.8710","0.0041"
"","382.4630","1.8609","0.0040"
"","382.5630","1.8509","0.0038"
"","382.6630","1.8411","0.0037"
"","382.7630","1.8311","0.0036"
"","382.8630","1.8210","0.0035"
"","382.9630","1.8111","0.0034"
"","383.0630","1.8009","0.0033"
"","383.1630","1.7909","0.0032"
"","383.2630","1.7810","0.0031"
"","383.3630","1.7711","0.0030"
"","383.4630","1.7609","0.0029"
"","383.5630","1.7510","0.0028"
"","383.6630","1.7412","0.0027"
"","383.7630","1.7309","0.0026"
"","383.8630","1.7209","0.0025"
"","383.9630","1.7111","0.0024"
"","384.0630","1.7011","0.0024"
"","384.1630","1.6909","0.0023"
"","384.2630","1.6808","0.0022"
"","384.3630","1.6711","0.0021"
"","384.4630","1.6610","0.0020"
"","384.5630","1.6509","0.0020"
"","384.6630","1.6408","0.0019"
"","384.7630","1.6312","0.0018"
"","384.8630","1.6210","0.0018"
"","384.9630","1.6109","0.0017"
"","385.0630","1.6010","0.0017"
"","385.1630","1.5911","0.0016"
"","385.2630","1.5811","0.0016"
"","385.3630","1.5710","0.0015"
"","385.4630","1.5611","0.0015"
"","385.5630","1.5509","0.0014"
"","385.6630","1.5409","0.0014"
"","385.7630","1.5310","0.0014"
"","385.8630","1.5211","0.0013"
"","385.9630","1.5109","0.0013"
"","386.0630","1.5010","0.0012"
"","386.1630","1.4912","0.0012"
"","386.2630","1.4809","0.0012"
"","386.3630","1.4709","0.0011"
"","386.4630","1.4611","0.0011"
"","386.5630","1.4513","0.0011"
"","386.6630","1.4409","0.0010"
"","386.7630","1.4308","0.0010"
"","386.8630","1.4212","0.0010"
"","386.9630","1.4111","0.0009"
"","387.0630","1.4009","0.0009"
"","387.1630","1.3908","0.0009"
"","387.2630","1.3813","0.0009"
"","387.3630","1.3710","0.0008"
"","387.4630","1.3609","0.0008"
"","387.5630","1.3509","0.0008"
"","387.6630","1.3412","0.0007"
"","387.7630","1.3311","0.0007"
"","387.8630","1.3209","0.0007"
"","387.9630","1.3110","0.0007"
"","388.0630","1.3010","0.0007"
"","388.1630","1.2909","0.0006"
"","388.2630","1.2810","0.0006"
"","388.3630","1.2711","0.0006"
"","388.4630","1.2610","0.0006"
"","388.5630","1.2510","0.0005"
"","388.6630","1.2411","0.0005"
"","388.7630","1.2309","0.0005"
"","388.8630","1.2209","0.0005"
"","388.9630","1.2110","0.0005"
"","389.0630","1.2012","0.0004"
"","389.1630","1.1910","0.0004"
"","389.2630","1.1808","0.0004"
"","389.3630","1.1712","0.0004"
"","389.4630","1.1610","0.0004"
"","389.5630","1.1510","0.0003"
"","389.6630","1.1408","0.0003"
"","389.7630","1.1313","0.0003"
"","389.8630","1.1210","0.0003"
"","389.9630","1.1109","0.0003"
"","390.0630","1.1009","0.0002"
"","390.1630","1.0911","0.0002"
"","390.2630","1.0811","0.0002"
"","390.3630","1.0710","0.0002"
"","390.4630","1.0611","0.0002"
"","390.5630","1.0509","0.0001"
"","390.6630","1.0410","0.0001"
"","390.7630","1.0310","0.0001"
"","390.8630","1.0211","0.0001"
"","390.9630","1.0110","0.0001"
"","391.0630","1.0010","0.0001"
"","391.1630","0.9912","0.0000"
"","391.2630","0.9809","0.0000"
"","391.3630","0.9709","0.0000"
"","391.4630","0.9611","0.0000"
"","391.5630","0.9512","0.0000"
"","391.6630","0.9409","0.0000"
"","391.7630","0.9308","0.0000"
"","391.8630","0.9212","-0.0001"
"","391.9630","0.9110","-0.0001"
"","392.0630","0.9009","-0.0001"
"","392.1630","0.8908","-0.0001"
"","392.2630","0.8813","-0.0001"
"","392.3630","0.8710","-0.0001"
"","392.4630","0.8609","-0.0001"
"","392.5630","0.8509","-0.0001"
"","392.6630","0.8411","-0.0001"
"","392.7630","0.8311","-0.0001"
"","392.8630","0.8210","-0.0001"
"","392.9630","0.8112","-0.0002"
"","393.0630","0.8009","-0.0002"
"","393.1630","0.7910","-0.0002"
"","393.2630","0.7811","-0.0002"
"","393.3630","0.7711","-0.0002"
"","393.4630","0.7609","-0.0002"
"","393.5630","0.7510","-0.0002"
"","393.6630","0.7413","-0.0002"
"","393.7630","0.7309","-0.0002"
"","393.8630","0.7208","-0.0002"
"","393.9630","0.7110","-0.0003"
"","394.0630","0.7014","-0.0003"
"","394.1630","0.6909","-0.0003"
"","394.2630","0.6808","-0.0003"
"","394.3630","0.6711","-0.0003"
"","394.4630","0.6611","-0.0003"
"","394.5630","0.6509","-0.0003"
"","394.6630","0.6409","-0.0003"
"","394.7630","0.6312","-0.0003"
"","394.8630","0.6210","-0.0003"
"","394.9630","0.6109","-0.0003"
"","395.0630","0.6010","-0.0003"
"","395.1630","0.5911","-0.0003"
"","395.2630","0.5810","-0.0004"
"","395.3630","0.5709","-0.0004"
"","395.4630","0.5612","-0.0004"
"","395.5630","0.5509","-0.0004"
"","395.6630","0.5409","-0.0004"
"","395.7630","0.5310","-0.0004"
"","395.8630","0.5212","-0.0004"
"","395.9630","0.5110","-0.0004"
"","396.0630","0.5009","-0.0004"
"","396.1630","0.4911","-0.0004"
"","396.2630","0.4809","-0.0004"
"","396.3630","0.4709","-0.0004"
"","396.4630","0.4610","-0.0004"
"","396.5630","0.4512","-0.0004"
"","396.6630","0.4410","-0.0004"
"","396.7630","0.4309","-0.0004"
"","396.8630","0.4211","-0.0005"
"","396.9630","0.4111","-0.0005"
"","397.0630","0.4010","-0.0005"
"","397.1630","0.3908","-0.0005"
"","397.2630","0.3812","-0.0005"
"","397.3630","0.3710","-0.0005"
"","397.4630","0.3609","-0.0005"
"","397.5630","0.3510","-0.0005"
"","397.6630","0.3411","-0.0005"
"","397.7630","0.3311","-0.0005"
"","397.8630","0.3209","-0.0005"
"","397.9630","0.3111","-0.0005"
"","398.0630","0.3008","-0.0005"
"","398.1630","0.2910","-0.0005"
"","398.2630","0.2810","-0.0005"
"","398.3630","0.2711","-0.0005"
"","398.4630","0.2609","-0.0005"
"","398.5630","0.2510","-0.0006"
"","398.6630","0.2412","-0.0006"
"","398.7630","0.2309","-0.0006"
"","398.8630","0.2209","-0.0006"
"","398.9630","0.2111","-0.0006"
"","399.0630","0.2012","-0.0006"
"","399.1630","0.1908","-0.0006"
"","399.2630","0.1809","-0.0006"
"","399.3630","0.1712","-0.0006"
"","399.4630","0.1611","-0.0006"
"","399.5630","0.1509","-0.0006"
"","399.6630","0.1409","-0.0006"
"","399.7630","0.1313","-0.0006"
"","399.8630","0.1209","-0.0006"
"","399.9630","0.1108","-0.0006"
"","400.0630","0.1010","-0.0006"
"","400.1630","0.0912","-0.0006"
"","400.2630","0.0811","-0.0006"
"","400.3630","0.0709","-0.0007"
"","400.4630","0.0611","-0.0007"
"","400.5630","0.0509","-0.0007"
"","400.6630","0.0410","-0.0007"
"","400.7630","0.0310","-0.0007"
"","400.8630","0.0211","-0.0007"
"","400.9630","0.0109","-0.0007"
"","401.0630","0.0010","-0.0007"
"","401.0740","-0.0001","-0.0007"

