1,Time,Displacement,Force
,(s),(mm),(kN)
"","0.0000","0.0000","0.0000"
"","0.1000","0.0024","0.0000"
"","0.2000","0.0142","0.0001"
"","0.3000","0.0251","0.0001"
"","0.4000","0.0349","0.0002"
"","0.5000","0.0451","0.0002"
"","0.6000","0.0551","0.0002"
"","0.7000","0.0651","0.0003"
"","0.8000","0.0748","0.0003"
"","0.9000","0.0852","0.0003"
"","1.0000","0.0952","0.0004"
"","1.1000","0.1050","0.0004"
"","1.2000","0.1151","0.0004"
"","1.3000","0.1252","0.0004"
"","1.4000","0.1352","0.0005"
"","1.5000","0.1448","0.0005"
"","1.6000","0.1552","0.0005"
"","1.7000","0.1651","0.0006"
"","1.8000","0.1750","0.0006"
"","1.9000","0.1850","0.0006"
"","2.0000","0.1952","0.0007"
"","2.1000","0.2053","0.0007"
"","2.2000","0.2148","0.0007"
"","2.3000","0.2251","0.0008"
"","2.4000","0.2351","0.0008"
"","2.5000","0.2452","0.0009"
"","2.6000","0.2549","0.0009"
"","2.7000","0.2651","0.0010"
"","2.8000","0.2752","0.0010"
"","2.9000","0.2851","0.0011"
"","3.0000","0.2950","0.0011"
"","3.1000","0.3051","0.0012"
"","3.2000","0.3151","0.0012"
"","3.3000","0.3250","0.0013"
"","3.4000","0.3350","0.0014"
"","3.5000","0.3451","0.0015"
"","3.6000","0.3550","0.0015"
"","3.7000","0.3652","0.0016"
"","3.8000","0.3752","0.0017"
"","3.9000","0.3851","0.0017"
"","4.0000","0.3949","0.0018"
"","4.1000","0.4052","0.0019"
"","4.2000","0.4151","0.0020"
"","4.3000","0.4249","0.0021"
"","4.4000","0.4350","0.0022"
"","4.5000","0.4453","0.0023"
"","4.6000","0.4553","0.0024"
"","4.7000","0.4648","0.0025"
"","4.8000","0.4752","0.0026"
"","4.9000","0.4852","0.0027"
"","5.0000","0.4952","0.0028"
"","5.1000","0.5049","0.0030"
"","5.2000","0.5151","0.0031"
"","5.3000","0.5252","0.0033"
"","5.4000","0.5350","0.0034"
"","5.5000","0.5451","0.0036"
"","5.6000","0.5550","0.0037"
"","5.7000","0.5651","0.0039"
"","5.8000","0.5750","0.0040"
"","5.9000","0.5851","0.0042"
"","6.0000","0.5951","0.0044"
"","6.1000","0.6050","0.0045"
"","6.2000","0.6153","0.0047"
"","6.3000","0.6252","0.0048"
"","6.4000","0.6351","0.0050"
"","6.5000","0.6448","0.0052"
"","6.6000","0.6553","0.0054"
"","6.7000","0.6651","0.0055"
"","6.8000","0.6750","0.0057"
"","6.9000","0.6850","0.0059"
"","7.0000","0.6953","0.0061"
"","7.1000","0.7052","0.0063"
"","7.2000","0.7148","0.0065"
"","7.3000","0.7251","0.0067"
"","7.4000","0.7352","0.0069"
"","7.5000","0.7451","0.0071"
"","7.6000","0.7549","0.0073"
"","7.7000","0.7651","0.0075"
"","7.8000","0.7753","0.0077"
"","7.9000","0.7851","0.0079"
"","8.0000","0.7950","0.0081"
"","8.1000","0.8051","0.0083"
"","8.2000","0.8152","0.0086"
"","8.3000","0.8250","0.0088"
"","8.4000","0.8351","0.0090"
"","8.5000","0.8451","0.0093"
"","8.6000","0.8550","0.0095"
"","8.7000","0.8652","0.0098"
"","8.8000","0.8751","0.0100"
"","8.9000","0.8851","0.0102"
"","9.0000","0.8948","0.0104"
"","9.1000","0.9052","0.0107"
"","9.2000","0.9151","0.0109"
"","9.3000","0.9250","0.0112"
"","9.4000","0.9350","0.0114"
"","9.5000","0.9453","0.0117"
"","9.6000","0.9552","0.0119"
"","9.7000","0.9648","0.0122"
"","9.8000","0.9751","0.0125"
"","9.9000","0.9851","0.0127"
"","10.0000","0.9951","0.0130"
"","10.1000","1.0049","0.0133"
"","10.2000","1.0150","0.0136"
"","10.3000","1.0252","0.0138"
"","10.4000","1.0351","0.0141"
"","10.5000","1.0450","0.0144"
"","10.6000","1.0551","0.0147"
"","10.7000","1.0651","0.0150"
"","10.8000","1.0751","0.0153"
"","10.9000","1.0850","0.0156"
"","11.0000","1.0951","0.0159"
"","11.1000","1.1050","0.0162"
"","11.2000","1.1152","0.0165"
"","11.3000","1.1251","0.0168"
"","11.4000","1.1351","0.0171"
"","11.5000","1.1448","0.0174"
"","11.6000","1.1553","0.0177"
"","11.7000","1.1653","0.0180"
"","11.8000","1.1750","0.0183"
"","11.9000","1.1850","0.0187"
"","12.0000","1.1951","0.0190"
"","12.1000","1.2052","0.0193"
"","12.2000","1.2148","0.0196"
"","12.3000","1.2252","0.0200"
"","12.4000","1.2352","0.0203"
"","12.5000","1.2452","0.0206"
"","12.6000","1.2549","0.0210"
"","12.7000","1.2652","0.0213"
"","12.8000","1.2752","0.0217"
"","12.9000","1.2851","0.0220"
"","13.0000","1.2951","0.0224"
"","13.1000","1.3051","0.0227"
"","13.2000","1.3152","0.0231"
"","13.3000","1.3250","0.0235"
"","13.4000","1.3351","0.0238"
"","13.5000","1.3451","0.0242"
"","13.6000","1.3550","0.0246"
"","13.7000","1.3653","0.0250"
"","13.8000","1.3752","0.0254"
"","13.9000","1.3851","0.0258"
"","14.0000","1.3948","0.0262"
"","14.1000","1.4052","0.0266"
"","14.2000","1.4152","0.0270"
"","14.3000","1.4250","0.0274"
"","14.4000","1.4350","0.0278"
"","14.5000","1.4453","0.0282"
"","14.6000","1.4552","0.0286"
"","14.7000","1.4648","0.0290"
"","14.8000","1.4751","0.0294"
"","14.9000","1.4852","0.0298"
"","15.0000","1.4951","0.0302"
"","15.1000","1.5049","0.0306"
"","15.2000","1.5151","0.0310"
"","15.3000","1.5253","0.0313"
"","15.4000","1.5351","0.0317"
"","15.5000","1.5450","0.0319"
"","15.6000","1.5551","0.0321"
"","15.7000","1.5651","0.0325"
"","15.8000","1.5750","0.0329"
"","15.9000","1.5851","0.0333"
"","16.0000","1.5951","0.0338"
"","16.1000","1.6050","0.0340"
"","16.2000","1.6152","0.0341"
"","16.3000","1.6252","0.0341"
"","16.4000","1.6351","0.0341"
"","16.5000","1.6448","0.0341"
"","16.6000","1.6552","0.0342"
"","16.7000","1.6651","0.0343"
"","16.8000","1.6750","0.0343"
"","16.9000","1.6850","0.0343"
"","17.0000","1.6953","0.0343"
"","17.1000","1.7052","0.0343"
"","17.2000","1.7148","0.0343"
"","17.3000","1.7251","0.0343"
"","17.4000","1.7352","0.0343"
"","17.5000","1.7452","0.0344"
"","17.6000","1.7549","0.0347"
"","17.7000","1.7651","0.0351"
"","17.8000","1.7752","0.0355"
"","17.9000","1.7851","0.0360"
"","18.0000","1.7950","0.0365"
"","18.1000","1.8052","0.0370"
"","18.2000","1.8152","0.0374"
"","18.3000","1.8251","0.0379"
"","18.4000","1.8351","0.0383"
"","18.5000","1.8451","0.0388"
"","18.6000","1.8550","0.0393"
"","18.7000","1.8653","0.0397"
"","18.8000","1.8751","0.0402"
"","18.9000","1.8851","0.0407"
"","19.0000","1.8949","0.0412"
"","19.1000","1.9053","0.0417"
"","19.2000","1.9151","0.0422"
"","19.3000","1.9251","0.0427"
"","19.4000","1.9350","0.0432"
"","19.5000","1.9452","0.0437"
"","19.6000","1.9552","0.0442"
"","19.7000","1.9649","0.0448"
"","19.8000","1.9752","0.0453"
"","19.9000","1.9851","0.0458"
"","20.0000","1.9951","0.0463"
"","20.1000","2.0049","0.0469"
"","20.2000","2.0152","0.0474"
"","20.3000","2.0252","0.0479"
"","20.4000","2.0350","0.0485"
"","20.5000","2.0451","0.0490"
"","20.6000","2.0551","0.0496"
"","20.7000","2.0652","0.0501"
"","20.8000","2.0749","0.0506"
"","20.9000","2.0851","0.0512"
"","21.0000","2.0952","0.0517"
"","21.1000","2.1050","0.0522"
"","21.2000","2.1152","0.0528"
"","21.3000","2.1252","0.0533"
"","21.4000","2.1352","0.0538"
"","21.5000","2.1449","0.0543"
"","21.6000","2.1552","0.0549"
"","21.7000","2.1651","0.0554"
"","21.8000","2.1751","0.0559"
"","21.9000","2.1850","0.0564"
"","22.0000","2.1953","0.0569"
"","22.1000","2.2052","0.0574"
"","22.2000","2.2148","0.0579"
"","22.3000","2.2251","0.0584"
"","22.4000","2.2352","0.0589"
"","22.5000","2.2451","0.0594"
"","22.6000","2.2549","0.0599"
"","22.7000","2.2652","0.0604"
"","22.8000","2.2753","0.0609"
"","22.9000","2.2850","0.0614"
"","23.0000","2.2951","0.0619"
"","23.1000","2.3051","0.0624"
"","23.2000","2.3152","0.0628"
"","23.3000","2.3250","0.0633"
"","23.4000","2.3351","0.0638"
"","23.5000","2.3452","0.0643"
"","23.6000","2.3550","0.0647"
"","23.7000","2.3652","0.0652"
"","23.8000","2.3751","0.0657"
"","23.9000","2.3851","0.0662"
"","24.0000","2.3948","0.0666"
"","24.1000","2.4052","0.0672"
"","24.2000","2.4151","0.0676"
"","24.3000","2.4250","0.0681"
"","24.4000","2.4350","0.0686"
"","24.5000","2.4452","0.0691"
"","24.6000","2.4553","0.0695"
"","24.7000","2.4648","0.0700"
"","24.8000","2.4751","0.0705"
"","24.9000","2.4852","0.0710"
"","25.0000","2.4952","0.0715"
"","25.1000","2.5049","0.0719"
"","25.2000","2.5150","0.0724"
"","25.3000","2.5252","0.0729"
"","25.4000","2.5351","0.0733"
"","25.5000","2.5451","0.0738"
"","25.6000","2.5551","0.0743"
"","25.7000","2.5652","0.0748"
"","25.8000","2.5750","0.0753"
"","25.9000","2.5850","0.0758"
"","26.0000","2.5951","0.0763"
"","26.1000","2.6050","0.0768"
"","26.2000","2.6153","0.0773"
"","26.3000","2.6251","0.0777"
"","26.4000","2.6351","0.0782"
"","26.5000","2.6448","0.0787"
"","26.6000","2.6552","0.0792"
"","26.7000","2.6651","0.0797"
"","26.8000","2.6750","0.0802"
"","26.9000","2.6850","0.0807"
"","27.0000","2.6953","0.0812"
"","27.1000","2.7052","0.0817"
"","27.2000","2.7149","0.0822"
"","27.3000","2.7252","0.0827"
"","27.4000","2.7352","0.0832"
"","27.5000","2.7452","0.0837"
"","27.6000","2.7549","0.0842"
"","27.7000","2.7651","0.0847"
"","27.8000","2.7752","0.0852"
"","27.9000","2.7851","0.0857"
"","28.0000","2.7952","0.0862"
"","28.1000","2.8051","0.0867"
"","28.2000","2.8152","0.0872"
"","28.3000","2.8250","0.0876"
"","28.4000","2.8351","0.0882"
"","28.5000","2.8452","0.0887"
"","28.6000","2.8550","0.0892"
"","28.7000","2.8653","0.0897"
"","28.8000","2.8751","0.0902"
"","28.9000","2.8851","0.0907"
"","29.0000","2.8948","0.0912"
"","29.1000","2.9053","0.0917"
"","29.2000","2.9152","0.0922"
"","29.3000","2.9250","0.0927"
"","29.4000","2.9350","0.0932"
"","29.5000","2.9452","0.0937"
"","29.6000","2.9552","0.0942"
"","29.7000","2.9648","0.0947"
"","29.8000","2.9751","0.0952"
"","29.9000","2.9852","0.0958"
"","30.0000","2.9952","0.0963"
"","30.1000","3.0049","0.0968"
"","30.2000","3.0151","0.0973"
"","30.3000","3.0253","0.0978"
"","30.4000","3.0350","0.0983"
"","30.5000","3.0450","0.0988"
"","30.6000","3.0551","0.0994"
"","30.7000","3.0651","0.0999"
"","30.8000","3.0749","0.1004"
"","30.9000","3.0851","0.1009"
"","31.0000","3.0951","0.1015"
"","31.1000","3.1050","0.1020"
"","31.2000","3.1153","0.1025"
"","31.3000","3.1252","0.1030"
"","31.4000","3.1351","0.1035"
"","31.5000","3.1448","0.1040"
"","31.6000","3.1552","0.1046"
"","31.7000","3.1651","0.1051"
"","31.8000","3.1750","0.1056"
"","31.9000","3.1850","0.1061"
"","32.0000","3.1953","0.1066"
"","32.1000","3.2052","0.1071"
"","32.2000","3.2148","0.1076"
"","32.3000","3.2251","0.1082"
"","32.4000","3.2352","0.1087"
"","32.5000","3.2452","0.1092"
"","32.6000","3.2549","0.1097"
"","32.7000","3.2651","0.1102"
"","32.8000","3.2752","0.1108"
"","32.9000","3.2851","0.1112"
"","33.0000","3.2950","0.1118"
"","33.1000","3.3051","0.1123"
"","33.2000","3.3152","0.1128"
"","33.3000","3.3250","0.1133"
"","33.4000","3.3350","0.1138"
"","33.5000","3.3451","0.1144"
"","33.6000","3.3550","0.1149"
"","33.7000","3.3653","0.1154"
"","33.8000","3.3752","0.1159"
"","33.9000","3.3852","0.1165"
"","34.0000","3.3949","0.1170"
"","34.1000","3.4052","0.1175"
"","34.2000","3.4151","0.1180"
"","34.3000","3.4250","0.1185"
"","34.4000","3.4350","0.1191"
"","34.5000","3.4452","0.1196"
"","34.6000","3.4552","0.1201"
"","34.7000","3.4648","0.1206"
"","34.8000","3.4752","0.1212"
"","34.9000","3.4852","0.1217"
"","35.0000","3.4952","0.1222"
"","35.1000","3.5049","0.1227"
"","35.2000","3.5151","0.1232"
"","35.3000","3.5251","0.1237"
"","35.4000","3.5350","0.1242"
"","35.5000","3.5451","0.1248"
"","35.6000","3.5551","0.1253"
"","35.7000","3.5652","0.1258"
"","35.8000","3.5750","0.1263"
"","35.9000","3.5851","0.1268"
"","36.0000","3.5951","0.1274"
"","36.1000","3.6050","0.1279"
"","36.2000","3.6153","0.1284"
"","36.3000","3.6252","0.1289"
"","36.4000","3.6351","0.1294"
"","36.5000","3.6448","0.1299"
"","36.6000","3.6553","0.1304"
"","36.7000","3.6651","0.1309"
"","36.8000","3.6750","0.1314"
"","36.9000","3.6850","0.1320"
"","37.0000","3.6953","0.1325"
"","37.1000","3.7052","0.1330"
"","37.2000","3.7147","0.1335"
"","37.3000","3.7251","0.1340"
"","37.4000","3.7352","0.1346"
"","37.5000","3.7452","0.1351"
"","37.6000","3.7549","0.1356"
"","37.7000","3.7651","0.1361"
"","37.8000","3.7753","0.1367"
"","37.9000","3.7851","0.1372"
"","38.0000","3.7951","0.1377"
"","38.1000","3.8051","0.1382"
"","38.2000","3.8152","0.1388"
"","38.3000","3.8250","0.1392"
"","38.4000","3.8351","0.1398"
"","38.5000","3.8451","0.1403"
"","38.6000","3.8551","0.1408"
"","38.7000","3.8652","0.1414"
"","38.8000","3.8752","0.1419"
"","38.9000","3.8851","0.1424"
"","39.0000","3.8948","0.1429"
"","39.1000","3.9052","0.1434"
"","39.2000","3.9152","0.1439"
"","39.3000","3.9250","0.1444"
"","39.4000","3.9350","0.1449"
"","39.5000","3.9453","0.1455"
"","39.6000","3.9552","0.1460"
"","39.7000","3.9648","0.1465"
"","39.8000","3.9751","0.1470"
"","39.9000","3.9851","0.1475"
"","40.0000","3.9952","0.1481"
"","40.0520","4.0001","0.1483"
"","40.0530","4.0002","0.1483"
"","40.0540","4.0003","0.1483"
"","40.1540","4.0006","0.1478"
"","40.2540","3.9932","0.1466"
"","40.3540","3.9811","0.1449"
"","40.4540","3.9707","0.1435"
"","40.5540","3.9608","0.1422"
"","40.6540","3.9507","0.1409"
"","40.7540","3.9406","0.1396"
"","40.8540","3.9306","0.1384"
"","40.9540","3.9209","0.1372"
"","41.0540","3.9106","0.1359"
"","41.1540","3.9004","0.1348"
"","41.2540","3.8907","0.1336"
"","41.3540","3.8809","0.1324"
"","41.4540","3.8707","0.1313"
"","41.5540","3.8605","0.1301"
"","41.6540","3.8508","0.1290"
"","41.7540","3.8407","0.1279"
"","41.8540","3.8307","0.1268"
"","41.9540","3.8205","0.1256"
"","42.0540","3.8108","0.1246"
"","42.1540","3.8007","0.1234"
"","42.2540","3.7906","0.1223"
"","42.3540","3.7807","0.1213"
"","42.4540","3.7706","0.1202"
"","42.5540","3.7606","0.1191"
"","42.6540","3.7506","0.1180"
"","42.7540","3.7408","0.1170"
"","42.8540","3.7305","0.1159"
"","42.9540","3.7206","0.1148"
"","43.0540","3.7108","0.1138"
"","43.1540","3.7008","0.1128"
"","43.2540","3.6906","0.1117"
"","43.3540","3.6807","0.1107"
"","43.4540","3.6708","0.1096"
"","43.5540","3.6606","0.1086"
"","43.6540","3.6504","0.1075"
"","43.7540","3.6407","0.1065"
"","43.8540","3.6309","0.1055"
"","43.9540","3.6206","0.1045"
"","44.0540","3.6105","0.1035"
"","44.1540","3.6009","0.1025"
"","44.2540","3.5907","0.1014"
"","44.3540","3.5805","0.1004"
"","44.4540","3.5705","0.0994"
"","44.5540","3.5609","0.0985"
"","44.6540","3.5507","0.0974"
"","44.7540","3.5406","0.0964"
"","44.8540","3.5307","0.0955"
"","44.9540","3.5207","0.0945"
"","45.0540","3.5106","0.0935"
"","45.1540","3.5006","0.0925"
"","45.2540","3.4909","0.0916"
"","45.3540","3.4805","0.0906"
"","45.4540","3.4705","0.0896"
"","45.5540","3.4607","0.0887"
"","45.6540","3.4507","0.0877"
"","45.7540","3.4406","0.0868"
"","45.8540","3.4307","0.0858"
"","45.9540","3.4209","0.0849"
"","46.0540","3.4106","0.0839"
"","46.1540","3.4004","0.0830"
"","46.2540","3.3907","0.0821"
"","46.3540","3.3809","0.0812"
"","46.4540","3.3706","0.0803"
"","46.5540","3.3605","0.0793"
"","46.6540","3.3508","0.0785"
"","46.7540","3.3407","0.0775"
"","46.8540","3.3306","0.0766"
"","46.9540","3.3205","0.0757"
"","47.0540","3.3108","0.0749"
"","47.1540","3.3007","0.0740"
"","47.2540","3.2906","0.0731"
"","47.3540","3.2807","0.0722"
"","47.4540","3.2707","0.0714"
"","47.5540","3.2607","0.0705"
"","47.6540","3.2506","0.0696"
"","47.7540","3.2408","0.0688"
"","47.8540","3.2305","0.0679"
"","47.9540","3.2206","0.0671"
"","48.0540","3.2106","0.0662"
"","48.1540","3.2007","0.0654"
"","48.2540","3.1905","0.0646"
"","48.3540","3.1806","0.0638"
"","48.4540","3.1708","0.0630"
"","48.5540","3.1606","0.0622"
"","48.6540","3.1504","0.0613"
"","48.7540","3.1407","0.0606"
"","48.8540","3.1309","0.0598"
"","48.9540","3.1207","0.0590"
"","49.0540","3.1104","0.0582"
"","49.1540","3.1008","0.0575"
"","49.2540","3.0907","0.0567"
"","49.3540","3.0806","0.0559"
"","49.4540","3.0705","0.0551"
"","49.5540","3.0609","0.0544"
"","49.6540","3.0507","0.0537"
"","49.7540","3.0407","0.0529"
"","49.8540","3.0308","0.0522"
"","49.9540","3.0207","0.0515"
"","50.0540","3.0106","0.0507"
"","50.1540","3.0006","0.0500"
"","50.2540","2.9908","0.0493"
"","50.3540","2.9805","0.0486"
"","50.4540","2.9706","0.0479"
"","50.5540","2.9607","0.0472"
"","50.6540","2.9507","0.0466"
"","50.7540","2.9405","0.0459"
"","50.8540","2.9307","0.0452"
"","50.9540","2.9209","0.0446"
"","51.0540","2.9106","0.0439"
"","51.1540","2.9004","0.0433"
"","51.2540","2.8906","0.0426"
"","51.3540","2.8808","0.0420"
"","51.4540","2.8706","0.0414"
"","51.5540","2.8605","0.0408"
"","51.6540","2.8509","0.0402"
"","51.7540","2.8406","0.0395"
"","51.8540","2.8305","0.0389"
"","51.9540","2.8205","0.0384"
"","52.0540","2.8109","0.0378"
"","52.1540","2.8006","0.0372"
"","52.2540","2.7905","0.0366"
"","52.3540","2.7807","0.0361"
"","52.4540","2.7706","0.0355"
"","52.5540","2.7606","0.0350"
"","52.6540","2.7506","0.0345"
"","52.7540","2.7409","0.0340"
"","52.8540","2.7304","0.0334"
"","52.9540","2.7205","0.0329"
"","53.0540","2.7107","0.0324"
"","53.1540","2.7007","0.0320"
"","53.2540","2.6905","0.0316"
"","53.3540","2.6807","0.0313"
"","53.4540","2.6709","0.0312"
"","53.5540","2.6606","0.0312"
"","53.6540","2.6504","0.0312"
"","53.7540","2.6407","0.0313"
"","53.8540","2.6309","0.0313"
"","53.9540","2.6207","0.0312"
"","54.0540","2.6105","0.0311"
"","54.1540","2.6008","0.0310"
"","54.2540","2.5907","0.0310"
"","54.3540","2.5806","0.0310"
"","54.4540","2.5705","0.0310"
"","54.5540","2.5608","0.0310"
"","54.6540","2.5507","0.0311"
"","54.7540","2.5406","0.0312"
"","54.8540","2.5307","0.0312"
"","54.9540","2.5207","0.0311"
"","55.0540","2.5107","0.0309"
"","55.1540","2.5006","0.0304"
"","55.2540","2.4909","0.0298"
"","55.3540","2.4805","0.0293"
"","55.4540","2.4706","0.0288"
"","55.5540","2.4606","0.0283"
"","55.6540","2.4507","0.0278"
"","55.7540","2.4406","0.0273"
"","55.8540","2.4307","0.0268"
"","55.9540","2.4209","0.0264"
"","56.0540","2.4107","0.0259"
"","56.1540","2.4005","0.0255"
"","56.2540","2.3907","0.0251"
"","56.3540","2.3809","0.0247"
"","56.4540","2.3706","0.0243"
"","56.5540","2.3605","0.0239"
"","56.6540","2.3509","0.0235"
"","56.7540","2.3407","0.0231"
"","56.8540","2.3305","0.0227"
"","56.9540","2.3205","0.0224"
"","57.0540","2.3108","0.0220"
"","57.1540","2.3006","0.0216"
"","57.2540","2.2906","0.0213"
"","57.3540","2.2807","0.0209"
"","57.4540","2.2707","0.0206"
"","57.5540","2.2606","0.0202"
"","57.6540","2.2505","0.0198"
"","57.7540","2.2408","0.0194"
"","57.8540","2.2306","0.0191"
"","57.9540","2.2206","0.0187"
"","58.0540","2.2107","0.0184"
"","58.1540","2.2007","0.0181"
"","58.2540","2.1907","0.0177"
"","58.3540","2.1807","0.0174"
"","58.4540","2.1708","0.0171"
"","58.5540","2.1605","0.0167"
"","58.6540","2.1505","0.0164"
"","58.7540","2.1406","0.0161"
"","58.8540","2.1308","0.0157"
"","58.9540","2.1205","0.0154"
"","59.0540","2.1105","0.0151"
"","59.1540","2.1009","0.0148"
"","59.2540","2.0906","0.0144"
"","59.3540","2.0804","0.0141"
"","59.4540","2.0706","0.0138"
"","59.5540","2.0609","0.0135"
"","59.6540","2.0506","0.0132"
"","59.7540","2.0405","0.0129"
"","59.8540","2.0308","0.0126"
"","59.9540","2.0207","0.0123"
"","60.0540","2.0107","0.0120"
"","60.1540","2.0006","0.0118"
"","60.2540","1.9909","0.0115"
"","60.3540","1.9805","0.0112"
"","60.4540","1.9705","0.0110"
"","60.5540","1.9607","0.0107"
"","60.6540","1.9507","0.0105"
"","60.7540","1.9406","0.0102"
"","60.8540","1.9307","0.0100"
"","60.9540","1.9209","0.0098"
"","61.0540","1.9106","0.0095"
"","61.1540","1.9004","0.0093"
"","61.2540","1.8907","0.0091"
"","61.3540","1.8809","0.0088"
"","61.4540","1.8706","0.0086"
"","61.5540","1.8605","0.0084"
"","61.6540","1.8508","0.0082"
"","61.7540","1.8407","0.0080"
"","61.8540","1.8305","0.0078"
"","61.9540","1.8205","0.0076"
"","62.0540","1.8108","0.0074"
"","62.1540","1.8007","0.0072"
"","62.2540","1.7906","0.0070"
"","62.3540","1.7807","0.0068"
"","62.4540","1.7707","0.0066"
"","62.5540","1.7607","0.0064"
"","62.6540","1.7506","0.0062"
"","62.7540","1.7409","0.0060"
"","62.8540","1.7305","0.0058"
"","62.9540","1.7206","0.0056"
"","63.0540","1.7107","0.0054"
"","63.1540","1.7007","0.0052"
"","63.2540","1.6905","0.0050"
"","63.3540","1.6807","0.0048"
"","63.4540","1.6709","0.0046"
"","63.5540","1.6606","0.0044"
"","63.6540","1.6504","0.0042"
"","63.7540","1.6407","0.0040"
"","63.8540","1.6309","0.0038"
"","63.9540","1.6207","0.0036"
"","64.0540","1.6104","0.0035"
"","64.1540","1.6008","0.0033"
"","64.2540","1.5907","0.0031"
"","64.3540","1.5806","0.0030"
"","64.4540","1.5705","0.0028"
"","64.5540","1.5608","0.0026"
"","64.6540","1.5507","0.0025"
"","64.7540","1.5406","0.0023"
"","64.8540","1.5307","0.0022"
"","64.9540","1.5206","0.0021"
"","65.0540","1.5106","0.0020"
"","65.1540","1.5006","0.0018"
"","65.2540","1.4908","0.0017"
"","65.3540","1.4805","0.0016"
"","65.4540","1.4706","0.0015"
"","65.5540","1.4608","0.0014"
"","65.6540","1.4508","0.0013"
"","65.7540","1.4405","0.0012"
"","65.8540","1.4307","0.0012"
"","65.9540","1.4208","0.0011"
"","66.0540","1.4106","0.0010"
"","66.1540","1.4004","0.0009"
"","66.2540","1.3907","0.0009"
"","66.3540","1.3809","0.0008"
"","66.4540","1.3706","0.0007"
"","66.5540","1.3605","0.0007"
"","66.6540","1.3509","0.0006"
"","66.7540","1.3407","0.0006"
"","66.8540","1.3306","0.0005"
"","66.9540","1.3205","0.0005"
"","67.0540","1.3108","0.0005"
"","67.1540","1.3007","0.0004"
"","67.2540","1.2906","0.0004"
"","67.3540","1.2807","0.0003"
"","67.4540","1.2706","0.0003"
"","67.5540","1.2606","0.0003"
"","67.6540","1.2506","0.0002"
"","67.7540","1.2409","0.0002"
"","67.8540","1.2304","0.0002"
"","67.9540","1.2205","0.0002"
"","68.0540","1.2107","0.0001"
"","68.1540","1.2007","0.0001"
"","68.2540","1.1906","0.0001"
"","68.3540","1.1808","0.0000"
"","68.4540","1.1710","0.0000"
"","68.5540","1.1605","0.0000"
"","68.6540","1.1503","0.0000"
"","68.7540","1.1407","0.0000"
"","68.8540","1.1309","-0.0001"
"","68.9540","1.1207","-0.0001"
"","69.0540","1.1105","-0.0001"
"","69.1540","1.1009","-0.0001"
"","69.2540","1.0907","-0.0001"
"","69.3540","1.0806","-0.0002"
"","69.4540","1.0705","-0.0002"
"","69.5540","1.0608","-0.0002"
"","69.6540","1.0507","-0.0002"
"","69.7540","1.0406","-0.0002"
"","69.8540","1.0307","-0.0003"
"","69.9540","1.0207","-0.0003"
"","70.0540","1.0106","-0.0003"
"","70.1540","1.0006","-0.0003"
"","70.2540","0.9909","-0.0003"
"","70.3540","0.9805","-0.0003"
"","70.4540","0.9706","-0.0003"
"","70.5540","0.9607","-0.0003"
"","70.6540","0.9507","-0.0004"
"","70.7540","0.9405","-0.0004"
"","70.8540","0.9306","-0.0004"
"","70.9540","0.9209","-0.0004"
"","71.0540","0.9107","-0.0004"
"","71.1540","0.9004","-0.0004"
"","71.2540","0.8907","-0.0004"
"","71.3540","0.8809","-0.0004"
"","71.4540","0.8707","-0.0004"
"","71.5540","0.8604","-0.0004"
"","71.6540","0.8508","-0.0005"
"","71.7540","0.8407","-0.0005"
"","71.8540","0.8306","-0.0005"
"","71.9540","0.8205","-0.0005"
"","72.0540","0.8108","-0.0005"
"","72.1540","0.8007","-0.0005"
"","72.2540","0.7906","-0.0005"
"","72.3540","0.7807","-0.0005"
"","72.4540","0.7706","-0.0005"
"","72.5540","0.7606","-0.0005"
"","72.6540","0.7506","-0.0005"
"","72.7540","0.7408","-0.0005"
"","72.8540","0.7305","-0.0005"
"","72.9540","0.7206","-0.0005"
"","73.0540","0.7108","-0.0005"
"","73.1540","0.7007","-0.0006"
"","73.2540","0.6905","-0.0006"
"","73.3540","0.6807","-0.0006"
"","73.4540","0.6709","-0.0006"
"","73.5540","0.6606","-0.0006"
"","73.6540","0.6504","-0.0006"
"","73.7540","0.6407","-0.0006"
"","73.8540","0.6309","-0.0006"
"","73.9540","0.6206","-0.0006"
"","74.0540","0.6105","-0.0006"
"","74.1540","0.6009","-0.0006"
"","74.2540","0.5907","-0.0006"
"","74.3540","0.5805","-0.0006"
"","74.4540","0.5705","-0.0006"
"","74.5540","0.5608","-0.0007"
"","74.6540","0.5507","-0.0007"
"","74.7540","0.5406","-0.0007"
"","74.8540","0.5307","-0.0007"
"","74.9540","0.5206","-0.0007"
"","75.0540","0.5107","-0.0007"
"","75.1540","0.5007","-0.0007"
"","75.2540","0.4909","-0.0007"
"","75.3540","0.4804","-0.0007"
"","75.4540","0.4706","-0.0007"
"","75.5540","0.4607","-0.0007"
"","75.6540","0.4507","-0.0007"
"","75.7540","0.4405","-0.0007"
"","75.8540","0.4306","-0.0007"
"","75.9540","0.4210","-0.0007"
"","76.0540","0.4106","-0.0007"
"","76.1540","0.4004","-0.0008"
"","76.2540","0.3907","-0.0008"
"","76.3540","0.3809","-0.0008"
"","76.4540","0.3706","-0.0008"
"","76.5540","0.3605","-0.0008"
"","76.6540","0.3507","-0.0008"
"","76.7540","0.3407","-0.0008"
"","76.8540","0.3306","-0.0008"
"","76.9540","0.3206","-0.0008"
"","77.0540","0.3108","-0.0008"
"","77.1540","0.3006","-0.0008"
"","77.2540","0.2905","-0.0008"
"","77.3540","0.2807","-0.0008"
"","77.4540","0.2707","-0.0008"
"","77.5540","0.2606","-0.0008"
"","77.6540","0.2506","-0.0008"
"","77.7540","0.2409","-0.0008"
"","77.8540","0.2306","-0.0008"
"","77.9540","0.2205","-0.0008"
"","78.0540","0.2107","-0.0009"
"","78.1540","0.2007","-0.0009"
"","78.2540","0.1906","-0.0009"
"","78.3540","0.1806","-0.0009"
"","78.4540","0.1708","-0.0009"
"","78.5540","0.1606","-0.0009"
"","78.6540","0.1505","-0.0009"
"","78.7540","0.1406","-0.0009"
"","78.8540","0.1309","-0.0009"
"","78.9540","0.1207","-0.0009"
"","79.0540","0.1105","-0.0009"
"","79.1540","0.1008","-0.0009"
"","79.2540","0.0907","-0.0009"
"","79.3540","0.0806","-0.0009"
"","79.4540","0.0706","-0.0009"
"","79.5540","0.0608","-0.0009"
"","79.6540","0.0507","-0.0009"
"","79.7540","0.0406","-0.0009"
"","79.8540","0.0307","-0.0009"
"","79.9540","0.0206","-0.0009"
"","80.0540","0.0106","-0.0009"
"","80.1540","0.0006","-0.0009"
"","80.1600","0.0000","-0.0009"
"","80.1610","-0.0001","-0.0009"
"","80.1620","-0.0002","-0.0009"
"","80.2620","-0.0005","-0.0009"
"","80.3620","0.0072","-0.0009"
"","80.4620","0.0192","-0.0009"
"","80.5620","0.0295","-0.0008"
"","80.6620","0.0393","-0.0008"
"","80.7620","0.0495","-0.0008"
"","80.8620","0.0596","-0.0008"
"","80.9620","0.0694","-0.0008"
"","81.0620","0.0795","-0.0008"
"","81.1620","0.0896","-0.0008"
"","81.2620","0.0996","-0.0008"
"","81.3620","0.1093","-0.0008"
"","81.4620","0.1195","-0.0008"
"","81.5620","0.1295","-0.0007"
"","81.6620","0.1395","-0.0007"
"","81.7620","0.1495","-0.0007"
"","81.8620","0.1596","-0.0007"
"","81.9620","0.1696","-0.0007"
"","82.0620","0.1792","-0.0007"
"","82.1620","0.1896","-0.0007"
"","82.2620","0.1996","-0.0007"
"","82.3620","0.2095","-0.0007"
"","82.4620","0.2193","-0.0007"
"","82.5620","0.2296","-0.0007"
"","82.6620","0.2397","-0.0006"
"","82.7620","0.2494","-0.0006"
"","82.8620","0.2594","-0.0006"
"","82.9620","0.2695","-0.0006"
"","83.0620","0.2796","-0.0006"
"","83.1620","0.2894","-0.0006"
"","83.2620","0.2995","-0.0006"
"","83.3620","0.3096","-0.0006"
"","83.4620","0.3195","-0.0006"
"","83.5620","0.3296","-0.0005"
"","83.6620","0.3395","-0.0005"
"","83.7620","0.3495","-0.0005"
"","83.8620","0.3593","-0.0005"
"","83.9620","0.3696","-0.0005"
"","84.0620","0.3795","-0.0006"
"","84.1620","0.3894","-0.0006"
"","84.2620","0.3996","-0.0006"
"","84.3620","0.4097","-0.0006"
"","84.4620","0.4195","-0.0005"
"","84.5620","0.4292","-0.0005"
"","84.6620","0.4396","-0.0005"
"","84.7620","0.4496","-0.0005"
"","84.8620","0.4595","-0.0005"
"","84.9620","0.4694","-0.0005"
"","85.0620","0.4797","-0.0004"
"","85.1620","0.4898","-0.0005"
"","85.2620","0.4993","-0.0004"
"","85.3620","0.5095","-0.0004"
"","85.4620","0.5195","-0.0004"
"","85.5620","0.5297","-0.0004"
"","85.6620","0.5393","-0.0003"
"","85.7620","0.5495","-0.0004"
"","85.8620","0.5595","-0.0003"
"","85.9620","0.5695","-0.0003"
"","86.0620","0.5797","-0.0003"
"","86.1620","0.5896","-0.0003"
"","86.2620","0.5996","-0.0003"
"","86.3620","0.6092","-0.0003"
"","86.4620","0.6196","-0.0002"
"","86.5620","0.6295","-0.0002"
"","86.6620","0.6394","-0.0002"
"","86.7620","0.6495","-0.0002"
"","86.8620","0.6598","-0.0002"
"","86.9620","0.6695","-0.0002"
"","87.0620","0.6793","-0.0002"
"","87.1620","0.6895","-0.0001"
"","87.2620","0.6997","-0.0001"
"","87.3620","0.7094","-0.0001"
"","87.4620","0.7193","0.0000"
"","87.5620","0.7295","0.0000"
"","87.6620","0.7398","0.0000"
"","87.7620","0.7493","0.0001"
"","87.8620","0.7595","0.0001"
"","87.9620","0.7696","0.0001"
"","88.0620","0.7797","0.0001"
"","88.1620","0.7893","0.0002"
"","88.2620","0.7994","0.0002"
"","88.3620","0.8096","0.0002"
"","88.4620","0.8195","0.0003"
"","88.5620","0.8296","0.0003"
"","88.6620","0.8396","0.0003"
"","88.7620","0.8497","0.0004"
"","88.8620","0.8593","0.0004"
"","88.9620","0.8696","0.0005"
"","89.0620","0.8795","0.0005"
"","89.1620","0.8894","0.0006"
"","89.2620","0.8995","0.0006"
"","89.3620","0.9098","0.0007"
"","89.4620","0.9196","0.0007"
"","89.5620","0.9292","0.0008"
"","89.6620","0.9395","0.0008"
"","89.7620","0.9497","0.0009"
"","89.8620","0.9595","0.0009"
"","89.9620","0.9694","0.0010"
"","90.0620","0.9796","0.0010"
"","90.1620","0.9897","0.0011"
"","90.2620","0.9993","0.0012"
"","90.3620","1.0094","0.0012"
"","90.4620","1.0195","0.0013"
"","90.5620","1.0297","0.0013"
"","90.6620","1.0394","0.0014"
"","90.7620","1.0494","0.0015"
"","90.8620","1.0595","0.0015"
"","90.9620","1.0695","0.0016"
"","91.0620","1.0796","0.0017"
"","91.1620","1.0895","0.0017"
"","91.2620","1.0995","0.0018"
"","91.3620","1.1093","0.0019"
"","91.4620","1.1195","0.0020"
"","91.5620","1.1295","0.0021"
"","91.6620","1.1395","0.0022"
"","91.7620","1.1495","0.0023"
"","91.8620","1.1598","0.0024"
"","91.9620","1.1696","0.0025"
"","92.0620","1.1792","0.0026"
"","92.1620","1.1895","0.0027"
"","92.2620","1.1995","0.0028"
"","92.3620","1.2095","0.0029"
"","92.4620","1.2194","0.0030"
"","92.5620","1.2296","0.0032"
"","92.6620","1.2397","0.0033"
"","92.7620","1.2493","0.0035"
"","92.8620","1.2595","0.0036"
"","92.9620","1.2695","0.0038"
"","93.0620","1.2797","0.0040"
"","93.1620","1.2893","0.0041"
"","93.2620","1.2995","0.0043"
"","93.3620","1.3095","0.0045"
"","93.4620","1.3195","0.0047"
"","93.5620","1.3296","0.0048"
"","93.6620","1.3396","0.0050"
"","93.7620","1.3496","0.0052"
"","93.8620","1.3593","0.0054"
"","93.9620","1.3696","0.0056"
"","94.0620","1.3795","0.0058"
"","94.1620","1.3894","0.0059"
"","94.2620","1.3995","0.0061"
"","94.3620","1.4098","0.0063"
"","94.4620","1.4195","0.0065"
"","94.5620","1.4293","0.0067"
"","94.6620","1.4395","0.0069"
"","94.7620","1.4497","0.0071"
"","94.8620","1.4595","0.0073"
"","94.9620","1.4693","0.0074"
"","95.0620","1.4795","0.0077"
"","95.1620","1.4898","0.0079"
"","95.2620","1.4993","0.0081"
"","95.3620","1.5095","0.0083"
"","95.4620","1.5196","0.0085"
"","95.5620","1.5297","0.0087"
"","95.6620","1.5393","0.0089"
"","95.7620","1.5495","0.0091"
"","95.8620","1.5596","0.0094"
"","95.9620","1.5695","0.0096"
"","96.0620","1.5795","0.0098"
"","96.1620","1.5896","0.0100"
"","96.2620","1.5997","0.0103"
"","96.3620","1.6093","0.0105"
"","96.4620","1.6196","0.0108"
"","96.5620","1.6295","0.0110"
"","96.6620","1.6394","0.0112"
"","96.7620","1.6495","0.0115"
"","96.8620","1.6597","0.0117"
"","96.9620","1.6696","0.0120"
"","97.0620","1.6792","0.0122"
"","97.1620","1.6895","0.0125"
"","97.2620","1.6997","0.0128"
"","97.3620","1.7095","0.0130"
"","97.4620","1.7194","0.0133"
"","97.5620","1.7296","0.0136"
"","97.6620","1.7397","0.0138"
"","97.7620","1.7493","0.0141"
"","97.8620","1.7595","0.0144"
"","97.9620","1.7695","0.0147"
"","98.0620","1.7796","0.0150"
"","98.1620","1.7893","0.0153"
"","98.2620","1.7994","0.0156"
"","98.3620","1.8096","0.0159"
"","98.4620","1.8196","0.0162"
"","98.5620","1.8296","0.0165"
"","98.6620","1.8395","0.0168"
"","98.7620","1.8495","0.0171"
"","98.8620","1.8593","0.0174"
"","98.9620","1.8695","0.0177"
"","99.0620","1.8795","0.0181"
"","99.1620","1.8895","0.0184"
"","99.2620","1.8995","0.0187"
"","99.3620","1.9097","0.0191"
"","99.4620","1.9196","0.0194"
"","99.5620","1.9293","0.0198"
"","99.6620","1.9396","0.0202"
"","99.7620","1.9495","0.0205"
"","99.8620","1.9595","0.0209"
"","99.9620","1.9694","0.0212"
"","100.0620","1.9797","0.0216"
"","100.1620","1.9897","0.0220"
"","100.2620","1.9993","0.0223"
"","100.3620","2.0096","0.0227"
"","100.4620","2.0195","0.0231"
"","100.5620","2.0296","0.0235"
"","100.6620","2.0392","0.0239"
"","100.7620","2.0496","0.0243"
"","100.8620","2.0596","0.0247"
"","100.9620","2.0695","0.0251"
"","101.0620","2.0795","0.0255"
"","101.1620","2.0896","0.0260"
"","101.2620","2.0996","0.0264"
"","101.3620","2.1093","0.0268"
"","101.4620","2.1196","0.0273"
"","101.5620","2.1296","0.0277"
"","101.6620","2.1395","0.0282"
"","101.7620","2.1496","0.0286"
"","101.8620","2.1596","0.0290"
"","101.9620","2.1696","0.0295"
"","102.0620","2.1793","0.0299"
"","102.1620","2.1895","0.0301"
"","102.2620","2.1996","0.0305"
"","102.3620","2.2095","0.0309"
"","102.4620","2.2194","0.0312"
"","102.5620","2.2296","0.0315"
"","102.6620","2.2397","0.0319"
"","102.7620","2.2493","0.0322"
"","102.8620","2.2595","0.0327"
"","102.9620","2.2696","0.0331"
"","103.0620","2.2797","0.0336"
"","103.1620","2.2893","0.0339"
"","103.2620","2.2995","0.0340"
"","103.3620","2.3096","0.0341"
"","103.4620","2.3194","0.0341"
"","103.5620","2.3295","0.0341"
"","103.6620","2.3396","0.0341"
"","103.7620","2.3497","0.0342"
"","103.8620","2.3593","0.0342"
"","103.9620","2.3696","0.0343"
"","104.0620","2.3795","0.0344"
"","104.1620","2.3894","0.0344"
"","104.2620","2.3995","0.0344"
"","104.3620","2.4097","0.0344"
"","104.4620","2.4196","0.0344"
"","104.5620","2.4292","0.0345"
"","104.6620","2.4395","0.0345"
"","104.7620","2.4496","0.0346"
"","104.8620","2.4595","0.0346"
"","104.9620","2.4694","0.0347"
"","105.0620","2.4796","0.0351"
"","105.1620","2.4897","0.0356"
"","105.2620","2.4994","0.0361"
"","105.3620","2.5095","0.0366"
"","105.4620","2.5195","0.0371"
"","105.5620","2.5296","0.0377"
"","105.6620","2.5394","0.0382"
"","105.7620","2.5495","0.0387"
"","105.8620","2.5596","0.0392"
"","105.9620","2.5696","0.0397"
"","106.0620","2.5796","0.0403"
"","106.1620","2.5895","0.0408"
"","106.2620","2.5995","0.0413"
"","106.3620","2.6093","0.0419"
"","106.4620","2.6196","0.0424"
"","106.5620","2.6295","0.0430"
"","106.6620","2.6394","0.0436"
"","106.7620","2.6495","0.0441"
"","106.8620","2.6597","0.0447"
"","106.9620","2.6695","0.0453"
"","107.0620","2.6792","0.0459"
"","107.1620","2.6896","0.0465"
"","107.2620","2.6996","0.0471"
"","107.3620","2.7095","0.0477"
"","107.4620","2.7194","0.0483"
"","107.5620","2.7296","0.0489"
"","107.6620","2.7397","0.0495"
"","107.7620","2.7493","0.0501"
"","107.8620","2.7595","0.0507"
"","107.9620","2.7695","0.0513"
"","108.0620","2.7797","0.0520"
"","108.1620","2.7893","0.0526"
"","108.2620","2.7996","0.0532"
"","108.3620","2.8096","0.0539"
"","108.4620","2.8195","0.0545"
"","108.5620","2.8295","0.0551"
"","108.6620","2.8396","0.0558"
"","108.7620","2.8496","0.0564"
"","108.8620","2.8593","0.0570"
"","108.9620","2.8695","0.0577"
"","109.0620","2.8795","0.0584"
"","109.1620","2.8894","0.0590"
"","109.2620","2.8995","0.0597"
"","109.3620","2.9098","0.0604"
"","109.4620","2.9196","0.0611"
"","109.5620","2.9293","0.0617"
"","109.6620","2.9395","0.0624"
"","109.7620","2.9496","0.0631"
"","109.8620","2.9595","0.0638"
"","109.9620","2.9693","0.0645"
"","110.0620","2.9796","0.0652"
"","110.1620","2.9898","0.0659"
"","110.2620","2.9993","0.0665"
"","110.3620","3.0095","0.0673"
"","110.4620","3.0196","0.0680"
"","110.5620","3.0297","0.0687"
"","110.6620","3.0393","0.0694"
"","110.7620","3.0494","0.0701"
"","110.8620","3.0595","0.0709"
"","110.9620","3.0694","0.0716"
"","111.0620","3.0795","0.0723"
"","111.1620","3.0896","0.0730"
"","111.2620","3.0996","0.0738"
"","111.3620","3.1093","0.0745"
"","111.4620","3.1196","0.0752"
"","111.5620","3.1295","0.0760"
"","111.6620","3.1395","0.0767"
"","111.7620","3.1494","0.0775"
"","111.8620","3.1597","0.0782"
"","111.9620","3.1695","0.0790"
"","112.0620","3.1793","0.0797"
"","112.1620","3.1895","0.0805"
"","112.2620","3.1996","0.0812"
"","112.3620","3.2095","0.0819"
"","112.4620","3.2193","0.0827"
"","112.5620","3.2296","0.0835"
"","112.6620","3.2397","0.0843"
"","112.7620","3.2493","0.0850"
"","112.8620","3.2595","0.0858"
"","112.9620","3.2695","0.0865"
"","113.0620","3.2797","0.0873"
"","113.1620","3.2893","0.0880"
"","113.2620","3.2995","0.0888"
"","113.3620","3.3096","0.0896"
"","113.4620","3.3196","0.0904"
"","113.5620","3.3296","0.0912"
"","113.6620","3.3395","0.0919"
"","113.7620","3.3496","0.0927"
"","113.8620","3.3594","0.0935"
"","113.9620","3.3696","0.0943"
"","114.0620","3.3795","0.0951"
"","114.1620","3.3895","0.0959"
"","114.2620","3.3995","0.0966"
"","114.3620","3.4097","0.0974"
"","114.4620","3.4196","0.0982"
"","114.5620","3.4293","0.0990"
"","114.6620","3.4396","0.0998"
"","114.7620","3.4496","0.1006"
"","114.8620","3.4595","0.1014"
"","114.9620","3.4694","0.1022"
"","115.0620","3.4796","0.1030"
"","115.1620","3.4897","0.1037"
"","115.2620","3.4993","0.1046"
"","115.3620","3.5095","0.1053"
"","115.4620","3.5195","0.1062"
"","115.5620","3.5297","0.1069"
"","115.6620","3.5393","0.1077"
"","115.7620","3.5495","0.1086"
"","115.8620","3.5595","0.1093"
"","115.9620","3.5696","0.1102"
"","116.0620","3.5797","0.1110"
"","116.1620","3.5896","0.1117"
"","116.2620","3.5995","0.1126"
"","116.3620","3.6093","0.1133"
"","116.4620","3.6196","0.1142"
"","116.5620","3.6295","0.1150"
"","116.6620","3.6394","0.1158"
"","116.7620","3.6496","0.1166"
"","116.8620","3.6598","0.1174"
"","116.9620","3.6696","0.1182"
"","117.0620","3.6793","0.1190"
"","117.1620","3.6895","0.1198"
"","117.2620","3.6996","0.1206"
"","117.3620","3.7094","0.1214"
"","117.4620","3.7193","0.1222"
"","117.5620","3.7296","0.1230"
"","117.6620","3.7397","0.1239"
"","117.7620","3.7494","0.1246"
"","117.8620","3.7595","0.1255"
"","117.9620","3.7696","0.1262"
"","118.0620","3.7797","0.1270"
"","118.1620","3.7894","0.1278"
"","118.2620","3.7995","0.1286"
"","118.3620","3.8096","0.1294"
"","118.4620","3.8195","0.1302"
"","118.5620","3.8296","0.1310"
"","118.6620","3.8396","0.1318"
"","118.7620","3.8496","0.1326"
"","118.8620","3.8593","0.1333"
"","118.9620","3.8696","0.1341"
"","119.0620","3.8795","0.1348"
"","119.1620","3.8894","0.1356"
"","119.2620","3.8995","0.1364"
"","119.3620","3.9097","0.1371"
"","119.4620","3.9196","0.1379"
"","119.5620","3.9292","0.1386"
"","119.6620","3.9396","0.1393"
"","119.7620","3.9496","0.1401"
"","119.8620","3.9595","0.1408"
"","119.9620","3.9693","0.1415"
"","120.0620","3.9796","0.1423"
"","120.1620","3.9897","0.1430"
"","120.2620","3.9994","0.1437"
"","120.2700","4.0001","0.1437"
"","120.2710","4.0002","0.1438"
"","120.2720","4.0003","0.1438"
"","120.3720","4.0007","0.1434"
"","120.4720","3.9933","0.1424"
"","120.5720","3.9811","0.1407"
"","120.6720","3.9708","0.1394"
"","120.7720","3.9608","0.1381"
"","120.8720","3.9508","0.1368"
"","120.9720","3.9407","0.1356"
"","121.0720","3.9307","0.1344"
"","121.1720","3.9210","0.1332"
"","121.2720","3.9107","0.1320"
"","121.3720","3.9005","0.1308"
"","121.4720","3.8908","0.1297"
"","121.5720","3.8809","0.1285"
"","121.6720","3.8708","0.1273"
"","121.7720","3.8606","0.1262"
"","121.8720","3.8509","0.1251"
"","121.9720","3.8408","0.1239"
"","122.0720","3.8307","0.1228"
"","122.1720","3.8206","0.1217"
"","122.2720","3.8109","0.1207"
"","122.3720","3.8008","0.1195"
"","122.4720","3.7907","0.1184"
"","122.5720","3.7807","0.1173"
"","122.6720","3.7706","0.1162"
"","122.7720","3.7607","0.1151"
"","122.8720","3.7507","0.1140"
"","122.9720","3.7409","0.1130"
"","123.0720","3.7306","0.1119"
"","123.1720","3.7207","0.1108"
"","123.2720","3.7108","0.1098"
"","123.3720","3.7008","0.1087"
"","123.4720","3.6906","0.1076"
"","123.5720","3.6808","0.1066"
"","123.6720","3.6709","0.1056"
"","123.7720","3.6606","0.1045"
"","123.8720","3.6505","0.1035"
"","123.9720","3.6407","0.1025"
"","124.0720","3.6309","0.1014"
"","124.1720","3.6207","0.1004"
"","124.2720","3.6105","0.0994"
"","124.3720","3.6009","0.0984"
"","124.4720","3.5908","0.0974"
"","124.5720","3.5806","0.0963"
"","124.6720","3.5705","0.0953"
"","124.7720","3.5609","0.0943"
"","124.8720","3.5507","0.0933"
"","124.9720","3.5407","0.0923"
"","125.0720","3.5308","0.0913"
"","125.1720","3.5207","0.0904"
"","125.2720","3.5107","0.0893"
"","125.3720","3.5007","0.0884"
"","125.4720","3.4909","0.0875"
"","125.5720","3.4806","0.0864"
"","125.6720","3.4706","0.0855"
"","125.7720","3.4607","0.0845"
"","125.8720","3.4508","0.0836"
"","125.9720","3.4406","0.0826"
"","126.0720","3.4307","0.0817"
"","126.1720","3.4210","0.0808"
"","126.2720","3.4106","0.0798"
"","126.3720","3.4005","0.0788"
"","126.4720","3.3907","0.0779"
"","126.5720","3.3809","0.0770"
"","126.6720","3.3707","0.0761"
"","126.7720","3.3605","0.0752"
"","126.8720","3.3509","0.0743"
"","126.9720","3.3408","0.0734"
"","127.0720","3.3307","0.0725"
"","127.1720","3.3206","0.0716"
"","127.2720","3.3108","0.0707"
"","127.3720","3.3007","0.0698"
"","127.4720","3.2906","0.0689"
"","127.5720","3.2807","0.0681"
"","127.6720","3.2708","0.0672"
"","127.7720","3.2607","0.0664"
"","127.8720","3.2507","0.0655"
"","127.9720","3.2409","0.0647"
"","128.0720","3.2306","0.0638"
"","128.1720","3.2207","0.0630"
"","128.2720","3.2107","0.0621"
"","128.3720","3.2008","0.0613"
"","128.4720","3.1906","0.0605"
"","128.5720","3.1807","0.0597"
"","128.6720","3.1709","0.0589"
"","128.7720","3.1607","0.0581"
"","128.8720","3.1505","0.0573"
"","128.9720","3.1408","0.0565"
"","129.0720","3.1309","0.0558"
"","129.1720","3.1207","0.0550"
"","129.2720","3.1105","0.0542"
"","129.3720","3.1009","0.0535"
"","129.4720","3.0907","0.0527"
"","129.5720","3.0807","0.0519"
"","129.6720","3.0706","0.0512"
"","129.7720","3.0609","0.0505"
"","129.8720","3.0508","0.0497"
"","129.9720","3.0407","0.0490"
"","130.0720","3.0308","0.0483"
"","130.1720","3.0208","0.0476"
"","130.2720","3.0107","0.0469"
"","130.3720","3.0006","0.0462"
"","130.4720","2.9909","0.0455"
"","130.5720","2.9806","0.0448"
"","130.6720","2.9707","0.0441"
"","130.7720","2.9608","0.0435"
"","130.8720","2.9508","0.0428"
"","130.9720","2.9406","0.0422"
"","131.0720","2.9308","0.0415"
"","131.1720","2.9209","0.0409"
"","131.2720","2.9106","0.0402"
"","131.3720","2.9005","0.0396"
"","131.4720","2.8907","0.0390"
"","131.5720","2.8809","0.0384"
"","131.6720","2.8707","0.0378"
"","131.7720","2.8606","0.0372"
"","131.8720","2.8509","0.0367"
"","131.9720","2.8407","0.0361"
"","132.0720","2.8305","0.0356"
"","132.1720","2.8206","0.0351"
"","132.2720","2.8109","0.0345"
"","132.3720","2.8007","0.0340"
"","132.4720","2.7906","0.0334"
"","132.5720","2.7808","0.0329"
"","132.6720","2.7707","0.0324"
"","132.7720","2.7606","0.0319"
"","132.8720","2.7507","0.0316"
"","132.9720","2.7410","0.0314"
"","133.0720","2.7305","0.0314"
"","133.1720","2.7206","0.0314"
"","133.2720","2.7108","0.0314"
"","133.3720","2.7008","0.0314"
"","133.4720","2.6906","0.0314"
"","133.5720","2.6807","0.0313"
"","133.6720","2.6710","0.0313"
"","133.7720","2.6607","0.0313"
"","133.8720","2.6505","0.0313"
"","133.9720","2.6407","0.0313"
"","134.0720","2.6310","0.0312"
"","134.1720","2.6208","0.0312"
"","134.2720","2.6106","0.0312"
"","134.3720","2.6009","0.0313"
"","134.4720","2.5908","0.0312"
"","134.5720","2.5806","0.0311"
"","134.6720","2.5706","0.0309"
"","134.7720","2.5609","0.0304"
"","134.8720","2.5508","0.0298"
"","134.9720","2.5407","0.0292"
"","135.0720","2.5307","0.0287"
"","135.1720","2.5207","0.0282"
"","135.2720","2.5107","0.0276"
"","135.3720","2.5007","0.0272"
"","135.4720","2.4909","0.0267"
"","135.5720","2.4806","0.0263"
"","135.6720","2.4706","0.0258"
"","135.7720","2.4607","0.0254"
"","135.8720","2.4508","0.0250"
"","135.9720","2.4406","0.0246"
"","136.0720","2.4308","0.0242"
"","136.1720","2.4210","0.0239"
"","136.2720","2.4107","0.0235"
"","136.3720","2.4005","0.0231"
"","136.4720","2.3908","0.0227"
"","136.5720","2.3809","0.0223"
"","136.6720","2.3707","0.0219"
"","136.7720","2.3606","0.0215"
"","136.8720","2.3509","0.0211"
"","136.9720","2.3407","0.0207"
"","137.0720","2.3306","0.0203"
"","137.1720","2.3206","0.0199"
"","137.2720","2.3109","0.0196"
"","137.3720","2.3007","0.0192"
"","137.4720","2.2907","0.0188"
"","137.5720","2.2808","0.0185"
"","137.6720","2.2708","0.0181"
"","137.7720","2.2606","0.0177"
"","137.8720","2.2506","0.0174"
"","137.9720","2.2409","0.0170"
"","138.0720","2.2306","0.0166"
"","138.1720","2.2206","0.0163"
"","138.2720","2.2108","0.0159"
"","138.3720","2.2008","0.0156"
"","138.4720","2.1907","0.0153"
"","138.5720","2.1807","0.0149"
"","138.6720","2.1709","0.0146"
"","138.7720","2.1606","0.0143"
"","138.8720","2.1506","0.0139"
"","138.9720","2.1407","0.0136"
"","139.0720","2.1308","0.0133"
"","139.1720","2.1206","0.0130"
"","139.2720","2.1106","0.0127"
"","139.3720","2.1010","0.0124"
"","139.4720","2.0907","0.0121"
"","139.5720","2.0805","0.0119"
"","139.6720","2.0706","0.0116"
"","139.7720","2.0609","0.0113"
"","139.8720","2.0507","0.0111"
"","139.9720","2.0406","0.0108"
"","140.0720","2.0308","0.0106"
"","140.1720","2.0208","0.0103"
"","140.2720","2.0107","0.0101"
"","140.3720","2.0006","0.0099"
"","140.4720","1.9909","0.0096"
"","140.5720","1.9806","0.0094"
"","140.6720","1.9706","0.0092"
"","140.7720","1.9607","0.0090"
"","140.8720","1.9508","0.0087"
"","140.9720","1.9407","0.0085"
"","141.0720","1.9307","0.0083"
"","141.1720","1.9210","0.0081"
"","141.2720","1.9106","0.0079"
"","141.3720","1.9004","0.0077"
"","141.4720","1.8907","0.0075"
"","141.5720","1.8809","0.0073"
"","141.6720","1.8707","0.0071"
"","141.7720","1.8606","0.0069"
"","141.8720","1.8509","0.0067"
"","141.9720","1.8408","0.0065"
"","142.0720","1.8306","0.0063"
"","142.1720","1.8206","0.0061"
"","142.2720","1.8109","0.0060"
"","142.3720","1.8007","0.0058"
"","142.4720","1.7906","0.0056"
"","142.5720","1.7808","0.0054"
"","142.6720","1.7708","0.0053"
"","142.7720","1.7608","0.0051"
"","142.8720","1.7506","0.0049"
"","142.9720","1.7409","0.0047"
"","143.0720","1.7306","0.0045"
"","143.1720","1.7207","0.0043"
"","143.2720","1.7107","0.0042"
"","143.3720","1.7008","0.0040"
"","143.4720","1.6906","0.0038"
"","143.5720","1.6807","0.0036"
"","143.6720","1.6709","0.0034"
"","143.7720","1.6607","0.0032"
"","143.8720","1.6505","0.0031"
"","143.9720","1.6408","0.0030"
"","144.0720","1.6309","0.0028"
"","144.1720","1.6208","0.0027"
"","144.2720","1.6105","0.0025"
"","144.3720","1.6009","0.0024"
"","144.4720","1.5907","0.0022"
"","144.5720","1.5806","0.0021"
"","144.6720","1.5706","0.0020"
"","144.7720","1.5609","0.0019"
"","144.8720","1.5507","0.0018"
"","144.9720","1.5407","0.0017"
"","145.0720","1.5308","0.0016"
"","145.1720","1.5207","0.0015"
"","145.2720","1.5107","0.0014"
"","145.3720","1.5006","0.0013"
"","145.4720","1.4909","0.0013"
"","145.5720","1.4805","0.0012"
"","145.6720","1.4707","0.0012"
"","145.7720","1.4609","0.0011"
"","145.8720","1.4508","0.0010"
"","145.9720","1.4406","0.0010"
"","146.0720","1.4308","0.0009"
"","146.1720","1.4209","0.0009"
"","146.2720","1.4107","0.0008"
"","146.3720","1.4004","0.0007"
"","146.4720","1.3907","0.0007"
"","146.5720","1.3809","0.0006"
"","146.6720","1.3707","0.0006"
"","146.7720","1.3605","0.0005"
"","146.8720","1.3509","0.0005"
"","146.9720","1.3408","0.0005"
"","147.0720","1.3306","0.0004"
"","147.1720","1.3205","0.0004"
"","147.2720","1.3109","0.0003"
"","147.3720","1.3007","0.0003"
"","147.4720","1.2907","0.0003"
"","147.5720","1.2808","0.0003"
"","147.6720","1.2706","0.0002"
"","147.7720","1.2607","0.0002"
"","147.8720","1.2507","0.0002"
"","147.9720","1.2410","0.0001"
"","148.0720","1.2305","0.0001"
"","148.1720","1.2206","0.0001"
"","148.2720","1.2107","0.0001"
"","148.3720","1.2008","0.0000"
"","148.4720","1.1906","0.0000"
"","148.5720","1.1808","0.0000"
"","148.6720","1.1711","0.0000"
"","148.7720","1.1606","-0.0001"
"","148.8720","1.1504","-0.0001"
"","148.9720","1.1407","-0.0001"
"","149.0720","1.1310","-0.0001"
"","149.1720","1.1207","-0.0001"
"","149.2720","1.1105","-0.0002"
"","149.3720","1.1009","-0.0002"
"","149.4720","1.0908","-0.0002"
"","149.5720","1.0807","-0.0002"
"","149.6720","1.0706","-0.0002"
"","149.7720","1.0609","-0.0003"
"","149.8720","1.0508","-0.0003"
"","149.9720","1.0407","-0.0003"
"","150.0720","1.0307","-0.0003"
"","150.1720","1.0207","-0.0003"
"","150.2720","1.0106","-0.0004"
"","150.3720","1.0007","-0.0004"
"","150.4720","0.9909","-0.0004"
"","150.5720","0.9806","-0.0004"
"","150.6720","0.9707","-0.0004"
"","150.7720","0.9607","-0.0004"
"","150.8720","0.9508","-0.0004"
"","150.9720","0.9406","-0.0004"
"","151.0720","0.9307","-0.0004"
"","151.1720","0.9210","-0.0004"
"","151.2720","0.9107","-0.0005"
"","151.3720","0.9005","-0.0005"
"","151.4720","0.8908","-0.0005"
"","151.5720","0.8809","-0.0005"
"","151.6720","0.8708","-0.0005"
"","151.7720","0.8605","-0.0005"
"","151.8720","0.8509","-0.0005"
"","151.9720","0.8408","-0.0005"
"","152.0720","0.8307","-0.0005"
"","152.1720","0.8206","-0.0005"
"","152.2720","0.8109","-0.0005"
"","152.3720","0.8007","-0.0005"
"","152.4720","0.7907","-0.0005"
"","152.5720","0.7808","-0.0005"
"","152.6720","0.7706","-0.0006"
"","152.7720","0.7607","-0.0006"
"","152.8720","0.7506","-0.0006"
"","152.9720","0.7409","-0.0006"
"","153.0720","0.7306","-0.0006"
"","153.1720","0.7207","-0.0006"
"","153.2720","0.7109","-0.0006"
"","153.3720","0.7008","-0.0006"
"","153.4720","0.6906","-0.0006"
"","153.5720","0.6808","-0.0006"
"","153.6720","0.6709","-0.0006"
"","153.7720","0.6606","-0.0006"
"","153.8720","0.6505","-0.0006"
"","153.9720","0.6407","-0.0006"
"","154.0720","0.6310","-0.0007"
"","154.1720","0.6207","-0.0007"
"","154.2720","0.6106","-0.0007"
"","154.3720","0.6009","-0.0007"
"","154.4720","0.5907","-0.0007"
"","154.5720","0.5806","-0.0007"
"","154.6720","0.5706","-0.0007"
"","154.7720","0.5608","-0.0007"
"","154.8720","0.5507","-0.0007"
"","154.9720","0.5407","-0.0007"
"","155.0720","0.5308","-0.0007"
"","155.1720","0.5206","-0.0007"
"","155.2720","0.5108","-0.0007"
"","155.3720","0.5007","-0.0007"
"","155.4720","0.4909","-0.0008"
"","155.5720","0.4805","-0.0008"
"","155.6720","0.4706","-0.0008"
"","155.7720","0.4608","-0.0008"
"","155.8720","0.4508","-0.0008"
"","155.9720","0.4406","-0.0008"
"","156.0720","0.4307","-0.0008"
"","156.1720","0.4211","-0.0008"
"","156.2720","0.4107","-0.0008"
"","156.3720","0.4005","-0.0008"
"","156.4720","0.3907","-0.0008"
"","156.5720","0.3810","-0.0008"
"","156.6720","0.3707","-0.0008"
"","156.7720","0.3606","-0.0008"
"","156.8720","0.3508","-0.0008"
"","156.9720","0.3408","-0.0008"
"","157.0720","0.3307","-0.0008"
"","157.1720","0.3206","-0.0008"
"","157.2720","0.3109","-0.0009"
"","157.3720","0.3007","-0.0009"
"","157.4720","0.2906","-0.0009"
"","157.5720","0.2808","-0.0009"
"","157.6720","0.2707","-0.0009"
"","157.7720","0.2607","-0.0009"
"","157.8720","0.2507","-0.0009"
"","157.9720","0.2409","-0.0009"
"","158.0720","0.2306","-0.0009"
"","158.1720","0.2206","-0.0009"
"","158.2720","0.2107","-0.0009"
"","158.3720","0.2008","-0.0009"
"","158.4720","0.1907","-0.0009"
"","158.5720","0.1806","-0.0009"
"","158.6720","0.1709","-0.0009"
"","158.7720","0.1607","-0.0009"
"","158.8720","0.1506","-0.0009"
"","158.9720","0.1407","-0.0010"
"","159.0720","0.1309","-0.0010"
"","159.1720","0.1208","-0.0010"
"","159.2720","0.1106","-0.0010"
"","159.3720","0.1008","-0.0010"
"","159.4720","0.0907","-0.0010"
"","159.5720","0.0807","-0.0010"
"","159.6720","0.0706","-0.0010"
"","159.7720","0.0609","-0.0010"
"","159.8720","0.0507","-0.0010"
"","159.9720","0.0407","-0.0010"
"","160.0720","0.0308","-0.0010"
"","160.1720","0.0206","-0.0010"
"","160.2720","0.0107","-0.0010"
"","160.3720","0.0006","-0.0010"
"","160.3790","0.0000","-0.0010"
"","160.3800","-0.0001","-0.0010"
"","160.3810","-0.0002","-0.0010"
"","160.4810","-0.0005","-0.0010"
"","160.5810","0.0072","-0.0009"
"","160.6810","0.0191","-0.0009"
"","160.7810","0.0295","-0.0009"
"","160.8810","0.0393","-0.0009"
"","160.9810","0.0495","-0.0009"
"","161.0810","0.0596","-0.0009"
"","161.1810","0.0694","-0.0009"
"","161.2810","0.0795","-0.0009"
"","161.3810","0.0896","-0.0008"
"","161.4810","0.0996","-0.0008"
"","161.5810","0.1093","-0.0008"
"","161.6810","0.1195","-0.0008"
"","161.7810","0.1295","-0.0008"
"","161.8810","0.1394","-0.0008"
"","161.9810","0.1495","-0.0008"
"","162.0810","0.1596","-0.0008"
"","162.1810","0.1696","-0.0008"
"","162.2810","0.1792","-0.0008"
"","162.3810","0.1896","-0.0008"
"","162.4810","0.1996","-0.0008"
"","162.5810","0.2095","-0.0007"
"","162.6810","0.2193","-0.0007"
"","162.7810","0.2296","-0.0007"
"","162.8810","0.2396","-0.0007"
"","162.9810","0.2494","-0.0007"
"","163.0810","0.2594","-0.0007"
"","163.1810","0.2695","-0.0007"
"","163.2810","0.2796","-0.0007"
"","163.3810","0.2894","-0.0007"
"","163.4810","0.2995","-0.0007"
"","163.5810","0.3096","-0.0007"
"","163.6810","0.3195","-0.0006"
"","163.7810","0.3296","-0.0006"
"","163.8810","0.3395","-0.0006"
"","163.9810","0.3495","-0.0006"
"","164.0810","0.3593","-0.0006"
"","164.1810","0.3696","-0.0006"
"","164.2810","0.3795","-0.0006"
"","164.3810","0.3894","-0.0006"
"","164.4810","0.3995","-0.0006"
"","164.5810","0.4097","-0.0005"
"","164.6810","0.4195","-0.0006"
"","164.7810","0.4292","-0.0006"
"","164.8810","0.4396","-0.0005"
"","164.9810","0.4496","-0.0005"
"","165.0810","0.4595","-0.0005"
"","165.1810","0.4694","-0.0005"
"","165.2810","0.4796","-0.0005"
"","165.3810","0.4897","-0.0005"
"","165.4810","0.4993","-0.0005"
"","165.5810","0.5095","-0.0004"
"","165.6810","0.5194","-0.0004"
"","165.7810","0.5296","-0.0004"
"","165.8810","0.5393","-0.0004"
"","165.9810","0.5495","-0.0004"
"","166.0810","0.5595","-0.0004"
"","166.1810","0.5695","-0.0004"
"","166.2810","0.5797","-0.0004"
"","166.3810","0.5896","-0.0004"
"","166.4810","0.5996","-0.0004"
"","166.5810","0.6092","-0.0004"
"","166.6810","0.6196","-0.0003"
"","166.7810","0.6294","-0.0003"
"","166.8810","0.6393","-0.0003"
"","166.9810","0.6495","-0.0003"
"","167.0810","0.6597","-0.0003"
"","167.1810","0.6696","-0.0003"
"","167.2810","0.6792","-0.0003"
"","167.3810","0.6895","-0.0003"
"","167.4810","0.6997","-0.0003"
"","167.5810","0.7094","-0.0003"
"","167.6810","0.7193","-0.0002"
"","167.7810","0.7295","-0.0002"
"","167.8810","0.7398","-0.0002"
"","167.9810","0.7492","-0.0002"
"","168.0810","0.7595","-0.0002"
"","168.1810","0.7695","-0.0001"
"","168.2810","0.7797","-0.0001"
"","168.3810","0.7893","-0.0001"
"","168.4810","0.7994","-0.0001"
"","168.5810","0.8095","0.0000"
"","168.6810","0.8195","0.0000"
"","168.7810","0.8296","0.0000"
"","168.8810","0.8396","0.0001"
"","168.9810","0.8496","0.0001"
"","169.0810","0.8593","0.0001"
"","169.1810","0.8696","0.0001"
"","169.2810","0.8794","0.0001"
"","169.3810","0.8894","0.0002"
"","169.4810","0.8995","0.0002"
"","169.5810","0.9097","0.0003"
"","169.6810","0.9196","0.0003"
"","169.7810","0.9292","0.0003"
"","169.8810","0.9395","0.0004"
"","169.9810","0.9497","0.0004"
"","170.0810","0.9595","0.0005"
"","170.1810","0.9693","0.0005"
"","170.2810","0.9796","0.0006"
"","170.3810","0.9896","0.0006"
"","170.4810","0.9993","0.0007"
"","170.5810","1.0094","0.0007"
"","170.6810","1.0195","0.0007"
"","170.7810","1.0297","0.0008"
"","170.8810","1.0394","0.0008"
"","170.9810","1.0494","0.0009"
"","171.0810","1.0595","0.0010"
"","171.1810","1.0695","0.0010"
"","171.2810","1.0796","0.0011"
"","171.3810","1.0895","0.0011"
"","171.4810","1.0995","0.0012"
"","171.5810","1.1093","0.0012"
"","171.6810","1.1195","0.0013"
"","171.7810","1.1294","0.0013"
"","171.8810","1.1394","0.0014"
"","171.9810","1.1495","0.0015"
"","172.0810","1.1598","0.0015"
"","172.1810","1.1696","0.0016"
"","172.2810","1.1792","0.0017"
"","172.3810","1.1895","0.0017"
"","172.4810","1.1995","0.0018"
"","172.5810","1.2095","0.0019"
"","172.6810","1.2194","0.0020"
"","172.7810","1.2296","0.0020"
"","172.8810","1.2397","0.0021"
"","172.9810","1.2493","0.0022"
"","173.0810","1.2595","0.0023"
"","173.1810","1.2695","0.0024"
"","173.2810","1.2797","0.0025"
"","173.3810","1.2893","0.0026"
"","173.4810","1.2995","0.0027"
"","173.5810","1.3095","0.0028"
"","173.6810","1.3195","0.0030"
"","173.7810","1.3296","0.0031"
"","173.8810","1.3396","0.0032"
"","173.9810","1.3496","0.0034"
"","174.0810","1.3592","0.0035"
"","174.1810","1.3696","0.0037"
"","174.2810","1.3795","0.0038"
"","174.3810","1.3894","0.0040"
"","174.4810","1.3995","0.0041"
"","174.5810","1.4098","0.0043"
"","174.6810","1.4196","0.0045"
"","174.7810","1.4292","0.0046"
"","174.8810","1.4395","0.0048"
"","174.9810","1.4497","0.0050"
"","175.0810","1.4594","0.0052"
"","175.1810","1.4693","0.0054"
"","175.2810","1.4795","0.0056"
"","175.3810","1.4897","0.0058"
"","175.4810","1.4992","0.0059"
"","175.5810","1.5095","0.0061"
"","175.6810","1.5196","0.0063"
"","175.7810","1.5297","0.0065"
"","175.8810","1.5393","0.0067"
"","175.9810","1.5494","0.0069"
"","176.0810","1.5595","0.0071"
"","176.1810","1.5695","0.0072"
"","176.2810","1.5795","0.0074"
"","176.3810","1.5896","0.0076"
"","176.4810","1.5996","0.0078"
"","176.5810","1.6093","0.0080"
"","176.6810","1.6196","0.0083"
"","176.7810","1.6295","0.0084"
"","176.8810","1.6394","0.0087"
"","176.9810","1.6494","0.0089"
"","177.0810","1.6597","0.0091"
"","177.1810","1.6695","0.0093"
"","177.2810","1.6792","0.0095"
"","177.3810","1.6895","0.0098"
"","177.4810","1.6996","0.0100"
"","177.5810","1.7095","0.0102"
"","177.6810","1.7193","0.0105"
"","177.7810","1.7296","0.0107"
"","177.8810","1.7397","0.0109"
"","177.9810","1.7493","0.0112"
"","178.0810","1.7594","0.0114"
"","178.1810","1.7695","0.0117"
"","178.2810","1.7796","0.0119"
"","178.3810","1.7893","0.0122"
"","178.4810","1.7994","0.0124"
"","178.5810","1.8096","0.0127"
"","178.6810","1.8195","0.0129"
"","178.7810","1.8295","0.0132"
"","178.8810","1.8395","0.0135"
"","178.9810","1.8496","0.0138"
"","179.0810","1.8593","0.0140"
"","179.1810","1.8695","0.0143"
"","179.2810","1.8795","0.0146"
"","179.3810","1.8895","0.0149"
"","179.4810","1.8995","0.0152"
"","179.5810","1.9096","0.0155"
"","179.6810","1.9195","0.0158"
"","179.7810","1.9292","0.0161"
"","179.8810","1.9395","0.0164"
"","179.9810","1.9495","0.0168"
"","180.0810","1.9595","0.0171"
"","180.1810","1.9694","0.0174"
"","180.2810","1.9796","0.0177"
"","180.3810","1.9896","0.0181"
"","180.4810","1.9993","0.0184"
"","180.5810","2.0095","0.0188"
"","180.6810","2.0195","0.0191"
"","180.7810","2.0296","0.0195"
"","180.8810","2.0392","0.0198"
"","180.9810","2.0496","0.0202"
"","181.0810","2.0596","0.0206"
"","181.1810","2.0695","0.0209"
"","181.2810","2.0795","0.0213"
"","181.3810","2.0896","0.0217"
"","181.4810","2.0996","0.0221"
"","181.5810","2.1092","0.0225"
"","181.6810","2.1195","0.0228"
"","181.7810","2.1295","0.0232"
"","181.8810","2.1395","0.0236"
"","181.9810","2.1495","0.0240"
"","182.0810","2.1596","0.0244"
"","182.1810","2.1696","0.0248"
"","182.2810","2.1793","0.0252"
"","182.3810","2.1895","0.0257"
"","182.4810","2.1995","0.0261"
"","182.5810","2.2095","0.0265"
"","182.6810","2.2194","0.0270"
"","182.7810","2.2296","0.0274"
"","182.8810","2.2397","0.0279"
"","182.9810","2.2493","0.0283"
"","183.0810","2.2595","0.0288"
"","183.1810","2.2696","0.0292"
"","183.2810","2.2797","0.0296"
"","183.3810","2.2893","0.0300"
"","183.4810","2.2995","0.0303"
"","183.5810","2.3095","0.0306"
"","183.6810","2.3194","0.0310"
"","183.7810","2.3295","0.0314"
"","183.8810","2.3396","0.0318"
"","183.9810","2.3496","0.0321"
"","184.0810","2.3592","0.0325"
"","184.1810","2.3696","0.0330"
"","184.2810","2.3794","0.0335"
"","184.3810","2.3894","0.0339"
"","184.4810","2.3994","0.0341"
"","184.5810","2.4097","0.0341"
"","184.6810","2.4195","0.0340"
"","184.7810","2.4292","0.0340"
"","184.8810","2.4394","0.0340"
"","184.9810","2.4496","0.0341"
"","185.0810","2.4595","0.0341"
"","185.1810","2.4693","0.0342"
"","185.2810","2.4796","0.0342"
"","185.3810","2.4897","0.0343"
"","185.4810","2.4993","0.0343"
"","185.5810","2.5094","0.0342"
"","185.6810","2.5194","0.0342"
"","185.7810","2.5296","0.0342"
"","185.8810","2.5394","0.0342"
"","185.9810","2.5494","0.0343"
"","186.0810","2.5595","0.0344"
"","186.1810","2.5695","0.0345"
"","186.2810","2.5795","0.0350"
"","186.3810","2.5895","0.0355"
"","186.4810","2.5995","0.0360"
"","186.5810","2.6093","0.0365"
"","186.6810","2.6195","0.0371"
"","186.7810","2.6294","0.0376"
"","186.8810","2.6394","0.0381"
"","186.9810","2.6495","0.0387"
"","187.0810","2.6596","0.0392"
"","187.1810","2.6695","0.0397"
"","187.2810","2.6792","0.0403"
"","187.3810","2.6896","0.0409"
"","187.4810","2.6996","0.0414"
"","187.5810","2.7095","0.0420"
"","187.6810","2.7193","0.0425"
"","187.7810","2.7296","0.0431"
"","187.8810","2.7397","0.0437"
"","187.9810","2.7493","0.0443"
"","188.0810","2.7595","0.0449"
"","188.1810","2.7695","0.0455"
"","188.2810","2.7797","0.0461"
"","188.3810","2.7893","0.0467"
"","188.4810","2.7995","0.0473"
"","188.5810","2.8095","0.0479"
"","188.6810","2.8195","0.0485"
"","188.7810","2.8295","0.0491"
"","188.8810","2.8396","0.0498"
"","188.9810","2.8496","0.0504"
"","189.0810","2.8592","0.0510"
"","189.1810","2.8695","0.0517"
"","189.2810","2.8794","0.0523"
"","189.3810","2.8894","0.0530"
"","189.4810","2.8995","0.0536"
"","189.5810","2.9098","0.0543"
"","189.6810","2.9196","0.0549"
"","189.7810","2.9293","0.0556"
"","189.8810","2.9395","0.0563"
"","189.9810","2.9496","0.0570"
"","190.0810","2.9594","0.0576"
"","190.1810","2.9693","0.0583"
"","190.2810","2.9795","0.0590"
"","190.3810","2.9897","0.0597"
"","190.4810","2.9993","0.0604"
"","190.5810","3.0095","0.0611"
"","190.6810","3.0195","0.0618"
"","190.7810","3.0296","0.0625"
"","190.8810","3.0393","0.0632"
"","190.9810","3.0494","0.0639"
"","191.0810","3.0595","0.0647"
"","191.1810","3.0694","0.0654"
"","191.2810","3.0795","0.0661"
"","191.3810","3.0895","0.0669"
"","191.4810","3.0996","0.0676"
"","191.5810","3.1093","0.0683"
"","191.6810","3.1196","0.0690"
"","191.7810","3.1295","0.0698"
"","191.8810","3.1395","0.0705"
"","191.9810","3.1494","0.0713"
"","192.0810","3.1597","0.0721"
"","192.1810","3.1695","0.0728"
"","192.2810","3.1792","0.0735"
"","192.3810","3.1895","0.0743"
"","192.4810","3.1996","0.0751"
"","192.5810","3.2095","0.0759"
"","192.6810","3.2193","0.0766"
"","192.7810","3.2295","0.0774"
"","192.8810","3.2397","0.0782"
"","192.9810","3.2493","0.0789"
"","193.0810","3.2594","0.0797"
"","193.1810","3.2695","0.0805"
"","193.2810","3.2796","0.0813"
"","193.3810","3.2893","0.0820"
"","193.4810","3.2994","0.0829"
"","193.5810","3.3096","0.0837"
"","193.6810","3.3195","0.0844"
"","193.7810","3.3295","0.0852"
"","193.8810","3.3395","0.0860"
"","193.9810","3.3495","0.0869"
"","194.0810","3.3593","0.0876"
"","194.1810","3.3696","0.0884"
"","194.2810","3.3795","0.0892"
"","194.3810","3.3895","0.0901"
"","194.4810","3.3995","0.0909"
"","194.5810","3.4097","0.0917"
"","194.6810","3.4195","0.0925"
"","194.7810","3.4292","0.0933"
"","194.8810","3.4395","0.0941"
"","194.9810","3.4496","0.0949"
"","195.0810","3.4595","0.0957"
"","195.1810","3.4694","0.0966"
"","195.2810","3.4796","0.0974"
"","195.3810","3.4897","0.0982"
"","195.4810","3.4993","0.0990"
"","195.5810","3.5095","0.0999"
"","195.6810","3.5194","0.1007"
"","195.7810","3.5297","0.1015"
"","195.8810","3.5393","0.1023"
"","195.9810","3.5495","0.1032"
"","196.0810","3.5595","0.1040"
"","196.1810","3.5695","0.1049"
"","196.2810","3.5796","0.1057"
"","196.3810","3.5896","0.1066"
"","196.4810","3.5995","0.1074"
"","196.5810","3.6092","0.1082"
"","196.6810","3.6196","0.1091"
"","196.7810","3.6295","0.1099"
"","196.8810","3.6394","0.1108"
"","196.9810","3.6495","0.1116"
"","197.0810","3.6597","0.1125"
"","197.1810","3.6695","0.1133"
"","197.2810","3.6792","0.1141"
"","197.3810","3.6895","0.1150"
"","197.4810","3.6996","0.1158"
"","197.5810","3.7094","0.1167"
"","197.6810","3.7192","0.1175"
"","197.7810","3.7295","0.1184"
"","197.8810","3.7397","0.1193"
"","197.9810","3.7493","0.1201"
"","198.0810","3.7595","0.1209"
"","198.1810","3.7695","0.1218"
"","198.2810","3.7797","0.1226"
"","198.3810","3.7893","0.1234"
"","198.4810","3.7995","0.1243"
"","198.5810","3.8095","0.1252"
"","198.6810","3.8195","0.1260"
"","198.7810","3.8295","0.1268"
"","198.8810","3.8395","0.1277"
"","198.9810","3.8496","0.1285"
"","199.0810","3.8593","0.1293"
"","199.1810","3.8696","0.1302"
"","199.2810","3.8794","0.1310"
"","199.3810","3.8894","0.1318"
"","199.4810","3.8995","0.1327"
"","199.5810","3.9097","0.1335"
"","199.6810","3.9196","0.1343"
"","199.7810","3.9292","0.1351"
"","199.8810","3.9396","0.1359"
"","199.9810","3.9496","0.1367"
"","200.0810","3.9595","0.1375"
"","200.1810","3.9693","0.1383"
"","200.2810","3.9796","0.1391"
"","200.3810","3.9896","0.1399"
"","200.4810","3.9993","0.1407"
"","200.4890","4.0001","0.1407"
"","200.4900","4.0002","0.1407"
"","200.4910","4.0002","0.1407"
"","200.5910","4.0006","0.1405"
"","200.6910","3.9933","0.1394"
"","200.7910","3.9811","0.1379"
"","200.8910","3.9707","0.1365"
"","200.9910","3.9608","0.1353"
"","201.0910","3.9507","0.1340"
"","201.1910","3.9406","0.1328"
"","201.2910","3.9307","0.1316"
"","201.3910","3.9209","0.1304"
"","201.4910","3.9106","0.1292"
"","201.5910","3.9005","0.1280"
"","201.6910","3.8908","0.1269"
"","201.7910","3.8809","0.1257"
"","201.8910","3.8708","0.1246"
"","201.9910","3.8605","0.1234"
"","202.0910","3.8508","0.1223"
"","202.1910","3.8407","0.1212"
"","202.2910","3.8306","0.1201"
"","202.3910","3.8206","0.1190"
"","202.4910","3.8109","0.1179"
"","202.5910","3.8008","0.1168"
"","202.6910","3.7907","0.1156"
"","202.7910","3.7807","0.1146"
"","202.8910","3.7706","0.1135"
"","202.9910","3.7607","0.1124"
"","203.0910","3.7506","0.1113"
"","203.1910","3.7408","0.1103"
"","203.2910","3.7305","0.1092"
"","203.3910","3.7207","0.1081"
"","203.4910","3.7108","0.1070"
"","203.5910","3.7008","0.1060"
"","203.6910","3.6906","0.1049"
"","203.7910","3.6808","0.1039"
"","203.8910","3.6709","0.1028"
"","203.9910","3.6606","0.1018"
"","204.0910","3.6505","0.1007"
"","204.1910","3.6407","0.0997"
"","204.2910","3.6309","0.0987"
"","204.3910","3.6207","0.0976"
"","204.4910","3.6105","0.0966"
"","204.5910","3.6009","0.0956"
"","204.6910","3.5907","0.0946"
"","204.7910","3.5806","0.0936"
"","204.8910","3.5705","0.0926"
"","204.9910","3.5609","0.0916"
"","205.0910","3.5507","0.0906"
"","205.1910","3.5406","0.0896"
"","205.2910","3.5307","0.0885"
"","205.3910","3.5207","0.0876"
"","205.4910","3.5107","0.0866"
"","205.5910","3.5006","0.0856"
"","205.6910","3.4909","0.0846"
"","205.7910","3.4806","0.0837"
"","205.8910","3.4706","0.0827"
"","205.9910","3.4607","0.0818"
"","206.0910","3.4507","0.0809"
"","206.1910","3.4406","0.0798"
"","206.2910","3.4307","0.0789"
"","206.3910","3.4209","0.0780"
"","206.4910","3.4106","0.0770"
"","206.5910","3.4004","0.0761"
"","206.6910","3.3907","0.0752"
"","206.7910","3.3809","0.0743"
"","206.8910","3.3706","0.0733"
"","206.9910","3.3605","0.0725"
"","207.0910","3.3509","0.0716"
"","207.1910","3.3407","0.0707"
"","207.2910","3.3306","0.0698"
"","207.3910","3.3205","0.0689"
"","207.4910","3.3108","0.0680"
"","207.5910","3.3007","0.0671"
"","207.6910","3.2906","0.0663"
"","207.7910","3.2807","0.0654"
"","207.8910","3.2707","0.0645"
"","207.9910","3.2607","0.0637"
"","208.0910","3.2506","0.0629"
"","208.1910","3.2409","0.0620"
"","208.2910","3.2306","0.0612"
"","208.3910","3.2206","0.0603"
"","208.4910","3.2107","0.0595"
"","208.5910","3.2007","0.0587"
"","208.6910","3.1906","0.0579"
"","208.7910","3.1806","0.0571"
"","208.8910","3.1709","0.0563"
"","208.9910","3.1606","0.0556"
"","209.0910","3.1505","0.0548"
"","209.1910","3.1407","0.0540"
"","209.2910","3.1309","0.0532"
"","209.3910","3.1207","0.0525"
"","209.4910","3.1105","0.0517"
"","209.5910","3.1008","0.0510"
"","209.6910","3.0907","0.0502"
"","209.7910","3.0806","0.0495"
"","209.8910","3.0706","0.0487"
"","209.9910","3.0609","0.0481"
"","210.0910","3.0507","0.0473"
"","210.1910","3.0407","0.0466"
"","210.2910","3.0308","0.0459"
"","210.3910","3.0207","0.0452"
"","210.4910","3.0106","0.0445"
"","210.5910","3.0006","0.0438"
"","210.6910","2.9908","0.0432"
"","210.7910","2.9805","0.0425"
"","210.8910","2.9707","0.0418"
"","210.9910","2.9607","0.0412"
"","211.0910","2.9507","0.0405"
"","211.1910","2.9406","0.0399"
"","211.2910","2.9308","0.0393"
"","211.3910","2.9209","0.0387"
"","211.4910","2.9106","0.0381"
"","211.5910","2.9005","0.0375"
"","211.6910","2.8907","0.0369"
"","211.7910","2.8808","0.0363"
"","211.8910","2.8706","0.0358"
"","211.9910","2.8605","0.0353"
"","212.0910","2.8509","0.0347"
"","212.1910","2.8407","0.0341"
"","212.2910","2.8305","0.0336"
"","212.3910","2.8206","0.0330"
"","212.4910","2.8109","0.0325"
"","212.5910","2.8007","0.0320"
"","212.6910","2.7906","0.0317"
"","212.7910","2.7808","0.0317"
"","212.8910","2.7706","0.0316"
"","212.9910","2.7606","0.0316"
"","213.0910","2.7506","0.0317"
"","213.1910","2.7409","0.0316"
"","213.2910","2.7305","0.0316"
"","213.3910","2.7206","0.0316"
"","213.4910","2.7107","0.0315"
"","213.5910","2.7007","0.0315"
"","213.6910","2.6905","0.0315"
"","213.7910","2.6807","0.0315"
"","213.8910","2.6710","0.0314"
"","213.9910","2.6606","0.0314"
"","214.0910","2.6504","0.0315"
"","214.1910","2.6407","0.0315"
"","214.2910","2.6309","0.0314"
"","214.3910","2.6207","0.0313"
"","214.4910","2.6106","0.0310"
"","214.5910","2.6009","0.0305"
"","214.6910","2.5908","0.0299"
"","214.7910","2.5806","0.0293"
"","214.8910","2.5705","0.0288"
"","214.9910","2.5609","0.0283"
"","215.0910","2.5508","0.0277"
"","215.1910","2.5406","0.0273"
"","215.2910","2.5307","0.0268"
"","215.3910","2.5207","0.0264"
"","215.4910","2.5107","0.0259"
"","215.5910","2.5006","0.0255"
"","215.6910","2.4909","0.0251"
"","215.7910","2.4806","0.0247"
"","215.8910","2.4706","0.0243"
"","215.9910","2.4606","0.0239"
"","216.0910","2.4507","0.0236"
"","216.1910","2.4406","0.0232"
"","216.2910","2.4307","0.0227"
"","216.3910","2.4209","0.0223"
"","216.4910","2.4107","0.0219"
"","216.5910","2.4005","0.0215"
"","216.6910","2.3907","0.0211"
"","216.7910","2.3809","0.0207"
"","216.8910","2.3707","0.0203"
"","216.9910","2.3605","0.0199"
"","217.0910","2.3509","0.0196"
"","217.1910","2.3407","0.0192"
"","217.2910","2.3306","0.0188"
"","217.3910","2.3206","0.0184"
"","217.4910","2.3108","0.0181"
"","217.5910","2.3007","0.0177"
"","217.6910","2.2907","0.0173"
"","217.7910","2.2807","0.0170"
"","217.8910","2.2707","0.0166"
"","217.9910","2.2606","0.0162"
"","218.0910","2.2506","0.0159"
"","218.1910","2.2408","0.0156"
"","218.2910","2.2306","0.0152"
"","218.3910","2.2206","0.0149"
"","218.4910","2.2107","0.0145"
"","218.5910","2.2007","0.0142"
"","218.6910","2.1907","0.0139"
"","218.7910","2.1807","0.0136"
"","218.8910","2.1708","0.0133"
"","218.9910","2.1605","0.0130"
"","219.0910","2.1506","0.0127"
"","219.1910","2.1406","0.0124"
"","219.2910","2.1308","0.0121"
"","219.3910","2.1206","0.0118"
"","219.4910","2.1106","0.0115"
"","219.5910","2.1009","0.0113"
"","219.6910","2.0907","0.0110"
"","219.7910","2.0805","0.0108"
"","219.8910","2.0706","0.0105"
"","219.9910","2.0609","0.0103"
"","220.0910","2.0506","0.0100"
"","220.1910","2.0405","0.0098"
"","220.2910","2.0308","0.0096"
"","220.3910","2.0207","0.0094"
"","220.4910","2.0107","0.0091"
"","220.5910","2.0006","0.0089"
"","220.6910","1.9909","0.0087"
"","220.7910","1.9805","0.0085"
"","220.8910","1.9705","0.0082"
"","220.9910","1.9607","0.0080"
"","221.0910","1.9507","0.0078"
"","221.1910","1.9406","0.0076"
"","221.2910","1.9307","0.0074"
"","221.3910","1.9210","0.0072"
"","221.4910","1.9106","0.0070"
"","221.5910","1.9004","0.0069"
"","221.6910","1.8907","0.0067"
"","221.7910","1.8809","0.0065"
"","221.8910","1.8707","0.0063"
"","221.9910","1.8605","0.0061"
"","222.0910","1.8508","0.0059"
"","222.1910","1.8407","0.0057"
"","222.2910","1.8306","0.0056"
"","222.3910","1.8206","0.0054"
"","222.4910","1.8109","0.0052"
"","222.5910","1.8007","0.0050"
"","222.6910","1.7906","0.0049"
"","222.7910","1.7807","0.0047"
"","222.8910","1.7707","0.0045"
"","222.9910","1.7607","0.0043"
"","223.0910","1.7506","0.0041"
"","223.1910","1.7409","0.0040"
"","223.2910","1.7305","0.0038"
"","223.3910","1.7206","0.0036"
"","223.4910","1.7107","0.0035"
"","223.5910","1.7007","0.0033"
"","223.6910","1.6906","0.0031"
"","223.7910","1.6807","0.0030"
"","223.8910","1.6709","0.0029"
"","223.9910","1.6606","0.0027"
"","224.0910","1.6505","0.0026"
"","224.1910","1.6407","0.0024"
"","224.2910","1.6309","0.0023"
"","224.3910","1.6207","0.0022"
"","224.4910","1.6105","0.0021"
"","224.5910","1.6009","0.0020"
"","224.6910","1.5907","0.0019"
"","224.7910","1.5806","0.0018"
"","224.8910","1.5705","0.0017"
"","224.9910","1.5609","0.0016"
"","225.0910","1.5507","0.0016"
"","225.1910","1.5407","0.0015"
"","225.2910","1.5307","0.0014"
"","225.3910","1.5206","0.0013"
"","225.4910","1.5106","0.0012"
"","225.5910","1.5006","0.0012"
"","225.6910","1.4909","0.0011"
"","225.7910","1.4805","0.0010"
"","225.8910","1.4707","0.0010"
"","225.9910","1.4608","0.0009"
"","226.0910","1.4508","0.0009"
"","226.1910","1.4405","0.0008"
"","226.2910","1.4308","0.0008"
"","226.3910","1.4209","0.0007"
"","226.4910","1.4106","0.0007"
"","226.5910","1.4004","0.0007"
"","226.6910","1.3907","0.0006"
"","226.7910","1.3809","0.0006"
"","226.8910","1.3707","0.0005"
"","226.9910","1.3605","0.0005"
"","227.0910","1.3509","0.0005"
"","227.1910","1.3407","0.0004"
"","227.2910","1.3305","0.0004"
"","227.3910","1.3205","0.0004"
"","227.4910","1.3109","0.0003"
"","227.5910","1.3007","0.0003"
"","227.6910","1.2906","0.0003"
"","227.7910","1.2807","0.0002"
"","227.8910","1.2706","0.0002"
"","227.9910","1.2606","0.0002"
"","228.0910","1.2506","0.0001"
"","228.1910","1.2409","0.0001"
"","228.2910","1.2304","0.0001"
"","228.3910","1.2206","0.0000"
"","228.4910","1.2107","0.0000"
"","228.5910","1.2007","0.0000"
"","228.6910","1.1906","0.0000"
"","228.7910","1.1808","-0.0001"
"","228.8910","1.1710","-0.0001"
"","228.9910","1.1606","-0.0001"
"","229.0910","1.1504","-0.0001"
"","229.1910","1.1407","-0.0002"
"","229.2910","1.1309","-0.0002"
"","229.3910","1.1207","-0.0002"
"","229.4910","1.1105","-0.0002"
"","229.5910","1.1009","-0.0002"
"","229.6910","1.0908","-0.0003"
"","229.7910","1.0806","-0.0003"
"","229.8910","1.0705","-0.0003"
"","229.9910","1.0609","-0.0003"
"","230.0910","1.0507","-0.0003"
"","230.1910","1.0406","-0.0003"
"","230.2910","1.0307","-0.0004"
"","230.3910","1.0207","-0.0004"
"","230.4910","1.0106","-0.0004"
"","230.5910","1.0006","-0.0004"
"","230.6910","0.9909","-0.0004"
"","230.7910","0.9805","-0.0004"
"","230.8910","0.9707","-0.0004"
"","230.9910","0.9607","-0.0004"
"","231.0910","0.9507","-0.0005"
"","231.1910","0.9406","-0.0005"
"","231.2910","0.9306","-0.0005"
"","231.3910","0.9209","-0.0005"
"","231.4910","0.9107","-0.0005"
"","231.5910","0.9005","-0.0005"
"","231.6910","0.8907","-0.0005"
"","231.7910","0.8809","-0.0005"
"","231.8910","0.8707","-0.0005"
"","231.9910","0.8605","-0.0005"
"","232.0910","0.8508","-0.0005"
"","232.1910","0.8407","-0.0005"
"","232.2910","0.8306","-0.0006"
"","232.3910","0.8205","-0.0006"
"","232.4910","0.8108","-0.0006"
"","232.5910","0.8007","-0.0006"
"","232.6910","0.7907","-0.0006"
"","232.7910","0.7807","-0.0006"
"","232.8910","0.7706","-0.0006"
"","232.9910","0.7606","-0.0006"
"","233.0910","0.7506","-0.0006"
"","233.1910","0.7408","-0.0006"
"","233.2910","0.7305","-0.0006"
"","233.3910","0.7207","-0.0006"
"","233.4910","0.7108","-0.0006"
"","233.5910","0.7008","-0.0007"
"","233.6910","0.6905","-0.0007"
"","233.7910","0.6808","-0.0007"
"","233.8910","0.6709","-0.0007"
"","233.9910","0.6606","-0.0007"
"","234.0910","0.6504","-0.0007"
"","234.1910","0.6407","-0.0007"
"","234.2910","0.6309","-0.0007"
"","234.3910","0.6206","-0.0007"
"","234.4910","0.6105","-0.0007"
"","234.5910","0.6009","-0.0007"
"","234.6910","0.5907","-0.0007"
"","234.7910","0.5805","-0.0007"
"","234.8910","0.5705","-0.0007"
"","234.9910","0.5608","-0.0007"
"","235.0910","0.5507","-0.0007"
"","235.1910","0.5406","-0.0008"
"","235.2910","0.5307","-0.0008"
"","235.3910","0.5206","-0.0008"
"","235.4910","0.5107","-0.0008"
"","235.5910","0.5007","-0.0008"
"","235.6910","0.4909","-0.0008"
"","235.7910","0.4804","-0.0008"
"","235.8910","0.4706","-0.0008"
"","235.9910","0.4608","-0.0008"
"","236.0910","0.4507","-0.0008"
"","236.1910","0.4406","-0.0008"
"","236.2910","0.4307","-0.0008"
"","236.3910","0.4210","-0.0008"
"","236.4910","0.4106","-0.0008"
"","236.5910","0.4004","-0.0008"
"","236.6910","0.3907","-0.0008"
"","236.7910","0.3809","-0.0009"
"","236.8910","0.3706","-0.0009"
"","236.9910","0.3605","-0.0009"
"","237.0910","0.3507","-0.0009"
"","237.1910","0.3407","-0.0009"
"","237.2910","0.3306","-0.0009"
"","237.3910","0.3206","-0.0009"
"","237.4910","0.3109","-0.0009"
"","237.5910","0.3007","-0.0009"
"","237.6910","0.2906","-0.0009"
"","237.7910","0.2807","-0.0009"
"","237.8910","0.2707","-0.0009"
"","237.9910","0.2606","-0.0009"
"","238.0910","0.2506","-0.0009"
"","238.1910","0.2409","-0.0009"
"","238.2910","0.2306","-0.0009"
"","238.3910","0.2206","-0.0009"
"","238.4910","0.2107","-0.0009"
"","238.5910","0.2007","-0.0009"
"","238.6910","0.1907","-0.0009"
"","238.7910","0.1806","-0.0009"
"","238.8910","0.1708","-0.0009"
"","238.9910","0.1606","-0.0010"
"","239.0910","0.1506","-0.0010"
"","239.1910","0.1407","-0.0010"
"","239.2910","0.1309","-0.0010"
"","239.3910","0.1207","-0.0010"
"","239.4910","0.1106","-0.0010"
"","239.5910","0.1008","-0.0010"
"","239.6910","0.0907","-0.0010"
"","239.7910","0.0806","-0.0010"
"","239.8910","0.0706","-0.0010"
"","239.9910","0.0609","-0.0010"
"","240.0910","0.0507","-0.0010"
"","240.1910","0.0406","-0.0010"
"","240.2910","0.0308","-0.0010"
"","240.3910","0.0206","-0.0010"
"","240.4910","0.0107","-0.0010"
"","240.5910","0.0006","-0.0010"
"","240.5980","-0.0001","-0.0010"
"","240.5990","-0.0002","-0.0010"
"","240.6000","-0.0003","-0.0010"
"","240.7000","-0.0005","-0.0010"
"","240.8000","0.0072","-0.0010"
"","240.9000","0.0191","-0.0009"
"","241.0000","0.0294","-0.0009"
"","241.1000","0.0392","-0.0009"
"","241.2000","0.0495","-0.0009"
"","241.3000","0.0595","-0.0009"
"","241.4000","0.0693","-0.0009"
"","241.5000","0.0794","-0.0009"
"","241.6000","0.0895","-0.0009"
"","241.7000","0.0996","-0.0009"
"","241.8000","0.1092","-0.0009"
"","241.9000","0.1195","-0.0008"
"","242.0000","0.1295","-0.0008"
"","242.1000","0.1394","-0.0008"
"","242.2000","0.1494","-0.0008"
"","242.3000","0.1596","-0.0008"
"","242.4000","0.1695","-0.0008"
"","242.5000","0.1792","-0.0008"
"","242.6000","0.1895","-0.0008"
"","242.7000","0.1995","-0.0008"
"","242.8000","0.2095","-0.0008"
"","242.9000","0.2193","-0.0008"
"","243.0000","0.2295","-0.0008"
"","243.1000","0.2396","-0.0007"
"","243.2000","0.2493","-0.0007"
"","243.3000","0.2594","-0.0007"
"","243.4000","0.2694","-0.0007"
"","243.5000","0.2795","-0.0007"
"","243.6000","0.2894","-0.0007"
"","243.7000","0.2994","-0.0007"
"","243.8000","0.3095","-0.0007"
"","243.9000","0.3194","-0.0007"
"","244.0000","0.3296","-0.0007"
"","244.1000","0.3394","-0.0007"
"","244.2000","0.3494","-0.0006"
"","244.3000","0.3592","-0.0006"
"","244.4000","0.3695","-0.0006"
"","244.5000","0.3794","-0.0006"
"","244.6000","0.3893","-0.0006"
"","244.7000","0.3995","-0.0006"
"","244.8000","0.4096","-0.0006"
"","244.9000","0.4195","-0.0006"
"","245.0000","0.4292","-0.0006"
"","245.1000","0.4395","-0.0006"
"","245.2000","0.4495","-0.0006"
"","245.3000","0.4595","-0.0006"
"","245.4000","0.4693","-0.0005"
"","245.5000","0.4796","-0.0005"
"","245.6000","0.4897","-0.0005"
"","245.7000","0.4992","-0.0005"
"","245.8000","0.5094","-0.0005"
"","245.9000","0.5194","-0.0005"
"","246.0000","0.5296","-0.0005"
"","246.1000","0.5392","-0.0005"
"","246.2000","0.5494","-0.0005"
"","246.3000","0.5594","-0.0005"
"","246.4000","0.5695","-0.0005"
"","246.5000","0.5796","-0.0004"
"","246.6000","0.5895","-0.0004"
"","246.7000","0.5995","-0.0004"
"","246.8000","0.6092","-0.0004"
"","246.9000","0.6196","-0.0004"
"","247.0000","0.6294","-0.0004"
"","247.1000","0.6393","-0.0004"
"","247.2000","0.6494","-0.0004"
"","247.3000","0.6597","-0.0004"
"","247.4000","0.6695","-0.0003"
"","247.5000","0.6792","-0.0003"
"","247.6000","0.6894","-0.0003"
"","247.7000","0.6997","-0.0003"
"","247.8000","0.7094","-0.0003"
"","247.9000","0.7192","-0.0003"
"","248.0000","0.7294","-0.0003"
"","248.1000","0.7397","-0.0003"
"","248.2000","0.7492","-0.0003"
"","248.3000","0.7594","-0.0003"
"","248.4000","0.7695","-0.0002"
"","248.5000","0.7796","-0.0002"
"","248.6000","0.7893","-0.0002"
"","248.7000","0.7994","-0.0002"
"","248.8000","0.8095","-0.0002"
"","248.9000","0.8195","-0.0001"
"","249.0000","0.8295","-0.0001"
"","249.1000","0.8395","-0.0001"
"","249.2000","0.8496","-0.0001"
"","249.3000","0.8592","0.0000"
"","249.4000","0.8696","0.0000"
"","249.5000","0.8794","0.0000"
"","249.6000","0.8894","0.0000"
"","249.7000","0.8994","0.0001"
"","249.8000","0.9097","0.0001"
"","249.9000","0.9195","0.0001"
"","250.0000","0.9292","0.0002"
"","250.1000","0.9394","0.0002"
"","250.2000","0.9496","0.0002"
"","250.3000","0.9595","0.0003"
"","250.4000","0.9693","0.0003"
"","250.5000","0.9795","0.0003"
"","250.6000","0.9896","0.0004"
"","250.7000","0.9993","0.0004"
"","250.8000","1.0094","0.0004"
"","250.9000","1.0194","0.0005"
"","251.0000","1.0297","0.0005"
"","251.1000","1.0394","0.0006"
"","251.2000","1.0494","0.0006"
"","251.3000","1.0595","0.0007"
"","251.4000","1.0695","0.0007"
"","251.5000","1.0796","0.0008"
"","251.6000","1.0895","0.0008"
"","251.7000","1.0994","0.0009"
"","251.8000","1.1092","0.0009"
"","251.9000","1.1194","0.0010"
"","252.0000","1.1294","0.0010"
"","252.1000","1.1394","0.0011"
"","252.2000","1.1495","0.0011"
"","252.3000","1.1597","0.0012"
"","252.4000","1.1695","0.0012"
"","252.5000","1.1791","0.0013"
"","252.6000","1.1894","0.0013"
"","252.7000","1.1994","0.0014"
"","252.8000","1.2095","0.0015"
"","252.9000","1.2193","0.0015"
"","253.0000","1.2296","0.0016"
"","253.1000","1.2396","0.0017"
"","253.2000","1.2492","0.0017"
"","253.3000","1.2595","0.0018"
"","253.4000","1.2695","0.0019"
"","253.5000","1.2796","0.0020"
"","253.6000","1.2892","0.0020"
"","253.7000","1.2995","0.0021"
"","253.8000","1.3095","0.0022"
"","253.9000","1.3194","0.0023"
"","254.0000","1.3296","0.0024"
"","254.1000","1.3395","0.0025"
"","254.2000","1.3496","0.0026"
"","254.3000","1.3592","0.0027"
"","254.4000","1.3695","0.0028"
"","254.5000","1.3794","0.0029"
"","254.6000","1.3894","0.0031"
"","254.7000","1.3994","0.0032"
"","254.8000","1.4097","0.0033"
"","254.9000","1.4195","0.0035"
"","255.0000","1.4292","0.0036"
"","255.1000","1.4394","0.0038"
"","255.2000","1.4497","0.0039"
"","255.3000","1.4594","0.0041"
"","255.4000","1.4692","0.0043"
"","255.5000","1.4794","0.0044"
"","255.6000","1.4897","0.0046"
"","255.7000","1.4992","0.0048"
"","255.8000","1.5094","0.0050"
"","255.9000","1.5195","0.0052"
"","256.0000","1.5297","0.0054"
"","256.1000","1.5392","0.0055"
"","256.2000","1.5494","0.0057"
"","256.3000","1.5595","0.0059"
"","256.4000","1.5694","0.0061"
"","256.5000","1.5795","0.0063"
"","256.6000","1.5895","0.0064"
"","256.7000","1.5996","0.0066"
"","256.8000","1.6092","0.0068"
"","256.9000","1.6195","0.0070"
"","257.0000","1.6294","0.0072"
"","257.1000","1.6394","0.0074"
"","257.2000","1.6494","0.0076"
"","257.3000","1.6597","0.0078"
"","257.4000","1.6695","0.0080"
"","257.5000","1.6792","0.0082"
"","257.6000","1.6895","0.0084"
"","257.7000","1.6996","0.0086"
"","257.8000","1.7095","0.0088"
"","257.9000","1.7193","0.0090"
"","258.0000","1.7295","0.0093"
"","258.1000","1.7397","0.0095"
"","258.2000","1.7493","0.0097"
"","258.3000","1.7594","0.0099"
"","258.4000","1.7694","0.0102"
"","258.5000","1.7796","0.0104"
"","258.6000","1.7893","0.0107"
"","258.7000","1.7994","0.0109"
"","258.8000","1.8095","0.0111"
"","258.9000","1.8194","0.0114"
"","259.0000","1.8295","0.0116"
"","259.1000","1.8395","0.0118"
"","259.2000","1.8495","0.0121"
"","259.3000","1.8593","0.0124"
"","259.4000","1.8694","0.0126"
"","259.5000","1.8794","0.0129"
"","259.6000","1.8894","0.0132"
"","259.7000","1.8995","0.0135"
"","259.8000","1.9096","0.0137"
"","259.9000","1.9195","0.0140"
"","260.0000","1.9292","0.0143"
"","260.1000","1.9395","0.0146"
"","260.2000","1.9494","0.0149"
"","260.3000","1.9595","0.0152"
"","260.4000","1.9694","0.0155"
"","260.5000","1.9796","0.0158"
"","260.6000","1.9896","0.0161"
"","260.7000","1.9992","0.0164"
"","260.8000","2.0095","0.0167"
"","260.9000","2.0195","0.0171"
"","261.0000","2.0295","0.0174"
"","261.1000","2.0392","0.0177"
"","261.2000","2.0495","0.0181"
"","261.3000","2.0595","0.0184"
"","261.4000","2.0695","0.0188"
"","261.5000","2.0795","0.0191"
"","261.6000","2.0895","0.0195"
"","261.7000","2.0996","0.0199"
"","261.8000","2.1092","0.0202"
"","261.9000","2.1195","0.0206"
"","262.0000","2.1295","0.0210"
"","262.1000","2.1395","0.0213"
"","262.2000","2.1495","0.0217"
"","262.3000","2.1595","0.0221"
"","262.4000","2.1696","0.0225"
"","262.5000","2.1793","0.0229"
"","262.6000","2.1895","0.0233"
"","262.7000","2.1995","0.0237"
"","262.8000","2.2095","0.0241"
"","262.9000","2.2193","0.0245"
"","263.0000","2.2295","0.0249"
"","263.1000","2.2396","0.0253"
"","263.2000","2.2492","0.0257"
"","263.3000","2.2594","0.0262"
"","263.4000","2.2695","0.0266"
"","263.5000","2.2796","0.0270"
"","263.6000","2.2892","0.0275"
"","263.7000","2.2994","0.0279"
"","263.8000","2.3095","0.0284"
"","263.9000","2.3194","0.0288"
"","264.0000","2.3295","0.0293"
"","264.1000","2.3396","0.0297"
"","264.2000","2.3496","0.0300"
"","264.3000","2.3592","0.0303"
"","264.4000","2.3695","0.0307"
"","264.5000","2.3794","0.0311"
"","264.6000","2.3894","0.0315"
"","264.7000","2.3994","0.0319"
"","264.8000","2.4096","0.0323"
"","264.9000","2.4195","0.0328"
"","265.0000","2.4291","0.0332"
"","265.1000","2.4394","0.0337"
"","265.2000","2.4495","0.0340"
"","265.3000","2.4595","0.0340"
"","265.4000","2.4693","0.0340"
"","265.5000","2.4796","0.0339"
"","265.6000","2.4897","0.0339"
"","265.7000","2.4993","0.0339"
"","265.8000","2.5094","0.0339"
"","265.9000","2.5194","0.0340"
"","266.0000","2.5296","0.0341"
"","266.1000","2.5393","0.0341"
"","266.2000","2.5494","0.0341"
"","266.3000","2.5595","0.0341"
"","266.4000","2.5695","0.0340"
"","266.5000","2.5795","0.0341"
"","266.6000","2.5895","0.0341"
"","266.7000","2.5995","0.0341"
"","266.8000","2.6092","0.0342"
"","266.9000","2.6195","0.0343"
"","267.0000","2.6294","0.0347"
"","267.1000","2.6393","0.0353"
"","267.2000","2.6495","0.0358"
"","267.3000","2.6596","0.0363"
"","267.4000","2.6694","0.0368"
"","267.5000","2.6791","0.0374"
"","267.6000","2.6895","0.0379"
"","267.7000","2.6996","0.0384"
"","267.8000","2.7095","0.0390"
"","267.9000","2.7193","0.0395"
"","268.0000","2.7296","0.0401"
"","268.1000","2.7397","0.0406"
"","268.2000","2.7492","0.0412"
"","268.3000","2.7595","0.0417"
"","268.4000","2.7695","0.0423"
"","268.5000","2.7796","0.0429"
"","268.6000","2.7893","0.0435"
"","268.7000","2.7995","0.0441"
"","268.8000","2.8095","0.0447"
"","268.9000","2.8194","0.0453"
"","269.0000","2.8295","0.0459"
"","269.1000","2.8395","0.0465"
"","269.2000","2.8496","0.0471"
"","269.3000","2.8592","0.0477"
"","269.4000","2.8695","0.0484"
"","269.5000","2.8794","0.0490"
"","269.6000","2.8893","0.0496"
"","269.7000","2.8995","0.0503"
"","269.8000","2.9097","0.0509"
"","269.9000","2.9196","0.0516"
"","270.0000","2.9292","0.0522"
"","270.1000","2.9394","0.0529"
"","270.2000","2.9496","0.0536"
"","270.3000","2.9594","0.0542"
"","270.4000","2.9693","0.0549"
"","270.5000","2.9795","0.0556"
"","270.6000","2.9897","0.0563"
"","270.7000","2.9992","0.0569"
"","270.8000","3.0094","0.0576"
"","270.9000","3.0195","0.0583"
"","271.0000","3.0296","0.0591"
"","271.1000","3.0392","0.0597"
"","271.2000","3.0494","0.0605"
"","271.3000","3.0594","0.0612"
"","271.4000","3.0694","0.0619"
"","271.5000","3.0794","0.0626"
"","271.6000","3.0895","0.0633"
"","271.7000","3.0996","0.0641"
"","271.8000","3.1092","0.0648"
"","271.9000","3.1196","0.0656"
"","272.0000","3.1294","0.0663"
"","272.1000","3.1394","0.0670"
"","272.2000","3.1494","0.0678"
"","272.3000","3.1596","0.0685"
"","272.4000","3.1695","0.0693"
"","272.5000","3.1792","0.0700"
"","272.6000","3.1895","0.0708"
"","272.7000","3.1996","0.0716"
"","272.8000","3.2095","0.0724"
"","272.9000","3.2193","0.0731"
"","273.0000","3.2295","0.0739"
"","273.1000","3.2397","0.0747"
"","273.2000","3.2493","0.0754"
"","273.3000","3.2594","0.0762"
"","273.4000","3.2694","0.0770"
"","273.5000","3.2796","0.0778"
"","273.6000","3.2893","0.0786"
"","273.7000","3.2994","0.0794"
"","273.8000","3.3095","0.0802"
"","273.9000","3.3195","0.0810"
"","274.0000","3.3295","0.0818"
"","274.1000","3.3394","0.0826"
"","274.2000","3.3495","0.0834"
"","274.3000","3.3592","0.0842"
"","274.4000","3.3695","0.0850"
"","274.5000","3.3794","0.0858"
"","274.6000","3.3894","0.0866"
"","274.7000","3.3995","0.0875"
"","274.8000","3.4096","0.0883"
"","274.9000","3.4195","0.0891"
"","275.0000","3.4292","0.0899"
"","275.1000","3.4395","0.0908"
"","275.2000","3.4495","0.0916"
"","275.3000","3.4594","0.0924"
"","275.4000","3.4693","0.0932"
"","275.5000","3.4796","0.0941"
"","275.6000","3.4896","0.0949"
"","275.7000","3.4992","0.0957"
"","275.8000","3.5095","0.0966"
"","275.9000","3.5194","0.0974"
"","276.0000","3.5296","0.0983"
"","276.1000","3.5392","0.0991"
"","276.2000","3.5495","0.1000"
"","276.3000","3.5595","0.1008"
"","276.4000","3.5695","0.1017"
"","276.5000","3.5796","0.1025"
"","276.6000","3.5895","0.1034"
"","276.7000","3.5995","0.1042"
"","276.8000","3.6092","0.1051"
"","276.9000","3.6195","0.1060"
"","277.0000","3.6294","0.1068"
"","277.1000","3.6393","0.1077"
"","277.2000","3.6495","0.1086"
"","277.3000","3.6597","0.1094"
"","277.4000","3.6695","0.1103"
"","277.5000","3.6792","0.1111"
"","277.6000","3.6895","0.1120"
"","277.7000","3.6996","0.1129"
"","277.8000","3.7094","0.1137"
"","277.9000","3.7192","0.1146"
"","278.0000","3.7295","0.1155"
"","278.1000","3.7397","0.1164"
"","278.2000","3.7493","0.1172"
"","278.3000","3.7594","0.1181"
"","278.4000","3.7695","0.1190"
"","278.5000","3.7796","0.1198"
"","278.6000","3.7893","0.1207"
"","278.7000","3.7994","0.1216"
"","278.8000","3.8095","0.1225"
"","278.9000","3.8194","0.1233"
"","279.0000","3.8295","0.1242"
"","279.1000","3.8395","0.1250"
"","279.2000","3.8495","0.1259"
"","279.3000","3.8593","0.1267"
"","279.4000","3.8695","0.1276"
"","279.5000","3.8794","0.1285"
"","279.6000","3.8893","0.1293"
"","279.7000","3.8994","0.1302"
"","279.8000","3.9096","0.1311"
"","279.9000","3.9195","0.1319"
"","280.0000","3.9291","0.1327"
"","280.1000","3.9396","0.1336"
"","280.2000","3.9496","0.1344"
"","280.3000","3.9594","0.1353"
"","280.4000","3.9693","0.1361"
"","280.5000","3.9795","0.1370"
"","280.6000","3.9896","0.1378"
"","280.7000","3.9993","0.1386"
"","280.7080","4.0000","0.1386"
"","280.7090","4.0001","0.1386"
"","280.7100","4.0002","0.1386"
"","280.8100","4.0006","0.1385"
"","280.9100","3.9933","0.1375"
"","281.0100","3.9811","0.1359"
"","281.1100","3.9707","0.1346"
"","281.2100","3.9607","0.1333"
"","281.3100","3.9507","0.1321"
"","281.4100","3.9405","0.1309"
"","281.5100","3.9306","0.1297"
"","281.6100","3.9209","0.1285"
"","281.7100","3.9106","0.1273"
"","281.8100","3.9005","0.1262"
"","281.9100","3.8908","0.1250"
"","282.0100","3.8809","0.1239"
"","282.1100","3.8708","0.1227"
"","282.2100","3.8605","0.1216"
"","282.3100","3.8508","0.1205"
"","282.4100","3.8407","0.1193"
"","282.5100","3.8306","0.1182"
"","282.6100","3.8206","0.1171"
"","282.7100","3.8108","0.1160"
"","282.8100","3.8007","0.1149"
"","282.9100","3.7907","0.1138"
"","283.0100","3.7807","0.1127"
"","283.1100","3.7706","0.1116"
"","283.2100","3.7606","0.1105"
"","283.3100","3.7506","0.1094"
"","283.4100","3.7408","0.1084"
"","283.5100","3.7305","0.1073"
"","283.6100","3.7206","0.1062"
"","283.7100","3.7108","0.1052"
"","283.8100","3.7008","0.1041"
"","283.9100","3.6906","0.1030"
"","284.0100","3.6808","0.1020"
"","284.1100","3.6709","0.1009"
"","284.2100","3.6606","0.0999"
"","284.3100","3.6504","0.0988"
"","284.4100","3.6407","0.0978"
"","284.5100","3.6308","0.0968"
"","284.6100","3.6207","0.0957"
"","284.7100","3.6105","0.0947"
"","284.8100","3.6009","0.0937"
"","284.9100","3.5907","0.0927"
"","285.0100","3.5806","0.0917"
"","285.1100","3.5705","0.0907"
"","285.2100","3.5609","0.0897"
"","285.3100","3.5507","0.0887"
"","285.4100","3.5406","0.0877"
"","285.5100","3.5307","0.0867"
"","285.6100","3.5207","0.0857"
"","285.7100","3.5107","0.0847"
"","285.8100","3.5006","0.0837"
"","285.9100","3.4909","0.0828"
"","286.0100","3.4805","0.0818"
"","286.1100","3.4705","0.0808"
"","286.2100","3.4607","0.0799"
"","286.3100","3.4507","0.0789"
"","286.4100","3.4406","0.0780"
"","286.5100","3.4307","0.0770"
"","286.6100","3.4209","0.0761"
"","286.7100","3.4106","0.0752"
"","286.8100","3.4004","0.0743"
"","286.9100","3.3907","0.0733"
"","287.0100","3.3809","0.0724"
"","287.1100","3.3706","0.0715"
"","287.2100","3.3605","0.0706"
"","287.3100","3.3508","0.0697"
"","287.4100","3.3407","0.0688"
"","287.5100","3.3306","0.0679"
"","287.6100","3.3205","0.0670"
"","287.7100","3.3108","0.0662"
"","287.8100","3.3007","0.0653"
"","287.9100","3.2906","0.0644"
"","288.0100","3.2807","0.0636"
"","288.1100","3.2707","0.0628"
"","288.2100","3.2607","0.0619"
"","288.3100","3.2506","0.0611"
"","288.4100","3.2409","0.0603"
"","288.5100","3.2305","0.0594"
"","288.6100","3.2206","0.0586"
"","288.7100","3.2106","0.0578"
"","288.8100","3.2007","0.0570"
"","288.9100","3.1906","0.0562"
"","289.0100","3.1806","0.0554"
"","289.1100","3.1709","0.0547"
"","289.2100","3.1606","0.0538"
"","289.3100","3.1505","0.0531"
"","289.4100","3.1407","0.0523"
"","289.5100","3.1309","0.0516"
"","289.6100","3.1207","0.0508"
"","289.7100","3.1105","0.0500"
"","289.8100","3.1008","0.0493"
"","289.9100","3.0907","0.0486"
"","290.0100","3.0806","0.0479"
"","290.1100","3.0706","0.0472"
"","290.2100","3.0609","0.0465"
"","290.3100","3.0507","0.0457"
"","290.4100","3.0407","0.0450"
"","290.5100","3.0307","0.0443"
"","290.6100","3.0207","0.0436"
"","290.7100","3.0106","0.0430"
"","290.8100","3.0006","0.0423"
"","290.9100","2.9908","0.0416"
"","291.0100","2.9805","0.0410"
"","291.1100","2.9706","0.0403"
"","291.2100","2.9607","0.0397"
"","291.3100","2.9507","0.0391"
"","291.4100","2.9406","0.0385"
"","291.5100","2.9307","0.0379"
"","291.6100","2.9208","0.0373"
"","291.7100","2.9106","0.0367"
"","291.8100","2.9004","0.0361"
"","291.9100","2.8906","0.0356"
"","292.0100","2.8808","0.0351"
"","292.1100","2.8706","0.0345"
"","292.2100","2.8605","0.0339"
"","292.3100","2.8509","0.0334"
"","292.4100","2.8406","0.0328"
"","292.5100","2.8305","0.0323"
"","292.6100","2.8205","0.0318"
"","292.7100","2.8109","0.0317"
"","292.8100","2.8006","0.0317"
"","292.9100","2.7906","0.0318"
"","293.0100","2.7807","0.0318"
"","293.1100","2.7706","0.0318"
"","293.2100","2.7606","0.0317"
"","293.3100","2.7506","0.0317"
"","293.4100","2.7409","0.0316"
"","293.5100","2.7305","0.0317"
"","293.6100","2.7205","0.0316"
"","293.7100","2.7107","0.0316"
"","293.8100","2.7007","0.0315"
"","293.9100","2.6905","0.0315"
"","294.0100","2.6806","0.0315"
"","294.1100","2.6709","0.0316"
"","294.2100","2.6606","0.0316"
"","294.3100","2.6504","0.0315"
"","294.4100","2.6406","0.0313"
"","294.5100","2.6309","0.0308"
"","294.6100","2.6207","0.0302"
"","294.7100","2.6105","0.0296"
"","294.8100","2.6008","0.0291"
"","294.9100","2.5907","0.0286"
"","295.0100","2.5806","0.0280"
"","295.1100","2.5705","0.0275"
"","295.2100","2.5609","0.0271"
"","295.3100","2.5507","0.0266"
"","295.4100","2.5406","0.0261"
"","295.5100","2.5307","0.0257"
"","295.6100","2.5206","0.0253"
"","295.7100","2.5106","0.0249"
"","295.8100","2.5006","0.0245"
"","295.9100","2.4909","0.0241"
"","296.0100","2.4805","0.0237"
"","296.1100","2.4706","0.0234"
"","296.2100","2.4607","0.0229"
"","296.3100","2.4507","0.0225"
"","296.4100","2.4406","0.0221"
"","296.5100","2.4307","0.0217"
"","296.6100","2.4209","0.0213"
"","296.7100","2.4106","0.0209"
"","296.8100","2.4005","0.0205"
"","296.9100","2.3907","0.0201"
"","297.0100","2.3808","0.0197"
"","297.1100","2.3706","0.0194"
"","297.2100","2.3605","0.0190"
"","297.3100","2.3509","0.0186"
"","297.4100","2.3407","0.0182"
"","297.5100","2.3305","0.0179"
"","297.6100","2.3205","0.0175"
"","297.7100","2.3108","0.0172"
"","297.8100","2.3007","0.0168"
"","297.9100","2.2906","0.0164"
"","298.0100","2.2807","0.0161"
"","298.1100","2.2707","0.0157"
"","298.2100","2.2606","0.0154"
"","298.3100","2.2506","0.0150"
"","298.4100","2.2408","0.0147"
"","298.5100","2.2306","0.0144"
"","298.6100","2.2206","0.0141"
"","298.7100","2.2107","0.0138"
"","298.8100","2.2007","0.0135"
"","298.9100","2.1907","0.0132"
"","299.0100","2.1807","0.0129"
"","299.1100","2.1708","0.0126"
"","299.2100","2.1605","0.0123"
"","299.3100","2.1505","0.0120"
"","299.4100","2.1406","0.0117"
"","299.5100","2.1308","0.0114"
"","299.6100","2.1206","0.0112"
"","299.7100","2.1105","0.0109"
"","299.8100","2.1009","0.0107"
"","299.9100","2.0906","0.0104"
"","300.0100","2.0805","0.0102"
"","300.1100","2.0705","0.0100"
"","300.2100","2.0609","0.0097"
"","300.3100","2.0506","0.0095"
"","300.4100","2.0405","0.0093"
"","300.5100","2.0308","0.0090"
"","300.6100","2.0207","0.0088"
"","300.7100","2.0106","0.0086"
"","300.8100","2.0006","0.0084"
"","300.9100","1.9909","0.0082"
"","301.0100","1.9805","0.0079"
"","301.1100","1.9705","0.0077"
"","301.2100","1.9607","0.0075"
"","301.3100","1.9507","0.0074"
"","301.4100","1.9406","0.0072"
"","301.5100","1.9307","0.0070"
"","301.6100","1.9209","0.0068"
"","301.7100","1.9106","0.0066"
"","301.8100","1.9004","0.0064"
"","301.9100","1.8906","0.0062"
"","302.0100","1.8808","0.0060"
"","302.1100","1.8706","0.0059"
"","302.2100","1.8605","0.0057"
"","302.3100","1.8508","0.0055"
"","302.4100","1.8407","0.0053"
"","302.5100","1.8305","0.0052"
"","302.6100","1.8205","0.0050"
"","302.7100","1.8109","0.0048"
"","302.8100","1.8007","0.0046"
"","302.9100","1.7906","0.0045"
"","303.0100","1.7807","0.0043"
"","303.1100","1.7707","0.0041"
"","303.2100","1.7607","0.0039"
"","303.3100","1.7506","0.0038"
"","303.4100","1.7409","0.0036"
"","303.5100","1.7305","0.0034"
"","303.6100","1.7206","0.0033"
"","303.7100","1.7107","0.0031"
"","303.8100","1.7007","0.0030"
"","303.9100","1.6905","0.0028"
"","304.0100","1.6806","0.0027"
"","304.1100","1.6709","0.0026"
"","304.2100","1.6606","0.0025"
"","304.3100","1.6505","0.0024"
"","304.4100","1.6407","0.0023"
"","304.5100","1.6309","0.0022"
"","304.6100","1.6207","0.0021"
"","304.7100","1.6105","0.0020"
"","304.8100","1.6008","0.0019"
"","304.9100","1.5907","0.0018"
"","305.0100","1.5806","0.0017"
"","305.1100","1.5705","0.0016"
"","305.2100","1.5608","0.0016"
"","305.3100","1.5507","0.0015"
"","305.4100","1.5406","0.0014"
"","305.5100","1.5307","0.0013"
"","305.6100","1.5206","0.0013"
"","305.7100","1.5106","0.0012"
"","305.8100","1.5006","0.0012"
"","305.9100","1.4908","0.0011"
"","306.0100","1.4805","0.0011"
"","306.1100","1.4706","0.0010"
"","306.2100","1.4608","0.0010"
"","306.3100","1.4508","0.0009"
"","306.4100","1.4405","0.0009"
"","306.5100","1.4307","0.0008"
"","306.6100","1.4209","0.0008"
"","306.7100","1.4106","0.0007"
"","306.8100","1.4004","0.0007"
"","306.9100","1.3907","0.0007"
"","307.0100","1.3808","0.0006"
"","307.1100","1.3706","0.0006"
"","307.2100","1.3605","0.0006"
"","307.3100","1.3509","0.0005"
"","307.4100","1.3407","0.0005"
"","307.5100","1.3305","0.0004"
"","307.6100","1.3205","0.0004"
"","307.7100","1.3109","0.0004"
"","307.8100","1.3007","0.0003"
"","307.9100","1.2906","0.0003"
"","308.0100","1.2807","0.0003"
"","308.1100","1.2706","0.0002"
"","308.2100","1.2606","0.0002"
"","308.3100","1.2506","0.0001"
"","308.4100","1.2409","0.0001"
"","308.5100","1.2304","0.0001"
"","308.6100","1.2205","0.0001"
"","308.7100","1.2107","0.0000"
"","308.8100","1.2007","0.0000"
"","308.9100","1.1906","0.0000"
"","309.0100","1.1808","0.0000"
"","309.1100","1.1710","-0.0001"
"","309.2100","1.1605","-0.0001"
"","309.3100","1.1504","-0.0001"
"","309.4100","1.1406","-0.0001"
"","309.5100","1.1309","-0.0001"
"","309.6100","1.1207","-0.0002"
"","309.7100","1.1105","-0.0002"
"","309.8100","1.1008","-0.0002"
"","309.9100","1.0907","-0.0002"
"","310.0100","1.0806","-0.0002"
"","310.1100","1.0705","-0.0003"
"","310.2100","1.0608","-0.0003"
"","310.3100","1.0507","-0.0003"
"","310.4100","1.0406","-0.0003"
"","310.5100","1.0307","-0.0003"
"","310.6100","1.0207","-0.0003"
"","310.7100","1.0106","-0.0003"
"","310.8100","1.0006","-0.0004"
"","310.9100","0.9909","-0.0004"
"","311.0100","0.9805","-0.0004"
"","311.1100","0.9706","-0.0004"
"","311.2100","0.9607","-0.0004"
"","311.3100","0.9507","-0.0004"
"","311.4100","0.9405","-0.0004"
"","311.5100","0.9306","-0.0004"
"","311.6100","0.9209","-0.0004"
"","311.7100","0.9107","-0.0004"
"","311.8100","0.9004","-0.0005"
"","311.9100","0.8907","-0.0005"
"","312.0100","0.8809","-0.0005"
"","312.1100","0.8707","-0.0005"
"","312.2100","0.8605","-0.0005"
"","312.3100","0.8508","-0.0005"
"","312.4100","0.8407","-0.0005"
"","312.5100","0.8306","-0.0005"
"","312.6100","0.8205","-0.0005"
"","312.7100","0.8108","-0.0005"
"","312.8100","0.8007","-0.0005"
"","312.9100","0.7906","-0.0005"
"","313.0100","0.7807","-0.0005"
"","313.1100","0.7706","-0.0005"
"","313.2100","0.7606","-0.0005"
"","313.3100","0.7506","-0.0006"
"","313.4100","0.7408","-0.0006"
"","313.5100","0.7305","-0.0006"
"","313.6100","0.7206","-0.0006"
"","313.7100","0.7108","-0.0006"
"","313.8100","0.7007","-0.0006"
"","313.9100","0.6905","-0.0006"
"","314.0100","0.6807","-0.0006"
"","314.1100","0.6709","-0.0006"
"","314.2100","0.6606","-0.0006"
"","314.3100","0.6504","-0.0006"
"","314.4100","0.6407","-0.0006"
"","314.5100","0.6309","-0.0006"
"","314.6100","0.6206","-0.0007"
"","314.7100","0.6105","-0.0007"
"","314.8100","0.6009","-0.0007"
"","314.9100","0.5907","-0.0007"
"","315.0100","0.5805","-0.0007"
"","315.1100","0.5705","-0.0007"
"","315.2100","0.5608","-0.0007"
"","315.3100","0.5507","-0.0007"
"","315.4100","0.5406","-0.0007"
"","315.5100","0.5307","-0.0007"
"","315.6100","0.5206","-0.0007"
"","315.7100","0.5107","-0.0007"
"","315.8100","0.5007","-0.0007"
"","315.9100","0.4909","-0.0007"
"","316.0100","0.4804","-0.0007"
"","316.1100","0.4706","-0.0007"
"","316.2100","0.4608","-0.0008"
"","316.3100","0.4507","-0.0008"
"","316.4100","0.4405","-0.0008"
"","316.5100","0.4306","-0.0008"
"","316.6100","0.4210","-0.0008"
"","316.7100","0.4106","-0.0008"
"","316.8100","0.4004","-0.0008"
"","316.9100","0.3907","-0.0008"
"","317.0100","0.3809","-0.0008"
"","317.1100","0.3706","-0.0008"
"","317.2100","0.3605","-0.0008"
"","317.3100","0.3507","-0.0008"
"","317.4100","0.3407","-0.0008"
"","317.5100","0.3306","-0.0008"
"","317.6100","0.3206","-0.0008"
"","317.7100","0.3108","-0.0008"
"","317.8100","0.3007","-0.0008"
"","317.9100","0.2906","-0.0008"
"","318.0100","0.2807","-0.0008"
"","318.1100","0.2706","-0.0009"
"","318.2100","0.2606","-0.0009"
"","318.3100","0.2506","-0.0009"
"","318.4100","0.2409","-0.0009"
"","318.5100","0.2306","-0.0009"
"","318.6100","0.2205","-0.0009"
"","318.7100","0.2106","-0.0009"
"","318.8100","0.2007","-0.0009"
"","318.9100","0.1906","-0.0009"
"","319.0100","0.1806","-0.0009"
"","319.1100","0.1708","-0.0009"
"","319.2100","0.1606","-0.0009"
"","319.3100","0.1505","-0.0009"
"","319.4100","0.1406","-0.0009"
"","319.5100","0.1309","-0.0009"
"","319.6100","0.1207","-0.0009"
"","319.7100","0.1105","-0.0009"
"","319.8100","0.1008","-0.0009"
"","319.9100","0.0907","-0.0009"
"","320.0100","0.0806","-0.0009"
"","320.1100","0.0706","-0.0009"
"","320.2100","0.0608","-0.0010"
"","320.3100","0.0507","-0.0010"
"","320.4100","0.0406","-0.0010"
"","320.5100","0.0307","-0.0010"
"","320.6100","0.0206","-0.0010"
"","320.7100","0.0106","-0.0010"
"","320.8100","0.0006","-0.0010"
"","320.8160","0.0000","-0.0010"
"","320.8170","-0.0001","-0.0010"
"","320.8180","-0.0002","-0.0010"
"","320.9180","-0.0004","-0.0010"
"","321.0180","0.0072","-0.0010"
"","321.1180","0.0192","-0.0010"
"","321.2180","0.0295","-0.0009"
"","321.3180","0.0393","-0.0009"
"","321.4180","0.0495","-0.0009"
"","321.5180","0.0596","-0.0009"
"","321.6180","0.0694","-0.0009"
"","321.7180","0.0795","-0.0009"
"","321.8180","0.0896","-0.0009"
"","321.9180","0.0996","-0.0009"
"","322.0180","0.1093","-0.0009"
"","322.1180","0.1196","-0.0009"
"","322.2180","0.1295","-0.0009"
"","322.3180","0.1395","-0.0009"
"","322.4180","0.1495","-0.0009"
"","322.5180","0.1597","-0.0009"
"","322.6180","0.1696","-0.0008"
"","322.7180","0.1793","-0.0008"
"","322.8180","0.1896","-0.0008"
"","322.9180","0.1996","-0.0008"
"","323.0180","0.2095","-0.0008"
"","323.1180","0.2194","-0.0008"
"","323.2180","0.2296","-0.0008"
"","323.3180","0.2397","-0.0008"
"","323.4180","0.2494","-0.0008"
"","323.5180","0.2595","-0.0008"
"","323.6180","0.2695","-0.0008"
"","323.7180","0.2796","-0.0007"
"","323.8180","0.2894","-0.0007"
"","323.9180","0.2995","-0.0007"
"","324.0180","0.3096","-0.0007"
"","324.1180","0.3195","-0.0007"
"","324.2180","0.3297","-0.0007"
"","324.3180","0.3395","-0.0007"
"","324.4180","0.3495","-0.0007"
"","324.5180","0.3593","-0.0007"
"","324.6180","0.3696","-0.0007"
"","324.7180","0.3795","-0.0007"
"","324.8180","0.3894","-0.0007"
"","324.9180","0.3996","-0.0007"
"","325.0180","0.4097","-0.0006"
"","325.1180","0.4195","-0.0006"
"","325.2180","0.4292","-0.0006"
"","325.3180","0.4396","-0.0006"
"","325.4180","0.4496","-0.0006"
"","325.5180","0.4596","-0.0006"
"","325.6180","0.4694","-0.0006"
"","325.7180","0.4796","-0.0006"
"","325.8180","0.4898","-0.0006"
"","325.9180","0.4993","-0.0006"
"","326.0180","0.5095","-0.0005"
"","326.1180","0.5195","-0.0005"
"","326.2180","0.5297","-0.0005"
"","326.3180","0.5393","-0.0005"
"","326.4180","0.5495","-0.0005"
"","326.5180","0.5595","-0.0005"
"","326.6180","0.5696","-0.0005"
"","326.7180","0.5797","-0.0005"
"","326.8180","0.5896","-0.0005"
"","326.9180","0.5996","-0.0005"
"","327.0180","0.6092","-0.0005"
"","327.1180","0.6197","-0.0004"
"","327.2180","0.6295","-0.0004"
"","327.3180","0.6393","-0.0004"
"","327.4180","0.6495","-0.0004"
"","327.5180","0.6598","-0.0004"
"","327.6180","0.6696","-0.0004"
"","327.7180","0.6793","-0.0004"
"","327.8180","0.6895","-0.0004"
"","327.9180","0.6997","-0.0004"
"","328.0180","0.7095","-0.0004"
"","328.1180","0.7193","-0.0003"
"","328.2180","0.7295","-0.0003"
"","328.3180","0.7398","-0.0003"
"","328.4180","0.7493","-0.0003"
"","328.5180","0.7595","-0.0003"
"","328.6180","0.7696","-0.0003"
"","328.7180","0.7797","-0.0002"
"","328.8180","0.7894","-0.0002"
"","328.9180","0.7995","-0.0002"
"","329.0180","0.8095","-0.0002"
"","329.1180","0.8195","-0.0002"
"","329.2180","0.8296","-0.0001"
"","329.3180","0.8396","-0.0001"
"","329.4180","0.8496","-0.0001"
"","329.5180","0.8593","-0.0001"
"","329.6180","0.8697","0.0000"
"","329.7180","0.8795","0.0000"
"","329.8180","0.8894","0.0000"
"","329.9180","0.8995","0.0000"
"","330.0180","0.9098","0.0001"
"","330.1180","0.9196","0.0001"
"","330.2180","0.9292","0.0001"
"","330.3180","0.9395","0.0001"
"","330.4180","0.9497","0.0002"
"","330.5180","0.9595","0.0002"
"","330.6180","0.9694","0.0002"
"","330.7180","0.9796","0.0002"
"","330.8180","0.9897","0.0003"
"","330.9180","0.9993","0.0003"
"","331.0180","1.0094","0.0003"
"","331.1180","1.0195","0.0004"
"","331.2180","1.0297","0.0004"
"","331.3180","1.0394","0.0005"
"","331.4180","1.0494","0.0005"
"","331.5180","1.0595","0.0005"
"","331.6180","1.0695","0.0006"
"","331.7180","1.0796","0.0006"
"","331.8180","1.0895","0.0007"
"","331.9180","1.0995","0.0007"
"","332.0180","1.1093","0.0007"
"","332.1180","1.1195","0.0008"
"","332.2180","1.1295","0.0008"
"","332.3180","1.1395","0.0009"
"","332.4180","1.1496","0.0009"
"","332.5180","1.1598","0.0010"
"","332.6180","1.1696","0.0010"
"","332.7180","1.1792","0.0011"
"","332.8180","1.1895","0.0011"
"","332.9180","1.1996","0.0012"
"","333.0180","1.2095","0.0012"
"","333.1180","1.2194","0.0013"
"","333.2180","1.2297","0.0013"
"","333.3180","1.2397","0.0014"
"","333.4180","1.2493","0.0015"
"","333.5180","1.2595","0.0015"
"","333.6180","1.2695","0.0016"
"","333.7180","1.2797","0.0017"
"","333.8180","1.2893","0.0017"
"","333.9180","1.2996","0.0018"
"","334.0180","1.3096","0.0019"
"","334.1180","1.3195","0.0019"
"","334.2180","1.3297","0.0020"
"","334.3180","1.3396","0.0021"
"","334.4180","1.3496","0.0022"
"","334.5180","1.3593","0.0023"
"","334.6180","1.3696","0.0024"
"","334.7180","1.3795","0.0025"
"","334.8180","1.3895","0.0026"
"","334.9180","1.3995","0.0027"
"","335.0180","1.4098","0.0028"
"","335.1180","1.4196","0.0029"
"","335.2180","1.4293","0.0030"
"","335.3180","1.4395","0.0032"
"","335.4180","1.4497","0.0033"
"","335.5180","1.4595","0.0034"
"","335.6180","1.4693","0.0036"
"","335.7180","1.4795","0.0037"
"","335.8180","1.4898","0.0039"
"","335.9180","1.4993","0.0040"
"","336.0180","1.5095","0.0042"
"","336.1180","1.5196","0.0044"
"","336.2180","1.5298","0.0046"
"","336.3180","1.5393","0.0047"
"","336.4180","1.5495","0.0049"
"","336.5180","1.5595","0.0051"
"","336.6180","1.5695","0.0053"
"","336.7180","1.5796","0.0055"
"","336.8180","1.5896","0.0057"
"","336.9180","1.5997","0.0058"
"","337.0180","1.6093","0.0060"
"","337.1180","1.6196","0.0062"
"","337.2180","1.6295","0.0064"
"","337.3180","1.6395","0.0065"
"","337.4180","1.6495","0.0067"
"","337.5180","1.6597","0.0069"
"","337.6180","1.6696","0.0071"
"","337.7180","1.6793","0.0073"
"","337.8180","1.6895","0.0075"
"","337.9180","1.6997","0.0077"
"","338.0180","1.7095","0.0079"
"","338.1180","1.7194","0.0081"
"","338.2180","1.7296","0.0083"
"","338.3180","1.7398","0.0085"
"","338.4180","1.7493","0.0087"
"","338.5180","1.7594","0.0089"
"","338.6180","1.7695","0.0091"
"","338.7180","1.7797","0.0093"
"","338.8180","1.7894","0.0095"
"","338.9180","1.7995","0.0098"
"","339.0180","1.8096","0.0100"
"","339.1180","1.8195","0.0102"
"","339.2180","1.8296","0.0104"
"","339.3180","1.8396","0.0107"
"","339.4180","1.8496","0.0109"
"","339.5180","1.8593","0.0111"
"","339.6180","1.8695","0.0114"
"","339.7180","1.8795","0.0116"
"","339.8180","1.8895","0.0119"
"","339.9180","1.8996","0.0121"
"","340.0180","1.9097","0.0124"
"","340.1180","1.9196","0.0126"
"","340.2180","1.9293","0.0128"
"","340.3180","1.9396","0.0131"
"","340.4180","1.9495","0.0134"
"","340.5180","1.9596","0.0136"
"","340.6180","1.9695","0.0139"
"","340.7180","1.9797","0.0142"
"","340.8180","1.9897","0.0144"
"","340.9180","1.9993","0.0147"
"","341.0180","2.0096","0.0150"
"","341.1180","2.0195","0.0153"
"","341.2180","2.0296","0.0156"
"","341.3180","2.0393","0.0159"
"","341.4180","2.0496","0.0163"
"","341.5180","2.0596","0.0166"
"","341.6180","2.0695","0.0170"
"","341.7180","2.0795","0.0173"
"","341.8180","2.0896","0.0177"
"","341.9180","2.0997","0.0180"
"","342.0180","2.1093","0.0184"
"","342.1180","2.1196","0.0187"
"","342.2180","2.1296","0.0191"
"","342.3180","2.1395","0.0195"
"","342.4180","2.1496","0.0198"
"","342.5180","2.1596","0.0202"
"","342.6180","2.1696","0.0206"
"","342.7180","2.1794","0.0210"
"","342.8180","2.1896","0.0214"
"","342.9180","2.1996","0.0218"
"","343.0180","2.2095","0.0222"
"","343.1180","2.2194","0.0227"
"","343.2180","2.2296","0.0231"
"","343.3180","2.2397","0.0235"
"","343.4180","2.2493","0.0239"
"","343.5180","2.2595","0.0244"
"","343.6180","2.2696","0.0248"
"","343.7180","2.2797","0.0252"
"","343.8180","2.2893","0.0257"
"","343.9180","2.2995","0.0261"
"","344.0180","2.3096","0.0265"
"","344.1180","2.3194","0.0269"
"","344.2180","2.3295","0.0274"
"","344.3180","2.3396","0.0278"
"","344.4180","2.3497","0.0282"
"","344.5180","2.3593","0.0286"
"","344.6180","2.3696","0.0290"
"","344.7180","2.3795","0.0294"
"","344.8180","2.3895","0.0299"
"","344.9180","2.3995","0.0303"
"","345.0180","2.4097","0.0307"
"","345.1180","2.4196","0.0310"
"","345.2180","2.4292","0.0314"
"","345.3180","2.4395","0.0318"
"","345.4180","2.4496","0.0323"
"","345.5180","2.4596","0.0328"
"","345.6180","2.4694","0.0333"
"","345.7180","2.4796","0.0337"
"","345.8180","2.4897","0.0337"
"","345.9180","2.4994","0.0337"
"","346.0180","2.5095","0.0337"
"","346.1180","2.5195","0.0337"
"","346.2180","2.5297","0.0337"
"","346.3180","2.5394","0.0337"
"","346.4180","2.5495","0.0337"
"","346.5180","2.5596","0.0337"
"","346.6180","2.5695","0.0338"
"","346.7180","2.5796","0.0338"
"","346.8180","2.5895","0.0338"
"","346.9180","2.5996","0.0339"
"","347.0180","2.6093","0.0338"
"","347.1180","2.6196","0.0338"
"","347.2180","2.6295","0.0338"
"","347.3180","2.6394","0.0338"
"","347.4180","2.6496","0.0339"
"","347.5180","2.6597","0.0342"
"","347.6180","2.6695","0.0346"
"","347.7180","2.6792","0.0351"
"","347.8180","2.6896","0.0357"
"","347.9180","2.6997","0.0362"
"","348.0180","2.7096","0.0367"
"","348.1180","2.7194","0.0373"
"","348.2180","2.7297","0.0378"
"","348.3180","2.7398","0.0384"
"","348.4180","2.7493","0.0389"
"","348.5180","2.7595","0.0395"
"","348.6180","2.7695","0.0400"
"","348.7180","2.7797","0.0406"
"","348.8180","2.7894","0.0411"
"","348.9180","2.7996","0.0418"
"","349.0180","2.8095","0.0423"
"","349.1180","2.8195","0.0429"
"","349.2180","2.8296","0.0435"
"","349.3180","2.8396","0.0441"
"","349.4180","2.8497","0.0448"
"","349.5180","2.8593","0.0454"
"","349.6180","2.8695","0.0460"
"","349.7180","2.8795","0.0466"
"","349.8180","2.8894","0.0473"
"","349.9180","2.8996","0.0479"
"","350.0180","2.9098","0.0486"
"","350.1180","2.9196","0.0492"
"","350.2180","2.9293","0.0498"
"","350.3180","2.9395","0.0505"
"","350.4180","2.9497","0.0512"
"","350.5180","2.9595","0.0518"
"","350.6180","2.9693","0.0525"
"","350.7180","2.9796","0.0532"
"","350.8180","2.9898","0.0539"
"","350.9180","2.9993","0.0546"
"","351.0180","3.0095","0.0553"
"","351.1180","3.0196","0.0560"
"","351.2180","3.0297","0.0567"
"","351.3180","3.0393","0.0574"
"","351.4180","3.0495","0.0581"
"","351.5180","3.0595","0.0588"
"","351.6180","3.0695","0.0596"
"","351.7180","3.0795","0.0603"
"","351.8180","3.0896","0.0610"
"","351.9180","3.0997","0.0618"
"","352.0180","3.1093","0.0625"
"","352.1180","3.1197","0.0632"
"","352.2180","3.1295","0.0640"
"","352.3180","3.1395","0.0647"
"","352.4180","3.1495","0.0655"
"","352.5180","3.1597","0.0662"
"","352.6180","3.1696","0.0670"
"","352.7180","3.1793","0.0677"
"","352.8180","3.1895","0.0685"
"","352.9180","3.1996","0.0693"
"","353.0180","3.2095","0.0701"
"","353.1180","3.2194","0.0708"
"","353.2180","3.2296","0.0717"
"","353.3180","3.2397","0.0724"
"","353.4180","3.2493","0.0732"
"","353.5180","3.2595","0.0740"
"","353.6180","3.2695","0.0748"
"","353.7180","3.2797","0.0756"
"","353.8180","3.2893","0.0763"
"","353.9180","3.2995","0.0772"
"","354.0180","3.3096","0.0780"
"","354.1180","3.3196","0.0788"
"","354.2180","3.3296","0.0796"
"","354.3180","3.3395","0.0804"
"","354.4180","3.3496","0.0812"
"","354.5180","3.3593","0.0820"
"","354.6180","3.3696","0.0829"
"","354.7180","3.3795","0.0837"
"","354.8180","3.3895","0.0845"
"","354.9180","3.3996","0.0853"
"","355.0180","3.4097","0.0862"
"","355.1180","3.4196","0.0870"
"","355.2180","3.4293","0.0878"
"","355.3180","3.4396","0.0887"
"","355.4180","3.4496","0.0895"
"","355.5180","3.4595","0.0903"
"","355.6180","3.4694","0.0912"
"","355.7180","3.4797","0.0920"
"","355.8180","3.4898","0.0929"
"","355.9180","3.4993","0.0937"
"","356.0180","3.5095","0.0945"
"","356.1180","3.5195","0.0954"
"","356.2180","3.5297","0.0963"
"","356.3180","3.5393","0.0971"
"","356.4180","3.5495","0.0980"
"","356.5180","3.5595","0.0988"
"","356.6180","3.5695","0.0997"
"","356.7180","3.5797","0.1006"
"","356.8180","3.5896","0.1014"
"","356.9180","3.5996","0.1023"
"","357.0180","3.6093","0.1031"
"","357.1180","3.6196","0.1040"
"","357.2180","3.6295","0.1049"
"","357.3180","3.6394","0.1057"
"","357.4180","3.6496","0.1066"
"","357.5180","3.6598","0.1075"
"","357.6180","3.6696","0.1084"
"","357.7180","3.6793","0.1092"
"","357.8180","3.6895","0.1101"
"","357.9180","3.6997","0.1110"
"","358.0180","3.7095","0.1119"
"","358.1180","3.7193","0.1127"
"","358.2180","3.7296","0.1136"
"","358.3180","3.7398","0.1145"
"","358.4180","3.7494","0.1154"
"","358.5180","3.7595","0.1163"
"","358.6180","3.7695","0.1172"
"","358.7180","3.7797","0.1180"
"","358.8180","3.7894","0.1189"
"","358.9180","3.7995","0.1198"
"","359.0180","3.8095","0.1207"
"","359.1180","3.8195","0.1215"
"","359.2180","3.8296","0.1224"
"","359.3180","3.8396","0.1233"
"","359.4180","3.8496","0.1242"
"","359.5180","3.8594","0.1250"
"","359.6180","3.8696","0.1259"
"","359.7180","3.8795","0.1268"
"","359.8180","3.8894","0.1277"
"","359.9180","3.8995","0.1286"
"","360.0180","3.9097","0.1295"
"","360.1180","3.9196","0.1303"
"","360.2180","3.9292","0.1311"
"","360.3180","3.9396","0.1320"
"","360.4180","3.9496","0.1329"
"","360.5180","3.9595","0.1337"
"","360.6180","3.9694","0.1346"
"","360.7180","3.9796","0.1355"
"","360.8180","3.9897","0.1363"
"","360.9180","3.9994","0.1371"
"","360.9250","4.0000","0.1372"
"","360.9260","4.0001","0.1372"
"","360.9270","4.0002","0.1372"
"","361.0270","4.0006","0.1371"
"","361.1270","3.9933","0.1361"
"","361.2270","3.9810","0.1345"
"","361.3270","3.9707","0.1332"
"","361.4270","3.9607","0.1319"
"","361.5270","3.9507","0.1307"
"","361.6270","3.9406","0.1295"
"","361.7270","3.9306","0.1283"
"","361.8270","3.9209","0.1272"
"","361.9270","3.9106","0.1260"
"","362.0270","3.9004","0.1248"
"","362.1270","3.8907","0.1237"
"","362.2270","3.8809","0.1225"
"","362.3270","3.8707","0.1214"
"","362.4270","3.8605","0.1202"
"","362.5270","3.8508","0.1191"
"","362.6270","3.8407","0.1180"
"","362.7270","3.8306","0.1168"
"","362.8270","3.8205","0.1157"
"","362.9270","3.8108","0.1147"
"","363.0270","3.8007","0.1135"
"","363.1270","3.7906","0.1124"
"","363.2270","3.7807","0.1113"
"","363.3270","3.7706","0.1102"
"","363.4270","3.7606","0.1091"
"","363.5270","3.7506","0.1081"
"","363.6270","3.7408","0.1070"
"","363.7270","3.7305","0.1059"
"","363.8270","3.7206","0.1048"
"","363.9270","3.7108","0.1038"
"","364.0270","3.7007","0.1027"
"","364.1270","3.6905","0.1016"
"","364.2270","3.6807","0.1006"
"","364.3270","3.6708","0.0996"
"","364.4270","3.6606","0.0985"
"","364.5270","3.6504","0.0974"
"","364.6270","3.6407","0.0964"
"","364.7270","3.6308","0.0954"
"","364.8270","3.6206","0.0943"
"","364.9270","3.6105","0.0933"
"","365.0270","3.6008","0.0923"
"","365.1270","3.5907","0.0913"
"","365.2270","3.5805","0.0903"
"","365.3270","3.5705","0.0892"
"","365.4270","3.5608","0.0883"
"","365.5270","3.5506","0.0872"
"","365.6270","3.5406","0.0862"
"","365.7270","3.5307","0.0853"
"","365.8270","3.5206","0.0843"
"","365.9270","3.5106","0.0833"
"","366.0270","3.5006","0.0823"
"","366.1270","3.4908","0.0814"
"","366.2270","3.4805","0.0804"
"","366.3270","3.4705","0.0794"
"","366.4270","3.4606","0.0785"
"","366.5270","3.4507","0.0775"
"","366.6270","3.4406","0.0766"
"","366.7270","3.4307","0.0756"
"","366.8270","3.4209","0.0747"
"","366.9270","3.4105","0.0737"
"","367.0270","3.4004","0.0728"
"","367.1270","3.3906","0.0719"
"","367.2270","3.3808","0.0710"
"","367.3270","3.3706","0.0701"
"","367.4270","3.3605","0.0692"
"","367.5270","3.3508","0.0683"
"","367.6270","3.3407","0.0674"
"","367.7270","3.3306","0.0665"
"","367.8270","3.3205","0.0656"
"","367.9270","3.3108","0.0648"
"","368.0270","3.3007","0.0639"
"","368.1270","3.2906","0.0630"
"","368.2270","3.2806","0.0622"
"","368.3270","3.2707","0.0614"
"","368.4270","3.2607","0.0605"
"","368.5270","3.2506","0.0597"
"","368.6270","3.2408","0.0589"
"","368.7270","3.2305","0.0580"
"","368.8270","3.2206","0.0572"
"","368.9270","3.2106","0.0564"
"","369.0270","3.2007","0.0556"
"","369.1270","3.1905","0.0548"
"","369.2270","3.1806","0.0540"
"","369.3270","3.1708","0.0533"
"","369.4270","3.1606","0.0525"
"","369.5270","3.1504","0.0517"
"","369.6270","3.1407","0.0510"
"","369.7270","3.1308","0.0502"
"","369.8270","3.1207","0.0495"
"","369.9270","3.1104","0.0487"
"","370.0270","3.1008","0.0480"
"","370.1270","3.0906","0.0472"
"","370.2270","3.0806","0.0465"
"","370.3270","3.0705","0.0458"
"","370.4270","3.0609","0.0451"
"","370.5270","3.0507","0.0444"
"","370.6270","3.0406","0.0437"
"","370.7270","3.0307","0.0430"
"","370.8270","3.0207","0.0423"
"","370.9270","3.0106","0.0416"
"","371.0270","3.0006","0.0410"
"","371.1270","2.9908","0.0403"
"","371.2270","2.9805","0.0397"
"","371.3270","2.9706","0.0391"
"","371.4270","2.9607","0.0384"
"","371.5270","2.9507","0.0378"
"","371.6270","2.9405","0.0372"
"","371.7270","2.9307","0.0367"
"","371.8270","2.9208","0.0361"
"","371.9270","2.9105","0.0355"
"","372.0270","2.9004","0.0350"
"","372.1270","2.8906","0.0344"
"","372.2270","2.8808","0.0338"
"","372.3270","2.8706","0.0333"
"","372.4270","2.8605","0.0328"
"","372.5270","2.8509","0.0322"
"","372.6270","2.8406","0.0318"
"","372.7270","2.8304","0.0317"
"","372.8270","2.8205","0.0317"
"","372.9270","2.8108","0.0317"
"","373.0270","2.8006","0.0317"
"","373.1270","2.7905","0.0316"
"","373.2270","2.7807","0.0316"
"","373.3270","2.7706","0.0316"
"","373.4270","2.7606","0.0315"
"","373.5270","2.7506","0.0315"
"","373.6270","2.7409","0.0314"
"","373.7270","2.7304","0.0314"
"","373.8270","2.7205","0.0315"
"","373.9270","2.7107","0.0315"
"","374.0270","2.7007","0.0314"
"","374.1270","2.6905","0.0314"
"","374.2270","2.6806","0.0314"
"","374.3270","2.6709","0.0314"
"","374.4270","2.6606","0.0313"
"","374.5270","2.6504","0.0309"
"","374.6270","2.6406","0.0303"
"","374.7270","2.6309","0.0298"
"","374.8270","2.6207","0.0292"
"","374.9270","2.6105","0.0287"
"","375.0270","2.6008","0.0282"
"","375.1270","2.5907","0.0277"
"","375.2270","2.5805","0.0273"
"","375.3270","2.5705","0.0269"
"","375.4270","2.5609","0.0264"
"","375.5270","2.5507","0.0260"
"","375.6270","2.5406","0.0255"
"","375.7270","2.5306","0.0251"
"","375.8270","2.5206","0.0246"
"","375.9270","2.5106","0.0241"
"","376.0270","2.5006","0.0237"
"","376.1270","2.4908","0.0232"
"","376.2270","2.4805","0.0227"
"","376.3270","2.4706","0.0223"
"","376.4270","2.4606","0.0219"
"","376.5270","2.4507","0.0214"
"","376.6270","2.4405","0.0210"
"","376.7270","2.4307","0.0206"
"","376.8270","2.4209","0.0202"
"","376.9270","2.4106","0.0198"
"","377.0270","2.4004","0.0194"
"","377.1270","2.3907","0.0191"
"","377.2270","2.3808","0.0187"
"","377.3270","2.3706","0.0184"
"","377.4270","2.3605","0.0179"
"","377.5270","2.3508","0.0176"
"","377.6270","2.3406","0.0172"
"","377.7270","2.3305","0.0168"
"","377.8270","2.3205","0.0165"
"","377.9270","2.3108","0.0161"
"","378.0270","2.3006","0.0158"
"","378.1270","2.2906","0.0155"
"","378.2270","2.2807","0.0151"
"","378.3270","2.2706","0.0148"
"","378.4270","2.2605","0.0144"
"","378.5270","2.2505","0.0142"
"","378.6270","2.2408","0.0138"
"","378.7270","2.2305","0.0135"
"","378.8270","2.2205","0.0133"
"","378.9270","2.2107","0.0129"
"","379.0270","2.2007","0.0127"
"","379.1270","2.1906","0.0124"
"","379.2270","2.1807","0.0121"
"","379.3270","2.1708","0.0118"
"","379.4270","2.1605","0.0115"
"","379.5270","2.1505","0.0113"
"","379.6270","2.1406","0.0111"
"","379.7270","2.1307","0.0108"
"","379.8270","2.1206","0.0106"
"","379.9270","2.1105","0.0103"
"","380.0270","2.1008","0.0101"
"","380.1270","2.0906","0.0098"
"","380.2270","2.0804","0.0096"
"","380.3270","2.0705","0.0094"
"","380.4270","2.0609","0.0092"
"","380.5270","2.0506","0.0089"
"","380.6270","2.0405","0.0087"
"","380.7270","2.0307","0.0085"
"","380.8270","2.0207","0.0083"
"","380.9270","2.0106","0.0081"
"","381.0270","2.0006","0.0079"
"","381.1270","1.9908","0.0077"
"","381.2270","1.9805","0.0075"
"","381.3270","1.9705","0.0073"
"","381.4270","1.9606","0.0071"
"","381.5270","1.9507","0.0069"
"","381.6270","1.9406","0.0067"
"","381.7270","1.9307","0.0065"
"","381.8270","1.9209","0.0063"
"","381.9270","1.9105","0.0061"
"","382.0270","1.9004","0.0059"
"","382.1270","1.8906","0.0058"
"","382.2270","1.8808","0.0056"
"","382.3270","1.8706","0.0054"
"","382.4270","1.8605","0.0053"
"","382.5270","1.8508","0.0051"
"","382.6270","1.8407","0.0049"
"","382.7270","1.8305","0.0047"
"","382.8270","1.8205","0.0046"
"","382.9270","1.8108","0.0044"
"","383.0270","1.8007","0.0042"
"","383.1270","1.7905","0.0040"
"","383.2270","1.7807","0.0038"
"","383.3270","1.7707","0.0037"
"","383.4270","1.7606","0.0035"
"","383.5270","1.7506","0.0034"
"","383.6270","1.7409","0.0032"
"","383.7270","1.7305","0.0031"
"","383.8270","1.7206","0.0030"
"","383.9270","1.7106","0.0029"
"","384.0270","1.7007","0.0027"
"","384.1270","1.6905","0.0026"
"","384.2270","1.6806","0.0025"
"","384.3270","1.6709","0.0024"
"","384.4270","1.6606","0.0023"
"","384.5270","1.6504","0.0022"
"","384.6270","1.6407","0.0021"
"","384.7270","1.6308","0.0020"
"","384.8270","1.6207","0.0019"
"","384.9270","1.6104","0.0018"
"","385.0270","1.6008","0.0017"
"","385.1270","1.5906","0.0016"
"","385.2270","1.5806","0.0016"
"","385.3270","1.5705","0.0015"
"","385.4270","1.5608","0.0014"
"","385.5270","1.5507","0.0013"
"","385.6270","1.5406","0.0013"
"","385.7270","1.5307","0.0013"
"","385.8270","1.5206","0.0012"
"","385.9270","1.5106","0.0011"
"","386.0270","1.5005","0.0011"
"","386.1270","1.4908","0.0010"
"","386.2270","1.4804","0.0010"
"","386.3270","1.4706","0.0009"
"","386.4270","1.4608","0.0009"
"","386.5270","1.4507","0.0008"
"","386.6270","1.4405","0.0008"
"","386.7270","1.4307","0.0008"
"","386.8270","1.4208","0.0007"
"","386.9270","1.4106","0.0007"
"","387.0270","1.4004","0.0006"
"","387.1270","1.3906","0.0006"
"","387.2270","1.3808","0.0005"
"","387.3270","1.3706","0.0005"
"","387.4270","1.3605","0.0005"
"","387.5270","1.3508","0.0004"
"","387.6270","1.3407","0.0004"
"","387.7270","1.3305","0.0004"
"","387.8270","1.3204","0.0003"
"","387.9270","1.3108","0.0003"
"","388.0270","1.3007","0.0003"
"","388.1270","1.2906","0.0002"
"","388.2270","1.2807","0.0002"
"","388.3270","1.2706","0.0002"
"","388.4270","1.2606","0.0002"
"","388.5270","1.2506","0.0001"
"","388.6270","1.2408","0.0001"
"","388.7270","1.2304","0.0001"
"","388.8270","1.2205","0.0000"
"","388.9270","1.2107","0.0000"
"","389.0270","1.2007","0.0000"
"","389.1270","1.1905","0.0000"
"","389.2270","1.1807","-0.0001"
"","389.3270","1.1710","-0.0001"
"","389.4270","1.1605","-0.0001"
"","389.5270","1.1503","-0.0001"
"","389.6270","1.1406","-0.0002"
"","389.7270","1.1308","-0.0002"
"","389.8270","1.1206","-0.0002"
"","389.9270","1.1105","-0.0002"
"","390.0270","1.1008","-0.0002"
"","390.1270","1.0907","-0.0003"
"","390.2270","1.0806","-0.0003"
"","390.3270","1.0705","-0.0003"
"","390.4270","1.0608","-0.0003"
"","390.5270","1.0507","-0.0003"
"","390.6270","1.0406","-0.0003"
"","390.7270","1.0306","-0.0003"
"","390.8270","1.0206","-0.0004"
"","390.9270","1.0106","-0.0004"
"","391.0270","1.0006","-0.0004"
"","391.1270","0.9909","-0.0004"
"","391.2270","0.9805","-0.0004"
"","391.3270","0.9706","-0.0004"
"","391.4270","0.9606","-0.0004"
"","391.5270","0.9507","-0.0004"
"","391.6270","0.9405","-0.0004"
"","391.7270","0.9306","-0.0004"
"","391.8270","0.9209","-0.0005"
"","391.9270","0.9106","-0.0005"
"","392.0270","0.9004","-0.0005"
"","392.1270","0.8907","-0.0005"
"","392.2270","0.8808","-0.0005"
"","392.3270","0.8706","-0.0005"
"","392.4270","0.8604","-0.0005"
"","392.5270","0.8508","-0.0005"
"","392.6270","0.8407","-0.0005"
"","392.7270","0.8306","-0.0005"
"","392.8270","0.8205","-0.0005"
"","392.9270","0.8108","-0.0005"
"","393.0270","0.8007","-0.0005"
"","393.1270","0.7906","-0.0005"
"","393.2270","0.7807","-0.0006"
"","393.3270","0.7706","-0.0006"
"","393.4270","0.7606","-0.0006"
"","393.5270","0.7506","-0.0006"
"","393.6270","0.7408","-0.0006"
"","393.7270","0.7305","-0.0006"
"","393.8270","0.7206","-0.0006"
"","393.9270","0.7108","-0.0006"
"","394.0270","0.7007","-0.0006"
"","394.1270","0.6905","-0.0006"
"","394.2270","0.6807","-0.0006"
"","394.3270","0.6708","-0.0006"
"","394.4270","0.6605","-0.0006"
"","394.5270","0.6504","-0.0007"
"","394.6270","0.6407","-0.0007"
"","394.7270","0.6309","-0.0007"
"","394.8270","0.6206","-0.0007"
"","394.9270","0.6105","-0.0007"
"","395.0270","0.6009","-0.0007"
"","395.1270","0.5907","-0.0007"
"","395.2270","0.5805","-0.0007"
"","395.3270","0.5705","-0.0007"
"","395.4270","0.5608","-0.0007"
"","395.5270","0.5507","-0.0007"
"","395.6270","0.5406","-0.0007"
"","395.7270","0.5307","-0.0007"
"","395.8270","0.5205","-0.0007"
"","395.9270","0.5106","-0.0007"
"","396.0270","0.5006","-0.0008"
"","396.1270","0.4908","-0.0008"
"","396.2270","0.4804","-0.0008"
"","396.3270","0.4706","-0.0008"
"","396.4270","0.4608","-0.0008"
"","396.5270","0.4507","-0.0008"
"","396.6270","0.4405","-0.0008"
"","396.7270","0.4306","-0.0008"
"","396.8270","0.4210","-0.0008"
"","396.9270","0.4106","-0.0008"
"","397.0270","0.4004","-0.0008"
"","397.1270","0.3906","-0.0008"
"","397.2270","0.3809","-0.0008"
"","397.3270","0.3706","-0.0008"
"","397.4270","0.3605","-0.0008"
"","397.5270","0.3507","-0.0008"
"","397.6270","0.3407","-0.0008"
"","397.7270","0.3306","-0.0008"
"","397.8270","0.3206","-0.0009"
"","397.9270","0.3108","-0.0009"
"","398.0270","0.3006","-0.0009"
"","398.1270","0.2905","-0.0009"
"","398.2270","0.2807","-0.0009"
"","398.3270","0.2706","-0.0009"
"","398.4270","0.2606","-0.0009"
"","398.5270","0.2506","-0.0009"
"","398.6270","0.2408","-0.0009"
"","398.7270","0.2306","-0.0009"
"","398.8270","0.2205","-0.0009"
"","398.9270","0.2106","-0.0009"
"","399.0270","0.2007","-0.0009"
"","399.1270","0.1906","-0.0009"
"","399.2270","0.1806","-0.0009"
"","399.3270","0.1708","-0.0009"
"","399.4270","0.1606","-0.0009"
"","399.5270","0.1505","-0.0009"
"","399.6270","0.1406","-0.0009"
"","399.7270","0.1308","-0.0010"
"","399.8270","0.1206","-0.0010"
"","399.9270","0.1105","-0.0010"
"","400.0270","0.1007","-0.0010"
"","400.1270","0.0906","-0.0010"
"","400.2270","0.0806","-0.0010"
"","400.3270","0.0706","-0.0010"
"","400.4270","0.0608","-0.0010"
"","400.5270","0.0506","-0.0010"
"","400.6270","0.0406","-0.0010"
"","400.7270","0.0307","-0.0010"
"","400.8270","0.0206","-0.0010"
"","400.9270","0.0106","-0.0010"
"","401.0270","0.0006","-0.0010"
"","401.0330","0.0000","-0.0010"

