1,Time,Displacement,Force
,(s),(mm),(kN)
"","0.0000","0.0000","0.0000"
"","0.1000","0.0023","0.0000"
"","0.2000","0.0141","0.0000"
"","0.3000","0.0250","0.0000"
"","0.4000","0.0351","0.0000"
"","0.5000","0.0452","0.0001"
"","0.6000","0.0548","0.0001"
"","0.7000","0.0650","0.0001"
"","0.8000","0.0751","0.0001"
"","0.9000","0.0851","0.0001"
"","1.0000","0.0950","0.0001"
"","1.1000","0.1051","0.0001"
"","1.2000","0.1152","0.0001"
"","1.3000","0.1250","0.0001"
"","1.4000","0.1350","0.0001"
"","1.5000","0.1451","0.0002"
"","1.6000","0.1550","0.0002"
"","1.7000","0.1651","0.0002"
"","1.8000","0.1751","0.0002"
"","1.9000","0.1851","0.0002"
"","2.0000","0.1949","0.0002"
"","2.1000","0.2053","0.0002"
"","2.2000","0.2151","0.0002"
"","2.3000","0.2251","0.0002"
"","2.4000","0.2349","0.0003"
"","2.5000","0.2452","0.0003"
"","2.6000","0.2551","0.0003"
"","2.7000","0.2650","0.0003"
"","2.8000","0.2752","0.0003"
"","2.9000","0.2851","0.0003"
"","3.0000","0.2952","0.0003"
"","3.1000","0.3048","0.0004"
"","3.2000","0.3152","0.0004"
"","3.3000","0.3251","0.0004"
"","3.4000","0.3351","0.0004"
"","3.5000","0.3450","0.0004"
"","3.6000","0.3552","0.0005"
"","3.7000","0.3652","0.0005"
"","3.8000","0.3750","0.0005"
"","3.9000","0.3851","0.0006"
"","4.0000","0.3951","0.0006"
"","4.1000","0.4051","0.0006"
"","4.2000","0.4151","0.0007"
"","4.3000","0.4251","0.0007"
"","4.4000","0.4352","0.0008"
"","4.5000","0.4448","0.0008"
"","4.6000","0.4552","0.0008"
"","4.7000","0.4652","0.0009"
"","4.8000","0.4751","0.0009"
"","4.9000","0.4848","0.0010"
"","5.0000","0.4952","0.0010"
"","5.1000","0.5052","0.0011"
"","5.2000","0.5150","0.0011"
"","5.3000","0.5251","0.0012"
"","5.4000","0.5352","0.0012"
"","5.5000","0.5452","0.0013"
"","5.6000","0.5548","0.0014"
"","5.7000","0.5651","0.0014"
"","5.8000","0.5752","0.0015"
"","5.9000","0.5852","0.0016"
"","6.0000","0.5950","0.0017"
"","6.1000","0.6051","0.0017"
"","6.2000","0.6152","0.0018"
"","6.3000","0.6249","0.0019"
"","6.4000","0.6351","0.0020"
"","6.5000","0.6451","0.0021"
"","6.6000","0.6551","0.0022"
"","6.7000","0.6651","0.0023"
"","6.8000","0.6751","0.0024"
"","6.9000","0.6851","0.0025"
"","7.0000","0.6949","0.0026"
"","7.1000","0.7052","0.0027"
"","7.2000","0.7151","0.0029"
"","7.3000","0.7251","0.0030"
"","7.4000","0.7348","0.0031"
"","7.5000","0.7452","0.0032"
"","7.6000","0.7552","0.0034"
"","7.7000","0.7650","0.0035"
"","7.8000","0.7751","0.0036"
"","7.9000","0.7852","0.0037"
"","8.0000","0.7952","0.0039"
"","8.1000","0.8048","0.0040"
"","8.2000","0.8150","0.0042"
"","8.3000","0.8252","0.0043"
"","8.4000","0.8352","0.0044"
"","8.5000","0.8450","0.0046"
"","8.6000","0.8551","0.0048"
"","8.7000","0.8651","0.0049"
"","8.8000","0.8750","0.0051"
"","8.9000","0.8850","0.0052"
"","9.0000","0.8950","0.0054"
"","9.1000","0.9050","0.0056"
"","9.2000","0.9151","0.0057"
"","9.3000","0.9252","0.0059"
"","9.4000","0.9351","0.0061"
"","9.5000","0.9449","0.0062"
"","9.6000","0.9553","0.0064"
"","9.7000","0.9651","0.0066"
"","9.8000","0.9751","0.0067"
"","9.9000","0.9849","0.0069"
"","10.0000","0.9952","0.0071"
"","10.1000","1.0052","0.0073"
"","10.2000","1.0150","0.0074"
"","10.3000","1.0251","0.0076"
"","10.4000","1.0352","0.0078"
"","10.5000","1.0453","0.0079"
"","10.6000","1.0548","0.0081"
"","10.7000","1.0651","0.0083"
"","10.8000","1.0751","0.0085"
"","10.9000","1.0851","0.0087"
"","11.0000","1.0951","0.0089"
"","11.1000","1.1051","0.0091"
"","11.2000","1.1151","0.0093"
"","11.3000","1.1249","0.0095"
"","11.4000","1.1352","0.0097"
"","11.5000","1.1451","0.0099"
"","11.6000","1.1551","0.0101"
"","11.7000","1.1650","0.0103"
"","11.8000","1.1752","0.0105"
"","11.9000","1.1851","0.0108"
"","12.0000","1.1948","0.0110"
"","12.1000","1.2052","0.0112"
"","12.2000","1.2152","0.0114"
"","12.3000","1.2251","0.0117"
"","12.4000","1.2348","0.0119"
"","12.5000","1.2452","0.0122"
"","12.6000","1.2552","0.0124"
"","12.7000","1.2650","0.0126"
"","12.8000","1.2751","0.0128"
"","12.9000","1.2852","0.0131"
"","13.0000","1.2951","0.0134"
"","13.1000","1.3048","0.0136"
"","13.2000","1.3150","0.0139"
"","13.3000","1.3252","0.0142"
"","13.4000","1.3351","0.0145"
"","13.5000","1.3451","0.0148"
"","13.6000","1.3552","0.0150"
"","13.7000","1.3652","0.0153"
"","13.8000","1.3748","0.0156"
"","13.9000","1.3851","0.0158"
"","14.0000","1.3951","0.0161"
"","14.1000","1.4051","0.0164"
"","14.2000","1.4150","0.0167"
"","14.3000","1.4252","0.0169"
"","14.4000","1.4351","0.0172"
"","14.5000","1.4449","0.0175"
"","14.6000","1.4551","0.0177"
"","14.7000","1.4651","0.0180"
"","14.8000","1.4751","0.0183"
"","14.9000","1.4849","0.0186"
"","15.0000","1.4952","0.0189"
"","15.1000","1.5052","0.0192"
"","15.2000","1.5150","0.0194"
"","15.3000","1.5251","0.0197"
"","15.4000","1.5351","0.0200"
"","15.5000","1.5453","0.0203"
"","15.6000","1.5548","0.0206"
"","15.7000","1.5650","0.0209"
"","15.8000","1.5751","0.0212"
"","15.9000","1.5852","0.0215"
"","16.0000","1.5951","0.0218"
"","16.1000","1.6051","0.0221"
"","16.2000","1.6152","0.0224"
"","16.3000","1.6250","0.0227"
"","16.4000","1.6351","0.0230"
"","16.5000","1.6450","0.0232"
"","16.6000","1.6550","0.0236"
"","16.7000","1.6651","0.0238"
"","16.8000","1.6752","0.0241"
"","16.9000","1.6851","0.0244"
"","17.0000","1.6949","0.0247"
"","17.1000","1.7053","0.0251"
"","17.2000","1.7151","0.0253"
"","17.3000","1.7250","0.0257"
"","17.4000","1.7348","0.0260"
"","17.5000","1.7452","0.0263"
"","17.6000","1.7552","0.0266"
"","17.7000","1.7649","0.0269"
"","17.8000","1.7751","0.0273"
"","17.9000","1.7852","0.0276"
"","18.0000","1.7953","0.0278"
"","18.1000","1.8048","0.0282"
"","18.2000","1.8151","0.0285"
"","18.3000","1.8250","0.0288"
"","18.4000","1.8352","0.0292"
"","18.5000","1.8450","0.0294"
"","18.6000","1.8551","0.0298"
"","18.7000","1.8651","0.0301"
"","18.8000","1.8750","0.0304"
"","18.9000","1.8851","0.0307"
"","19.0000","1.8951","0.0310"
"","19.1000","1.9051","0.0313"
"","19.2000","1.9151","0.0316"
"","19.3000","1.9252","0.0320"
"","19.4000","1.9351","0.0324"
"","19.5000","1.9448","0.0327"
"","19.6000","1.9552","0.0331"
"","19.7000","1.9651","0.0334"
"","19.8000","1.9751","0.0337"
"","19.9000","1.9849","0.0340"
"","20.0000","1.9952","0.0341"
"","20.1000","2.0052","0.0341"
"","20.2000","2.0149","0.0342"
"","20.3000","2.0251","0.0342"
"","20.4000","2.0352","0.0342"
"","20.5000","2.0452","0.0342"
"","20.6000","2.0547","0.0342"
"","20.7000","2.0651","0.0342"
"","20.8000","2.0752","0.0341"
"","20.9000","2.0852","0.0341"
"","21.0000","2.0950","0.0341"
"","21.1000","2.1051","0.0341"
"","21.2000","2.1152","0.0342"
"","21.3000","2.1250","0.0343"
"","21.4000","2.1351","0.0343"
"","21.5000","2.1451","0.0342"
"","21.6000","2.1551","0.0342"
"","21.7000","2.1651","0.0341"
"","21.8000","2.1752","0.0341"
"","21.9000","2.1851","0.0342"
"","22.0000","2.1948","0.0343"
"","22.1000","2.2052","0.0348"
"","22.2000","2.2151","0.0353"
"","22.3000","2.2251","0.0358"
"","22.4000","2.2348","0.0363"
"","22.5000","2.2451","0.0367"
"","22.6000","2.2552","0.0372"
"","22.7000","2.2650","0.0377"
"","22.8000","2.2751","0.0381"
"","22.9000","2.2851","0.0386"
"","23.0000","2.2952","0.0390"
"","23.1000","2.3047","0.0394"
"","23.2000","2.3150","0.0398"
"","23.3000","2.3252","0.0402"
"","23.4000","2.3352","0.0406"
"","23.5000","2.3450","0.0410"
"","23.6000","2.3551","0.0414"
"","23.7000","2.3651","0.0418"
"","23.8000","2.3750","0.0422"
"","23.9000","2.3850","0.0426"
"","24.0000","2.3951","0.0430"
"","24.1000","2.4050","0.0434"
"","24.2000","2.4151","0.0438"
"","24.3000","2.4251","0.0442"
"","24.4000","2.4351","0.0446"
"","24.5000","2.4449","0.0450"
"","24.6000","2.4553","0.0454"
"","24.7000","2.4653","0.0458"
"","24.8000","2.4750","0.0462"
"","24.9000","2.4848","0.0466"
"","25.0000","2.4950","0.0470"
"","25.1000","2.5052","0.0475"
"","25.2000","2.5149","0.0479"
"","25.3000","2.5251","0.0483"
"","25.4000","2.5351","0.0487"
"","25.5000","2.5453","0.0492"
"","25.6000","2.5547","0.0496"
"","25.7000","2.5651","0.0500"
"","25.8000","2.5751","0.0504"
"","25.9000","2.5852","0.0509"
"","26.0000","2.5950","0.0513"
"","26.1000","2.6051","0.0518"
"","26.2000","2.6152","0.0522"
"","26.3000","2.6249","0.0526"
"","26.4000","2.6352","0.0531"
"","26.5000","2.6451","0.0535"
"","26.6000","2.6551","0.0540"
"","26.7000","2.6651","0.0544"
"","26.8000","2.6751","0.0548"
"","26.9000","2.6851","0.0553"
"","27.0000","2.6949","0.0558"
"","27.1000","2.7052","0.0562"
"","27.2000","2.7152","0.0567"
"","27.3000","2.7250","0.0571"
"","27.4000","2.7349","0.0576"
"","27.5000","2.7452","0.0581"
"","27.6000","2.7552","0.0585"
"","27.7000","2.7649","0.0590"
"","27.8000","2.7750","0.0595"
"","27.9000","2.7852","0.0599"
"","28.0000","2.7952","0.0604"
"","28.1000","2.8047","0.0608"
"","28.2000","2.8151","0.0613"
"","28.3000","2.8252","0.0618"
"","28.4000","2.8352","0.0623"
"","28.5000","2.8450","0.0628"
"","28.6000","2.8551","0.0633"
"","28.7000","2.8652","0.0637"
"","28.8000","2.8749","0.0642"
"","28.9000","2.8851","0.0647"
"","29.0000","2.8951","0.0652"
"","29.1000","2.9051","0.0657"
"","29.2000","2.9151","0.0661"
"","29.3000","2.9252","0.0666"
"","29.4000","2.9351","0.0671"
"","29.5000","2.9448","0.0676"
"","29.6000","2.9552","0.0681"
"","29.7000","2.9651","0.0686"
"","29.8000","2.9751","0.0691"
"","29.9000","2.9848","0.0696"
"","30.0000","2.9952","0.0701"
"","30.1000","3.0052","0.0706"
"","30.2000","3.0150","0.0711"
"","30.3000","3.0251","0.0716"
"","30.4000","3.0351","0.0721"
"","30.5000","3.0453","0.0726"
"","30.6000","3.0548","0.0731"
"","30.7000","3.0650","0.0736"
"","30.8000","3.0751","0.0741"
"","30.9000","3.0852","0.0746"
"","31.0000","3.0950","0.0751"
"","31.1000","3.1051","0.0757"
"","31.2000","3.1152","0.0762"
"","31.3000","3.1250","0.0767"
"","31.4000","3.1350","0.0772"
"","31.5000","3.1451","0.0777"
"","31.6000","3.1551","0.0782"
"","31.7000","3.1651","0.0787"
"","31.8000","3.1751","0.0792"
"","31.9000","3.1851","0.0798"
"","32.0000","3.1949","0.0803"
"","32.1000","3.2053","0.0808"
"","32.2000","3.2151","0.0813"
"","32.3000","3.2251","0.0819"
"","32.4000","3.2349","0.0824"
"","32.5000","3.2452","0.0829"
"","32.6000","3.2551","0.0835"
"","32.7000","3.2650","0.0840"
"","32.8000","3.2752","0.0844"
"","32.9000","3.2852","0.0849"
"","33.0000","3.2952","0.0854"
"","33.1000","3.3048","0.0859"
"","33.2000","3.3152","0.0865"
"","33.3000","3.3251","0.0870"
"","33.4000","3.3350","0.0876"
"","33.5000","3.3450","0.0881"
"","33.6000","3.3552","0.0887"
"","33.7000","3.3652","0.0892"
"","33.8000","3.3748","0.0897"
"","33.9000","3.3851","0.0903"
"","34.0000","3.3952","0.0908"
"","34.1000","3.4051","0.0914"
"","34.2000","3.4151","0.0919"
"","34.3000","3.4252","0.0925"
"","34.4000","3.4352","0.0930"
"","34.5000","3.4449","0.0936"
"","34.6000","3.4552","0.0941"
"","34.7000","3.4651","0.0947"
"","34.8000","3.4751","0.0952"
"","34.9000","3.4850","0.0958"
"","35.0000","3.4952","0.0964"
"","35.1000","3.5051","0.0969"
"","35.2000","3.5150","0.0974"
"","35.3000","3.5251","0.0980"
"","35.4000","3.5352","0.0986"
"","35.5000","3.5452","0.0991"
"","35.6000","3.5548","0.0996"
"","35.7000","3.5651","0.1002"
"","35.8000","3.5752","0.1008"
"","35.9000","3.5851","0.1014"
"","36.0000","3.5950","0.1019"
"","36.1000","3.6052","0.1025"
"","36.2000","3.6152","0.1031"
"","36.3000","3.6248","0.1036"
"","36.4000","3.6351","0.1042"
"","36.5000","3.6451","0.1047"
"","36.6000","3.6551","0.1053"
"","36.7000","3.6650","0.1059"
"","36.8000","3.6751","0.1064"
"","36.9000","3.6851","0.1070"
"","37.0000","3.6948","0.1076"
"","37.1000","3.7052","0.1082"
"","37.2000","3.7151","0.1087"
"","37.3000","3.7251","0.1093"
"","37.4000","3.7348","0.1099"
"","37.5000","3.7451","0.1104"
"","37.6000","3.7552","0.1110"
"","37.7000","3.7649","0.1115"
"","37.8000","3.7751","0.1121"
"","37.9000","3.7852","0.1127"
"","38.0000","3.7953","0.1133"
"","38.1000","3.8048","0.1138"
"","38.2000","3.8150","0.1144"
"","38.3000","3.8251","0.1150"
"","38.4000","3.8352","0.1156"
"","38.5000","3.8450","0.1161"
"","38.6000","3.8551","0.1167"
"","38.7000","3.8652","0.1173"
"","38.8000","3.8750","0.1178"
"","38.9000","3.8850","0.1184"
"","39.0000","3.8950","0.1190"
"","39.1000","3.9050","0.1196"
"","39.2000","3.9151","0.1202"
"","39.3000","3.9251","0.1208"
"","39.4000","3.9351","0.1213"
"","39.5000","3.9448","0.1219"
"","39.6000","3.9553","0.1225"
"","39.7000","3.9651","0.1231"
"","39.8000","3.9750","0.1237"
"","39.9000","3.9848","0.1242"
"","40.0000","3.9952","0.1248"
"","40.0480","4.0000","0.1251"
"","40.0490","4.0001","0.1251"
"","40.0500","4.0002","0.1251"
"","40.1500","4.0005","0.1247"
"","40.2500","3.9927","0.1235"
"","40.3500","3.9808","0.1218"
"","40.4500","3.9708","0.1204"
"","40.5500","3.9603","0.1190"
"","40.6500","3.9502","0.1177"
"","40.7500","3.9405","0.1165"
"","40.8500","3.9305","0.1153"
"","40.9500","3.9204","0.1140"
"","41.0500","3.9103","0.1128"
"","41.1500","3.9007","0.1117"
"","41.2500","3.8904","0.1105"
"","41.3500","3.8803","0.1093"
"","41.4500","3.8704","0.1082"
"","41.5500","3.8606","0.1071"
"","41.6500","3.8505","0.1059"
"","41.7500","3.8403","0.1048"
"","41.8500","3.8304","0.1037"
"","41.9500","3.8205","0.1026"
"","42.0500","3.8104","0.1014"
"","42.1500","3.8004","0.1004"
"","42.2500","3.7905","0.0993"
"","42.3500","3.7804","0.0982"
"","42.4500","3.7703","0.0971"
"","42.5500","3.7605","0.0961"
"","42.6500","3.7503","0.0950"
"","42.7500","3.7404","0.0939"
"","42.8500","3.7305","0.0929"
"","42.9500","3.7206","0.0918"
"","43.0500","3.7103","0.0908"
"","43.1500","3.7003","0.0897"
"","43.2500","3.6905","0.0887"
"","43.3500","3.6805","0.0877"
"","43.4500","3.6704","0.0867"
"","43.5500","3.6603","0.0857"
"","43.6500","3.6507","0.0847"
"","43.7500","3.6403","0.0836"
"","43.8500","3.6302","0.0826"
"","43.9500","3.6203","0.0816"
"","44.0500","3.6105","0.0807"
"","44.1500","3.6005","0.0797"
"","44.2500","3.5903","0.0787"
"","44.3500","3.5805","0.0777"
"","44.4500","3.5703","0.0768"
"","44.5500","3.5603","0.0758"
"","44.6500","3.5504","0.0749"
"","44.7500","3.5405","0.0740"
"","44.8500","3.5304","0.0730"
"","44.9500","3.5203","0.0721"
"","45.0500","3.5105","0.0712"
"","45.1500","3.5003","0.0702"
"","45.2500","3.4904","0.0693"
"","45.3500","3.4804","0.0684"
"","45.4500","3.4705","0.0675"
"","45.5500","3.4602","0.0667"
"","45.6500","3.4503","0.0658"
"","45.7500","3.4404","0.0649"
"","45.8500","3.4304","0.0640"
"","45.9500","3.4203","0.0632"
"","46.0500","3.4103","0.0623"
"","46.1500","3.4006","0.0615"
"","46.2500","3.3903","0.0606"
"","46.3500","3.3802","0.0597"
"","46.4500","3.3704","0.0589"
"","46.5500","3.3605","0.0581"
"","46.6500","3.3503","0.0572"
"","46.7500","3.3403","0.0564"
"","46.8500","3.3305","0.0556"
"","46.9500","3.3204","0.0548"
"","47.0500","3.3103","0.0540"
"","47.1500","3.3004","0.0532"
"","47.2500","3.2905","0.0525"
"","47.3500","3.2803","0.0517"
"","47.4500","3.2704","0.0509"
"","47.5500","3.2605","0.0501"
"","47.6500","3.2503","0.0494"
"","47.7500","3.2403","0.0486"
"","47.8500","3.2304","0.0479"
"","47.9500","3.2207","0.0472"
"","48.0500","3.2103","0.0464"
"","48.1500","3.2002","0.0457"
"","48.2500","3.1905","0.0450"
"","48.3500","3.1805","0.0443"
"","48.4500","3.1703","0.0436"
"","48.5500","3.1603","0.0429"
"","48.6500","3.1507","0.0422"
"","48.7500","3.1404","0.0415"
"","48.8500","3.1303","0.0408"
"","48.9500","3.1203","0.0402"
"","49.0500","3.1106","0.0395"
"","49.1500","3.1005","0.0389"
"","49.2500","3.0903","0.0382"
"","49.3500","3.0805","0.0376"
"","49.4500","3.0704","0.0370"
"","49.5500","3.0603","0.0363"
"","49.6500","3.0504","0.0357"
"","49.7500","3.0406","0.0352"
"","49.8500","3.0304","0.0346"
"","49.9500","3.0204","0.0341"
"","50.0500","3.0105","0.0335"
"","50.1500","3.0003","0.0330"
"","50.2500","2.9903","0.0325"
"","50.3500","2.9804","0.0322"
"","50.4500","2.9706","0.0320"
"","50.5500","2.9604","0.0319"
"","50.6500","2.9502","0.0318"
"","50.7500","2.9405","0.0319"
"","50.8500","2.9305","0.0318"
"","50.9500","2.9205","0.0318"
"","51.0500","2.9102","0.0318"
"","51.1500","2.9006","0.0318"
"","51.2500","2.8903","0.0318"
"","51.3500","2.8803","0.0318"
"","51.4500","2.8703","0.0319"
"","51.5500","2.8606","0.0319"
"","51.6500","2.8505","0.0319"
"","51.7500","2.8403","0.0319"
"","51.8500","2.8305","0.0319"
"","51.9500","2.8203","0.0319"
"","52.0500","2.8103","0.0318"
"","52.1500","2.8004","0.0317"
"","52.2500","2.7905","0.0313"
"","52.3500","2.7803","0.0308"
"","52.4500","2.7704","0.0304"
"","52.5500","2.7606","0.0300"
"","52.6500","2.7503","0.0296"
"","52.7500","2.7403","0.0291"
"","52.8500","2.7304","0.0286"
"","52.9500","2.7206","0.0281"
"","53.0500","2.7103","0.0276"
"","53.1500","2.7002","0.0271"
"","53.2500","2.6905","0.0266"
"","53.3500","2.6805","0.0262"
"","53.4500","2.6704","0.0257"
"","53.5500","2.6602","0.0252"
"","53.6500","2.6506","0.0248"
"","53.7500","2.6404","0.0243"
"","53.8500","2.6302","0.0239"
"","53.9500","2.6203","0.0234"
"","54.0500","2.6105","0.0229"
"","54.1500","2.6005","0.0225"
"","54.2500","2.5904","0.0220"
"","54.3500","2.5805","0.0216"
"","54.4500","2.5703","0.0211"
"","54.5500","2.5603","0.0207"
"","54.6500","2.5504","0.0203"
"","54.7500","2.5405","0.0199"
"","54.8500","2.5303","0.0195"
"","54.9500","2.5204","0.0191"
"","55.0500","2.5106","0.0187"
"","55.1500","2.5003","0.0183"
"","55.2500","2.4903","0.0179"
"","55.3500","2.4805","0.0175"
"","55.4500","2.4708","0.0172"
"","55.5500","2.4603","0.0168"
"","55.6500","2.4502","0.0164"
"","55.7500","2.4405","0.0161"
"","55.8500","2.4305","0.0157"
"","55.9500","2.4203","0.0154"
"","56.0500","2.4102","0.0150"
"","56.1500","2.4007","0.0147"
"","56.2500","2.3904","0.0144"
"","56.3500","2.3803","0.0140"
"","56.4500","2.3703","0.0137"
"","56.5500","2.3606","0.0134"
"","56.6500","2.3505","0.0130"
"","56.7500","2.3403","0.0127"
"","56.8500","2.3304","0.0123"
"","56.9500","2.3204","0.0120"
"","57.0500","2.3103","0.0116"
"","57.1500","2.3004","0.0113"
"","57.2500","2.2906","0.0110"
"","57.3500","2.2804","0.0107"
"","57.4500","2.2704","0.0104"
"","57.5500","2.2605","0.0101"
"","57.6500","2.2503","0.0098"
"","57.7500","2.2402","0.0096"
"","57.8500","2.2304","0.0093"
"","57.9500","2.2206","0.0090"
"","58.0500","2.2104","0.0088"
"","58.1500","2.2002","0.0085"
"","58.2500","2.1906","0.0083"
"","58.3500","2.1805","0.0080"
"","58.4500","2.1704","0.0078"
"","58.5500","2.1602","0.0076"
"","58.6500","2.1506","0.0074"
"","58.7500","2.1404","0.0071"
"","58.8500","2.1303","0.0069"
"","58.9500","2.1203","0.0067"
"","59.0500","2.1105","0.0065"
"","59.1500","2.1005","0.0063"
"","59.2500","2.0903","0.0061"
"","59.3500","2.0805","0.0059"
"","59.4500","2.0703","0.0057"
"","59.5500","2.0603","0.0055"
"","59.6500","2.0504","0.0053"
"","59.7500","2.0405","0.0051"
"","59.8500","2.0304","0.0050"
"","59.9500","2.0204","0.0048"
"","60.0500","2.0106","0.0046"
"","60.1500","2.0003","0.0045"
"","60.2500","1.9903","0.0043"
"","60.3500","1.9804","0.0042"
"","60.4500","1.9706","0.0040"
"","60.5500","1.9602","0.0038"
"","60.6500","1.9502","0.0037"
"","60.7500","1.9405","0.0036"
"","60.8500","1.9305","0.0034"
"","60.9500","1.9204","0.0033"
"","61.0500","1.9102","0.0032"
"","61.1500","1.9007","0.0031"
"","61.2500","1.8904","0.0029"
"","61.3500","1.8803","0.0028"
"","61.4500","1.8703","0.0027"
"","61.5500","1.8605","0.0026"
"","61.6500","1.8505","0.0025"
"","61.7500","1.8404","0.0024"
"","61.8500","1.8305","0.0023"
"","61.9500","1.8203","0.0022"
"","62.0500","1.8103","0.0021"
"","62.1500","1.8004","0.0020"
"","62.2500","1.7905","0.0019"
"","62.3500","1.7802","0.0019"
"","62.4500","1.7704","0.0018"
"","62.5500","1.7606","0.0017"
"","62.6500","1.7503","0.0016"
"","62.7500","1.7402","0.0016"
"","62.8500","1.7304","0.0015"
"","62.9500","1.7207","0.0015"
"","63.0500","1.7103","0.0014"
"","63.1500","1.7002","0.0014"
"","63.2500","1.6905","0.0013"
"","63.3500","1.6805","0.0013"
"","63.4500","1.6703","0.0012"
"","63.5500","1.6603","0.0012"
"","63.6500","1.6506","0.0012"
"","63.7500","1.6404","0.0011"
"","63.8500","1.6303","0.0011"
"","63.9500","1.6204","0.0010"
"","64.0500","1.6105","0.0010"
"","64.1500","1.6004","0.0009"
"","64.2500","1.5903","0.0009"
"","64.3500","1.5805","0.0008"
"","64.4500","1.5703","0.0008"
"","64.5500","1.5603","0.0008"
"","64.6500","1.5504","0.0007"
"","64.7500","1.5406","0.0007"
"","64.8500","1.5304","0.0006"
"","64.9500","1.5203","0.0006"
"","65.0500","1.5105","0.0006"
"","65.1500","1.5004","0.0006"
"","65.2500","1.4903","0.0005"
"","65.3500","1.4803","0.0005"
"","65.4500","1.4706","0.0005"
"","65.5500","1.4603","0.0004"
"","65.6500","1.4503","0.0004"
"","65.7500","1.4405","0.0004"
"","65.8500","1.4305","0.0004"
"","65.9500","1.4204","0.0004"
"","66.0500","1.4103","0.0004"
"","66.1500","1.4005","0.0003"
"","66.2500","1.3904","0.0003"
"","66.3500","1.3803","0.0003"
"","66.4500","1.3704","0.0003"
"","66.5500","1.3605","0.0003"
"","66.6500","1.3505","0.0003"
"","66.7500","1.3403","0.0002"
"","66.8500","1.3305","0.0002"
"","66.9500","1.3203","0.0002"
"","67.0500","1.3104","0.0002"
"","67.1500","1.3004","0.0002"
"","67.2500","1.2906","0.0002"
"","67.3500","1.2803","0.0002"
"","67.4500","1.2704","0.0002"
"","67.5500","1.2606","0.0002"
"","67.6500","1.2503","0.0002"
"","67.7500","1.2403","0.0001"
"","67.8500","1.2305","0.0001"
"","67.9500","1.2206","0.0001"
"","68.0500","1.2102","0.0001"
"","68.1500","1.2002","0.0001"
"","68.2500","1.1905","0.0001"
"","68.3500","1.1805","0.0001"
"","68.4500","1.1703","0.0001"
"","68.5500","1.1602","0.0001"
"","68.6500","1.1507","0.0001"
"","68.7500","1.1404","0.0001"
"","68.8500","1.1302","0.0001"
"","68.9500","1.1203","0.0000"
"","69.0500","1.1106","0.0000"
"","69.1500","1.1005","0.0000"
"","69.2500","1.0903","0.0000"
"","69.3500","1.0805","0.0000"
"","69.4500","1.0704","0.0000"
"","69.5500","1.0604","0.0000"
"","69.6500","1.0504","0.0000"
"","69.7500","1.0405","0.0000"
"","69.8500","1.0303","0.0000"
"","69.9500","1.0204","0.0000"
"","70.0500","1.0106","0.0000"
"","70.1500","1.0003","-0.0001"
"","70.2500","0.9902","-0.0001"
"","70.3500","0.9805","-0.0001"
"","70.4500","0.9707","-0.0001"
"","70.5500","0.9603","-0.0001"
"","70.6500","0.9501","-0.0001"
"","70.7500","0.9405","-0.0001"
"","70.8500","0.9305","-0.0001"
"","70.9500","0.9203","-0.0001"
"","71.0500","0.9102","-0.0001"
"","71.1500","0.9007","-0.0001"
"","71.2500","0.8904","-0.0001"
"","71.3500","0.8803","-0.0001"
"","71.4500","0.8703","-0.0001"
"","71.5500","0.8606","-0.0001"
"","71.6500","0.8505","-0.0002"
"","71.7500","0.8403","-0.0002"
"","71.8500","0.8305","-0.0002"
"","71.9500","0.8204","-0.0002"
"","72.0500","0.8103","-0.0002"
"","72.1500","0.8004","-0.0002"
"","72.2500","0.7906","-0.0002"
"","72.3500","0.7804","-0.0002"
"","72.4500","0.7704","-0.0002"
"","72.5500","0.7605","-0.0002"
"","72.6500","0.7503","-0.0002"
"","72.7500","0.7402","-0.0002"
"","72.8500","0.7304","-0.0002"
"","72.9500","0.7206","-0.0002"
"","73.0500","0.7103","-0.0002"
"","73.1500","0.7002","-0.0002"
"","73.2500","0.6906","-0.0002"
"","73.3500","0.6805","-0.0003"
"","73.4500","0.6704","-0.0002"
"","73.5500","0.6602","-0.0003"
"","73.6500","0.6506","-0.0003"
"","73.7500","0.6403","-0.0003"
"","73.8500","0.6303","-0.0003"
"","73.9500","0.6203","-0.0003"
"","74.0500","0.6106","-0.0003"
"","74.1500","0.6005","-0.0003"
"","74.2500","0.5904","-0.0003"
"","74.3500","0.5805","-0.0003"
"","74.4500","0.5704","-0.0003"
"","74.5500","0.5603","-0.0003"
"","74.6500","0.5504","-0.0003"
"","74.7500","0.5405","-0.0003"
"","74.8500","0.5304","-0.0003"
"","74.9500","0.5203","-0.0003"
"","75.0500","0.5105","-0.0003"
"","75.1500","0.5003","-0.0003"
"","75.2500","0.4903","-0.0004"
"","75.3500","0.4805","-0.0004"
"","75.4500","0.4706","-0.0003"
"","75.5500","0.4603","-0.0004"
"","75.6500","0.4503","-0.0004"
"","75.7500","0.4405","-0.0004"
"","75.8500","0.4305","-0.0004"
"","75.9500","0.4203","-0.0004"
"","76.0500","0.4103","-0.0004"
"","76.1500","0.4006","-0.0004"
"","76.2500","0.3904","-0.0004"
"","76.3500","0.3803","-0.0004"
"","76.4500","0.3703","-0.0004"
"","76.5500","0.3606","-0.0004"
"","76.6500","0.3504","-0.0004"
"","76.7500","0.3403","-0.0004"
"","76.8500","0.3305","-0.0004"
"","76.9500","0.3204","-0.0004"
"","77.0500","0.3103","-0.0004"
"","77.1500","0.3004","-0.0004"
"","77.2500","0.2905","-0.0004"
"","77.3500","0.2804","-0.0004"
"","77.4500","0.2704","-0.0004"
"","77.5500","0.2605","-0.0005"
"","77.6500","0.2503","-0.0004"
"","77.7500","0.2402","-0.0005"
"","77.8500","0.2304","-0.0005"
"","77.9500","0.2207","-0.0005"
"","78.0500","0.2103","-0.0005"
"","78.1500","0.2002","-0.0005"
"","78.2500","0.1905","-0.0005"
"","78.3500","0.1805","-0.0005"
"","78.4500","0.1703","-0.0005"
"","78.5500","0.1602","-0.0005"
"","78.6500","0.1507","-0.0005"
"","78.7500","0.1404","-0.0005"
"","78.8500","0.1303","-0.0005"
"","78.9500","0.1203","-0.0005"
"","79.0500","0.1106","-0.0005"
"","79.1500","0.1004","-0.0005"
"","79.2500","0.0903","-0.0005"
"","79.3500","0.0805","-0.0005"
"","79.4500","0.0704","-0.0005"
"","79.5500","0.0603","-0.0005"
"","79.6500","0.0504","-0.0005"
"","79.7500","0.0405","-0.0005"
"","79.8500","0.0304","-0.0005"
"","79.9500","0.0203","-0.0005"
"","80.0500","0.0105","-0.0005"
"","80.1500","0.0003","-0.0005"
"","80.1540","-0.0001","-0.0005"
"","80.1550","-0.0002","-0.0005"
"","80.1560","-0.0003","-0.0005"
"","80.2560","-0.0004","-0.0005"
"","80.3560","0.0073","-0.0005"
"","80.4560","0.0189","-0.0005"
"","80.5560","0.0295","-0.0005"
"","80.6560","0.0397","-0.0005"
"","80.7560","0.0494","-0.0005"
"","80.8560","0.0595","-0.0005"
"","80.9560","0.0695","-0.0005"
"","81.0560","0.0797","-0.0005"
"","81.1560","0.0893","-0.0005"
"","81.2560","0.0994","-0.0004"
"","81.3560","0.1096","-0.0004"
"","81.4560","0.1196","-0.0004"
"","81.5560","0.1295","-0.0004"
"","81.6560","0.1396","-0.0004"
"","81.7560","0.1496","-0.0004"
"","81.8560","0.1594","-0.0004"
"","81.9560","0.1696","-0.0004"
"","82.0560","0.1795","-0.0004"
"","82.1560","0.1895","-0.0004"
"","82.2560","0.1994","-0.0004"
"","82.3560","0.2096","-0.0004"
"","82.4560","0.2196","-0.0004"
"","82.5560","0.2294","-0.0004"
"","82.6560","0.2396","-0.0004"
"","82.7560","0.2496","-0.0004"
"","82.8560","0.2596","-0.0003"
"","82.9560","0.2694","-0.0003"
"","83.0560","0.2796","-0.0003"
"","83.1560","0.2896","-0.0003"
"","83.2560","0.2995","-0.0003"
"","83.3560","0.3095","-0.0003"
"","83.4560","0.3197","-0.0003"
"","83.5560","0.3297","-0.0003"
"","83.6560","0.3393","-0.0003"
"","83.7560","0.3496","-0.0003"
"","83.8560","0.3596","-0.0003"
"","83.9560","0.3696","-0.0003"
"","84.0560","0.3795","-0.0003"
"","84.1560","0.3896","-0.0002"
"","84.2560","0.3996","-0.0002"
"","84.3560","0.4093","-0.0002"
"","84.4560","0.4197","-0.0002"
"","84.5560","0.4296","-0.0002"
"","84.6560","0.4395","-0.0002"
"","84.7560","0.4494","-0.0002"
"","84.8560","0.4598","-0.0002"
"","84.9560","0.4696","-0.0002"
"","85.0560","0.4794","-0.0002"
"","85.1560","0.4895","-0.0002"
"","85.2560","0.4997","-0.0002"
"","85.3560","0.5096","-0.0002"
"","85.4560","0.5193","-0.0002"
"","85.5560","0.5296","-0.0001"
"","85.6560","0.5398","-0.0001"
"","85.7560","0.5494","-0.0001"
"","85.8560","0.5595","-0.0001"
"","85.9560","0.5696","-0.0001"
"","86.0560","0.5797","-0.0001"
"","86.1560","0.5893","-0.0001"
"","86.2560","0.5995","-0.0001"
"","86.3560","0.6095","-0.0001"
"","86.4560","0.6196","-0.0001"
"","86.5560","0.6295","-0.0001"
"","86.6560","0.6396","-0.0001"
"","86.7560","0.6496","0.0000"
"","86.8560","0.6594","0.0000"
"","86.9560","0.6697","0.0000"
"","87.0560","0.6795","0.0000"
"","87.1560","0.6896","0.0000"
"","87.2560","0.6994","0.0000"
"","87.3560","0.7097","0.0000"
"","87.4560","0.7196","0.0000"
"","87.5560","0.7294","0.0000"
"","87.6560","0.7396","0.0000"
"","87.7560","0.7497","0.0000"
"","87.8560","0.7596","0.0001"
"","87.9560","0.7693","0.0001"
"","88.0560","0.7796","0.0001"
"","88.1560","0.7897","0.0001"
"","88.2560","0.7995","0.0001"
"","88.3560","0.8094","0.0001"
"","88.4560","0.8196","0.0001"
"","88.5560","0.8298","0.0001"
"","88.6560","0.8394","0.0001"
"","88.7560","0.8494","0.0002"
"","88.8560","0.8595","0.0002"
"","88.9560","0.8696","0.0002"
"","89.0560","0.8796","0.0002"
"","89.1560","0.8896","0.0002"
"","89.2560","0.8996","0.0002"
"","89.3560","0.9094","0.0002"
"","89.4560","0.9197","0.0002"
"","89.5560","0.9295","0.0002"
"","89.6560","0.9395","0.0003"
"","89.7560","0.9494","0.0003"
"","89.8560","0.9598","0.0003"
"","89.9560","0.9696","0.0003"
"","90.0560","0.9794","0.0003"
"","90.1560","0.9896","0.0003"
"","90.2560","0.9997","0.0003"
"","90.3560","1.0096","0.0003"
"","90.4560","1.0193","0.0003"
"","90.5560","1.0296","0.0004"
"","90.6560","1.0397","0.0004"
"","90.7560","1.0496","0.0004"
"","90.8560","1.0595","0.0004"
"","90.9560","1.0696","0.0004"
"","91.0560","1.0797","0.0004"
"","91.1560","1.0894","0.0004"
"","91.2560","1.0996","0.0005"
"","91.3560","1.1095","0.0005"
"","91.4560","1.1196","0.0005"
"","91.5560","1.1295","0.0006"
"","91.6560","1.1397","0.0006"
"","91.7560","1.1496","0.0006"
"","91.8560","1.1593","0.0006"
"","91.9560","1.1697","0.0007"
"","92.0560","1.1796","0.0007"
"","92.1560","1.1895","0.0008"
"","92.2560","1.1994","0.0008"
"","92.3560","1.2097","0.0008"
"","92.4560","1.2197","0.0009"
"","92.5560","1.2294","0.0009"
"","92.6560","1.2395","0.0010"
"","92.7560","1.2496","0.0010"
"","92.8560","1.2596","0.0010"
"","92.9560","1.2693","0.0011"
"","93.0560","1.2796","0.0011"
"","93.1560","1.2897","0.0012"
"","93.2560","1.2995","0.0012"
"","93.3560","1.3095","0.0013"
"","93.4560","1.3196","0.0013"
"","93.5560","1.3297","0.0014"
"","93.6560","1.3393","0.0014"
"","93.7560","1.3496","0.0015"
"","93.8560","1.3596","0.0015"
"","93.9560","1.3695","0.0016"
"","94.0560","1.3794","0.0016"
"","94.1560","1.3897","0.0017"
"","94.2560","1.3996","0.0018"
"","94.3560","1.4094","0.0019"
"","94.4560","1.4196","0.0020"
"","94.5560","1.4296","0.0021"
"","94.6560","1.4396","0.0022"
"","94.7560","1.4494","0.0023"
"","94.8560","1.4597","0.0024"
"","94.9560","1.4696","0.0025"
"","95.0560","1.4794","0.0026"
"","95.1560","1.4896","0.0028"
"","95.2560","1.4997","0.0029"
"","95.3560","1.5097","0.0030"
"","95.4560","1.5193","0.0031"
"","95.5560","1.5296","0.0033"
"","95.6560","1.5396","0.0034"
"","95.7560","1.5495","0.0035"
"","95.8560","1.5594","0.0037"
"","95.9560","1.5696","0.0038"
"","96.0560","1.5797","0.0040"
"","96.1560","1.5895","0.0041"
"","96.2560","1.5995","0.0043"
"","96.3560","1.6096","0.0044"
"","96.4560","1.6196","0.0045"
"","96.5560","1.6296","0.0047"
"","96.6560","1.6395","0.0048"
"","96.7560","1.6495","0.0050"
"","96.8560","1.6594","0.0051"
"","96.9560","1.6697","0.0053"
"","97.0560","1.6795","0.0055"
"","97.1560","1.6895","0.0056"
"","97.2560","1.6994","0.0058"
"","97.3560","1.7097","0.0059"
"","97.4560","1.7195","0.0061"
"","97.5560","1.7294","0.0062"
"","97.6560","1.7396","0.0064"
"","97.7560","1.7497","0.0065"
"","97.8560","1.7597","0.0067"
"","97.9560","1.7693","0.0068"
"","98.0560","1.7796","0.0070"
"","98.1560","1.7897","0.0072"
"","98.2560","1.7995","0.0073"
"","98.3560","1.8095","0.0075"
"","98.4560","1.8196","0.0077"
"","98.5560","1.8297","0.0078"
"","98.6560","1.8393","0.0080"
"","98.7560","1.8495","0.0082"
"","98.8560","1.8595","0.0084"
"","98.9560","1.8696","0.0086"
"","99.0560","1.8797","0.0088"
"","99.1560","1.8896","0.0090"
"","99.2560","1.8996","0.0092"
"","99.3560","1.9093","0.0094"
"","99.4560","1.9198","0.0096"
"","99.5560","1.9295","0.0098"
"","99.6560","1.9394","0.0101"
"","99.7560","1.9494","0.0103"
"","99.8560","1.9598","0.0105"
"","99.9560","1.9696","0.0108"
"","100.0560","1.9794","0.0110"
"","100.1560","1.9895","0.0113"
"","100.2560","1.9997","0.0115"
"","100.3560","2.0096","0.0118"
"","100.4560","2.0193","0.0121"
"","100.5560","2.0295","0.0124"
"","100.6560","2.0398","0.0127"
"","100.7560","2.0494","0.0130"
"","100.8560","2.0595","0.0133"
"","100.9560","2.0696","0.0136"
"","101.0560","2.0798","0.0139"
"","101.1560","2.0893","0.0142"
"","101.2560","2.0995","0.0145"
"","101.3560","2.1096","0.0148"
"","101.4560","2.1196","0.0151"
"","101.5560","2.1295","0.0155"
"","101.6560","2.1396","0.0158"
"","101.7560","2.1496","0.0161"
"","101.8560","2.1593","0.0165"
"","101.9560","2.1698","0.0168"
"","102.0560","2.1795","0.0171"
"","102.1560","2.1895","0.0175"
"","102.2560","2.1994","0.0178"
"","102.3560","2.2098","0.0182"
"","102.4560","2.2196","0.0185"
"","102.5560","2.2294","0.0189"
"","102.6560","2.2395","0.0192"
"","102.7560","2.2497","0.0196"
"","102.8560","2.2596","0.0199"
"","102.9560","2.2693","0.0204"
"","103.0560","2.2796","0.0208"
"","103.1560","2.2896","0.0212"
"","103.2560","2.2995","0.0216"
"","103.3560","2.3094","0.0220"
"","103.4560","2.3196","0.0225"
"","103.5560","2.3298","0.0229"
"","103.6560","2.3395","0.0233"
"","103.7560","2.3494","0.0238"
"","103.8560","2.3596","0.0242"
"","103.9560","2.3696","0.0247"
"","104.0560","2.3796","0.0251"
"","104.1560","2.3896","0.0256"
"","104.2560","2.3996","0.0260"
"","104.3560","2.4093","0.0265"
"","104.4560","2.4196","0.0269"
"","104.5560","2.4295","0.0274"
"","104.6560","2.4395","0.0279"
"","104.7560","2.4494","0.0284"
"","104.8560","2.4598","0.0289"
"","104.9560","2.4696","0.0293"
"","105.0560","2.4794","0.0298"
"","105.1560","2.4895","0.0303"
"","105.2560","2.4996","0.0308"
"","105.3560","2.5096","0.0313"
"","105.4560","2.5193","0.0318"
"","105.5560","2.5296","0.0323"
"","105.6560","2.5396","0.0328"
"","105.7560","2.5495","0.0332"
"","105.8560","2.5595","0.0334"
"","105.9560","2.5696","0.0335"
"","106.0560","2.5797","0.0335"
"","106.1560","2.5893","0.0336"
"","106.2560","2.5996","0.0336"
"","106.3560","2.6096","0.0336"
"","106.4560","2.6196","0.0336"
"","106.5560","2.6296","0.0337"
"","106.6560","2.6396","0.0337"
"","106.7560","2.6496","0.0338"
"","106.8560","2.6593","0.0338"
"","106.9560","2.6697","0.0338"
"","107.0560","2.6795","0.0338"
"","107.1560","2.6895","0.0338"
"","107.2560","2.6994","0.0338"
"","107.3560","2.7098","0.0338"
"","107.4560","2.7196","0.0338"
"","107.5560","2.7294","0.0338"
"","107.6560","2.7395","0.0338"
"","107.7560","2.7497","0.0339"
"","107.8560","2.7596","0.0343"
"","107.9560","2.7693","0.0348"
"","108.0560","2.7795","0.0353"
"","108.1560","2.7898","0.0359"
"","108.2560","2.7994","0.0364"
"","108.3560","2.8095","0.0370"
"","108.4560","2.8196","0.0375"
"","108.5560","2.8298","0.0381"
"","108.6560","2.8393","0.0386"
"","108.7560","2.8494","0.0392"
"","108.8560","2.8595","0.0398"
"","108.9560","2.8696","0.0404"
"","109.0560","2.8795","0.0410"
"","109.1560","2.8896","0.0416"
"","109.2560","2.8997","0.0422"
"","109.3560","2.9094","0.0428"
"","109.4560","2.9197","0.0434"
"","109.5560","2.9295","0.0439"
"","109.6560","2.9396","0.0445"
"","109.7560","2.9494","0.0451"
"","109.8560","2.9597","0.0458"
"","109.9560","2.9695","0.0464"
"","110.0560","2.9794","0.0470"
"","110.1560","2.9896","0.0477"
"","110.2560","2.9997","0.0483"
"","110.3560","3.0096","0.0489"
"","110.4560","3.0193","0.0496"
"","110.5560","3.0296","0.0503"
"","110.6560","3.0397","0.0509"
"","110.7560","3.0495","0.0515"
"","110.8560","3.0595","0.0522"
"","110.9560","3.0696","0.0528"
"","111.0560","3.0797","0.0535"
"","111.1560","3.0894","0.0541"
"","111.2560","3.0995","0.0548"
"","111.3560","3.1096","0.0555"
"","111.4560","3.1196","0.0561"
"","111.5560","3.1296","0.0568"
"","111.6560","3.1396","0.0574"
"","111.7560","3.1496","0.0581"
"","111.8560","3.1594","0.0587"
"","111.9560","3.1696","0.0594"
"","112.0560","3.1795","0.0601"
"","112.1560","3.1895","0.0608"
"","112.2560","3.1994","0.0614"
"","112.3560","3.2097","0.0621"
"","112.4560","3.2196","0.0628"
"","112.5560","3.2294","0.0635"
"","112.6560","3.2396","0.0642"
"","112.7560","3.2496","0.0649"
"","112.8560","3.2596","0.0656"
"","112.9560","3.2693","0.0663"
"","113.0560","3.2797","0.0670"
"","113.1560","3.2896","0.0677"
"","113.2560","3.2995","0.0684"
"","113.3560","3.3095","0.0691"
"","113.4560","3.3196","0.0699"
"","113.5560","3.3297","0.0706"
"","113.6560","3.3392","0.0713"
"","113.7560","3.3496","0.0720"
"","113.8560","3.3596","0.0728"
"","113.9560","3.3696","0.0735"
"","114.0560","3.3794","0.0742"
"","114.1560","3.3896","0.0750"
"","114.2560","3.3997","0.0758"
"","114.3560","3.4093","0.0765"
"","114.4560","3.4197","0.0773"
"","114.5560","3.4296","0.0780"
"","114.6560","3.4396","0.0788"
"","114.7560","3.4495","0.0795"
"","114.8560","3.4596","0.0803"
"","114.9560","3.4696","0.0811"
"","115.0560","3.4795","0.0818"
"","115.1560","3.4896","0.0826"
"","115.2560","3.4997","0.0834"
"","115.3560","3.5096","0.0842"
"","115.4560","3.5193","0.0849"
"","115.5560","3.5296","0.0857"
"","115.6560","3.5397","0.0865"
"","115.7560","3.5494","0.0872"
"","115.8560","3.5595","0.0880"
"","115.9560","3.5697","0.0888"
"","116.0560","3.5797","0.0896"
"","116.1560","3.5893","0.0903"
"","116.2560","3.5995","0.0911"
"","116.3560","3.6096","0.0919"
"","116.4560","3.6196","0.0927"
"","116.5560","3.6295","0.0935"
"","116.6560","3.6397","0.0943"
"","116.7560","3.6497","0.0951"
"","116.8560","3.6594","0.0958"
"","116.9560","3.6696","0.0966"
"","117.0560","3.6795","0.0974"
"","117.1560","3.6895","0.0982"
"","117.2560","3.6994","0.0990"
"","117.3560","3.7097","0.0998"
"","117.4560","3.7196","0.1006"
"","117.5560","3.7294","0.1013"
"","117.6560","3.7395","0.1021"
"","117.7560","3.7496","0.1029"
"","117.8560","3.7597","0.1037"
"","117.9560","3.7693","0.1044"
"","118.0560","3.7796","0.1053"
"","118.1560","3.7897","0.1060"
"","118.2560","3.7995","0.1068"
"","118.3560","3.8094","0.1076"
"","118.4560","3.8195","0.1083"
"","118.5560","3.8297","0.1091"
"","118.6560","3.8394","0.1098"
"","118.7560","3.8495","0.1106"
"","118.8560","3.8596","0.1114"
"","118.9560","3.8696","0.1122"
"","119.0560","3.8795","0.1129"
"","119.1560","3.8895","0.1137"
"","119.2560","3.8996","0.1145"
"","119.3560","3.9094","0.1152"
"","119.4560","3.9197","0.1159"
"","119.5560","3.9295","0.1167"
"","119.6560","3.9395","0.1174"
"","119.7560","3.9494","0.1182"
"","119.8560","3.9597","0.1189"
"","119.9560","3.9695","0.1196"
"","120.0560","3.9794","0.1203"
"","120.1560","3.9896","0.1211"
"","120.2560","3.9997","0.1218"
"","120.2590","4.0000","0.1218"
"","120.2600","4.0001","0.1218"
"","120.2610","4.0002","0.1218"
"","120.3610","4.0005","0.1215"
"","120.4610","3.9926","0.1203"
"","120.5610","3.9808","0.1187"
"","120.6610","3.9707","0.1174"
"","120.7610","3.9603","0.1160"
"","120.8610","3.9502","0.1148"
"","120.9610","3.9405","0.1135"
"","121.0610","3.9304","0.1123"
"","121.1610","3.9203","0.1111"
"","121.2610","3.9102","0.1099"
"","121.3610","3.9006","0.1087"
"","121.4610","3.8903","0.1075"
"","121.5610","3.8802","0.1064"
"","121.6610","3.8703","0.1053"
"","121.7610","3.8606","0.1041"
"","121.8610","3.8504","0.1030"
"","121.9610","3.8402","0.1018"
"","122.0610","3.8304","0.1007"
"","122.1610","3.8203","0.0996"
"","122.2610","3.8103","0.0985"
"","122.3610","3.8004","0.0975"
"","122.4610","3.7905","0.0964"
"","122.5610","3.7804","0.0953"
"","122.6610","3.7703","0.0942"
"","122.7610","3.7604","0.0932"
"","122.8610","3.7502","0.0921"
"","122.9610","3.7403","0.0911"
"","123.0610","3.7304","0.0900"
"","123.1610","3.7206","0.0890"
"","123.2610","3.7102","0.0880"
"","123.3610","3.7002","0.0869"
"","123.4610","3.6905","0.0859"
"","123.5610","3.6804","0.0849"
"","123.6610","3.6704","0.0839"
"","123.7610","3.6602","0.0829"
"","123.8610","3.6506","0.0819"
"","123.9610","3.6402","0.0809"
"","124.0610","3.6302","0.0799"
"","124.1610","3.6202","0.0789"
"","124.2610","3.6105","0.0780"
"","124.3610","3.6004","0.0770"
"","124.4610","3.5902","0.0760"
"","124.5610","3.5804","0.0751"
"","124.6610","3.5702","0.0741"
"","124.7610","3.5602","0.0731"
"","124.8610","3.5503","0.0722"
"","124.9610","3.5404","0.0713"
"","125.0610","3.5303","0.0703"
"","125.1610","3.5202","0.0694"
"","125.2610","3.5105","0.0685"
"","125.3610","3.5003","0.0676"
"","125.4610","3.4903","0.0667"
"","125.5610","3.4803","0.0658"
"","125.6610","3.4704","0.0649"
"","125.7610","3.4602","0.0639"
"","125.8610","3.4502","0.0631"
"","125.9610","3.4404","0.0622"
"","126.0610","3.4303","0.0613"
"","126.1610","3.4202","0.0604"
"","126.2610","3.4102","0.0596"
"","126.3610","3.4005","0.0588"
"","126.4610","3.3902","0.0579"
"","126.5610","3.3802","0.0570"
"","126.6610","3.3703","0.0562"
"","126.7610","3.3605","0.0554"
"","126.8610","3.3503","0.0546"
"","126.9610","3.3402","0.0538"
"","127.0610","3.3305","0.0530"
"","127.1610","3.3203","0.0522"
"","127.2610","3.3103","0.0514"
"","127.3610","3.3003","0.0506"
"","127.4610","3.2905","0.0499"
"","127.5610","3.2803","0.0491"
"","127.6610","3.2703","0.0483"
"","127.7610","3.2605","0.0476"
"","127.8610","3.2502","0.0468"
"","127.9610","3.2402","0.0461"
"","128.0610","3.2303","0.0454"
"","128.1610","3.2206","0.0447"
"","128.2610","3.2102","0.0439"
"","128.3610","3.2002","0.0432"
"","128.4610","3.1904","0.0426"
"","128.5610","3.1804","0.0419"
"","128.6610","3.1702","0.0412"
"","128.7610","3.1602","0.0405"
"","128.8610","3.1506","0.0399"
"","128.9610","3.1403","0.0392"
"","129.0610","3.1302","0.0385"
"","129.1610","3.1203","0.0379"
"","129.2610","3.1105","0.0373"
"","129.3610","3.1004","0.0367"
"","129.4610","3.0902","0.0361"
"","129.5610","3.0804","0.0355"
"","129.6610","3.0704","0.0349"
"","129.7610","3.0603","0.0344"
"","129.8610","3.0503","0.0339"
"","129.9610","3.0405","0.0335"
"","130.0610","3.0303","0.0329"
"","130.1610","3.0203","0.0326"
"","130.2610","3.0104","0.0325"
"","130.3610","3.0003","0.0325"
"","130.4610","2.9902","0.0325"
"","130.5610","2.9803","0.0325"
"","130.6610","2.9705","0.0325"
"","130.7610","2.9603","0.0325"
"","130.8610","2.9501","0.0324"
"","130.9610","2.9405","0.0324"
"","131.0610","2.9304","0.0324"
"","131.1610","2.9204","0.0324"
"","131.2610","2.9101","0.0324"
"","131.3610","2.9005","0.0324"
"","131.4610","2.8903","0.0324"
"","131.5610","2.8802","0.0324"
"","131.6610","2.8702","0.0323"
"","131.7610","2.8605","0.0323"
"","131.8610","2.8504","0.0323"
"","131.9610","2.8403","0.0323"
"","132.0610","2.8304","0.0322"
"","132.1610","2.8202","0.0316"
"","132.2610","2.8102","0.0310"
"","132.3610","2.8003","0.0303"
"","132.4610","2.7904","0.0297"
"","132.5610","2.7802","0.0291"
"","132.6610","2.7703","0.0284"
"","132.7610","2.7606","0.0278"
"","132.8610","2.7503","0.0272"
"","132.9610","2.7402","0.0267"
"","133.0610","2.7304","0.0261"
"","133.1610","2.7205","0.0255"
"","133.2610","2.7102","0.0250"
"","133.3610","2.7001","0.0244"
"","133.4610","2.6904","0.0239"
"","133.5610","2.6804","0.0234"
"","133.6610","2.6703","0.0228"
"","133.7610","2.6601","0.0223"
"","133.8610","2.6506","0.0219"
"","133.9610","2.6403","0.0214"
"","134.0610","2.6302","0.0209"
"","134.1610","2.6202","0.0204"
"","134.2610","2.6104","0.0200"
"","134.3610","2.6004","0.0196"
"","134.4610","2.5903","0.0192"
"","134.5610","2.5804","0.0188"
"","134.6610","2.5702","0.0184"
"","134.7610","2.5602","0.0180"
"","134.8610","2.5503","0.0176"
"","134.9610","2.5404","0.0172"
"","135.0610","2.5302","0.0168"
"","135.1610","2.5203","0.0164"
"","135.2610","2.5105","0.0161"
"","135.3610","2.5002","0.0157"
"","135.4610","2.4902","0.0154"
"","135.5610","2.4804","0.0151"
"","135.6610","2.4707","0.0147"
"","135.7610","2.4602","0.0144"
"","135.8610","2.4501","0.0140"
"","135.9610","2.4404","0.0137"
"","136.0610","2.4304","0.0134"
"","136.1610","2.4202","0.0130"
"","136.2610","2.4102","0.0127"
"","136.3610","2.4006","0.0124"
"","136.4610","2.3903","0.0121"
"","136.5610","2.3802","0.0118"
"","136.6610","2.3702","0.0116"
"","136.7610","2.3605","0.0113"
"","136.8610","2.3504","0.0110"
"","136.9610","2.3402","0.0107"
"","137.0610","2.3304","0.0105"
"","137.1610","2.3203","0.0102"
"","137.2610","2.3102","0.0100"
"","137.3610","2.3003","0.0098"
"","137.4610","2.2905","0.0095"
"","137.5610","2.2803","0.0093"
"","137.6610","2.2703","0.0090"
"","137.7610","2.2604","0.0088"
"","137.8610","2.2502","0.0086"
"","137.9610","2.2401","0.0083"
"","138.0610","2.2303","0.0081"
"","138.1610","2.2206","0.0079"
"","138.2610","2.2103","0.0076"
"","138.3610","2.2001","0.0074"
"","138.4610","2.1905","0.0072"
"","138.5610","2.1804","0.0070"
"","138.6610","2.1703","0.0068"
"","138.7610","2.1601","0.0066"
"","138.8610","2.1506","0.0064"
"","138.9610","2.1403","0.0062"
"","139.0610","2.1302","0.0060"
"","139.1610","2.1202","0.0058"
"","139.2610","2.1105","0.0057"
"","139.3610","2.1004","0.0055"
"","139.4610","2.0902","0.0053"
"","139.5610","2.0804","0.0052"
"","139.6610","2.0702","0.0050"
"","139.7610","2.0602","0.0048"
"","139.8610","2.0503","0.0047"
"","139.9610","2.0404","0.0045"
"","140.0610","2.0303","0.0044"
"","140.1610","2.0203","0.0042"
"","140.2610","2.0105","0.0041"
"","140.3610","2.0002","0.0040"
"","140.4610","1.9902","0.0038"
"","140.5610","1.9804","0.0037"
"","140.6610","1.9705","0.0036"
"","140.7610","1.9602","0.0035"
"","140.8610","1.9501","0.0033"
"","140.9610","1.9405","0.0032"
"","141.0610","1.9304","0.0031"
"","141.1610","1.9203","0.0030"
"","141.2610","1.9101","0.0029"
"","141.3610","1.9006","0.0028"
"","141.4610","1.8903","0.0026"
"","141.5610","1.8802","0.0026"
"","141.6610","1.8702","0.0024"
"","141.7610","1.8604","0.0024"
"","141.8610","1.8504","0.0023"
"","141.9610","1.8403","0.0022"
"","142.0610","1.8305","0.0021"
"","142.1610","1.8202","0.0020"
"","142.2610","1.8103","0.0019"
"","142.3610","1.8004","0.0018"
"","142.4610","1.7904","0.0018"
"","142.5610","1.7802","0.0017"
"","142.6610","1.7703","0.0016"
"","142.7610","1.7605","0.0015"
"","142.8610","1.7502","0.0015"
"","142.9610","1.7401","0.0014"
"","143.0610","1.7303","0.0014"
"","143.1610","1.7207","0.0013"
"","143.2610","1.7102","0.0013"
"","143.3610","1.7001","0.0012"
"","143.4610","1.6904","0.0012"
"","143.5610","1.6804","0.0011"
"","143.6610","1.6702","0.0011"
"","143.7610","1.6602","0.0010"
"","143.8610","1.6505","0.0010"
"","143.9610","1.6403","0.0010"
"","144.0610","1.6302","0.0009"
"","144.1610","1.6203","0.0009"
"","144.2610","1.6105","0.0008"
"","144.3610","1.6003","0.0008"
"","144.4610","1.5902","0.0008"
"","144.5610","1.5804","0.0007"
"","144.6610","1.5702","0.0007"
"","144.7610","1.5602","0.0007"
"","144.8610","1.5503","0.0006"
"","144.9610","1.5405","0.0006"
"","145.0610","1.5303","0.0006"
"","145.1610","1.5203","0.0005"
"","145.2610","1.5104","0.0005"
"","145.3610","1.5003","0.0005"
"","145.4610","1.4902","0.0004"
"","145.5610","1.4803","0.0004"
"","145.6610","1.4705","0.0004"
"","145.7610","1.4603","0.0004"
"","145.8610","1.4502","0.0004"
"","145.9610","1.4404","0.0003"
"","146.0610","1.4304","0.0003"
"","146.1610","1.4204","0.0003"
"","146.2610","1.4102","0.0003"
"","146.3610","1.4005","0.0002"
"","146.4610","1.3903","0.0002"
"","146.5610","1.3802","0.0002"
"","146.6610","1.3703","0.0002"
"","146.7610","1.3604","0.0002"
"","146.8610","1.3504","0.0002"
"","146.9610","1.3402","0.0002"
"","147.0610","1.3304","0.0002"
"","147.1610","1.3202","0.0001"
"","147.2610","1.3103","0.0001"
"","147.3610","1.3003","0.0001"
"","147.4610","1.2905","0.0001"
"","147.5610","1.2802","0.0001"
"","147.6610","1.2703","0.0001"
"","147.7610","1.2605","0.0001"
"","147.8610","1.2502","0.0001"
"","147.9610","1.2402","0.0001"
"","148.0610","1.2304","0.0001"
"","148.1610","1.2205","0.0000"
"","148.2610","1.2102","0.0000"
"","148.3610","1.2001","0.0000"
"","148.4610","1.1904","0.0000"
"","148.5610","1.1804","0.0000"
"","148.6610","1.1702","0.0000"
"","148.7610","1.1602","0.0000"
"","148.8610","1.1506","0.0000"
"","148.9610","1.1403","0.0000"
"","149.0610","1.1301","0.0000"
"","149.1610","1.1203","0.0000"
"","149.2610","1.1105","-0.0001"
"","149.3610","1.1004","-0.0001"
"","149.4610","1.0903","-0.0001"
"","149.5610","1.0805","-0.0001"
"","149.6610","1.0703","-0.0001"
"","149.7610","1.0602","-0.0001"
"","149.8610","1.0503","-0.0001"
"","149.9610","1.0404","-0.0001"
"","150.0610","1.0302","-0.0001"
"","150.1610","1.0203","-0.0001"
"","150.2610","1.0105","-0.0001"
"","150.3610","1.0002","-0.0001"
"","150.4610","0.9902","-0.0001"
"","150.5610","0.9804","-0.0001"
"","150.6610","0.9706","-0.0001"
"","150.7610","0.9602","-0.0002"
"","150.8610","0.9501","-0.0002"
"","150.9610","0.9404","-0.0002"
"","151.0610","0.9304","-0.0002"
"","151.1610","0.9203","-0.0002"
"","151.2610","0.9101","-0.0002"
"","151.3610","0.9006","-0.0002"
"","151.4610","0.8903","-0.0002"
"","151.5610","0.8802","-0.0002"
"","151.6610","0.8702","-0.0002"
"","151.7610","0.8605","-0.0002"
"","151.8610","0.8504","-0.0002"
"","151.9610","0.8403","-0.0002"
"","152.0610","0.8304","-0.0002"
"","152.1610","0.8203","-0.0002"
"","152.2610","0.8102","-0.0002"
"","152.3610","0.8003","-0.0002"
"","152.4610","0.7905","-0.0003"
"","152.5610","0.7803","-0.0003"
"","152.6610","0.7703","-0.0003"
"","152.7610","0.7604","-0.0003"
"","152.8610","0.7502","-0.0003"
"","152.9610","0.7401","-0.0003"
"","153.0610","0.7303","-0.0003"
"","153.1610","0.7206","-0.0003"
"","153.2610","0.7103","-0.0003"
"","153.3610","0.7001","-0.0003"
"","153.4610","0.6905","-0.0003"
"","153.5610","0.6804","-0.0003"
"","153.6610","0.6703","-0.0003"
"","153.7610","0.6601","-0.0003"
"","153.8610","0.6506","-0.0003"
"","153.9610","0.6403","-0.0003"
"","154.0610","0.6302","-0.0003"
"","154.1610","0.6203","-0.0003"
"","154.2610","0.6105","-0.0003"
"","154.3610","0.6004","-0.0003"
"","154.4610","0.5902","-0.0004"
"","154.5610","0.5804","-0.0004"
"","154.6610","0.5703","-0.0004"
"","154.7610","0.5603","-0.0004"
"","154.8610","0.5503","-0.0004"
"","154.9610","0.5404","-0.0004"
"","155.0610","0.5303","-0.0004"
"","155.1610","0.5202","-0.0004"
"","155.2610","0.5104","-0.0004"
"","155.3610","0.5002","-0.0004"
"","155.4610","0.4903","-0.0004"
"","155.5610","0.4804","-0.0004"
"","155.6610","0.4705","-0.0004"
"","155.7610","0.4602","-0.0004"
"","155.8610","0.4502","-0.0004"
"","155.9610","0.4404","-0.0004"
"","156.0610","0.4304","-0.0004"
"","156.1610","0.4202","-0.0004"
"","156.2610","0.4102","-0.0004"
"","156.3610","0.4006","-0.0004"
"","156.4610","0.3903","-0.0004"
"","156.5610","0.3802","-0.0004"
"","156.6610","0.3702","-0.0004"
"","156.7610","0.3605","-0.0005"
"","156.8610","0.3503","-0.0005"
"","156.9610","0.3403","-0.0005"
"","157.0610","0.3305","-0.0005"
"","157.1610","0.3203","-0.0005"
"","157.2610","0.3102","-0.0005"
"","157.3610","0.3003","-0.0005"
"","157.4610","0.2904","-0.0005"
"","157.5610","0.2803","-0.0005"
"","157.6610","0.2703","-0.0005"
"","157.7610","0.2605","-0.0005"
"","157.8610","0.2502","-0.0005"
"","157.9610","0.2401","-0.0005"
"","158.0610","0.2304","-0.0005"
"","158.1610","0.2206","-0.0005"
"","158.2610","0.2102","-0.0005"
"","158.3610","0.2002","-0.0005"
"","158.4610","0.1904","-0.0005"
"","158.5610","0.1804","-0.0005"
"","158.6610","0.1702","-0.0005"
"","158.7610","0.1602","-0.0005"
"","158.8610","0.1506","-0.0005"
"","158.9610","0.1404","-0.0005"
"","159.0610","0.1302","-0.0005"
"","159.1610","0.1202","-0.0005"
"","159.2610","0.1105","-0.0005"
"","159.3610","0.1004","-0.0005"
"","159.4610","0.0902","-0.0005"
"","159.5610","0.0804","-0.0005"
"","159.6610","0.0703","-0.0005"
"","159.7610","0.0602","-0.0006"
"","159.8610","0.0503","-0.0005"
"","159.9610","0.0404","-0.0006"
"","160.0610","0.0304","-0.0006"
"","160.1610","0.0203","-0.0006"
"","160.2610","0.0104","-0.0006"
"","160.3610","0.0003","-0.0006"
"","160.3640","-0.0001","-0.0006"
"","160.3650","-0.0002","-0.0006"
"","160.3660","-0.0003","-0.0006"
"","160.4660","-0.0004","-0.0006"
"","160.5660","0.0074","-0.0005"
"","160.6660","0.0190","-0.0005"
"","160.7660","0.0296","-0.0005"
"","160.8660","0.0397","-0.0005"
"","160.9660","0.0494","-0.0005"
"","161.0660","0.0595","-0.0005"
"","161.1660","0.0696","-0.0005"
"","161.2660","0.0798","-0.0005"
"","161.3660","0.0894","-0.0005"
"","161.4660","0.0995","-0.0005"
"","161.5660","0.1096","-0.0005"
"","161.6660","0.1197","-0.0005"
"","161.7660","0.1295","-0.0005"
"","161.8660","0.1396","-0.0005"
"","161.9660","0.1496","-0.0004"
"","162.0660","0.1594","-0.0004"
"","162.1660","0.1696","-0.0004"
"","162.2660","0.1796","-0.0004"
"","162.3660","0.1896","-0.0004"
"","162.4660","0.1994","-0.0004"
"","162.5660","0.2097","-0.0004"
"","162.6660","0.2196","-0.0004"
"","162.7660","0.2294","-0.0004"
"","162.8660","0.2396","-0.0004"
"","162.9660","0.2497","-0.0004"
"","163.0660","0.2597","-0.0004"
"","163.1660","0.2694","-0.0004"
"","163.2660","0.2797","-0.0004"
"","163.3660","0.2897","-0.0004"
"","163.4660","0.2995","-0.0004"
"","163.5660","0.3096","-0.0004"
"","163.6660","0.3197","-0.0004"
"","163.7660","0.3298","-0.0003"
"","163.8660","0.3393","-0.0003"
"","163.9660","0.3496","-0.0003"
"","164.0660","0.3596","-0.0003"
"","164.1660","0.3697","-0.0003"
"","164.2660","0.3795","-0.0003"
"","164.3660","0.3897","-0.0003"
"","164.4660","0.3996","-0.0003"
"","164.5660","0.4093","-0.0003"
"","164.6660","0.4197","-0.0003"
"","164.7660","0.4296","-0.0003"
"","164.8660","0.4396","-0.0003"
"","164.9660","0.4494","-0.0003"
"","165.0660","0.4598","-0.0003"
"","165.1660","0.4696","-0.0002"
"","165.2660","0.4795","-0.0002"
"","165.3660","0.4896","-0.0002"
"","165.4660","0.4998","-0.0002"
"","165.5660","0.5096","-0.0002"
"","165.6660","0.5193","-0.0002"
"","165.7660","0.5296","-0.0002"
"","165.8660","0.5398","-0.0002"
"","165.9660","0.5495","-0.0002"
"","166.0660","0.5595","-0.0002"
"","166.1660","0.5696","-0.0002"
"","166.2660","0.5798","-0.0002"
"","166.3660","0.5894","-0.0002"
"","166.4660","0.5995","-0.0001"
"","166.5660","0.6096","-0.0001"
"","166.6660","0.6196","-0.0001"
"","166.7660","0.6295","-0.0001"
"","166.8660","0.6397","-0.0001"
"","166.9660","0.6497","-0.0001"
"","167.0660","0.6594","-0.0001"
"","167.1660","0.6698","-0.0001"
"","167.2660","0.6796","-0.0001"
"","167.3660","0.6896","-0.0001"
"","167.4660","0.6994","-0.0001"
"","167.5660","0.7098","-0.0001"
"","167.6660","0.7196","0.0000"
"","167.7660","0.7294","0.0000"
"","167.8660","0.7396","0.0000"
"","167.9660","0.7497","0.0000"
"","168.0660","0.7597","0.0000"
"","168.1660","0.7693","0.0000"
"","168.2660","0.7796","0.0000"
"","168.3660","0.7897","0.0000"
"","168.4660","0.7995","0.0000"
"","168.5660","0.8095","0.0000"
"","168.6660","0.8196","0.0000"
"","168.7660","0.8298","0.0001"
"","168.8660","0.8395","0.0001"
"","168.9660","0.8495","0.0001"
"","169.0660","0.8596","0.0001"
"","169.1660","0.8696","0.0001"
"","169.2660","0.8796","0.0001"
"","169.3660","0.8896","0.0001"
"","169.4660","0.8996","0.0001"
"","169.5660","0.9094","0.0001"
"","169.6660","0.9197","0.0002"
"","169.7660","0.9296","0.0002"
"","169.8660","0.9396","0.0002"
"","169.9660","0.9494","0.0002"
"","170.0660","0.9598","0.0002"
"","170.1660","0.9697","0.0002"
"","170.2660","0.9794","0.0002"
"","170.3660","0.9896","0.0002"
"","170.4660","0.9997","0.0002"
"","170.5660","1.0097","0.0002"
"","170.6660","1.0193","0.0003"
"","170.7660","1.0296","0.0003"
"","170.8660","1.0397","0.0003"
"","170.9660","1.0496","0.0003"
"","171.0660","1.0595","0.0003"
"","171.1660","1.0696","0.0003"
"","171.2660","1.0797","0.0004"
"","171.3660","1.0894","0.0004"
"","171.4660","1.0997","0.0004"
"","171.5660","1.1096","0.0004"
"","171.6660","1.1196","0.0004"
"","171.7660","1.1296","0.0005"
"","171.8660","1.1397","0.0005"
"","171.9660","1.1496","0.0005"
"","172.0660","1.1594","0.0005"
"","172.1660","1.1697","0.0006"
"","172.2660","1.1796","0.0006"
"","172.3660","1.1895","0.0006"
"","172.4660","1.1994","0.0007"
"","172.5660","1.2097","0.0007"
"","172.6660","1.2197","0.0007"
"","172.7660","1.2294","0.0008"
"","172.8660","1.2395","0.0008"
"","172.9660","1.2497","0.0009"
"","173.0660","1.2597","0.0010"
"","173.1660","1.2693","0.0010"
"","173.2660","1.2796","0.0011"
"","173.3660","1.2897","0.0011"
"","173.4660","1.2995","0.0012"
"","173.5660","1.3095","0.0012"
"","173.6660","1.3196","0.0013"
"","173.7660","1.3297","0.0013"
"","173.8660","1.3393","0.0014"
"","173.9660","1.3496","0.0014"
"","174.0660","1.3596","0.0015"
"","174.1660","1.3696","0.0016"
"","174.2660","1.3795","0.0017"
"","174.3660","1.3897","0.0017"
"","174.4660","1.3997","0.0018"
"","174.5660","1.4094","0.0018"
"","174.6660","1.4197","0.0019"
"","174.7660","1.4296","0.0020"
"","174.8660","1.4396","0.0020"
"","174.9660","1.4494","0.0020"
"","175.0660","1.4597","0.0021"
"","175.1660","1.4697","0.0022"
"","175.2660","1.4794","0.0023"
"","175.3660","1.4896","0.0023"
"","175.4660","1.4997","0.0024"
"","175.5660","1.5097","0.0025"
"","175.6660","1.5193","0.0025"
"","175.7660","1.5296","0.0027"
"","175.8660","1.5397","0.0027"
"","175.9660","1.5496","0.0028"
"","176.0660","1.5595","0.0029"
"","176.1660","1.5696","0.0030"
"","176.2660","1.5797","0.0031"
"","176.3660","1.5895","0.0030"
"","176.4660","1.5995","0.0032"
"","176.5660","1.6096","0.0033"
"","176.6660","1.6196","0.0034"
"","176.7660","1.6296","0.0035"
"","176.8660","1.6396","0.0037"
"","176.9660","1.6496","0.0038"
"","177.0660","1.6594","0.0039"
"","177.1660","1.6697","0.0040"
"","177.2660","1.6796","0.0041"
"","177.3660","1.6895","0.0042"
"","177.4660","1.6995","0.0044"
"","177.5660","1.7097","0.0045"
"","177.6660","1.7196","0.0046"
"","177.7660","1.7294","0.0048"
"","177.8660","1.7396","0.0049"
"","177.9660","1.7497","0.0051"
"","178.0660","1.7597","0.0052"
"","178.1660","1.7693","0.0054"
"","178.2660","1.7796","0.0056"
"","178.3660","1.7897","0.0057"
"","178.4660","1.7996","0.0059"
"","178.5660","1.8095","0.0061"
"","178.6660","1.8196","0.0063"
"","178.7660","1.8297","0.0065"
"","178.8660","1.8393","0.0067"
"","178.9660","1.8496","0.0069"
"","179.0660","1.8595","0.0071"
"","179.1660","1.8696","0.0073"
"","179.2660","1.8797","0.0074"
"","179.3660","1.8897","0.0077"
"","179.4660","1.8996","0.0078"
"","179.5660","1.9093","0.0081"
"","179.6660","1.9198","0.0083"
"","179.7660","1.9296","0.0084"
"","179.8660","1.9395","0.0086"
"","179.9660","1.9494","0.0088"
"","180.0660","1.9598","0.0090"
"","180.1660","1.9696","0.0092"
"","180.2660","1.9795","0.0094"
"","180.3660","1.9895","0.0096"
"","180.4660","1.9998","0.0098"
"","180.5660","2.0096","0.0100"
"","180.6660","2.0193","0.0102"
"","180.7660","2.0295","0.0105"
"","180.8660","2.0398","0.0107"
"","180.9660","2.0495","0.0109"
"","181.0660","2.0595","0.0111"
"","181.1660","2.0696","0.0114"
"","181.2660","2.0798","0.0116"
"","181.3660","2.0894","0.0118"
"","181.4660","2.0995","0.0121"
"","181.5660","2.1096","0.0124"
"","181.6660","2.1196","0.0126"
"","181.7660","2.1296","0.0129"
"","181.8660","2.1397","0.0132"
"","181.9660","2.1497","0.0135"
"","182.0660","2.1594","0.0138"
"","182.1660","2.1698","0.0142"
"","182.2660","2.1796","0.0145"
"","182.3660","2.1896","0.0148"
"","182.4660","2.1994","0.0152"
"","182.5660","2.2098","0.0156"
"","182.6660","2.2196","0.0159"
"","182.7660","2.2294","0.0163"
"","182.8660","2.2396","0.0167"
"","182.9660","2.2497","0.0170"
"","183.0660","2.2597","0.0174"
"","183.1660","2.2694","0.0178"
"","183.2660","2.2796","0.0182"
"","183.3660","2.2896","0.0186"
"","183.4660","2.2995","0.0190"
"","183.5660","2.3094","0.0195"
"","183.6660","2.3196","0.0199"
"","183.7660","2.3298","0.0203"
"","183.8660","2.3395","0.0207"
"","183.9660","2.3495","0.0212"
"","184.0660","2.3596","0.0216"
"","184.1660","2.3696","0.0220"
"","184.2660","2.3796","0.0225"
"","184.3660","2.3896","0.0229"
"","184.4660","2.3996","0.0234"
"","184.5660","2.4094","0.0238"
"","184.6660","2.4197","0.0242"
"","184.7660","2.4295","0.0247"
"","184.8660","2.4395","0.0252"
"","184.9660","2.4494","0.0256"
"","185.0660","2.4598","0.0261"
"","185.1660","2.4697","0.0265"
"","185.2660","2.4794","0.0270"
"","185.3660","2.4896","0.0275"
"","185.4660","2.4996","0.0279"
"","185.5660","2.5097","0.0284"
"","185.6660","2.5193","0.0289"
"","185.7660","2.5297","0.0294"
"","185.8660","2.5397","0.0299"
"","185.9660","2.5495","0.0304"
"","186.0660","2.5595","0.0308"
"","186.1660","2.5696","0.0313"
"","186.2660","2.5798","0.0318"
"","186.3660","2.5893","0.0323"
"","186.4660","2.5996","0.0327"
"","186.5660","2.6096","0.0332"
"","186.6660","2.6196","0.0337"
"","186.7660","2.6296","0.0341"
"","186.8660","2.6397","0.0341"
"","186.9660","2.6497","0.0341"
"","187.0660","2.6593","0.0340"
"","187.1660","2.6698","0.0340"
"","187.2660","2.6796","0.0340"
"","187.3660","2.6896","0.0340"
"","187.4660","2.6994","0.0340"
"","187.5660","2.7098","0.0340"
"","187.6660","2.7196","0.0340"
"","187.7660","2.7294","0.0340"
"","187.8660","2.7396","0.0340"
"","187.9660","2.7498","0.0340"
"","188.0660","2.7596","0.0340"
"","188.1660","2.7693","0.0340"
"","188.2660","2.7795","0.0339"
"","188.3660","2.7898","0.0339"
"","188.4660","2.7995","0.0341"
"","188.5660","2.8095","0.0344"
"","188.6660","2.8197","0.0349"
"","188.7660","2.8298","0.0355"
"","188.8660","2.8394","0.0360"
"","188.9660","2.8495","0.0366"
"","189.0660","2.8596","0.0371"
"","189.1660","2.8696","0.0377"
"","189.2660","2.8796","0.0382"
"","189.3660","2.8896","0.0388"
"","189.4660","2.8997","0.0394"
"","189.5660","2.9094","0.0399"
"","189.6660","2.9198","0.0405"
"","189.7660","2.9296","0.0410"
"","189.8660","2.9396","0.0416"
"","189.9660","2.9494","0.0422"
"","190.0660","2.9598","0.0428"
"","190.1660","2.9696","0.0434"
"","190.2660","2.9794","0.0440"
"","190.3660","2.9896","0.0446"
"","190.4660","2.9997","0.0452"
"","190.5660","3.0096","0.0458"
"","190.6660","3.0193","0.0464"
"","190.7660","3.0296","0.0470"
"","190.8660","3.0397","0.0476"
"","190.9660","3.0495","0.0482"
"","191.0660","3.0595","0.0488"
"","191.1660","3.0696","0.0495"
"","191.2660","3.0797","0.0501"
"","191.3660","3.0894","0.0507"
"","191.4660","3.0995","0.0514"
"","191.5660","3.1096","0.0521"
"","191.6660","3.1196","0.0527"
"","191.7660","3.1296","0.0534"
"","191.8660","3.1396","0.0540"
"","191.9660","3.1497","0.0547"
"","192.0660","3.1594","0.0553"
"","192.1660","3.1697","0.0560"
"","192.2660","3.1796","0.0567"
"","192.3660","3.1896","0.0574"
"","192.4660","3.1995","0.0580"
"","192.5660","3.2098","0.0587"
"","192.6660","3.2196","0.0594"
"","192.7660","3.2294","0.0601"
"","192.8660","3.2396","0.0608"
"","192.9660","3.2496","0.0615"
"","193.0660","3.2597","0.0622"
"","193.1660","3.2694","0.0628"
"","193.2660","3.2797","0.0636"
"","193.3660","3.2897","0.0643"
"","193.4660","3.2995","0.0650"
"","193.5660","3.3096","0.0657"
"","193.6660","3.3197","0.0664"
"","193.7660","3.3297","0.0672"
"","193.8660","3.3393","0.0678"
"","193.9660","3.3496","0.0686"
"","194.0660","3.3597","0.0694"
"","194.1660","3.3697","0.0701"
"","194.2660","3.3794","0.0708"
"","194.3660","3.3897","0.0716"
"","194.4660","3.3997","0.0724"
"","194.5660","3.4094","0.0731"
"","194.6660","3.4197","0.0739"
"","194.7660","3.4296","0.0747"
"","194.8660","3.4396","0.0754"
"","194.9660","3.4495","0.0762"
"","195.0660","3.4596","0.0770"
"","195.1660","3.4697","0.0778"
"","195.2660","3.4795","0.0786"
"","195.3660","3.4896","0.0793"
"","195.4660","3.4997","0.0802"
"","195.5660","3.5096","0.0810"
"","195.6660","3.5193","0.0817"
"","195.7660","3.5296","0.0826"
"","195.8660","3.5397","0.0833"
"","195.9660","3.5495","0.0841"
"","196.0660","3.5595","0.0850"
"","196.1660","3.5697","0.0857"
"","196.2660","3.5797","0.0866"
"","196.3660","3.5893","0.0873"
"","196.4660","3.5995","0.0882"
"","196.5660","3.6096","0.0890"
"","196.6660","3.6196","0.0898"
"","196.7660","3.6295","0.0906"
"","196.8660","3.6397","0.0914"
"","196.9660","3.6498","0.0923"
"","197.0660","3.6594","0.0931"
"","197.1660","3.6697","0.0939"
"","197.2660","3.6795","0.0948"
"","197.3660","3.6896","0.0956"
"","197.4660","3.6994","0.0964"
"","197.5660","3.7098","0.0972"
"","197.6660","3.7196","0.0981"
"","197.7660","3.7294","0.0989"
"","197.8660","3.7395","0.0997"
"","197.9660","3.7496","0.1006"
"","198.0660","3.7597","0.1014"
"","198.1660","3.7693","0.1022"
"","198.2660","3.7796","0.1031"
"","198.3660","3.7897","0.1039"
"","198.4660","3.7996","0.1047"
"","198.5660","3.8095","0.1055"
"","198.6660","3.8196","0.1063"
"","198.7660","3.8297","0.1072"
"","198.8660","3.8394","0.1079"
"","198.9660","3.8495","0.1088"
"","199.0660","3.8596","0.1096"
"","199.1660","3.8696","0.1104"
"","199.2660","3.8796","0.1112"
"","199.3660","3.8896","0.1120"
"","199.4660","3.8996","0.1128"
"","199.5660","3.9094","0.1136"
"","199.6660","3.9197","0.1144"
"","199.7660","3.9295","0.1152"
"","199.8660","3.9395","0.1160"
"","199.9660","3.9494","0.1168"
"","200.0660","3.9598","0.1176"
"","200.1660","3.9696","0.1183"
"","200.2660","3.9794","0.1191"
"","200.3660","3.9896","0.1199"
"","200.4660","3.9997","0.1207"
"","200.4690","4.0000","0.1207"
"","200.4700","4.0001","0.1207"
"","200.4710","4.0002","0.1207"
"","200.5710","4.0005","0.1204"
"","200.6710","3.9926","0.1193"
"","200.7710","3.9808","0.1177"
"","200.8710","3.9707","0.1164"
"","200.9710","3.9603","0.1150"
"","201.0710","3.9502","0.1138"
"","201.1710","3.9405","0.1126"
"","201.2710","3.9305","0.1113"
"","201.3710","3.9204","0.1101"
"","201.4710","3.9102","0.1089"
"","201.5710","3.9006","0.1078"
"","201.6710","3.8904","0.1066"
"","201.7710","3.8802","0.1054"
"","201.8710","3.8703","0.1043"
"","201.9710","3.8606","0.1032"
"","202.0710","3.8504","0.1021"
"","202.1710","3.8402","0.1009"
"","202.2710","3.8304","0.0999"
"","202.3710","3.8203","0.0988"
"","202.4710","3.8103","0.0976"
"","202.5710","3.8004","0.0966"
"","202.6710","3.7905","0.0955"
"","202.7710","3.7804","0.0944"
"","202.8710","3.7703","0.0933"
"","202.9710","3.7604","0.0923"
"","203.0710","3.7502","0.0912"
"","203.1710","3.7403","0.0901"
"","203.2710","3.7304","0.0891"
"","203.3710","3.7206","0.0881"
"","203.4710","3.7103","0.0870"
"","203.5710","3.7002","0.0860"
"","203.6710","3.6905","0.0849"
"","203.7710","3.6804","0.0839"
"","203.8710","3.6704","0.0829"
"","203.9710","3.6602","0.0819"
"","204.0710","3.6506","0.0809"
"","204.1710","3.6403","0.0799"
"","204.2710","3.6302","0.0789"
"","204.3710","3.6203","0.0779"
"","204.4710","3.6105","0.0769"
"","204.5710","3.6004","0.0760"
"","204.6710","3.5903","0.0750"
"","204.7710","3.5804","0.0740"
"","204.8710","3.5702","0.0730"
"","204.9710","3.5603","0.0721"
"","205.0710","3.5503","0.0712"
"","205.1710","3.5405","0.0703"
"","205.2710","3.5303","0.0693"
"","205.3710","3.5203","0.0684"
"","205.4710","3.5104","0.0675"
"","205.5710","3.5002","0.0666"
"","205.6710","3.4903","0.0657"
"","205.7710","3.4804","0.0648"
"","205.8710","3.4705","0.0639"
"","205.9710","3.4602","0.0630"
"","206.0710","3.4503","0.0621"
"","206.1710","3.4404","0.0613"
"","206.2710","3.4303","0.0604"
"","206.3710","3.4202","0.0595"
"","206.4710","3.4103","0.0587"
"","206.5710","3.4005","0.0579"
"","206.6710","3.3902","0.0570"
"","206.7710","3.3802","0.0562"
"","206.8710","3.3703","0.0554"
"","206.9710","3.3605","0.0546"
"","207.0710","3.3503","0.0538"
"","207.1710","3.3402","0.0529"
"","207.2710","3.3305","0.0522"
"","207.3710","3.3203","0.0514"
"","207.4710","3.3103","0.0506"
"","207.5710","3.3003","0.0498"
"","207.6710","3.2905","0.0491"
"","207.7710","3.2803","0.0484"
"","207.8710","3.2703","0.0476"
"","207.9710","3.2605","0.0469"
"","208.0710","3.2502","0.0461"
"","208.1710","3.2402","0.0454"
"","208.2710","3.2304","0.0447"
"","208.3710","3.2206","0.0440"
"","208.4710","3.2103","0.0433"
"","208.5710","3.2002","0.0426"
"","208.6710","3.1904","0.0419"
"","208.7710","3.1804","0.0412"
"","208.8710","3.1703","0.0405"
"","208.9710","3.1602","0.0399"
"","209.0710","3.1506","0.0393"
"","209.1710","3.1403","0.0386"
"","209.2710","3.1302","0.0379"
"","209.3710","3.1203","0.0373"
"","209.4710","3.1105","0.0367"
"","209.5710","3.1004","0.0361"
"","209.6710","3.0903","0.0355"
"","209.7710","3.0804","0.0349"
"","209.8710","3.0704","0.0343"
"","209.9710","3.0603","0.0338"
"","210.0710","3.0503","0.0332"
"","210.1710","3.0405","0.0327"
"","210.2710","3.0303","0.0325"
"","210.3710","3.0203","0.0324"
"","210.4710","3.0104","0.0324"
"","210.5710","3.0002","0.0324"
"","210.6710","2.9902","0.0324"
"","210.7710","2.9803","0.0324"
"","210.8710","2.9706","0.0323"
"","210.9710","2.9603","0.0323"
"","211.0710","2.9501","0.0322"
"","211.1710","2.9405","0.0322"
"","211.2710","2.9304","0.0322"
"","211.3710","2.9204","0.0322"
"","211.4710","2.9101","0.0323"
"","211.5710","2.9006","0.0323"
"","211.6710","2.8903","0.0323"
"","211.7710","2.8802","0.0322"
"","211.8710","2.8703","0.0321"
"","211.9710","2.8605","0.0321"
"","212.0710","2.8504","0.0321"
"","212.1710","2.8403","0.0317"
"","212.2710","2.8305","0.0311"
"","212.3710","2.8202","0.0305"
"","212.4710","2.8102","0.0300"
"","212.5710","2.8003","0.0295"
"","212.6710","2.7904","0.0289"
"","212.7710","2.7803","0.0283"
"","212.8710","2.7704","0.0277"
"","212.9710","2.7606","0.0272"
"","213.0710","2.7503","0.0266"
"","213.1710","2.7402","0.0260"
"","213.2710","2.7304","0.0254"
"","213.3710","2.7205","0.0249"
"","213.4710","2.7103","0.0243"
"","213.5710","2.7001","0.0238"
"","213.6710","2.6904","0.0233"
"","213.7710","2.6804","0.0227"
"","213.8710","2.6703","0.0222"
"","213.9710","2.6602","0.0217"
"","214.0710","2.6506","0.0213"
"","214.1710","2.6404","0.0208"
"","214.2710","2.6302","0.0203"
"","214.3710","2.6202","0.0198"
"","214.4710","2.6105","0.0194"
"","214.5710","2.6004","0.0189"
"","214.6710","2.5903","0.0185"
"","214.7710","2.5804","0.0181"
"","214.8710","2.5702","0.0176"
"","214.9710","2.5602","0.0172"
"","215.0710","2.5503","0.0168"
"","215.1710","2.5405","0.0164"
"","215.2710","2.5302","0.0160"
"","215.3710","2.5203","0.0156"
"","215.4710","2.5105","0.0152"
"","215.5710","2.5002","0.0149"
"","215.6710","2.4902","0.0145"
"","215.7710","2.4804","0.0141"
"","215.8710","2.4707","0.0138"
"","215.9710","2.4602","0.0134"
"","216.0710","2.4501","0.0131"
"","216.1710","2.4404","0.0127"
"","216.2710","2.4304","0.0124"
"","216.3710","2.4203","0.0120"
"","216.4710","2.4102","0.0117"
"","216.5710","2.4006","0.0115"
"","216.6710","2.3903","0.0111"
"","216.7710","2.3802","0.0109"
"","216.8710","2.3702","0.0106"
"","216.9710","2.3606","0.0104"
"","217.0710","2.3504","0.0101"
"","217.1710","2.3403","0.0098"
"","217.2710","2.3304","0.0096"
"","217.3710","2.3203","0.0093"
"","217.4710","2.3102","0.0090"
"","217.5710","2.3003","0.0088"
"","217.6710","2.2905","0.0086"
"","217.7710","2.2803","0.0084"
"","217.8710","2.2703","0.0081"
"","217.9710","2.2604","0.0079"
"","218.0710","2.2503","0.0077"
"","218.1710","2.2402","0.0075"
"","218.2710","2.2304","0.0073"
"","218.3710","2.2206","0.0072"
"","218.4710","2.2103","0.0070"
"","218.5710","2.2001","0.0068"
"","218.6710","2.1905","0.0066"
"","218.7710","2.1804","0.0065"
"","218.8710","2.1703","0.0063"
"","218.9710","2.1601","0.0061"
"","219.0710","2.1506","0.0060"
"","219.1710","2.1403","0.0058"
"","219.2710","2.1302","0.0057"
"","219.3710","2.1203","0.0055"
"","219.4710","2.1105","0.0054"
"","219.5710","2.1004","0.0052"
"","219.6710","2.0903","0.0051"
"","219.7710","2.0804","0.0049"
"","219.8710","2.0702","0.0048"
"","219.9710","2.0603","0.0046"
"","220.0710","2.0503","0.0045"
"","220.1710","2.0404","0.0043"
"","220.2710","2.0303","0.0041"
"","220.3710","2.0203","0.0040"
"","220.4710","2.0106","0.0038"
"","220.5710","2.0002","0.0037"
"","220.6710","1.9902","0.0035"
"","220.7710","1.9804","0.0034"
"","220.8710","1.9705","0.0033"
"","220.9710","1.9602","0.0032"
"","221.0710","1.9501","0.0030"
"","221.1710","1.9405","0.0029"
"","221.2710","1.9304","0.0028"
"","221.3710","1.9203","0.0027"
"","221.4710","1.9102","0.0026"
"","221.5710","1.9006","0.0025"
"","221.6710","1.8903","0.0024"
"","221.7710","1.8802","0.0023"
"","221.8710","1.8702","0.0022"
"","221.9710","1.8605","0.0021"
"","222.0710","1.8504","0.0020"
"","222.1710","1.8403","0.0020"
"","222.2710","1.8305","0.0019"
"","222.3710","1.8202","0.0018"
"","222.4710","1.8103","0.0017"
"","222.5710","1.8003","0.0017"
"","222.6710","1.7904","0.0016"
"","222.7710","1.7802","0.0016"
"","222.8710","1.7703","0.0015"
"","222.9710","1.7605","0.0015"
"","223.0710","1.7502","0.0014"
"","223.1710","1.7402","0.0013"
"","223.2710","1.7304","0.0013"
"","223.3710","1.7207","0.0013"
"","223.4710","1.7102","0.0012"
"","223.5710","1.7001","0.0012"
"","223.6710","1.6905","0.0011"
"","223.7710","1.6804","0.0011"
"","223.8710","1.6702","0.0010"
"","223.9710","1.6602","0.0010"
"","224.0710","1.6505","0.0010"
"","224.1710","1.6404","0.0009"
"","224.2710","1.6302","0.0009"
"","224.3710","1.6203","0.0008"
"","224.4710","1.6105","0.0008"
"","224.5710","1.6004","0.0008"
"","224.6710","1.5902","0.0007"
"","224.7710","1.5805","0.0007"
"","224.8710","1.5702","0.0007"
"","224.9710","1.5602","0.0006"
"","225.0710","1.5503","0.0006"
"","225.1710","1.5405","0.0006"
"","225.2710","1.5303","0.0006"
"","225.3710","1.5203","0.0005"
"","225.4710","1.5104","0.0005"
"","225.5710","1.5003","0.0004"
"","225.6710","1.4902","0.0004"
"","225.7710","1.4803","0.0004"
"","225.8710","1.4705","0.0004"
"","225.9710","1.4603","0.0003"
"","226.0710","1.4502","0.0003"
"","226.1710","1.4404","0.0003"
"","226.2710","1.4304","0.0003"
"","226.3710","1.4204","0.0003"
"","226.4710","1.4101","0.0002"
"","226.5710","1.4005","0.0002"
"","226.6710","1.3903","0.0002"
"","226.7710","1.3803","0.0002"
"","226.8710","1.3703","0.0002"
"","226.9710","1.3604","0.0002"
"","227.0710","1.3504","0.0002"
"","227.1710","1.3402","0.0002"
"","227.2710","1.3305","0.0001"
"","227.3710","1.3202","0.0001"
"","227.4710","1.3103","0.0001"
"","227.5710","1.3003","0.0001"
"","227.6710","1.2905","0.0001"
"","227.7710","1.2802","0.0001"
"","227.8710","1.2703","0.0001"
"","227.9710","1.2605","0.0001"
"","228.0710","1.2503","0.0001"
"","228.1710","1.2402","0.0000"
"","228.2710","1.2304","0.0000"
"","228.3710","1.2205","0.0000"
"","228.4710","1.2102","0.0000"
"","228.5710","1.2001","0.0000"
"","228.6710","1.1905","0.0000"
"","228.7710","1.1804","0.0000"
"","228.8710","1.1702","0.0000"
"","228.9710","1.1602","0.0000"
"","229.0710","1.1506","0.0000"
"","229.1710","1.1403","0.0000"
"","229.2710","1.1301","0.0000"
"","229.3710","1.1203","-0.0001"
"","229.4710","1.1105","-0.0001"
"","229.5710","1.1004","-0.0001"
"","229.6710","1.0903","-0.0001"
"","229.7710","1.0805","-0.0001"
"","229.8710","1.0703","-0.0001"
"","229.9710","1.0603","-0.0001"
"","230.0710","1.0503","-0.0001"
"","230.1710","1.0405","-0.0001"
"","230.2710","1.0303","-0.0001"
"","230.3710","1.0203","-0.0001"
"","230.4710","1.0106","-0.0001"
"","230.5710","1.0002","-0.0001"
"","230.6710","0.9902","-0.0002"
"","230.7710","0.9804","-0.0002"
"","230.8710","0.9706","-0.0002"
"","230.9710","0.9602","-0.0002"
"","231.0710","0.9501","-0.0002"
"","231.1710","0.9405","-0.0002"
"","231.2710","0.9304","-0.0002"
"","231.3710","0.9203","-0.0002"
"","231.4710","0.9102","-0.0002"
"","231.5710","0.9006","-0.0002"
"","231.6710","0.8903","-0.0002"
"","231.7710","0.8802","-0.0002"
"","231.8710","0.8702","-0.0002"
"","231.9710","0.8606","-0.0002"
"","232.0710","0.8504","-0.0003"
"","232.1710","0.8403","-0.0003"
"","232.2710","0.8304","-0.0002"
"","232.3710","0.8203","-0.0003"
"","232.4710","0.8103","-0.0003"
"","232.5710","0.8004","-0.0003"
"","232.6710","0.7905","-0.0003"
"","232.7710","0.7804","-0.0003"
"","232.8710","0.7703","-0.0003"
"","232.9710","0.7604","-0.0003"
"","233.0710","0.7502","-0.0003"
"","233.1710","0.7401","-0.0003"
"","233.2710","0.7304","-0.0003"
"","233.3710","0.7206","-0.0003"
"","233.4710","0.7103","-0.0003"
"","233.5710","0.7001","-0.0003"
"","233.6710","0.6905","-0.0003"
"","233.7710","0.6804","-0.0003"
"","233.8710","0.6703","-0.0003"
"","233.9710","0.6601","-0.0004"
"","234.0710","0.6506","-0.0003"
"","234.1710","0.6403","-0.0004"
"","234.2710","0.6302","-0.0004"
"","234.3710","0.6203","-0.0004"
"","234.4710","0.6105","-0.0004"
"","234.5710","0.6004","-0.0004"
"","234.6710","0.5903","-0.0004"
"","234.7710","0.5804","-0.0004"
"","234.8710","0.5703","-0.0004"
"","234.9710","0.5603","-0.0004"
"","235.0710","0.5503","-0.0004"
"","235.1710","0.5404","-0.0004"
"","235.2710","0.5303","-0.0004"
"","235.3710","0.5202","-0.0004"
"","235.4710","0.5104","-0.0004"
"","235.5710","0.5002","-0.0004"
"","235.6710","0.4903","-0.0004"
"","235.7710","0.4804","-0.0004"
"","235.8710","0.4705","-0.0004"
"","235.9710","0.4602","-0.0004"
"","236.0710","0.4502","-0.0004"
"","236.1710","0.4404","-0.0004"
"","236.2710","0.4304","-0.0005"
"","236.3710","0.4203","-0.0005"
"","236.4710","0.4102","-0.0005"
"","236.5710","0.4006","-0.0005"
"","236.6710","0.3903","-0.0005"
"","236.7710","0.3802","-0.0005"
"","236.8710","0.3702","-0.0005"
"","236.9710","0.3605","-0.0005"
"","237.0710","0.3503","-0.0005"
"","237.1710","0.3403","-0.0005"
"","237.2710","0.3305","-0.0005"
"","237.3710","0.3203","-0.0005"
"","237.4710","0.3102","-0.0005"
"","237.5710","0.3003","-0.0005"
"","237.6710","0.2905","-0.0005"
"","237.7710","0.2803","-0.0005"
"","237.8710","0.2703","-0.0005"
"","237.9710","0.2605","-0.0005"
"","238.0710","0.2502","-0.0005"
"","238.1710","0.2402","-0.0005"
"","238.2710","0.2304","-0.0005"
"","238.3710","0.2206","-0.0005"
"","238.4710","0.2102","-0.0005"
"","238.5710","0.2002","-0.0005"
"","238.6710","0.1904","-0.0005"
"","238.7710","0.1804","-0.0005"
"","238.8710","0.1702","-0.0006"
"","238.9710","0.1602","-0.0005"
"","239.0710","0.1506","-0.0006"
"","239.1710","0.1403","-0.0006"
"","239.2710","0.1302","-0.0006"
"","239.3710","0.1202","-0.0006"
"","239.4710","0.1105","-0.0006"
"","239.5710","0.1004","-0.0006"
"","239.6710","0.0903","-0.0006"
"","239.7710","0.0804","-0.0006"
"","239.8710","0.0703","-0.0006"
"","239.9710","0.0603","-0.0006"
"","240.0710","0.0503","-0.0006"
"","240.1710","0.0405","-0.0006"
"","240.2710","0.0304","-0.0006"
"","240.3710","0.0202","-0.0006"
"","240.4710","0.0104","-0.0006"
"","240.5710","0.0003","-0.0006"
"","240.5740","-0.0001","-0.0006"
"","240.5750","-0.0002","-0.0006"
"","240.5760","-0.0003","-0.0006"
"","240.6760","-0.0004","-0.0006"
"","240.7760","0.0073","-0.0006"
"","240.8760","0.0190","-0.0006"
"","240.9760","0.0296","-0.0006"
"","241.0760","0.0397","-0.0006"
"","241.1760","0.0494","-0.0006"
"","241.2760","0.0595","-0.0006"
"","241.3760","0.0696","-0.0005"
"","241.4760","0.0798","-0.0005"
"","241.5760","0.0894","-0.0005"
"","241.6760","0.0995","-0.0005"
"","241.7760","0.1096","-0.0005"
"","241.8760","0.1197","-0.0005"
"","241.9760","0.1295","-0.0005"
"","242.0760","0.1396","-0.0005"
"","242.1760","0.1497","-0.0005"
"","242.2760","0.1594","-0.0005"
"","242.3760","0.1697","-0.0005"
"","242.4760","0.1795","-0.0005"
"","242.5760","0.1896","-0.0005"
"","242.6760","0.1994","-0.0005"
"","242.7760","0.2097","-0.0005"
"","242.8760","0.2196","-0.0004"
"","242.9760","0.2294","-0.0004"
"","243.0760","0.2396","-0.0004"
"","243.1760","0.2497","-0.0004"
"","243.2760","0.2597","-0.0004"
"","243.3760","0.2694","-0.0004"
"","243.4760","0.2796","-0.0004"
"","243.5760","0.2897","-0.0004"
"","243.6760","0.2995","-0.0004"
"","243.7760","0.3096","-0.0004"
"","243.8760","0.3197","-0.0004"
"","243.9760","0.3298","-0.0004"
"","244.0760","0.3393","-0.0004"
"","244.1760","0.3496","-0.0004"
"","244.2760","0.3596","-0.0004"
"","244.3760","0.3697","-0.0004"
"","244.4760","0.3795","-0.0003"
"","244.5760","0.3897","-0.0004"
"","244.6760","0.3997","-0.0003"
"","244.7760","0.4093","-0.0003"
"","244.8760","0.4197","-0.0003"
"","244.9760","0.4296","-0.0003"
"","245.0760","0.4396","-0.0003"
"","245.1760","0.4494","-0.0003"
"","245.2760","0.4598","-0.0003"
"","245.3760","0.4696","-0.0003"
"","245.4760","0.4795","-0.0003"
"","245.5760","0.4895","-0.0003"
"","245.6760","0.4998","-0.0003"
"","245.7760","0.5096","-0.0003"
"","245.8760","0.5193","-0.0003"
"","245.9760","0.5296","-0.0003"
"","246.0760","0.5398","-0.0003"
"","246.1760","0.5495","-0.0002"
"","246.2760","0.5595","-0.0002"
"","246.3760","0.5697","-0.0002"
"","246.4760","0.5798","-0.0002"
"","246.5760","0.5894","-0.0002"
"","246.6760","0.5995","-0.0002"
"","246.7760","0.6096","-0.0002"
"","246.8760","0.6196","-0.0002"
"","246.9760","0.6295","-0.0002"
"","247.0760","0.6397","-0.0002"
"","247.1760","0.6497","-0.0002"
"","247.2760","0.6594","-0.0002"
"","247.3760","0.6697","-0.0002"
"","247.4760","0.6796","-0.0001"
"","247.5760","0.6896","-0.0001"
"","247.6760","0.6994","-0.0001"
"","247.7760","0.7098","-0.0001"
"","247.8760","0.7196","-0.0001"
"","247.9760","0.7294","-0.0001"
"","248.0760","0.7396","-0.0001"
"","248.1760","0.7497","-0.0001"
"","248.2760","0.7597","-0.0001"
"","248.3760","0.7694","-0.0001"
"","248.4760","0.7796","-0.0001"
"","248.5760","0.7897","0.0000"
"","248.6760","0.7995","0.0000"
"","248.7760","0.8095","0.0000"
"","248.8760","0.8196","0.0000"
"","248.9760","0.8298","0.0000"
"","249.0760","0.8395","0.0000"
"","249.1760","0.8495","0.0000"
"","249.2760","0.8596","0.0000"
"","249.3760","0.8696","0.0000"
"","249.4760","0.8796","0.0000"
"","249.5760","0.8896","0.0001"
"","249.6760","0.8996","0.0001"
"","249.7760","0.9094","0.0001"
"","249.8760","0.9197","0.0001"
"","249.9760","0.9296","0.0001"
"","250.0760","0.9396","0.0001"
"","250.1760","0.9494","0.0001"
"","250.2760","0.9598","0.0001"
"","250.3760","0.9696","0.0001"
"","250.4760","0.9795","0.0001"
"","250.5760","0.9896","0.0001"
"","250.6760","0.9997","0.0002"
"","250.7760","1.0097","0.0002"
"","250.8760","1.0193","0.0002"
"","250.9760","1.0296","0.0002"
"","251.0760","1.0397","0.0002"
"","251.1760","1.0496","0.0002"
"","251.2760","1.0595","0.0002"
"","251.3760","1.0696","0.0002"
"","251.4760","1.0797","0.0002"
"","251.5760","1.0894","0.0003"
"","251.6760","1.0997","0.0003"
"","251.7760","1.1096","0.0003"
"","251.8760","1.1196","0.0003"
"","251.9760","1.1296","0.0003"
"","252.0760","1.1397","0.0003"
"","252.1760","1.1496","0.0004"
"","252.2760","1.1593","0.0004"
"","252.3760","1.1697","0.0004"
"","252.4760","1.1796","0.0004"
"","252.5760","1.1895","0.0004"
"","252.6760","1.1994","0.0004"
"","252.7760","1.2098","0.0005"
"","252.8760","1.2197","0.0005"
"","252.9760","1.2294","0.0005"
"","253.0760","1.2396","0.0006"
"","253.1760","1.2497","0.0006"
"","253.2760","1.2597","0.0006"
"","253.3760","1.2693","0.0007"
"","253.4760","1.2796","0.0007"
"","253.5760","1.2897","0.0008"
"","253.6760","1.2995","0.0008"
"","253.7760","1.3095","0.0008"
"","253.8760","1.3196","0.0009"
"","253.9760","1.3297","0.0009"
"","254.0760","1.3394","0.0010"
"","254.1760","1.3496","0.0010"
"","254.2760","1.3596","0.0011"
"","254.3760","1.3696","0.0011"
"","254.4760","1.3795","0.0012"
"","254.5760","1.3898","0.0012"
"","254.6760","1.3997","0.0013"
"","254.7760","1.4094","0.0014"
"","254.8760","1.4197","0.0014"
"","254.9760","1.4296","0.0015"
"","255.0760","1.4396","0.0015"
"","255.1760","1.4494","0.0016"
"","255.2760","1.4597","0.0017"
"","255.3760","1.4697","0.0017"
"","255.4760","1.4794","0.0018"
"","255.5760","1.4896","0.0019"
"","255.6760","1.4997","0.0019"
"","255.7760","1.5097","0.0020"
"","255.8760","1.5193","0.0020"
"","255.9760","1.5296","0.0021"
"","256.0760","1.5396","0.0022"
"","256.1760","1.5496","0.0022"
"","256.2760","1.5595","0.0023"
"","256.3760","1.5696","0.0024"
"","256.4760","1.5797","0.0024"
"","256.5760","1.5895","0.0025"
"","256.6760","1.5995","0.0026"
"","256.7760","1.6096","0.0027"
"","256.8760","1.6196","0.0028"
"","256.9760","1.6296","0.0029"
"","257.0760","1.6396","0.0030"
"","257.1760","1.6496","0.0031"
"","257.2760","1.6594","0.0032"
"","257.3760","1.6697","0.0033"
"","257.4760","1.6796","0.0033"
"","257.5760","1.6895","0.0034"
"","257.6760","1.6995","0.0035"
"","257.7760","1.7098","0.0037"
"","257.8760","1.7196","0.0038"
"","257.9760","1.7294","0.0039"
"","258.0760","1.7396","0.0040"
"","258.1760","1.7497","0.0040"
"","258.2760","1.7597","0.0041"
"","258.3760","1.7693","0.0043"
"","258.4760","1.7796","0.0044"
"","258.5760","1.7897","0.0046"
"","258.6760","1.7996","0.0047"
"","258.7760","1.8095","0.0049"
"","258.8760","1.8196","0.0051"
"","258.9760","1.8297","0.0052"
"","259.0760","1.8393","0.0054"
"","259.1760","1.8495","0.0055"
"","259.2760","1.8595","0.0057"
"","259.3760","1.8696","0.0059"
"","259.4760","1.8797","0.0061"
"","259.5760","1.8897","0.0063"
"","259.6760","1.8996","0.0065"
"","259.7760","1.9093","0.0067"
"","259.8760","1.9198","0.0069"
"","259.9760","1.9296","0.0070"
"","260.0760","1.9395","0.0072"
"","260.1760","1.9494","0.0074"
"","260.2760","1.9598","0.0076"
"","260.3760","1.9696","0.0078"
"","260.4760","1.9795","0.0080"
"","260.5760","1.9896","0.0082"
"","260.6760","1.9998","0.0084"
"","260.7760","2.0096","0.0086"
"","260.8760","2.0193","0.0088"
"","260.9760","2.0296","0.0090"
"","261.0760","2.0398","0.0092"
"","261.1760","2.0495","0.0094"
"","261.2760","2.0595","0.0096"
"","261.3760","2.0696","0.0098"
"","261.4760","2.0798","0.0100"
"","261.5760","2.0894","0.0102"
"","261.6760","2.0995","0.0105"
"","261.7760","2.1096","0.0107"
"","261.8760","2.1196","0.0109"
"","261.9760","2.1296","0.0111"
"","262.0760","2.1397","0.0114"
"","262.1760","2.1497","0.0116"
"","262.2760","2.1594","0.0119"
"","262.3760","2.1698","0.0122"
"","262.4760","2.1795","0.0124"
"","262.5760","2.1895","0.0127"
"","262.6760","2.1994","0.0130"
"","262.7760","2.2098","0.0133"
"","262.8760","2.2196","0.0136"
"","262.9760","2.2294","0.0139"
"","263.0760","2.2395","0.0143"
"","263.1760","2.2497","0.0146"
"","263.2760","2.2597","0.0150"
"","263.3760","2.2693","0.0153"
"","263.4760","2.2796","0.0157"
"","263.5760","2.2897","0.0161"
"","263.6760","2.2995","0.0164"
"","263.7760","2.3095","0.0168"
"","263.8760","2.3196","0.0172"
"","263.9760","2.3298","0.0176"
"","264.0760","2.3395","0.0180"
"","264.1760","2.3495","0.0184"
"","264.2760","2.3596","0.0189"
"","264.3760","2.3696","0.0193"
"","264.4760","2.3796","0.0197"
"","264.5760","2.3896","0.0201"
"","264.6760","2.3996","0.0206"
"","264.7760","2.4094","0.0210"
"","264.8760","2.4197","0.0215"
"","264.9760","2.4295","0.0219"
"","265.0760","2.4396","0.0223"
"","265.1760","2.4494","0.0228"
"","265.2760","2.4598","0.0233"
"","265.3760","2.4696","0.0237"
"","265.4760","2.4794","0.0242"
"","265.5760","2.4896","0.0246"
"","265.6760","2.4996","0.0251"
"","265.7760","2.5097","0.0256"
"","265.8760","2.5193","0.0260"
"","265.9760","2.5297","0.0265"
"","266.0760","2.5397","0.0270"
"","266.1760","2.5495","0.0274"
"","266.2760","2.5595","0.0279"
"","266.3760","2.5696","0.0284"
"","266.4760","2.5797","0.0289"
"","266.5760","2.5894","0.0294"
"","266.6760","2.5996","0.0299"
"","266.7760","2.6096","0.0304"
"","266.8760","2.6196","0.0309"
"","266.9760","2.6297","0.0314"
"","267.0760","2.6397","0.0318"
"","267.1760","2.6497","0.0323"
"","267.2760","2.6593","0.0328"
"","267.3760","2.6698","0.0332"
"","267.4760","2.6796","0.0337"
"","267.5760","2.6896","0.0338"
"","267.6760","2.6994","0.0339"
"","267.7760","2.7098","0.0340"
"","267.8760","2.7196","0.0340"
"","267.9760","2.7294","0.0339"
"","268.0760","2.7396","0.0340"
"","268.1760","2.7498","0.0340"
"","268.2760","2.7596","0.0341"
"","268.3760","2.7693","0.0341"
"","268.4760","2.7795","0.0341"
"","268.5760","2.7898","0.0341"
"","268.6760","2.7995","0.0341"
"","268.7760","2.8095","0.0341"
"","268.8760","2.8197","0.0341"
"","268.9760","2.8298","0.0340"
"","269.0760","2.8394","0.0339"
"","269.1760","2.8495","0.0340"
"","269.2760","2.8596","0.0342"
"","269.3760","2.8696","0.0346"
"","269.4760","2.8796","0.0352"
"","269.5760","2.8897","0.0358"
"","269.6760","2.8997","0.0363"
"","269.7760","2.9094","0.0369"
"","269.8760","2.9198","0.0375"
"","269.9760","2.9296","0.0380"
"","270.0760","2.9396","0.0386"
"","270.1760","2.9494","0.0391"
"","270.2760","2.9598","0.0397"
"","270.3760","2.9696","0.0403"
"","270.4760","2.9794","0.0409"
"","270.5760","2.9896","0.0415"
"","270.6760","2.9998","0.0421"
"","270.7760","3.0097","0.0427"
"","270.8760","3.0193","0.0432"
"","270.9760","3.0296","0.0439"
"","271.0760","3.0397","0.0445"
"","271.1760","3.0495","0.0451"
"","271.2760","3.0595","0.0457"
"","271.3760","3.0696","0.0463"
"","271.4760","3.0797","0.0470"
"","271.5760","3.0894","0.0476"
"","271.6760","3.0995","0.0482"
"","271.7760","3.1096","0.0489"
"","271.8760","3.1196","0.0495"
"","271.9760","3.1296","0.0502"
"","272.0760","3.1396","0.0508"
"","272.1760","3.1496","0.0515"
"","272.2760","3.1594","0.0521"
"","272.3760","3.1697","0.0528"
"","272.4760","3.1795","0.0535"
"","272.5760","3.1896","0.0542"
"","272.6760","3.1995","0.0548"
"","272.7760","3.2097","0.0555"
"","272.8760","3.2196","0.0562"
"","272.9760","3.2294","0.0569"
"","273.0760","3.2396","0.0576"
"","273.1760","3.2497","0.0583"
"","273.2760","3.2597","0.0590"
"","273.3760","3.2694","0.0597"
"","273.4760","3.2797","0.0604"
"","273.5760","3.2897","0.0611"
"","273.6760","3.2995","0.0618"
"","273.7760","3.3096","0.0625"
"","273.8760","3.3197","0.0633"
"","273.9760","3.3297","0.0640"
"","274.0760","3.3393","0.0647"
"","274.1760","3.3496","0.0655"
"","274.2760","3.3596","0.0662"
"","274.3760","3.3697","0.0670"
"","274.4760","3.3794","0.0677"
"","274.5760","3.3897","0.0685"
"","274.6760","3.3997","0.0692"
"","274.7760","3.4093","0.0700"
"","274.8760","3.4197","0.0708"
"","274.9760","3.4296","0.0715"
"","275.0760","3.4396","0.0723"
"","275.1760","3.4495","0.0730"
"","275.2760","3.4596","0.0738"
"","275.3760","3.4697","0.0746"
"","275.4760","3.4795","0.0754"
"","275.5760","3.4895","0.0762"
"","275.6760","3.4997","0.0770"
"","275.7760","3.5096","0.0778"
"","275.8760","3.5193","0.0785"
"","275.9760","3.5296","0.0794"
"","276.0760","3.5398","0.0802"
"","276.1760","3.5495","0.0809"
"","276.2760","3.5596","0.0818"
"","276.3760","3.5697","0.0826"
"","276.4760","3.5798","0.0834"
"","276.5760","3.5894","0.0842"
"","276.6760","3.5995","0.0850"
"","276.7760","3.6096","0.0858"
"","276.8760","3.6196","0.0866"
"","276.9760","3.6295","0.0874"
"","277.0760","3.6397","0.0883"
"","277.1760","3.6497","0.0891"
"","277.2760","3.6594","0.0899"
"","277.3760","3.6697","0.0907"
"","277.4760","3.6795","0.0916"
"","277.5760","3.6895","0.0924"
"","277.6760","3.6994","0.0933"
"","277.7760","3.7098","0.0941"
"","277.8760","3.7196","0.0950"
"","277.9760","3.7294","0.0958"
"","278.0760","3.7395","0.0967"
"","278.1760","3.7496","0.0975"
"","278.2760","3.7597","0.0984"
"","278.3760","3.7694","0.0992"
"","278.4760","3.7796","0.1001"
"","278.5760","3.7897","0.1009"
"","278.6760","3.7996","0.1018"
"","278.7760","3.8095","0.1026"
"","278.8760","3.8196","0.1035"
"","278.9760","3.8297","0.1044"
"","279.0760","3.8394","0.1052"
"","279.1760","3.8495","0.1061"
"","279.2760","3.8596","0.1070"
"","279.3760","3.8696","0.1078"
"","279.4760","3.8796","0.1087"
"","279.5760","3.8896","0.1095"
"","279.6760","3.8996","0.1104"
"","279.7760","3.9094","0.1113"
"","279.8760","3.9197","0.1121"
"","279.9760","3.9295","0.1130"
"","280.0760","3.9395","0.1139"
"","280.1760","3.9494","0.1147"
"","280.2760","3.9598","0.1156"
"","280.3760","3.9696","0.1164"
"","280.4760","3.9794","0.1172"
"","280.5760","3.9896","0.1181"
"","280.6760","3.9998","0.1189"
"","280.6790","4.0001","0.1189"
"","280.6800","4.0002","0.1189"
"","280.6810","4.0003","0.1189"
"","280.7810","4.0005","0.1188"
"","280.8810","3.9926","0.1177"
"","280.9810","3.9808","0.1161"
"","281.0810","3.9707","0.1148"
"","281.1810","3.9602","0.1135"
"","281.2810","3.9501","0.1122"
"","281.3810","3.9405","0.1110"
"","281.4810","3.9305","0.1098"
"","281.5810","3.9203","0.1086"
"","281.6810","3.9102","0.1074"
"","281.7810","3.9006","0.1063"
"","281.8810","3.8903","0.1051"
"","281.9810","3.8802","0.1039"
"","282.0810","3.8703","0.1028"
"","282.1810","3.8605","0.1017"
"","282.2810","3.8504","0.1005"
"","282.3810","3.8402","0.0994"
"","282.4810","3.8304","0.0984"
"","282.5810","3.8203","0.0972"
"","282.6810","3.8103","0.0961"
"","282.7810","3.8004","0.0950"
"","282.8810","3.7905","0.0940"
"","282.9810","3.7803","0.0929"
"","283.0810","3.7703","0.0918"
"","283.1810","3.7604","0.0907"
"","283.2810","3.7502","0.0897"
"","283.3810","3.7402","0.0886"
"","283.4810","3.7304","0.0876"
"","283.5810","3.7206","0.0866"
"","283.6810","3.7103","0.0855"
"","283.7810","3.7002","0.0845"
"","283.8810","3.6905","0.0835"
"","283.9810","3.6804","0.0825"
"","284.0810","3.6704","0.0815"
"","284.1810","3.6602","0.0805"
"","284.2810","3.6506","0.0795"
"","284.3810","3.6402","0.0785"
"","284.4810","3.6302","0.0775"
"","284.5810","3.6202","0.0765"
"","284.6810","3.6105","0.0756"
"","284.7810","3.6004","0.0746"
"","284.8810","3.5902","0.0737"
"","284.9810","3.5804","0.0727"
"","285.0810","3.5702","0.0718"
"","285.1810","3.5602","0.0708"
"","285.2810","3.5503","0.0699"
"","285.3810","3.5404","0.0690"
"","285.4810","3.5303","0.0680"
"","285.5810","3.5202","0.0671"
"","285.6810","3.5105","0.0662"
"","285.7810","3.5002","0.0653"
"","285.8810","3.4903","0.0644"
"","285.9810","3.4804","0.0635"
"","286.0810","3.4705","0.0627"
"","286.1810","3.4602","0.0618"
"","286.2810","3.4502","0.0609"
"","286.3810","3.4404","0.0601"
"","286.4810","3.4303","0.0592"
"","286.5810","3.4202","0.0583"
"","286.6810","3.4103","0.0575"
"","286.7810","3.4005","0.0567"
"","286.8810","3.3902","0.0559"
"","286.9810","3.3802","0.0550"
"","287.0810","3.3703","0.0542"
"","287.1810","3.3605","0.0535"
"","287.2810","3.3503","0.0526"
"","287.3810","3.3402","0.0518"
"","287.4810","3.3305","0.0511"
"","287.5810","3.3203","0.0503"
"","287.6810","3.3103","0.0495"
"","287.7810","3.3003","0.0487"
"","287.8810","3.2905","0.0480"
"","287.9810","3.2803","0.0472"
"","288.0810","3.2703","0.0465"
"","288.1810","3.2605","0.0457"
"","288.2810","3.2502","0.0450"
"","288.3810","3.2402","0.0443"
"","288.4810","3.2303","0.0436"
"","288.5810","3.2206","0.0429"
"","288.6810","3.2102","0.0422"
"","288.7810","3.2002","0.0415"
"","288.8810","3.1904","0.0408"
"","288.9810","3.1804","0.0402"
"","289.0810","3.1702","0.0395"
"","289.1810","3.1602","0.0388"
"","289.2810","3.1506","0.0382"
"","289.3810","3.1403","0.0375"
"","289.4810","3.1302","0.0369"
"","289.5810","3.1203","0.0363"
"","289.6810","3.1105","0.0357"
"","289.7810","3.1004","0.0351"
"","289.8810","3.0903","0.0345"
"","289.9810","3.0804","0.0339"
"","290.0810","3.0703","0.0333"
"","290.1810","3.0603","0.0328"
"","290.2810","3.0503","0.0324"
"","290.3810","3.0405","0.0324"
"","290.4810","3.0303","0.0324"
"","290.5810","3.0203","0.0323"
"","290.6810","3.0104","0.0323"
"","290.7810","3.0002","0.0323"
"","290.8810","2.9902","0.0322"
"","290.9810","2.9803","0.0322"
"","291.0810","2.9706","0.0322"
"","291.1810","2.9603","0.0321"
"","291.2810","2.9501","0.0321"
"","291.3810","2.9405","0.0321"
"","291.4810","2.9304","0.0321"
"","291.5810","2.9204","0.0321"
"","291.6810","2.9101","0.0321"
"","291.7810","2.9005","0.0321"
"","291.8810","2.8903","0.0320"
"","291.9810","2.8802","0.0320"
"","292.0810","2.8702","0.0320"
"","292.1810","2.8605","0.0317"
"","292.2810","2.8504","0.0311"
"","292.3810","2.8403","0.0305"
"","292.4810","2.8304","0.0299"
"","292.5810","2.8202","0.0293"
"","292.6810","2.8102","0.0288"
"","292.7810","2.8003","0.0282"
"","292.8810","2.7904","0.0277"
"","292.9810","2.7802","0.0271"
"","293.0810","2.7703","0.0266"
"","293.1810","2.7606","0.0260"
"","293.2810","2.7503","0.0255"
"","293.3810","2.7402","0.0249"
"","293.4810","2.7304","0.0244"
"","293.5810","2.7205","0.0239"
"","293.6810","2.7102","0.0233"
"","293.7810","2.7001","0.0228"
"","293.8810","2.6904","0.0223"
"","293.9810","2.6804","0.0218"
"","294.0810","2.6703","0.0213"
"","294.1810","2.6601","0.0208"
"","294.2810","2.6506","0.0204"
"","294.3810","2.6403","0.0199"
"","294.4810","2.6302","0.0194"
"","294.5810","2.6202","0.0190"
"","294.6810","2.6105","0.0185"
"","294.7810","2.6004","0.0181"
"","294.8810","2.5903","0.0176"
"","294.9810","2.5804","0.0172"
"","295.0810","2.5702","0.0168"
"","295.1810","2.5602","0.0164"
"","295.2810","2.5503","0.0160"
"","295.3810","2.5404","0.0156"
"","295.4810","2.5302","0.0152"
"","295.5810","2.5203","0.0148"
"","295.6810","2.5105","0.0144"
"","295.7810","2.5002","0.0140"
"","295.8810","2.4902","0.0137"
"","295.9810","2.4804","0.0133"
"","296.0810","2.4707","0.0130"
"","296.1810","2.4602","0.0126"
"","296.2810","2.4501","0.0123"
"","296.3810","2.4404","0.0120"
"","296.4810","2.4304","0.0117"
"","296.5810","2.4203","0.0114"
"","296.6810","2.4101","0.0111"
"","296.7810","2.4006","0.0108"
"","296.8810","2.3903","0.0105"
"","296.9810","2.3802","0.0103"
"","297.0810","2.3702","0.0100"
"","297.1810","2.3605","0.0098"
"","297.2810","2.3504","0.0095"
"","297.3810","2.3403","0.0092"
"","297.4810","2.3303","0.0090"
"","297.5810","2.3203","0.0088"
"","297.6810","2.3102","0.0086"
"","297.7810","2.3003","0.0083"
"","297.8810","2.2905","0.0081"
"","297.9810","2.2803","0.0079"
"","298.0810","2.2703","0.0077"
"","298.1810","2.2604","0.0075"
"","298.2810","2.2502","0.0073"
"","298.3810","2.2402","0.0071"
"","298.4810","2.2303","0.0070"
"","298.5810","2.2206","0.0068"
"","298.6810","2.2103","0.0066"
"","298.7810","2.2001","0.0065"
"","298.8810","2.1905","0.0063"
"","298.9810","2.1804","0.0062"
"","299.0810","2.1703","0.0060"
"","299.1810","2.1601","0.0058"
"","299.2810","2.1506","0.0057"
"","299.3810","2.1403","0.0055"
"","299.4810","2.1302","0.0054"
"","299.5810","2.1202","0.0052"
"","299.6810","2.1105","0.0051"
"","299.7810","2.1004","0.0049"
"","299.8810","2.0902","0.0047"
"","299.9810","2.0804","0.0046"
"","300.0810","2.0702","0.0044"
"","300.1810","2.0602","0.0042"
"","300.2810","2.0503","0.0041"
"","300.3810","2.0404","0.0039"
"","300.4810","2.0303","0.0038"
"","300.5810","2.0203","0.0036"
"","300.6810","2.0105","0.0035"
"","300.7810","2.0002","0.0034"
"","300.8810","1.9902","0.0033"
"","300.9810","1.9804","0.0032"
"","301.0810","1.9705","0.0030"
"","301.1810","1.9602","0.0029"
"","301.2810","1.9501","0.0028"
"","301.3810","1.9405","0.0027"
"","301.4810","1.9304","0.0026"
"","301.5810","1.9202","0.0025"
"","301.6810","1.9102","0.0024"
"","301.7810","1.9006","0.0023"
"","301.8810","1.8903","0.0022"
"","301.9810","1.8802","0.0021"
"","302.0810","1.8702","0.0020"
"","302.1810","1.8605","0.0020"
"","302.2810","1.8504","0.0019"
"","302.3810","1.8403","0.0018"
"","302.4810","1.8305","0.0018"
"","302.5810","1.8202","0.0017"
"","302.6810","1.8103","0.0016"
"","302.7810","1.8003","0.0016"
"","302.8810","1.7904","0.0015"
"","302.9810","1.7802","0.0015"
"","303.0810","1.7703","0.0014"
"","303.1810","1.7605","0.0014"
"","303.2810","1.7502","0.0013"
"","303.3810","1.7401","0.0013"
"","303.4810","1.7303","0.0012"
"","303.5810","1.7207","0.0012"
"","303.6810","1.7102","0.0011"
"","303.7810","1.7001","0.0011"
"","303.8810","1.6904","0.0010"
"","303.9810","1.6804","0.0010"
"","304.0810","1.6702","0.0010"
"","304.1810","1.6602","0.0009"
"","304.2810","1.6505","0.0009"
"","304.3810","1.6403","0.0009"
"","304.4810","1.6302","0.0008"
"","304.5810","1.6203","0.0008"
"","304.6810","1.6105","0.0007"
"","304.7810","1.6003","0.0007"
"","304.8810","1.5902","0.0007"
"","304.9810","1.5805","0.0006"
"","305.0810","1.5702","0.0006"
"","305.1810","1.5602","0.0006"
"","305.2810","1.5503","0.0005"
"","305.3810","1.5405","0.0005"
"","305.4810","1.5303","0.0005"
"","305.5810","1.5203","0.0004"
"","305.6810","1.5104","0.0004"
"","305.7810","1.5002","0.0004"
"","305.8810","1.4902","0.0004"
"","305.9810","1.4803","0.0003"
"","306.0810","1.4705","0.0003"
"","306.1810","1.4603","0.0003"
"","306.2810","1.4502","0.0003"
"","306.3810","1.4404","0.0003"
"","306.4810","1.4304","0.0002"
"","306.5810","1.4204","0.0002"
"","306.6810","1.4102","0.0002"
"","306.7810","1.4005","0.0002"
"","306.8810","1.3903","0.0002"
"","306.9810","1.3802","0.0002"
"","307.0810","1.3703","0.0002"
"","307.1810","1.3604","0.0002"
"","307.2810","1.3504","0.0001"
"","307.3810","1.3402","0.0001"
"","307.4810","1.3305","0.0001"
"","307.5810","1.3202","0.0001"
"","307.6810","1.3103","0.0001"
"","307.7810","1.3003","0.0001"
"","307.8810","1.2905","0.0001"
"","307.9810","1.2802","0.0001"
"","308.0810","1.2703","0.0001"
"","308.1810","1.2605","0.0000"
"","308.2810","1.2503","0.0000"
"","308.3810","1.2402","0.0000"
"","308.4810","1.2304","0.0000"
"","308.5810","1.2205","0.0000"
"","308.6810","1.2102","0.0000"
"","308.7810","1.2001","0.0000"
"","308.8810","1.1905","0.0000"
"","308.9810","1.1804","0.0000"
"","309.0810","1.1702","0.0000"
"","309.1810","1.1602","0.0000"
"","309.2810","1.1506","-0.0001"
"","309.3810","1.1403","-0.0001"
"","309.4810","1.1301","-0.0001"
"","309.5810","1.1203","-0.0001"
"","309.6810","1.1105","-0.0001"
"","309.7810","1.1004","-0.0001"
"","309.8810","1.0902","-0.0001"
"","309.9810","1.0805","-0.0001"
"","310.0810","1.0703","-0.0001"
"","310.1810","1.0603","-0.0001"
"","310.2810","1.0503","-0.0001"
"","310.3810","1.0404","-0.0001"
"","310.4810","1.0302","-0.0002"
"","310.5810","1.0203","-0.0002"
"","310.6810","1.0105","-0.0002"
"","310.7810","1.0002","-0.0002"
"","310.8810","0.9902","-0.0002"
"","310.9810","0.9804","-0.0002"
"","311.0810","0.9706","-0.0002"
"","311.1810","0.9602","-0.0002"
"","311.2810","0.9501","-0.0002"
"","311.3810","0.9405","-0.0002"
"","311.4810","0.9304","-0.0002"
"","311.5810","0.9203","-0.0002"
"","311.6810","0.9102","-0.0002"
"","311.7810","0.9006","-0.0002"
"","311.8810","0.8903","-0.0002"
"","311.9810","0.8802","-0.0003"
"","312.0810","0.8703","-0.0003"
"","312.1810","0.8605","-0.0003"
"","312.2810","0.8504","-0.0003"
"","312.3810","0.8402","-0.0003"
"","312.4810","0.8304","-0.0003"
"","312.5810","0.8203","-0.0003"
"","312.6810","0.8102","-0.0003"
"","312.7810","0.8003","-0.0003"
"","312.8810","0.7905","-0.0003"
"","312.9810","0.7804","-0.0003"
"","313.0810","0.7703","-0.0003"
"","313.1810","0.7604","-0.0003"
"","313.2810","0.7502","-0.0003"
"","313.3810","0.7401","-0.0003"
"","313.4810","0.7303","-0.0003"
"","313.5810","0.7206","-0.0004"
"","313.6810","0.7103","-0.0003"
"","313.7810","0.7001","-0.0004"
"","313.8810","0.6905","-0.0004"
"","313.9810","0.6804","-0.0004"
"","314.0810","0.6704","-0.0004"
"","314.1810","0.6601","-0.0004"
"","314.2810","0.6506","-0.0004"
"","314.3810","0.6403","-0.0004"
"","314.4810","0.6302","-0.0004"
"","314.5810","0.6203","-0.0004"
"","314.6810","0.6105","-0.0004"
"","314.7810","0.6004","-0.0004"
"","314.8810","0.5902","-0.0004"
"","314.9810","0.5804","-0.0004"
"","315.0810","0.5703","-0.0004"
"","315.1810","0.5603","-0.0004"
"","315.2810","0.5503","-0.0004"
"","315.3810","0.5404","-0.0004"
"","315.4810","0.5303","-0.0005"
"","315.5810","0.5202","-0.0004"
"","315.6810","0.5104","-0.0004"
"","315.7810","0.5002","-0.0004"
"","315.8810","0.4903","-0.0005"
"","315.9810","0.4804","-0.0005"
"","316.0810","0.4705","-0.0005"
"","316.1810","0.4602","-0.0005"
"","316.2810","0.4502","-0.0005"
"","316.3810","0.4404","-0.0005"
"","316.4810","0.4304","-0.0005"
"","316.5810","0.4202","-0.0005"
"","316.6810","0.4102","-0.0005"
"","316.7810","0.4006","-0.0005"
"","316.8810","0.3903","-0.0005"
"","316.9810","0.3802","-0.0005"
"","317.0810","0.3702","-0.0005"
"","317.1810","0.3605","-0.0005"
"","317.2810","0.3503","-0.0005"
"","317.3810","0.3403","-0.0005"
"","317.4810","0.3305","-0.0005"
"","317.5810","0.3203","-0.0005"
"","317.6810","0.3103","-0.0005"
"","317.7810","0.3003","-0.0005"
"","317.8810","0.2904","-0.0005"
"","317.9810","0.2803","-0.0005"
"","318.0810","0.2703","-0.0005"
"","318.1810","0.2604","-0.0005"
"","318.2810","0.2502","-0.0005"
"","318.3810","0.2402","-0.0005"
"","318.4810","0.2303","-0.0005"
"","318.5810","0.2206","-0.0006"
"","318.6810","0.2102","-0.0006"
"","318.7810","0.2002","-0.0006"
"","318.8810","0.1904","-0.0006"
"","318.9810","0.1804","-0.0006"
"","319.0810","0.1702","-0.0006"
"","319.1810","0.1602","-0.0006"
"","319.2810","0.1506","-0.0006"
"","319.3810","0.1403","-0.0006"
"","319.4810","0.1302","-0.0006"
"","319.5810","0.1202","-0.0006"
"","319.6810","0.1105","-0.0006"
"","319.7810","0.1004","-0.0006"
"","319.8810","0.0902","-0.0006"
"","319.9810","0.0804","-0.0006"
"","320.0810","0.0703","-0.0006"
"","320.1810","0.0603","-0.0006"
"","320.2810","0.0503","-0.0006"
"","320.3810","0.0405","-0.0006"
"","320.4810","0.0304","-0.0006"
"","320.5810","0.0203","-0.0006"
"","320.6810","0.0104","-0.0006"
"","320.7810","0.0003","-0.0006"
"","320.7840","-0.0001","-0.0006"
"","320.7850","-0.0002","-0.0006"
"","320.7860","-0.0003","-0.0006"
"","320.8860","-0.0004","-0.0006"
"","320.9860","0.0074","-0.0006"
"","321.0860","0.0189","-0.0006"
"","321.1860","0.0295","-0.0006"
"","321.2860","0.0397","-0.0006"
"","321.3860","0.0494","-0.0006"
"","321.4860","0.0595","-0.0006"
"","321.5860","0.0696","-0.0006"
"","321.6860","0.0798","-0.0006"
"","321.7860","0.0894","-0.0006"
"","321.8860","0.0995","-0.0005"
"","321.9860","0.1096","-0.0006"
"","322.0860","0.1196","-0.0005"
"","322.1860","0.1295","-0.0005"
"","322.2860","0.1396","-0.0005"
"","322.3860","0.1496","-0.0005"
"","322.4860","0.1594","-0.0005"
"","322.5860","0.1696","-0.0005"
"","322.6860","0.1795","-0.0005"
"","322.7860","0.1895","-0.0005"
"","322.8860","0.1994","-0.0005"
"","322.9860","0.2097","-0.0005"
"","323.0860","0.2196","-0.0005"
"","323.1860","0.2294","-0.0005"
"","323.2860","0.2396","-0.0005"
"","323.3860","0.2497","-0.0005"
"","323.4860","0.2597","-0.0005"
"","323.5860","0.2694","-0.0004"
"","323.6860","0.2796","-0.0005"
"","323.7860","0.2896","-0.0004"
"","323.8860","0.2995","-0.0004"
"","323.9860","0.3096","-0.0004"
"","324.0860","0.3197","-0.0004"
"","324.1860","0.3297","-0.0004"
"","324.2860","0.3393","-0.0004"
"","324.3860","0.3496","-0.0004"
"","324.4860","0.3596","-0.0004"
"","324.5860","0.3696","-0.0004"
"","324.6860","0.3795","-0.0004"
"","324.7860","0.3897","-0.0004"
"","324.8860","0.3996","-0.0004"
"","324.9860","0.4093","-0.0004"
"","325.0860","0.4197","-0.0004"
"","325.1860","0.4296","-0.0004"
"","325.2860","0.4396","-0.0004"
"","325.3860","0.4494","-0.0003"
"","325.4860","0.4598","-0.0003"
"","325.5860","0.4696","-0.0003"
"","325.6860","0.4795","-0.0003"
"","325.7860","0.4895","-0.0003"
"","325.8860","0.4998","-0.0003"
"","325.9860","0.5096","-0.0003"
"","326.0860","0.5193","-0.0003"
"","326.1860","0.5296","-0.0003"
"","326.2860","0.5398","-0.0003"
"","326.3860","0.5495","-0.0003"
"","326.4860","0.5595","-0.0003"
"","326.5860","0.5696","-0.0003"
"","326.6860","0.5797","-0.0003"
"","326.7860","0.5893","-0.0003"
"","326.8860","0.5995","-0.0002"
"","326.9860","0.6096","-0.0002"
"","327.0860","0.6196","-0.0002"
"","327.1860","0.6295","-0.0002"
"","327.2860","0.6397","-0.0002"
"","327.3860","0.6497","-0.0002"
"","327.4860","0.6594","-0.0002"
"","327.5860","0.6697","-0.0002"
"","327.6860","0.6795","-0.0002"
"","327.7860","0.6896","-0.0002"
"","327.8860","0.6994","-0.0002"
"","327.9860","0.7098","-0.0002"
"","328.0860","0.7196","-0.0002"
"","328.1860","0.7294","-0.0002"
"","328.2860","0.7396","-0.0001"
"","328.3860","0.7497","-0.0001"
"","328.4860","0.7597","-0.0001"
"","328.5860","0.7694","-0.0001"
"","328.6860","0.7796","-0.0001"
"","328.7860","0.7897","-0.0001"
"","328.8860","0.7995","-0.0001"
"","328.9860","0.8094","-0.0001"
"","329.0860","0.8196","-0.0001"
"","329.1860","0.8298","-0.0001"
"","329.2860","0.8394","-0.0001"
"","329.3860","0.8495","-0.0001"
"","329.4860","0.8596","0.0000"
"","329.5860","0.8696","0.0000"
"","329.6860","0.8796","0.0000"
"","329.7860","0.8896","0.0000"
"","329.8860","0.8996","0.0000"
"","329.9860","0.9094","0.0000"
"","330.0860","0.9197","0.0000"
"","330.1860","0.9295","0.0000"
"","330.2860","0.9395","0.0000"
"","330.3860","0.9494","0.0000"
"","330.4860","0.9598","0.0001"
"","330.5860","0.9697","0.0001"
"","330.6860","0.9794","0.0001"
"","330.7860","0.9896","0.0001"
"","330.8860","0.9997","0.0001"
"","330.9860","1.0097","0.0001"
"","331.0860","1.0193","0.0001"
"","331.1860","1.0296","0.0001"
"","331.2860","1.0397","0.0001"
"","331.3860","1.0496","0.0002"
"","331.4860","1.0595","0.0001"
"","331.5860","1.0696","0.0002"
"","331.6860","1.0797","0.0002"
"","331.7860","1.0894","0.0002"
"","331.8860","1.0996","0.0002"
"","331.9860","1.1095","0.0002"
"","332.0860","1.1196","0.0002"
"","332.1860","1.1296","0.0002"
"","332.2860","1.1397","0.0003"
"","332.3860","1.1496","0.0003"
"","332.4860","1.1594","0.0003"
"","332.5860","1.1697","0.0003"
"","332.6860","1.1796","0.0003"
"","332.7860","1.1895","0.0003"
"","332.8860","1.1994","0.0004"
"","332.9860","1.2097","0.0004"
"","333.0860","1.2197","0.0004"
"","333.1860","1.2294","0.0004"
"","333.2860","1.2395","0.0004"
"","333.3860","1.2497","0.0005"
"","333.4860","1.2597","0.0005"
"","333.5860","1.2693","0.0005"
"","333.6860","1.2796","0.0006"
"","333.7860","1.2897","0.0006"
"","333.8860","1.2995","0.0006"
"","333.9860","1.3095","0.0007"
"","334.0860","1.3196","0.0007"
"","334.1860","1.3297","0.0008"
"","334.2860","1.3393","0.0008"
"","334.3860","1.3496","0.0008"
"","334.4860","1.3596","0.0009"
"","334.5860","1.3696","0.0009"
"","334.6860","1.3795","0.0010"
"","334.7860","1.3897","0.0010"
"","334.8860","1.3997","0.0011"
"","334.9860","1.4094","0.0011"
"","335.0860","1.4197","0.0012"
"","335.1860","1.4296","0.0012"
"","335.2860","1.4396","0.0013"
"","335.3860","1.4494","0.0014"
"","335.4860","1.4597","0.0014"
"","335.5860","1.4696","0.0015"
"","335.6860","1.4794","0.0015"
"","335.7860","1.4896","0.0016"
"","335.8860","1.4997","0.0017"
"","335.9860","1.5097","0.0017"
"","336.0860","1.5193","0.0018"
"","336.1860","1.5296","0.0019"
"","336.2860","1.5396","0.0019"
"","336.3860","1.5496","0.0020"
"","336.4860","1.5595","0.0021"
"","336.5860","1.5696","0.0021"
"","336.6860","1.5797","0.0022"
"","336.7860","1.5895","0.0022"
"","336.8860","1.5995","0.0023"
"","336.9860","1.6096","0.0024"
"","337.0860","1.6196","0.0025"
"","337.1860","1.6296","0.0026"
"","337.2860","1.6396","0.0026"
"","337.3860","1.6496","0.0027"
"","337.4860","1.6594","0.0027"
"","337.5860","1.6697","0.0028"
"","337.6860","1.6795","0.0029"
"","337.7860","1.6895","0.0030"
"","337.8860","1.6995","0.0031"
"","337.9860","1.7097","0.0032"
"","338.0860","1.7195","0.0033"
"","338.1860","1.7294","0.0034"
"","338.2860","1.7396","0.0035"
"","338.3860","1.7497","0.0036"
"","338.4860","1.7597","0.0037"
"","338.5860","1.7693","0.0039"
"","338.6860","1.7796","0.0040"
"","338.7860","1.7897","0.0041"
"","338.8860","1.7995","0.0042"
"","338.9860","1.8095","0.0044"
"","339.0860","1.8196","0.0045"
"","339.1860","1.8297","0.0046"
"","339.2860","1.8393","0.0048"
"","339.3860","1.8495","0.0050"
"","339.4860","1.8595","0.0051"
"","339.5860","1.8696","0.0053"
"","339.6860","1.8796","0.0054"
"","339.7860","1.8896","0.0056"
"","339.8860","1.8996","0.0058"
"","339.9860","1.9093","0.0059"
"","340.0860","1.9198","0.0061"
"","340.1860","1.9296","0.0063"
"","340.2860","1.9395","0.0065"
"","340.3860","1.9494","0.0067"
"","340.4860","1.9598","0.0068"
"","340.5860","1.9696","0.0070"
"","340.6860","1.9795","0.0072"
"","340.7860","1.9896","0.0074"
"","340.8860","1.9997","0.0076"
"","340.9860","2.0096","0.0078"
"","341.0860","2.0193","0.0080"
"","341.1860","2.0296","0.0082"
"","341.2860","2.0398","0.0084"
"","341.3860","2.0495","0.0085"
"","341.4860","2.0595","0.0088"
"","341.5860","2.0696","0.0090"
"","341.6860","2.0798","0.0092"
"","341.7860","2.0894","0.0094"
"","341.8860","2.0995","0.0096"
"","341.9860","2.1096","0.0098"
"","342.0860","2.1196","0.0100"
"","342.1860","2.1296","0.0102"
"","342.2860","2.1396","0.0104"
"","342.3860","2.1497","0.0107"
"","342.4860","2.1593","0.0109"
"","342.5860","2.1698","0.0111"
"","342.6860","2.1795","0.0114"
"","342.7860","2.1895","0.0116"
"","342.8860","2.1994","0.0119"
"","342.9860","2.2098","0.0121"
"","343.0860","2.2196","0.0124"
"","343.1860","2.2294","0.0127"
"","343.2860","2.2395","0.0130"
"","343.3860","2.2497","0.0133"
"","343.4860","2.2596","0.0136"
"","343.5860","2.2693","0.0139"
"","343.6860","2.2796","0.0143"
"","343.7860","2.2896","0.0146"
"","343.8860","2.2995","0.0150"
"","343.9860","2.3095","0.0153"
"","344.0860","2.3196","0.0157"
"","344.1860","2.3298","0.0161"
"","344.2860","2.3395","0.0165"
"","344.3860","2.3495","0.0169"
"","344.4860","2.3595","0.0173"
"","344.5860","2.3696","0.0176"
"","344.6860","2.3796","0.0180"
"","344.7860","2.3896","0.0185"
"","344.8860","2.3996","0.0189"
"","344.9860","2.4093","0.0193"
"","345.0860","2.4196","0.0197"
"","345.1860","2.4295","0.0202"
"","345.2860","2.4396","0.0206"
"","345.3860","2.4494","0.0210"
"","345.4860","2.4598","0.0215"
"","345.5860","2.4696","0.0219"
"","345.6860","2.4794","0.0224"
"","345.7860","2.4896","0.0229"
"","345.8860","2.4996","0.0233"
"","345.9860","2.5097","0.0238"
"","346.0860","2.5193","0.0242"
"","346.1860","2.5297","0.0247"
"","346.2860","2.5396","0.0252"
"","346.3860","2.5495","0.0257"
"","346.4860","2.5595","0.0262"
"","346.5860","2.5696","0.0267"
"","346.6860","2.5797","0.0271"
"","346.7860","2.5894","0.0276"
"","346.8860","2.5996","0.0281"
"","346.9860","2.6096","0.0286"
"","347.0860","2.6196","0.0291"
"","347.1860","2.6296","0.0296"
"","347.2860","2.6397","0.0301"
"","347.3860","2.6496","0.0306"
"","347.4860","2.6593","0.0311"
"","347.5860","2.6698","0.0316"
"","347.6860","2.6796","0.0320"
"","347.7860","2.6895","0.0325"
"","347.8860","2.6994","0.0330"
"","347.9860","2.7098","0.0334"
"","348.0860","2.7196","0.0337"
"","348.1860","2.7294","0.0338"
"","348.2860","2.7395","0.0339"
"","348.3860","2.7497","0.0339"
"","348.4860","2.7596","0.0339"
"","348.5860","2.7693","0.0339"
"","348.6860","2.7795","0.0339"
"","348.7860","2.7898","0.0340"
"","348.8860","2.7995","0.0340"
"","348.9860","2.8095","0.0340"
"","349.0860","2.8197","0.0340"
"","349.1860","2.8298","0.0340"
"","349.2860","2.8394","0.0340"
"","349.3860","2.8495","0.0341"
"","349.4860","2.8595","0.0340"
"","349.5860","2.8696","0.0339"
"","349.6860","2.8796","0.0339"
"","349.7860","2.8896","0.0341"
"","349.8860","2.8997","0.0345"
"","349.9860","2.9094","0.0350"
"","350.0860","2.9197","0.0356"
"","350.1860","2.9296","0.0362"
"","350.2860","2.9396","0.0368"
"","350.3860","2.9494","0.0373"
"","350.4860","2.9598","0.0379"
"","350.5860","2.9695","0.0384"
"","350.6860","2.9794","0.0389"
"","350.7860","2.9896","0.0395"
"","350.8860","2.9997","0.0401"
"","350.9860","3.0097","0.0407"
"","351.0860","3.0193","0.0413"
"","351.1860","3.0296","0.0419"
"","351.2860","3.0397","0.0425"
"","351.3860","3.0495","0.0431"
"","351.4860","3.0595","0.0437"
"","351.5860","3.0696","0.0444"
"","351.6860","3.0797","0.0450"
"","351.7860","3.0894","0.0456"
"","351.8860","3.0995","0.0463"
"","351.9860","3.1096","0.0469"
"","352.0860","3.1196","0.0475"
"","352.1860","3.1296","0.0482"
"","352.2860","3.1396","0.0488"
"","352.3860","3.1496","0.0495"
"","352.4860","3.1594","0.0502"
"","352.5860","3.1696","0.0508"
"","352.6860","3.1795","0.0515"
"","352.7860","3.1896","0.0522"
"","352.8860","3.1995","0.0529"
"","352.9860","3.2097","0.0536"
"","353.0860","3.2196","0.0542"
"","353.1860","3.2294","0.0549"
"","353.2860","3.2396","0.0556"
"","353.3860","3.2496","0.0563"
"","353.4860","3.2597","0.0570"
"","353.5860","3.2694","0.0577"
"","353.6860","3.2797","0.0584"
"","353.7860","3.2896","0.0591"
"","353.8860","3.2995","0.0598"
"","353.9860","3.3096","0.0606"
"","354.0860","3.3197","0.0613"
"","354.1860","3.3297","0.0621"
"","354.2860","3.3392","0.0627"
"","354.3860","3.3496","0.0635"
"","354.4860","3.3596","0.0643"
"","354.5860","3.3697","0.0650"
"","354.6860","3.3794","0.0657"
"","354.7860","3.3896","0.0665"
"","354.8860","3.3997","0.0673"
"","354.9860","3.4093","0.0680"
"","355.0860","3.4197","0.0688"
"","355.1860","3.4296","0.0696"
"","355.2860","3.4396","0.0703"
"","355.3860","3.4495","0.0711"
"","355.4860","3.4596","0.0719"
"","355.5860","3.4696","0.0727"
"","355.6860","3.4795","0.0735"
"","355.7860","3.4896","0.0743"
"","355.8860","3.4997","0.0751"
"","355.9860","3.5096","0.0758"
"","356.0860","3.5193","0.0766"
"","356.1860","3.5296","0.0775"
"","356.2860","3.5397","0.0783"
"","356.3860","3.5495","0.0791"
"","356.4860","3.5595","0.0799"
"","356.5860","3.5697","0.0807"
"","356.6860","3.5798","0.0815"
"","356.7860","3.5893","0.0823"
"","356.8860","3.5995","0.0831"
"","356.9860","3.6096","0.0840"
"","357.0860","3.6196","0.0848"
"","357.1860","3.6295","0.0856"
"","357.2860","3.6397","0.0864"
"","357.3860","3.6497","0.0873"
"","357.4860","3.6594","0.0881"
"","357.5860","3.6697","0.0890"
"","357.6860","3.6795","0.0898"
"","357.7860","3.6895","0.0906"
"","357.8860","3.6994","0.0914"
"","357.9860","3.7098","0.0923"
"","358.0860","3.7196","0.0931"
"","358.1860","3.7294","0.0940"
"","358.2860","3.7395","0.0948"
"","358.3860","3.7496","0.0957"
"","358.4860","3.7597","0.0965"
"","358.5860","3.7693","0.0974"
"","358.6860","3.7796","0.0983"
"","358.7860","3.7897","0.0992"
"","358.8860","3.7995","0.1000"
"","358.9860","3.8095","0.1009"
"","359.0860","3.8195","0.1018"
"","359.1860","3.8297","0.1026"
"","359.2860","3.8394","0.1035"
"","359.3860","3.8495","0.1044"
"","359.4860","3.8596","0.1053"
"","359.5860","3.8696","0.1062"
"","359.6860","3.8796","0.1070"
"","359.7860","3.8896","0.1080"
"","359.8860","3.8996","0.1088"
"","359.9860","3.9094","0.1097"
"","360.0860","3.9197","0.1106"
"","360.1860","3.9295","0.1114"
"","360.2860","3.9395","0.1124"
"","360.3860","3.9494","0.1132"
"","360.4860","3.9597","0.1141"
"","360.5860","3.9695","0.1150"
"","360.6860","3.9794","0.1158"
"","360.7860","3.9896","0.1168"
"","360.8860","3.9997","0.1176"
"","360.8890","4.0000","0.1176"
"","360.8900","4.0001","0.1176"
"","360.8910","4.0002","0.1177"
"","360.9910","4.0005","0.1175"
"","361.0910","3.9927","0.1165"
"","361.1910","3.9808","0.1149"
"","361.2910","3.9708","0.1136"
"","361.3910","3.9603","0.1123"
"","361.4910","3.9502","0.1111"
"","361.5910","3.9405","0.1098"
"","361.6910","3.9305","0.1086"
"","361.7910","3.9204","0.1075"
"","361.8910","3.9102","0.1063"
"","361.9910","3.9006","0.1052"
"","362.0910","3.8904","0.1040"
"","362.1910","3.8803","0.1028"
"","362.2910","3.8703","0.1017"
"","362.3910","3.8606","0.1006"
"","362.4910","3.8505","0.0994"
"","362.5910","3.8403","0.0983"
"","362.6910","3.8304","0.0972"
"","362.7910","3.8203","0.0961"
"","362.8910","3.8104","0.0950"
"","362.9910","3.8004","0.0939"
"","363.0910","3.7905","0.0928"
"","363.1910","3.7804","0.0917"
"","363.2910","3.7703","0.0907"
"","363.3910","3.7604","0.0896"
"","363.4910","3.7502","0.0886"
"","363.5910","3.7403","0.0876"
"","363.6910","3.7305","0.0865"
"","363.7910","3.7206","0.0855"
"","363.8910","3.7103","0.0845"
"","363.9910","3.7002","0.0835"
"","364.0910","3.6905","0.0825"
"","364.1910","3.6805","0.0815"
"","364.2910","3.6704","0.0805"
"","364.3910","3.6603","0.0795"
"","364.4910","3.6506","0.0785"
"","364.5910","3.6403","0.0775"
"","364.6910","3.6302","0.0765"
"","364.7910","3.6203","0.0756"
"","364.8910","3.6105","0.0746"
"","364.9910","3.6004","0.0736"
"","365.0910","3.5903","0.0727"
"","365.1910","3.5804","0.0717"
"","365.2910","3.5703","0.0708"
"","365.3910","3.5603","0.0698"
"","365.4910","3.5503","0.0689"
"","365.5910","3.5405","0.0680"
"","365.6910","3.5303","0.0671"
"","365.7910","3.5203","0.0662"
"","365.8910","3.5105","0.0653"
"","365.9910","3.5003","0.0644"
"","366.0910","3.4903","0.0635"
"","366.1910","3.4804","0.0626"
"","366.2910","3.4705","0.0617"
"","366.3910","3.4602","0.0608"
"","366.4910","3.4503","0.0600"
"","366.5910","3.4404","0.0592"
"","366.6910","3.4304","0.0583"
"","366.7910","3.4203","0.0574"
"","366.8910","3.4103","0.0566"
"","366.9910","3.4006","0.0558"
"","367.0910","3.3903","0.0549"
"","367.1910","3.3802","0.0542"
"","367.2910","3.3704","0.0534"
"","367.3910","3.3605","0.0526"
"","367.4910","3.3503","0.0518"
"","367.5910","3.3403","0.0509"
"","367.6910","3.3305","0.0503"
"","367.7910","3.3204","0.0494"
"","367.8910","3.3103","0.0487"
"","367.9910","3.3003","0.0479"
"","368.0910","3.2905","0.0471"
"","368.1910","3.2803","0.0465"
"","368.2910","3.2703","0.0456"
"","368.3910","3.2605","0.0450"
"","368.4910","3.2502","0.0442"
"","368.5910","3.2403","0.0435"
"","368.6910","3.2304","0.0428"
"","368.7910","3.2207","0.0421"
"","368.8910","3.2103","0.0414"
"","368.9910","3.2002","0.0407"
"","369.0910","3.1904","0.0400"
"","369.1910","3.1804","0.0393"
"","369.2910","3.1703","0.0387"
"","369.3910","3.1602","0.0381"
"","369.4910","3.1506","0.0374"
"","369.5910","3.1403","0.0368"
"","369.6910","3.1303","0.0361"
"","369.7910","3.1203","0.0355"
"","369.8910","3.1106","0.0349"
"","369.9910","3.1004","0.0343"
"","370.0910","3.0903","0.0338"
"","370.1910","3.0804","0.0332"
"","370.2910","3.0704","0.0326"
"","370.3910","3.0603","0.0324"
"","370.4910","3.0503","0.0323"
"","370.5910","3.0405","0.0324"
"","370.6910","3.0304","0.0324"
"","370.7910","3.0203","0.0323"
"","370.8910","3.0105","0.0322"
"","370.9910","3.0003","0.0322"
"","371.0910","2.9902","0.0322"
"","371.1910","2.9803","0.0322"
"","371.2910","2.9706","0.0321"
"","371.3910","2.9603","0.0321"
"","371.4910","2.9502","0.0321"
"","371.5910","2.9405","0.0321"
"","371.6910","2.9305","0.0321"
"","371.7910","2.9204","0.0320"
"","371.8910","2.9101","0.0320"
"","371.9910","2.9006","0.0320"
"","372.0910","2.8903","0.0319"
"","372.1910","2.8803","0.0319"
"","372.2910","2.8703","0.0314"
"","372.3910","2.8605","0.0308"
"","372.4910","2.8505","0.0302"
"","372.5910","2.8403","0.0296"
"","372.6910","2.8305","0.0290"
"","372.7910","2.8202","0.0284"
"","372.8910","2.8103","0.0279"
"","372.9910","2.8003","0.0273"
"","373.0910","2.7905","0.0268"
"","373.1910","2.7803","0.0262"
"","373.2910","2.7704","0.0258"
"","373.3910","2.7606","0.0252"
"","373.4910","2.7503","0.0247"
"","373.5910","2.7402","0.0241"
"","373.6910","2.7304","0.0237"
"","373.7910","2.7206","0.0231"
"","373.8910","2.7103","0.0226"
"","373.9910","2.7002","0.0221"
"","374.0910","2.6905","0.0215"
"","374.1910","2.6804","0.0211"
"","374.2910","2.6704","0.0206"
"","374.3910","2.6602","0.0201"
"","374.4910","2.6506","0.0197"
"","374.5910","2.6404","0.0192"
"","374.6910","2.6302","0.0187"
"","374.7910","2.6202","0.0183"
"","374.8910","2.6105","0.0179"
"","374.9910","2.6004","0.0174"
"","375.0910","2.5903","0.0170"
"","375.1910","2.5805","0.0166"
"","375.2910","2.5703","0.0162"
"","375.3910","2.5603","0.0157"
"","375.4910","2.5504","0.0154"
"","375.5910","2.5405","0.0150"
"","375.6910","2.5302","0.0146"
"","375.7910","2.5203","0.0142"
"","375.8910","2.5105","0.0138"
"","375.9910","2.5002","0.0135"
"","376.0910","2.4902","0.0131"
"","376.1910","2.4805","0.0128"
"","376.2910","2.4707","0.0125"
"","376.3910","2.4602","0.0121"
"","376.4910","2.4501","0.0118"
"","376.5910","2.4405","0.0115"
"","376.6910","2.4305","0.0112"
"","376.7910","2.4203","0.0110"
"","376.8910","2.4102","0.0107"
"","376.9910","2.4006","0.0104"
"","377.0910","2.3904","0.0101"
"","377.1910","2.3803","0.0099"
"","377.2910","2.3703","0.0096"
"","377.3910","2.3606","0.0094"
"","377.4910","2.3504","0.0091"
"","377.5910","2.3403","0.0089"
"","377.6910","2.3304","0.0087"
"","377.7910","2.3203","0.0085"
"","377.8910","2.3102","0.0082"
"","377.9910","2.3003","0.0080"
"","378.0910","2.2905","0.0078"
"","378.1910","2.2803","0.0077"
"","378.2910","2.2703","0.0074"
"","378.3910","2.2604","0.0073"
"","378.4910","2.2503","0.0071"
"","378.5910","2.2402","0.0070"
"","378.6910","2.2304","0.0068"
"","378.7910","2.2206","0.0066"
"","378.8910","2.2103","0.0064"
"","378.9910","2.2001","0.0063"
"","379.0910","2.1905","0.0061"
"","379.1910","2.1804","0.0059"
"","379.2910","2.1703","0.0058"
"","379.3910","2.1601","0.0056"
"","379.4910","2.1506","0.0055"
"","379.5910","2.1403","0.0053"
"","379.6910","2.1303","0.0052"
"","379.7910","2.1203","0.0050"
"","379.8910","2.1105","0.0049"
"","379.9910","2.1005","0.0047"
"","380.0910","2.0903","0.0045"
"","380.1910","2.0804","0.0044"
"","380.2910","2.0703","0.0042"
"","380.3910","2.0603","0.0041"
"","380.4910","2.0503","0.0039"
"","380.5910","2.0405","0.0038"
"","380.6910","2.0303","0.0036"
"","380.7910","2.0203","0.0035"
"","380.8910","2.0106","0.0034"
"","380.9910","2.0003","0.0032"
"","381.0910","1.9903","0.0031"
"","381.1910","1.9804","0.0030"
"","381.2910","1.9705","0.0029"
"","381.3910","1.9602","0.0028"
"","381.4910","1.9502","0.0027"
"","381.5910","1.9405","0.0026"
"","381.6910","1.9304","0.0025"
"","381.7910","1.9203","0.0024"
"","381.8910","1.9102","0.0023"
"","381.9910","1.9006","0.0022"
"","382.0910","1.8903","0.0021"
"","382.1910","1.8802","0.0020"
"","382.2910","1.8703","0.0019"
"","382.3910","1.8605","0.0019"
"","382.4910","1.8504","0.0018"
"","382.5910","1.8403","0.0018"
"","382.6910","1.8305","0.0017"
"","382.7910","1.8203","0.0017"
"","382.8910","1.8103","0.0016"
"","382.9910","1.8004","0.0015"
"","383.0910","1.7905","0.0014"
"","383.1910","1.7802","0.0015"
"","383.2910","1.7704","0.0013"
"","383.3910","1.7606","0.0014"
"","383.4910","1.7502","0.0013"
"","383.5910","1.7402","0.0012"
"","383.6910","1.7304","0.0012"
"","383.7910","1.7207","0.0012"
"","383.8910","1.7103","0.0011"
"","383.9910","1.7001","0.0011"
"","384.0910","1.6905","0.0010"
"","384.1910","1.6805","0.0010"
"","384.2910","1.6703","0.0009"
"","384.3910","1.6602","0.0009"
"","384.4910","1.6506","0.0009"
"","384.5910","1.6404","0.0008"
"","384.6910","1.6303","0.0008"
"","384.7910","1.6204","0.0008"
"","384.8910","1.6105","0.0007"
"","384.9910","1.6004","0.0007"
"","385.0910","1.5903","0.0006"
"","385.1910","1.5805","0.0006"
"","385.2910","1.5703","0.0006"
"","385.3910","1.5602","0.0005"
"","385.4910","1.5503","0.0005"
"","385.5910","1.5406","0.0005"
"","385.6910","1.5304","0.0005"
"","385.7910","1.5203","0.0005"
"","385.8910","1.5104","0.0004"
"","385.9910","1.5003","0.0005"
"","386.0910","1.4902","0.0003"
"","386.1910","1.4803","0.0004"
"","386.2910","1.4706","0.0003"
"","386.3910","1.4603","0.0003"
"","386.4910","1.4502","0.0003"
"","386.5910","1.4404","0.0003"
"","386.6910","1.4304","0.0002"
"","386.7910","1.4204","0.0002"
"","386.8910","1.4102","0.0002"
"","386.9910","1.4005","0.0002"
"","387.0910","1.3903","0.0002"
"","387.1910","1.3803","0.0001"
"","387.2910","1.3704","0.0001"
"","387.3910","1.3605","0.0001"
"","387.4910","1.3504","0.0001"
"","387.5910","1.3403","0.0001"
"","387.6910","1.3305","0.0001"
"","387.7910","1.3202","0.0001"
"","387.8910","1.3103","0.0001"
"","387.9910","1.3003","0.0001"
"","388.0910","1.2905","0.0000"
"","388.1910","1.2803","0.0000"
"","388.2910","1.2703","0.0001"
"","388.3910","1.2605","0.0000"
"","388.4910","1.2503","0.0000"
"","388.5910","1.2402","0.0000"
"","388.6910","1.2305","0.0000"
"","388.7910","1.2205","0.0000"
"","388.8910","1.2102","-0.0001"
"","388.9910","1.2002","0.0000"
"","389.0910","1.1905","0.0000"
"","389.1910","1.1804","0.0000"
"","389.2910","1.1703","-0.0001"
"","389.3910","1.1602","-0.0001"
"","389.4910","1.1506","-0.0001"
"","389.5910","1.1403","-0.0001"
"","389.6910","1.1302","-0.0001"
"","389.7910","1.1203","-0.0001"
"","389.8910","1.1105","-0.0001"
"","389.9910","1.1005","-0.0001"
"","390.0910","1.0903","-0.0001"
"","390.1910","1.0805","-0.0001"
"","390.2910","1.0703","-0.0001"
"","390.3910","1.0603","-0.0002"
"","390.4910","1.0503","-0.0001"
"","390.5910","1.0405","-0.0002"
"","390.6910","1.0303","-0.0002"
"","390.7910","1.0204","-0.0002"
"","390.8910","1.0106","-0.0002"
"","390.9910","1.0002","-0.0002"
"","391.0910","0.9902","-0.0002"
"","391.1910","0.9804","-0.0002"
"","391.2910","0.9707","-0.0002"
"","391.3910","0.9602","-0.0002"
"","391.4910","0.9501","-0.0002"
"","391.5910","0.9405","-0.0002"
"","391.6910","0.9304","-0.0002"
"","391.7910","0.9203","-0.0002"
"","391.8910","0.9102","-0.0002"
"","391.9910","0.9006","-0.0003"
"","392.0910","0.8904","-0.0002"
"","392.1910","0.8803","-0.0003"
"","392.2910","0.8703","-0.0003"
"","392.3910","0.8606","-0.0003"
"","392.4910","0.8505","-0.0003"
"","392.5910","0.8403","-0.0003"
"","392.6910","0.8304","-0.0003"
"","392.7910","0.8203","-0.0003"
"","392.8910","0.8103","-0.0003"
"","392.9910","0.8004","-0.0003"
"","393.0910","0.7905","-0.0003"
"","393.1910","0.7804","-0.0003"
"","393.2910","0.7703","-0.0003"
"","393.3910","0.7605","-0.0003"
"","393.4910","0.7502","-0.0003"
"","393.5910","0.7402","-0.0003"
"","393.6910","0.7304","-0.0004"
"","393.7910","0.7206","-0.0004"
"","393.8910","0.7103","-0.0004"
"","393.9910","0.7001","-0.0004"
"","394.0910","0.6905","-0.0004"
"","394.1910","0.6804","-0.0004"
"","394.2910","0.6704","-0.0004"
"","394.3910","0.6601","-0.0004"
"","394.4910","0.6506","-0.0004"
"","394.5910","0.6403","-0.0004"
"","394.6910","0.6302","-0.0004"
"","394.7910","0.6203","-0.0004"
"","394.8910","0.6105","-0.0004"
"","394.9910","0.6005","-0.0004"
"","395.0910","0.5903","-0.0004"
"","395.1910","0.5804","-0.0004"
"","395.2910","0.5703","-0.0004"
"","395.3910","0.5603","-0.0004"
"","395.4910","0.5503","-0.0004"
"","395.5910","0.5404","-0.0004"
"","395.6910","0.5303","-0.0005"
"","395.7910","0.5203","-0.0004"
"","395.8910","0.5105","-0.0005"
"","395.9910","0.5003","-0.0005"
"","396.0910","0.4903","-0.0005"
"","396.1910","0.4804","-0.0005"
"","396.2910","0.4705","-0.0005"
"","396.3910","0.4602","-0.0005"
"","396.4910","0.4502","-0.0005"
"","396.5910","0.4405","-0.0005"
"","396.6910","0.4304","-0.0005"
"","396.7910","0.4203","-0.0005"
"","396.8910","0.4102","-0.0005"
"","396.9910","0.4006","-0.0005"
"","397.0910","0.3903","-0.0005"
"","397.1910","0.3802","-0.0005"
"","397.2910","0.3703","-0.0005"
"","397.3910","0.3605","-0.0005"
"","397.4910","0.3504","-0.0005"
"","397.5910","0.3403","-0.0005"
"","397.6910","0.3305","-0.0005"
"","397.7910","0.3204","-0.0005"
"","397.8910","0.3103","-0.0006"
"","397.9910","0.3003","-0.0005"
"","398.0910","0.2905","-0.0005"
"","398.1910","0.2803","-0.0006"
"","398.2910","0.2704","-0.0006"
"","398.3910","0.2605","-0.0005"
"","398.4910","0.2502","-0.0006"
"","398.5910","0.2402","-0.0006"
"","398.6910","0.2304","-0.0006"
"","398.7910","0.2207","-0.0006"
"","398.8910","0.2103","-0.0006"
"","398.9910","0.2002","-0.0006"
"","399.0910","0.1905","-0.0006"
"","399.1910","0.1804","-0.0006"
"","399.2910","0.1703","-0.0006"
"","399.3910","0.1602","-0.0006"
"","399.4910","0.1506","-0.0006"
"","399.5910","0.1404","-0.0006"
"","399.6910","0.1303","-0.0006"
"","399.7910","0.1202","-0.0006"
"","399.8910","0.1105","-0.0006"
"","399.9910","0.1004","-0.0006"
"","400.0910","0.0903","-0.0006"
"","400.1910","0.0804","-0.0006"
"","400.2910","0.0704","-0.0006"
"","400.3910","0.0603","-0.0006"
"","400.4910","0.0503","-0.0006"
"","400.5910","0.0405","-0.0006"
"","400.6910","0.0304","-0.0006"
"","400.7910","0.0203","-0.0006"
"","400.8910","0.0104","-0.0006"
"","400.9910","0.0003","-0.0006"
"","400.9940","0.0000","-0.0006"

