1,Time,Displacement,Force
,(s),(mm),(kN)
"","0.0000","0.0000","0.0000"
"","0.1000","0.0036","0.0000"
"","0.2000","0.0126","0.0000"
"","0.3000","0.0242","0.0000"
"","0.4000","0.0346","0.0000"
"","0.5000","0.0447","0.0000"
"","0.6000","0.0542","0.0000"
"","0.7000","0.0644","0.0000"
"","0.8000","0.0745","0.0001"
"","0.9000","0.0846","0.0001"
"","1.0000","0.0943","0.0001"
"","1.1000","0.1044","0.0001"
"","1.2000","0.1146","0.0001"
"","1.3000","0.1245","0.0001"
"","1.4000","0.1345","0.0001"
"","1.5000","0.1445","0.0001"
"","1.6000","0.1545","0.0001"
"","1.7000","0.1643","0.0001"
"","1.8000","0.1744","0.0002"
"","1.9000","0.1844","0.0002"
"","2.0000","0.1944","0.0002"
"","2.1000","0.2045","0.0002"
"","2.2000","0.2145","0.0002"
"","2.3000","0.2245","0.0002"
"","2.4000","0.2342","0.0002"
"","2.5000","0.2445","0.0002"
"","2.6000","0.2544","0.0002"
"","2.7000","0.2645","0.0002"
"","2.8000","0.2745","0.0002"
"","2.9000","0.2846","0.0002"
"","3.0000","0.2946","0.0002"
"","3.1000","0.3042","0.0003"
"","3.2000","0.3146","0.0003"
"","3.3000","0.3245","0.0003"
"","3.4000","0.3346","0.0003"
"","3.5000","0.3442","0.0003"
"","3.6000","0.3546","0.0003"
"","3.7000","0.3645","0.0003"
"","3.8000","0.3745","0.0003"
"","3.9000","0.3845","0.0003"
"","4.0000","0.3945","0.0003"
"","4.1000","0.4046","0.0003"
"","4.2000","0.4142","0.0003"
"","4.3000","0.4245","0.0003"
"","4.4000","0.4345","0.0004"
"","4.5000","0.4444","0.0004"
"","4.6000","0.4545","0.0004"
"","4.7000","0.4647","0.0004"
"","4.8000","0.4745","0.0004"
"","4.9000","0.4842","0.0004"
"","5.0000","0.4945","0.0004"
"","5.1000","0.5046","0.0004"
"","5.2000","0.5144","0.0005"
"","5.3000","0.5243","0.0004"
"","5.4000","0.5345","0.0004"
"","5.5000","0.5447","0.0005"
"","5.6000","0.5542","0.0004"
"","5.7000","0.5645","0.0005"
"","5.8000","0.5745","0.0004"
"","5.9000","0.5846","0.0005"
"","6.0000","0.5943","0.0005"
"","6.1000","0.6045","0.0005"
"","6.2000","0.6145","0.0006"
"","6.3000","0.6244","0.0005"
"","6.4000","0.6345","0.0006"
"","6.5000","0.6445","0.0006"
"","6.6000","0.6546","0.0006"
"","6.7000","0.6643","0.0006"
"","6.8000","0.6745","0.0006"
"","6.9000","0.6844","0.0006"
"","7.0000","0.6944","0.0006"
"","7.1000","0.7045","0.0007"
"","7.2000","0.7146","0.0007"
"","7.3000","0.7245","0.0007"
"","7.4000","0.7342","0.0007"
"","7.5000","0.7445","0.0007"
"","7.6000","0.7546","0.0008"
"","7.7000","0.7645","0.0007"
"","7.8000","0.7743","0.0008"
"","7.9000","0.7846","0.0008"
"","8.0000","0.7946","0.0008"
"","8.1000","0.8042","0.0008"
"","8.2000","0.8144","0.0009"
"","8.3000","0.8245","0.0009"
"","8.4000","0.8346","0.0009"
"","8.5000","0.8443","0.0009"
"","8.6000","0.8544","0.0010"
"","8.7000","0.8645","0.0010"
"","8.8000","0.8745","0.0010"
"","8.9000","0.8845","0.0010"
"","9.0000","0.8945","0.0011"
"","9.1000","0.9045","0.0011"
"","9.2000","0.9143","0.0011"
"","9.3000","0.9245","0.0012"
"","9.4000","0.9344","0.0012"
"","9.5000","0.9444","0.0012"
"","9.6000","0.9546","0.0013"
"","9.7000","0.9647","0.0013"
"","9.8000","0.9745","0.0013"
"","9.9000","0.9842","0.0014"
"","10.0000","0.9945","0.0014"
"","10.1000","1.0046","0.0015"
"","10.2000","1.0144","0.0015"
"","10.3000","1.0244","0.0016"
"","10.4000","1.0346","0.0016"
"","10.5000","1.0447","0.0017"
"","10.6000","1.0542","0.0017"
"","10.7000","1.0645","0.0018"
"","10.8000","1.0744","0.0019"
"","10.9000","1.0846","0.0019"
"","11.0000","1.0943","0.0020"
"","11.1000","1.1045","0.0020"
"","11.2000","1.1144","0.0021"
"","11.3000","1.1244","0.0022"
"","11.4000","1.1346","0.0022"
"","11.5000","1.1445","0.0023"
"","11.6000","1.1545","0.0024"
"","11.7000","1.1642","0.0025"
"","11.8000","1.1745","0.0025"
"","11.9000","1.1845","0.0027"
"","12.0000","1.1944","0.0027"
"","12.1000","1.2045","0.0028"
"","12.2000","1.2147","0.0029"
"","12.3000","1.2246","0.0030"
"","12.4000","1.2342","0.0031"
"","12.5000","1.2444","0.0032"
"","12.6000","1.2545","0.0033"
"","12.7000","1.2645","0.0035"
"","12.8000","1.2743","0.0036"
"","12.9000","1.2845","0.0037"
"","13.0000","1.2946","0.0038"
"","13.1000","1.3042","0.0039"
"","13.2000","1.3144","0.0041"
"","13.3000","1.3245","0.0041"
"","13.4000","1.3345","0.0043"
"","13.5000","1.3443","0.0044"
"","13.6000","1.3545","0.0046"
"","13.7000","1.3646","0.0047"
"","13.8000","1.3743","0.0049"
"","13.9000","1.3845","0.0050"
"","14.0000","1.3946","0.0051"
"","14.1000","1.4046","0.0053"
"","14.2000","1.4143","0.0055"
"","14.3000","1.4245","0.0056"
"","14.4000","1.4345","0.0058"
"","14.5000","1.4444","0.0059"
"","14.6000","1.4544","0.0061"
"","14.7000","1.4646","0.0063"
"","14.8000","1.4746","0.0064"
"","14.9000","1.4842","0.0066"
"","15.0000","1.4945","0.0068"
"","15.1000","1.5046","0.0070"
"","15.2000","1.5145","0.0072"
"","15.3000","1.5243","0.0074"
"","15.4000","1.5346","0.0075"
"","15.5000","1.5446","0.0077"
"","15.6000","1.5543","0.0079"
"","15.7000","1.5644","0.0081"
"","15.8000","1.5745","0.0083"
"","15.9000","1.5846","0.0085"
"","16.0000","1.5944","0.0087"
"","16.1000","1.6044","0.0089"
"","16.2000","1.6145","0.0091"
"","16.3000","1.6244","0.0093"
"","16.4000","1.6346","0.0095"
"","16.5000","1.6444","0.0097"
"","16.6000","1.6544","0.0099"
"","16.7000","1.6643","0.0101"
"","16.8000","1.6745","0.0103"
"","16.9000","1.6844","0.0105"
"","17.0000","1.6944","0.0107"
"","17.1000","1.7046","0.0110"
"","17.2000","1.7146","0.0112"
"","17.3000","1.7245","0.0114"
"","17.4000","1.7341","0.0116"
"","17.5000","1.7445","0.0118"
"","17.6000","1.7546","0.0120"
"","17.7000","1.7645","0.0122"
"","17.8000","1.7744","0.0125"
"","17.9000","1.7846","0.0127"
"","18.0000","1.7947","0.0129"
"","18.1000","1.8042","0.0131"
"","18.2000","1.8145","0.0133"
"","18.3000","1.8244","0.0136"
"","18.4000","1.8346","0.0138"
"","18.5000","1.8442","0.0140"
"","18.6000","1.8544","0.0143"
"","18.7000","1.8644","0.0145"
"","18.8000","1.8745","0.0148"
"","18.9000","1.8846","0.0150"
"","19.0000","1.8945","0.0152"
"","19.1000","1.9046","0.0155"
"","19.2000","1.9142","0.0157"
"","19.3000","1.9246","0.0160"
"","19.4000","1.9344","0.0163"
"","19.5000","1.9443","0.0165"
"","19.6000","1.9545","0.0167"
"","19.7000","1.9647","0.0170"
"","19.8000","1.9745","0.0173"
"","19.9000","1.9842","0.0175"
"","20.0000","1.9944","0.0178"
"","20.1000","2.0046","0.0181"
"","20.2000","2.0144","0.0183"
"","20.3000","2.0243","0.0186"
"","20.4000","2.0345","0.0189"
"","20.5000","2.0447","0.0192"
"","20.6000","2.0542","0.0194"
"","20.7000","2.0644","0.0197"
"","20.8000","2.0745","0.0200"
"","20.9000","2.0847","0.0203"
"","21.0000","2.0943","0.0205"
"","21.1000","2.1044","0.0209"
"","21.2000","2.1145","0.0212"
"","21.3000","2.1244","0.0215"
"","21.4000","2.1345","0.0218"
"","21.5000","2.1445","0.0221"
"","21.6000","2.1546","0.0224"
"","21.7000","2.1643","0.0227"
"","21.8000","2.1746","0.0230"
"","21.9000","2.1844","0.0233"
"","22.0000","2.1943","0.0236"
"","22.1000","2.2045","0.0240"
"","22.2000","2.2147","0.0243"
"","22.3000","2.2246","0.0246"
"","22.4000","2.2342","0.0249"
"","22.5000","2.2444","0.0253"
"","22.6000","2.2546","0.0256"
"","22.7000","2.2645","0.0259"
"","22.8000","2.2744","0.0262"
"","22.9000","2.2846","0.0266"
"","23.0000","2.2947","0.0269"
"","23.1000","2.3042","0.0272"
"","23.2000","2.3144","0.0276"
"","23.3000","2.3245","0.0279"
"","23.4000","2.3346","0.0283"
"","23.5000","2.3444","0.0286"
"","23.6000","2.3544","0.0289"
"","23.7000","2.3645","0.0293"
"","23.8000","2.3744","0.0296"
"","23.9000","2.3845","0.0300"
"","24.0000","2.3944","0.0303"
"","24.1000","2.4044","0.0307"
"","24.2000","2.4143","0.0311"
"","24.3000","2.4244","0.0314"
"","24.4000","2.4344","0.0318"
"","24.5000","2.4444","0.0322"
"","24.6000","2.4545","0.0326"
"","24.7000","2.4647","0.0329"
"","24.8000","2.4745","0.0333"
"","24.9000","2.4841","0.0337"
"","25.0000","2.4945","0.0339"
"","25.1000","2.5045","0.0339"
"","25.2000","2.5144","0.0339"
"","25.3000","2.5244","0.0339"
"","25.4000","2.5346","0.0339"
"","25.5000","2.5447","0.0339"
"","25.6000","2.5542","0.0339"
"","25.7000","2.5645","0.0339"
"","25.8000","2.5744","0.0339"
"","25.9000","2.5846","0.0339"
"","26.0000","2.5942","0.0339"
"","26.1000","2.6045","0.0339"
"","26.2000","2.6145","0.0339"
"","26.3000","2.6244","0.0339"
"","26.4000","2.6346","0.0339"
"","26.5000","2.6445","0.0339"
"","26.6000","2.6546","0.0339"
"","26.7000","2.6642","0.0341"
"","26.8000","2.6745","0.0343"
"","26.9000","2.6844","0.0345"
"","27.0000","2.6944","0.0349"
"","27.1000","2.7045","0.0353"
"","27.2000","2.7147","0.0357"
"","27.3000","2.7245","0.0361"
"","27.4000","2.7342","0.0365"
"","27.5000","2.7444","0.0370"
"","27.6000","2.7546","0.0374"
"","27.7000","2.7644","0.0378"
"","27.8000","2.7743","0.0382"
"","27.9000","2.7845","0.0386"
"","28.0000","2.7947","0.0390"
"","28.1000","2.8042","0.0393"
"","28.2000","2.8145","0.0398"
"","28.3000","2.8245","0.0402"
"","28.4000","2.8347","0.0406"
"","28.5000","2.8443","0.0409"
"","28.6000","2.8544","0.0414"
"","28.7000","2.8645","0.0418"
"","28.8000","2.8744","0.0422"
"","28.9000","2.8845","0.0426"
"","29.0000","2.8945","0.0430"
"","29.1000","2.9046","0.0434"
"","29.2000","2.9143","0.0438"
"","29.3000","2.9245","0.0442"
"","29.4000","2.9344","0.0446"
"","29.5000","2.9444","0.0451"
"","29.6000","2.9545","0.0455"
"","29.7000","2.9646","0.0459"
"","29.8000","2.9745","0.0463"
"","29.9000","2.9841","0.0468"
"","30.0000","2.9945","0.0473"
"","30.1000","3.0046","0.0478"
"","30.2000","3.0145","0.0482"
"","30.3000","3.0243","0.0487"
"","30.4000","3.0345","0.0492"
"","30.5000","3.0447","0.0497"
"","30.6000","3.0542","0.0501"
"","30.7000","3.0644","0.0506"
"","30.8000","3.0744","0.0511"
"","30.9000","3.0846","0.0516"
"","31.0000","3.0943","0.0520"
"","31.1000","3.1044","0.0525"
"","31.2000","3.1145","0.0531"
"","31.3000","3.1245","0.0535"
"","31.4000","3.1345","0.0540"
"","31.5000","3.1445","0.0545"
"","31.6000","3.1545","0.0550"
"","31.7000","3.1643","0.0555"
"","31.8000","3.1745","0.0561"
"","31.9000","3.1844","0.0566"
"","32.0000","3.1944","0.0571"
"","32.1000","3.2045","0.0576"
"","32.2000","3.2146","0.0581"
"","32.3000","3.2245","0.0586"
"","32.4000","3.2342","0.0591"
"","32.5000","3.2445","0.0597"
"","32.6000","3.2545","0.0602"
"","32.7000","3.2645","0.0607"
"","32.8000","3.2744","0.0612"
"","32.9000","3.2846","0.0618"
"","33.0000","3.2946","0.0623"
"","33.1000","3.3042","0.0628"
"","33.2000","3.3146","0.0634"
"","33.3000","3.3245","0.0639"
"","33.4000","3.3345","0.0645"
"","33.5000","3.3442","0.0650"
"","33.6000","3.3545","0.0656"
"","33.7000","3.3646","0.0661"
"","33.8000","3.3744","0.0667"
"","33.9000","3.3845","0.0672"
"","34.0000","3.3945","0.0678"
"","34.1000","3.4046","0.0684"
"","34.2000","3.4142","0.0689"
"","34.3000","3.4245","0.0695"
"","34.4000","3.4345","0.0700"
"","34.5000","3.4445","0.0706"
"","34.6000","3.4545","0.0711"
"","34.7000","3.4645","0.0717"
"","34.8000","3.4746","0.0723"
"","34.9000","3.4843","0.0728"
"","35.0000","3.4945","0.0734"
"","35.1000","3.5045","0.0740"
"","35.2000","3.5145","0.0745"
"","35.3000","3.5243","0.0751"
"","35.4000","3.5345","0.0757"
"","35.5000","3.5447","0.0763"
"","35.6000","3.5542","0.0768"
"","35.7000","3.5645","0.0774"
"","35.8000","3.5746","0.0780"
"","35.9000","3.5846","0.0786"
"","36.0000","3.5943","0.0791"
"","36.1000","3.6045","0.0797"
"","36.2000","3.6145","0.0803"
"","36.3000","3.6244","0.0809"
"","36.4000","3.6345","0.0815"
"","36.5000","3.6446","0.0821"
"","36.6000","3.6546","0.0827"
"","36.7000","3.6643","0.0832"
"","36.8000","3.6745","0.0839"
"","36.9000","3.6844","0.0844"
"","37.0000","3.6943","0.0850"
"","37.1000","3.7045","0.0857"
"","37.2000","3.7147","0.0863"
"","37.3000","3.7245","0.0868"
"","37.4000","3.7341","0.0874"
"","37.5000","3.7444","0.0880"
"","37.6000","3.7545","0.0886"
"","37.7000","3.7645","0.0892"
"","37.8000","3.7743","0.0898"
"","37.9000","3.7846","0.0905"
"","38.0000","3.7947","0.0911"
"","38.1000","3.8043","0.0916"
"","38.2000","3.8144","0.0923"
"","38.3000","3.8244","0.0929"
"","38.4000","3.8346","0.0935"
"","38.5000","3.8443","0.0941"
"","38.6000","3.8544","0.0947"
"","38.7000","3.8645","0.0953"
"","38.8000","3.8744","0.0959"
"","38.9000","3.8845","0.0965"
"","39.0000","3.8945","0.0972"
"","39.1000","3.9045","0.0978"
"","39.2000","3.9142","0.0984"
"","39.3000","3.9245","0.0990"
"","39.4000","3.9344","0.0997"
"","39.5000","3.9444","0.1003"
"","39.6000","3.9546","0.1009"
"","39.7000","3.9646","0.1016"
"","39.8000","3.9745","0.1022"
"","39.9000","3.9841","0.1028"
"","40.0000","3.9945","0.1035"
"","40.0540","4.0001","0.1038"
"","40.0550","4.0002","0.1038"
"","40.0560","4.0003","0.1038"
"","40.1560","4.0004","0.1034"
"","40.2560","3.9927","0.1021"
"","40.3560","3.9808","0.1003"
"","40.4560","3.9706","0.0989"
"","40.5560","3.9603","0.0975"
"","40.6560","3.9502","0.0961"
"","40.7560","3.9406","0.0948"
"","40.8560","3.9303","0.0935"
"","40.9560","3.9202","0.0923"
"","41.0560","3.9102","0.0910"
"","41.1560","3.9006","0.0898"
"","41.2560","3.8904","0.0886"
"","41.3560","3.8802","0.0874"
"","41.4560","3.8704","0.0862"
"","41.5560","3.8605","0.0851"
"","41.6560","3.8503","0.0839"
"","41.7560","3.8402","0.0827"
"","41.8560","3.8304","0.0816"
"","41.9560","3.8203","0.0804"
"","42.0560","3.8103","0.0793"
"","42.1560","3.8004","0.0782"
"","42.2560","3.7903","0.0771"
"","42.3560","3.7803","0.0760"
"","42.4560","3.7702","0.0748"
"","42.5560","3.7604","0.0738"
"","42.6560","3.7501","0.0727"
"","42.7560","3.7402","0.0716"
"","42.8560","3.7305","0.0706"
"","42.9560","3.7205","0.0696"
"","43.0560","3.7102","0.0685"
"","43.1560","3.7002","0.0674"
"","43.2560","3.6905","0.0664"
"","43.3560","3.6803","0.0654"
"","43.4560","3.6702","0.0644"
"","43.5560","3.6603","0.0634"
"","43.6560","3.6505","0.0624"
"","43.7560","3.6403","0.0614"
"","43.8560","3.6302","0.0604"
"","43.9560","3.6203","0.0594"
"","44.0560","3.6104","0.0585"
"","44.1560","3.6003","0.0575"
"","44.2560","3.5902","0.0566"
"","44.3560","3.5804","0.0557"
"","44.4560","3.5702","0.0547"
"","44.5560","3.5602","0.0538"
"","44.6560","3.5504","0.0529"
"","44.7560","3.5403","0.0520"
"","44.8560","3.5303","0.0512"
"","44.9560","3.5202","0.0503"
"","45.0560","3.5105","0.0494"
"","45.1560","3.5001","0.0486"
"","45.2560","3.4902","0.0478"
"","45.3560","3.4804","0.0469"
"","45.4560","3.4704","0.0461"
"","45.5560","3.4602","0.0453"
"","45.6560","3.4503","0.0445"
"","45.7560","3.4405","0.0438"
"","45.8560","3.4302","0.0430"
"","45.9560","3.4202","0.0423"
"","46.0560","3.4103","0.0415"
"","46.1560","3.4005","0.0408"
"","46.2560","3.3902","0.0401"
"","46.3560","3.3802","0.0394"
"","46.4560","3.3704","0.0388"
"","46.5560","3.3603","0.0381"
"","46.6560","3.3502","0.0375"
"","46.7560","3.3402","0.0369"
"","46.8560","3.3305","0.0362"
"","46.9560","3.3203","0.0356"
"","47.0560","3.3103","0.0349"
"","47.1560","3.3004","0.0343"
"","47.2560","3.2903","0.0337"
"","47.3560","3.2803","0.0333"
"","47.4560","3.2703","0.0331"
"","47.5560","3.2605","0.0331"
"","47.6560","3.2501","0.0331"
"","47.7560","3.2402","0.0331"
"","47.8560","3.2303","0.0331"
"","47.9560","3.2205","0.0331"
"","48.0560","3.2102","0.0330"
"","48.1560","3.2002","0.0330"
"","48.2560","3.1905","0.0330"
"","48.3560","3.1803","0.0329"
"","48.4560","3.1702","0.0329"
"","48.5560","3.1602","0.0329"
"","48.6560","3.1506","0.0329"
"","48.7560","3.1403","0.0329"
"","48.8560","3.1302","0.0329"
"","48.9560","3.1203","0.0330"
"","49.0560","3.1104","0.0330"
"","49.1560","3.1003","0.0330"
"","49.2560","3.0902","0.0327"
"","49.3560","3.0804","0.0322"
"","49.4560","3.0703","0.0319"
"","49.5560","3.0602","0.0316"
"","49.6560","3.0504","0.0309"
"","49.7560","3.0403","0.0303"
"","49.8560","3.0303","0.0297"
"","49.9560","3.0203","0.0291"
"","50.0560","3.0105","0.0285"
"","50.1560","3.0001","0.0279"
"","50.2560","2.9902","0.0273"
"","50.3560","2.9804","0.0267"
"","50.4560","2.9705","0.0262"
"","50.5560","2.9603","0.0256"
"","50.6560","2.9502","0.0250"
"","50.7560","2.9405","0.0245"
"","50.8560","2.9303","0.0240"
"","50.9560","2.9203","0.0235"
"","51.0560","2.9102","0.0230"
"","51.1560","2.9005","0.0225"
"","51.2560","2.8903","0.0220"
"","51.3560","2.8802","0.0215"
"","51.4560","2.8703","0.0210"
"","51.5560","2.8604","0.0205"
"","51.6560","2.8504","0.0201"
"","51.7560","2.8403","0.0196"
"","51.8560","2.8304","0.0192"
"","51.9560","2.8202","0.0187"
"","52.0560","2.8102","0.0182"
"","52.1560","2.8004","0.0178"
"","52.2560","2.7903","0.0174"
"","52.3560","2.7803","0.0170"
"","52.4560","2.7703","0.0166"
"","52.5560","2.7605","0.0162"
"","52.6560","2.7501","0.0158"
"","52.7560","2.7402","0.0154"
"","52.8560","2.7304","0.0150"
"","52.9560","2.7204","0.0146"
"","53.0560","2.7102","0.0142"
"","53.1560","2.7002","0.0139"
"","53.2560","2.6905","0.0135"
"","53.3560","2.6803","0.0131"
"","53.4560","2.6703","0.0128"
"","53.5560","2.6602","0.0124"
"","53.6560","2.6506","0.0121"
"","53.7560","2.6403","0.0118"
"","53.8560","2.6302","0.0114"
"","53.9560","2.6203","0.0111"
"","54.0560","2.6104","0.0108"
"","54.1560","2.6003","0.0105"
"","54.2560","2.5902","0.0102"
"","54.3560","2.5804","0.0099"
"","54.4560","2.5702","0.0096"
"","54.5560","2.5603","0.0093"
"","54.6560","2.5504","0.0091"
"","54.7560","2.5402","0.0088"
"","54.8560","2.5302","0.0085"
"","54.9560","2.5203","0.0082"
"","55.0560","2.5105","0.0079"
"","55.1560","2.5001","0.0077"
"","55.2560","2.4902","0.0074"
"","55.3560","2.4805","0.0072"
"","55.4560","2.4706","0.0069"
"","55.5560","2.4602","0.0066"
"","55.6560","2.4502","0.0064"
"","55.7560","2.4405","0.0062"
"","55.8560","2.4303","0.0059"
"","55.9560","2.4201","0.0057"
"","56.0560","2.4102","0.0055"
"","56.1560","2.4006","0.0053"
"","56.2560","2.3903","0.0050"
"","56.3560","2.3802","0.0048"
"","56.4560","2.3703","0.0047"
"","56.5560","2.3604","0.0045"
"","56.6560","2.3503","0.0043"
"","56.7560","2.3402","0.0041"
"","56.8560","2.3304","0.0039"
"","56.9560","2.3203","0.0038"
"","57.0560","2.3102","0.0036"
"","57.1560","2.3004","0.0035"
"","57.2560","2.2903","0.0033"
"","57.3560","2.2803","0.0032"
"","57.4560","2.2702","0.0031"
"","57.5560","2.2605","0.0029"
"","57.6560","2.2501","0.0028"
"","57.7560","2.2402","0.0027"
"","57.8560","2.2304","0.0026"
"","57.9560","2.2205","0.0025"
"","58.0560","2.2103","0.0024"
"","58.1560","2.2001","0.0024"
"","58.2560","2.1906","0.0023"
"","58.3560","2.1803","0.0022"
"","58.4560","2.1702","0.0021"
"","58.5560","2.1601","0.0021"
"","58.6560","2.1505","0.0020"
"","58.7560","2.1403","0.0019"
"","58.8560","2.1302","0.0019"
"","58.9560","2.1203","0.0018"
"","59.0560","2.1104","0.0017"
"","59.1560","2.1004","0.0017"
"","59.2560","2.0902","0.0016"
"","59.3560","2.0804","0.0016"
"","59.4560","2.0702","0.0015"
"","59.5560","2.0602","0.0015"
"","59.6560","2.0504","0.0014"
"","59.7560","2.0403","0.0013"
"","59.8560","2.0304","0.0013"
"","59.9560","2.0203","0.0013"
"","60.0560","2.0105","0.0012"
"","60.1560","2.0001","0.0012"
"","60.2560","1.9903","0.0011"
"","60.3560","1.9804","0.0011"
"","60.4560","1.9704","0.0010"
"","60.5560","1.9602","0.0010"
"","60.6560","1.9502","0.0010"
"","60.7560","1.9405","0.0009"
"","60.8560","1.9303","0.0009"
"","60.9560","1.9202","0.0009"
"","61.0560","1.9102","0.0009"
"","61.1560","1.9006","0.0008"
"","61.2560","1.8903","0.0008"
"","61.3560","1.8802","0.0008"
"","61.4560","1.8703","0.0007"
"","61.5560","1.8604","0.0007"
"","61.6560","1.8503","0.0007"
"","61.7560","1.8403","0.0007"
"","61.8560","1.8305","0.0006"
"","61.9560","1.8203","0.0006"
"","62.0560","1.8103","0.0006"
"","62.1560","1.8004","0.0006"
"","62.2560","1.7902","0.0006"
"","62.3560","1.7802","0.0005"
"","62.4560","1.7703","0.0005"
"","62.5560","1.7606","0.0005"
"","62.6560","1.7501","0.0005"
"","62.7560","1.7401","0.0005"
"","62.8560","1.7304","0.0005"
"","62.9560","1.7206","0.0005"
"","63.0560","1.7102","0.0004"
"","63.1560","1.7002","0.0004"
"","63.2560","1.6905","0.0004"
"","63.3560","1.6803","0.0004"
"","63.4560","1.6701","0.0004"
"","63.5560","1.6602","0.0004"
"","63.6560","1.6505","0.0004"
"","63.7560","1.6404","0.0004"
"","63.8560","1.6302","0.0004"
"","63.9560","1.6204","0.0004"
"","64.0560","1.6104","0.0004"
"","64.1560","1.6003","0.0004"
"","64.2560","1.5902","0.0004"
"","64.3560","1.5805","0.0003"
"","64.4560","1.5702","0.0003"
"","64.5560","1.5602","0.0003"
"","64.6560","1.5503","0.0003"
"","64.7560","1.5404","0.0003"
"","64.8560","1.5303","0.0003"
"","64.9560","1.5202","0.0003"
"","65.0560","1.5104","0.0003"
"","65.1560","1.5002","0.0003"
"","65.2560","1.4902","0.0003"
"","65.3560","1.4803","0.0003"
"","65.4560","1.4705","0.0003"
"","65.5560","1.4603","0.0003"
"","65.6560","1.4502","0.0003"
"","65.7560","1.4405","0.0002"
"","65.8560","1.4303","0.0002"
"","65.9560","1.4203","0.0002"
"","66.0560","1.4102","0.0002"
"","66.1560","1.4005","0.0002"
"","66.2560","1.3903","0.0002"
"","66.3560","1.3802","0.0002"
"","66.4560","1.3704","0.0002"
"","66.5560","1.3603","0.0002"
"","66.6560","1.3503","0.0002"
"","66.7560","1.3402","0.0002"
"","66.8560","1.3304","0.0002"
"","66.9560","1.3202","0.0002"
"","67.0560","1.3103","0.0002"
"","67.1560","1.3004","0.0002"
"","67.2560","1.2903","0.0001"
"","67.3560","1.2803","0.0001"
"","67.4560","1.2703","0.0001"
"","67.5560","1.2605","0.0001"
"","67.6560","1.2502","0.0001"
"","67.7560","1.2402","0.0001"
"","67.8560","1.2304","0.0001"
"","67.9560","1.2204","0.0001"
"","68.0560","1.2102","0.0001"
"","68.1560","1.2002","0.0001"
"","68.2560","1.1905","0.0001"
"","68.3560","1.1803","0.0001"
"","68.4560","1.1702","0.0001"
"","68.5560","1.1602","0.0001"
"","68.6560","1.1506","0.0000"
"","68.7560","1.1403","0.0001"
"","68.8560","1.1302","0.0000"
"","68.9560","1.1204","0.0000"
"","69.0560","1.1104","0.0000"
"","69.1560","1.1003","0.0000"
"","69.2560","1.0902","0.0000"
"","69.3560","1.0805","0.0000"
"","69.4560","1.0703","0.0000"
"","69.5560","1.0603","0.0000"
"","69.6560","1.0504","0.0000"
"","69.7560","1.0402","0.0000"
"","69.8560","1.0303","0.0000"
"","69.9560","1.0203","0.0000"
"","70.0560","1.0105","0.0000"
"","70.1560","1.0001","0.0000"
"","70.2560","0.9902","0.0000"
"","70.3560","0.9804","0.0000"
"","70.4560","0.9705","0.0000"
"","70.5560","0.9602","0.0000"
"","70.6560","0.9501","0.0000"
"","70.7560","0.9405","0.0000"
"","70.8560","0.9303","0.0000"
"","70.9560","0.9201","-0.0001"
"","71.0560","0.9102","-0.0001"
"","71.1560","0.9006","-0.0001"
"","71.2560","0.8903","-0.0001"
"","71.3560","0.8802","-0.0001"
"","71.4560","0.8703","-0.0001"
"","71.5560","0.8605","-0.0001"
"","71.6560","0.8503","-0.0001"
"","71.7560","0.8402","-0.0001"
"","71.8560","0.8304","-0.0001"
"","71.9560","0.8203","-0.0001"
"","72.0560","0.8102","-0.0001"
"","72.1560","0.8004","-0.0001"
"","72.2560","0.7903","-0.0001"
"","72.3560","0.7804","-0.0001"
"","72.4560","0.7703","-0.0001"
"","72.5560","0.7604","-0.0001"
"","72.6560","0.7501","-0.0001"
"","72.7560","0.7402","-0.0001"
"","72.8560","0.7304","-0.0001"
"","72.9560","0.7205","-0.0001"
"","73.0560","0.7102","-0.0001"
"","73.1560","0.7001","-0.0002"
"","73.2560","0.6905","-0.0001"
"","73.3560","0.6803","-0.0001"
"","73.4560","0.6702","-0.0002"
"","73.5560","0.6602","-0.0002"
"","73.6560","0.6505","-0.0002"
"","73.7560","0.6403","-0.0002"
"","73.8560","0.6302","-0.0002"
"","73.9560","0.6204","-0.0002"
"","74.0560","0.6104","-0.0002"
"","74.1560","0.6004","-0.0002"
"","74.2560","0.5902","-0.0002"
"","74.3560","0.5804","-0.0002"
"","74.4560","0.5703","-0.0002"
"","74.5560","0.5602","-0.0002"
"","74.6560","0.5504","-0.0002"
"","74.7560","0.5403","-0.0002"
"","74.8560","0.5303","-0.0002"
"","74.9560","0.5202","-0.0002"
"","75.0560","0.5105","-0.0002"
"","75.1560","0.5001","-0.0002"
"","75.2560","0.4902","-0.0002"
"","75.3560","0.4804","-0.0002"
"","75.4560","0.4704","-0.0002"
"","75.5560","0.4602","-0.0002"
"","75.6560","0.4502","-0.0002"
"","75.7560","0.4405","-0.0002"
"","75.8560","0.4303","-0.0002"
"","75.9560","0.4201","-0.0002"
"","76.0560","0.4103","-0.0002"
"","76.1560","0.4005","-0.0002"
"","76.2560","0.3903","-0.0002"
"","76.3560","0.3802","-0.0002"
"","76.4560","0.3704","-0.0002"
"","76.5560","0.3604","-0.0002"
"","76.6560","0.3503","-0.0002"
"","76.7560","0.3402","-0.0002"
"","76.8560","0.3304","-0.0002"
"","76.9560","0.3203","-0.0002"
"","77.0560","0.3102","-0.0002"
"","77.1560","0.3004","-0.0002"
"","77.2560","0.2903","-0.0002"
"","77.3560","0.2803","-0.0002"
"","77.4560","0.2703","-0.0002"
"","77.5560","0.2605","-0.0002"
"","77.6560","0.2501","-0.0002"
"","77.7560","0.2402","-0.0002"
"","77.8560","0.2304","-0.0002"
"","77.9560","0.2205","-0.0002"
"","78.0560","0.2102","-0.0002"
"","78.1560","0.2002","-0.0002"
"","78.2560","0.1905","-0.0002"
"","78.3560","0.1803","-0.0002"
"","78.4560","0.1701","-0.0002"
"","78.5560","0.1602","-0.0002"
"","78.6560","0.1506","-0.0002"
"","78.7560","0.1404","-0.0002"
"","78.8560","0.1302","-0.0002"
"","78.9560","0.1203","-0.0002"
"","79.0560","0.1104","-0.0002"
"","79.1560","0.1003","-0.0002"
"","79.2560","0.0902","-0.0002"
"","79.3560","0.0804","-0.0002"
"","79.4560","0.0703","-0.0002"
"","79.5560","0.0602","-0.0002"
"","79.6560","0.0503","-0.0002"
"","79.7560","0.0403","-0.0002"
"","79.8560","0.0304","-0.0002"
"","79.9560","0.0202","-0.0002"
"","80.0560","0.0104","-0.0002"
"","80.1560","0.0002","-0.0002"
"","80.1580","0.0000","-0.0002"
"","80.1590","-0.0001","-0.0002"
"","80.1600","-0.0002","-0.0002"
"","80.2600","-0.0003","-0.0002"
"","80.3600","0.0074","-0.0002"
"","80.4600","0.0191","-0.0002"
"","80.5600","0.0297","-0.0002"
"","80.6600","0.0397","-0.0002"
"","80.7600","0.0496","-0.0002"
"","80.8600","0.0595","-0.0002"
"","80.9600","0.0697","-0.0002"
"","81.0600","0.0799","-0.0002"
"","81.1600","0.0896","-0.0002"
"","81.2600","0.0996","-0.0002"
"","81.3600","0.1097","-0.0002"
"","81.4600","0.1198","-0.0002"
"","81.5600","0.1296","-0.0002"
"","81.6600","0.1396","-0.0002"
"","81.7600","0.1497","-0.0002"
"","81.8600","0.1596","-0.0002"
"","81.9600","0.1698","-0.0002"
"","82.0600","0.1797","-0.0002"
"","82.1600","0.1897","-0.0002"
"","82.2600","0.1994","-0.0002"
"","82.3600","0.2098","-0.0002"
"","82.4600","0.2197","-0.0002"
"","82.5600","0.2296","-0.0002"
"","82.6600","0.2396","-0.0002"
"","82.7600","0.2499","-0.0002"
"","82.8600","0.2597","-0.0002"
"","82.9600","0.2695","-0.0002"
"","83.0600","0.2798","-0.0002"
"","83.1600","0.2897","-0.0002"
"","83.2600","0.2997","-0.0002"
"","83.3600","0.3095","-0.0002"
"","83.4600","0.3198","-0.0002"
"","83.5600","0.3298","-0.0002"
"","83.6600","0.3395","-0.0002"
"","83.7600","0.3497","-0.0002"
"","83.8600","0.3597","-0.0002"
"","83.9600","0.3698","-0.0002"
"","84.0600","0.3796","-0.0002"
"","84.1600","0.3898","-0.0002"
"","84.2600","0.3997","-0.0002"
"","84.3600","0.4096","-0.0002"
"","84.4600","0.4199","-0.0002"
"","84.5600","0.4298","-0.0001"
"","84.6600","0.4397","-0.0001"
"","84.7600","0.4494","-0.0001"
"","84.8600","0.4599","-0.0001"
"","84.9600","0.4697","-0.0001"
"","85.0600","0.4796","-0.0001"
"","85.1600","0.4896","-0.0001"
"","85.2600","0.4999","-0.0001"
"","85.3600","0.5098","-0.0001"
"","85.4600","0.5194","-0.0001"
"","85.5600","0.5297","-0.0001"
"","85.6600","0.5398","-0.0001"
"","85.7600","0.5497","-0.0001"
"","85.8600","0.5595","-0.0001"
"","85.9600","0.5697","-0.0001"
"","86.0600","0.5798","-0.0001"
"","86.1600","0.5896","-0.0001"
"","86.2600","0.5997","-0.0001"
"","86.3600","0.6097","-0.0001"
"","86.4600","0.6198","-0.0001"
"","86.5600","0.6296","-0.0001"
"","86.6600","0.6397","-0.0001"
"","86.7600","0.6497","-0.0001"
"","86.8600","0.6596","-0.0001"
"","86.9600","0.6698","-0.0001"
"","87.0600","0.6797","0.0000"
"","87.1600","0.6897","-0.0001"
"","87.2600","0.6994","-0.0001"
"","87.3600","0.7098","-0.0001"
"","87.4600","0.7197","0.0000"
"","87.5600","0.7296","0.0000"
"","87.6600","0.7396","0.0000"
"","87.7600","0.7499","0.0000"
"","87.8600","0.7598","0.0000"
"","87.9600","0.7694","0.0000"
"","88.0600","0.7797","0.0000"
"","88.1600","0.7897","0.0000"
"","88.2600","0.7997","0.0000"
"","88.3600","0.8095","0.0000"
"","88.4600","0.8196","0.0000"
"","88.5600","0.8299","0.0000"
"","88.6600","0.8397","0.0000"
"","88.7600","0.8497","0.0001"
"","88.8600","0.8597","0.0000"
"","88.9600","0.8697","0.0001"
"","89.0600","0.8796","0.0001"
"","89.1600","0.8896","0.0001"
"","89.2600","0.8997","0.0001"
"","89.3600","0.9096","0.0001"
"","89.4600","0.9199","0.0001"
"","89.5600","0.9297","0.0001"
"","89.6600","0.9397","0.0001"
"","89.7600","0.9494","0.0001"
"","89.8600","0.9599","0.0001"
"","89.9600","0.9698","0.0001"
"","90.0600","0.9797","0.0002"
"","90.1600","0.9896","0.0002"
"","90.2600","0.9999","0.0001"
"","90.3600","1.0098","0.0002"
"","90.4600","1.0194","0.0002"
"","90.5600","1.0297","0.0002"
"","90.6600","1.0397","0.0002"
"","90.7600","1.0498","0.0002"
"","90.8600","1.0595","0.0002"
"","90.9600","1.0698","0.0002"
"","91.0600","1.0798","0.0002"
"","91.1600","1.0896","0.0002"
"","91.2600","1.0998","0.0002"
"","91.3600","1.1097","0.0002"
"","91.4600","1.1197","0.0003"
"","91.5600","1.1295","0.0003"
"","91.6600","1.1398","0.0003"
"","91.7600","1.1497","0.0003"
"","91.8600","1.1596","0.0003"
"","91.9600","1.1698","0.0003"
"","92.0600","1.1798","0.0003"
"","92.1600","1.1897","0.0003"
"","92.2600","1.1994","0.0003"
"","92.3600","1.2098","0.0003"
"","92.4600","1.2198","0.0004"
"","92.5600","1.2296","0.0004"
"","92.6600","1.2395","0.0004"
"","92.7600","1.2498","0.0004"
"","92.8600","1.2598","0.0004"
"","92.9600","1.2694","0.0004"
"","93.0600","1.2797","0.0004"
"","93.1600","1.2898","0.0004"
"","93.2600","1.2997","0.0004"
"","93.3600","1.3096","0.0004"
"","93.4600","1.3197","0.0005"
"","93.5600","1.3298","0.0005"
"","93.6600","1.3396","0.0005"
"","93.7600","1.3497","0.0005"
"","93.8600","1.3597","0.0005"
"","93.9600","1.3697","0.0006"
"","94.0600","1.3794","0.0006"
"","94.1600","1.3898","0.0006"
"","94.2600","1.3998","0.0006"
"","94.3600","1.4096","0.0006"
"","94.4600","1.4197","0.0007"
"","94.5600","1.4298","0.0007"
"","94.6600","1.4398","0.0007"
"","94.7600","1.4494","0.0007"
"","94.8600","1.4598","0.0007"
"","94.9600","1.4697","0.0008"
"","95.0600","1.4796","0.0008"
"","95.1600","1.4896","0.0008"
"","95.2600","1.4999","0.0008"
"","95.3600","1.5099","0.0008"
"","95.4600","1.5194","0.0008"
"","95.5600","1.5297","0.0009"
"","95.6600","1.5397","0.0009"
"","95.7600","1.5497","0.0009"
"","95.8600","1.5595","0.0009"
"","95.9600","1.5697","0.0009"
"","96.0600","1.5798","0.0010"
"","96.1600","1.5897","0.0010"
"","96.2600","1.5997","0.0010"
"","96.3600","1.6097","0.0010"
"","96.4600","1.6197","0.0011"
"","96.5600","1.6296","0.0011"
"","96.6600","1.6396","0.0011"
"","96.7600","1.6496","0.0011"
"","96.8600","1.6596","0.0011"
"","96.9600","1.6698","0.0012"
"","97.0600","1.6797","0.0012"
"","97.1600","1.6897","0.0013"
"","97.2600","1.6995","0.0013"
"","97.3600","1.7098","0.0013"
"","97.4600","1.7197","0.0014"
"","97.5600","1.7295","0.0014"
"","97.6600","1.7396","0.0014"
"","97.7600","1.7499","0.0014"
"","97.8600","1.7599","0.0015"
"","97.9600","1.7694","0.0015"
"","98.0600","1.7797","0.0016"
"","98.1600","1.7897","0.0016"
"","98.2600","1.7998","0.0017"
"","98.3600","1.8095","0.0017"
"","98.4600","1.8197","0.0018"
"","98.5600","1.8298","0.0018"
"","98.6600","1.8396","0.0019"
"","98.7600","1.8497","0.0019"
"","98.8600","1.8596","0.0020"
"","98.9600","1.8697","0.0021"
"","99.0600","1.8797","0.0021"
"","99.1600","1.8897","0.0022"
"","99.2600","1.8997","0.0022"
"","99.3600","1.9096","0.0023"
"","99.4600","1.9199","0.0024"
"","99.5600","1.9297","0.0024"
"","99.6600","1.9397","0.0025"
"","99.7600","1.9494","0.0026"
"","99.8600","1.9599","0.0027"
"","99.9600","1.9697","0.0028"
"","100.0600","1.9796","0.0029"
"","100.1600","1.9896","0.0030"
"","100.2600","1.9999","0.0031"
"","100.3600","2.0098","0.0032"
"","100.4600","2.0194","0.0033"
"","100.5600","2.0296","0.0034"
"","100.6600","2.0398","0.0036"
"","100.7600","2.0497","0.0037"
"","100.8600","2.0595","0.0039"
"","100.9600","2.0697","0.0040"
"","101.0600","2.0799","0.0042"
"","101.1600","2.0897","0.0043"
"","101.2600","2.0996","0.0045"
"","101.3600","2.1097","0.0046"
"","101.4600","2.1198","0.0048"
"","101.5600","2.1296","0.0050"
"","101.6600","2.1397","0.0052"
"","101.7600","2.1497","0.0054"
"","101.8600","2.1596","0.0056"
"","101.9600","2.1699","0.0058"
"","102.0600","2.1797","0.0060"
"","102.1600","2.1897","0.0062"
"","102.2600","2.1994","0.0065"
"","102.3600","2.2098","0.0067"
"","102.4600","2.2197","0.0070"
"","102.5600","2.2296","0.0072"
"","102.6600","2.2396","0.0075"
"","102.7600","2.2498","0.0078"
"","102.8600","2.2598","0.0080"
"","102.9600","2.2694","0.0083"
"","103.0600","2.2797","0.0086"
"","103.1600","2.2897","0.0089"
"","103.2600","2.2997","0.0092"
"","103.3600","2.3095","0.0095"
"","103.4600","2.3196","0.0098"
"","103.5600","2.3298","0.0101"
"","103.6600","2.3397","0.0104"
"","103.7600","2.3496","0.0107"
"","103.8600","2.3597","0.0110"
"","103.9600","2.3697","0.0113"
"","104.0600","2.3796","0.0116"
"","104.1600","2.3896","0.0120"
"","104.2600","2.3997","0.0123"
"","104.3600","2.4096","0.0126"
"","104.4600","2.4198","0.0130"
"","104.5600","2.4297","0.0133"
"","104.6600","2.4397","0.0137"
"","104.7600","2.4494","0.0140"
"","104.8600","2.4599","0.0144"
"","104.9600","2.4698","0.0147"
"","105.0600","2.4796","0.0151"
"","105.1600","2.4896","0.0154"
"","105.2600","2.4997","0.0158"
"","105.3600","2.5098","0.0162"
"","105.4600","2.5194","0.0165"
"","105.5600","2.5298","0.0169"
"","105.6600","2.5397","0.0173"
"","105.7600","2.5498","0.0177"
"","105.8600","2.5595","0.0180"
"","105.9600","2.5697","0.0184"
"","106.0600","2.5798","0.0188"
"","106.1600","2.5896","0.0192"
"","106.2600","2.5997","0.0196"
"","106.3600","2.6097","0.0200"
"","106.4600","2.6198","0.0204"
"","106.5600","2.6296","0.0208"
"","106.6600","2.6398","0.0212"
"","106.7600","2.6497","0.0216"
"","106.8600","2.6596","0.0220"
"","106.9600","2.6699","0.0224"
"","107.0600","2.6797","0.0228"
"","107.1600","2.6897","0.0233"
"","107.2600","2.6994","0.0237"
"","107.3600","2.7098","0.0242"
"","107.4600","2.7197","0.0246"
"","107.5600","2.7296","0.0250"
"","107.6600","2.7396","0.0255"
"","107.7600","2.7498","0.0259"
"","107.8600","2.7598","0.0264"
"","107.9600","2.7694","0.0268"
"","108.0600","2.7796","0.0273"
"","108.1600","2.7898","0.0278"
"","108.2600","2.7997","0.0282"
"","108.3600","2.8095","0.0287"
"","108.4600","2.8197","0.0292"
"","108.5600","2.8299","0.0297"
"","108.6600","2.8396","0.0301"
"","108.7600","2.8496","0.0306"
"","108.8600","2.8597","0.0311"
"","108.9600","2.8698","0.0316"
"","109.0600","2.8796","0.0320"
"","109.1600","2.8897","0.0325"
"","109.2600","2.8997","0.0329"
"","109.3600","2.9096","0.0331"
"","109.4600","2.9198","0.0332"
"","109.5600","2.9297","0.0333"
"","109.6600","2.9398","0.0335"
"","109.7600","2.9494","0.0339"
"","109.8600","2.9598","0.0340"
"","109.9600","2.9696","0.0341"
"","110.0600","2.9796","0.0341"
"","110.1600","2.9896","0.0341"
"","110.2600","2.9999","0.0342"
"","110.3600","3.0098","0.0342"
"","110.4600","3.0194","0.0342"
"","110.5600","3.0297","0.0342"
"","110.6600","3.0397","0.0342"
"","110.7600","3.0497","0.0342"
"","110.8600","3.0595","0.0342"
"","110.9600","3.0696","0.0343"
"","111.0600","3.0798","0.0344"
"","111.1600","3.0897","0.0346"
"","111.2600","3.0997","0.0348"
"","111.3600","3.1097","0.0350"
"","111.4600","3.1197","0.0354"
"","111.5600","3.1296","0.0358"
"","111.6600","3.1396","0.0363"
"","111.7600","3.1497","0.0368"
"","111.8600","3.1596","0.0373"
"","111.9600","3.1698","0.0378"
"","112.0600","3.1797","0.0383"
"","112.1600","3.1897","0.0389"
"","112.2600","3.1995","0.0395"
"","112.3600","3.2098","0.0401"
"","112.4600","3.2197","0.0406"
"","112.5600","3.2297","0.0412"
"","112.6600","3.2397","0.0418"
"","112.7600","3.2498","0.0424"
"","112.8600","3.2598","0.0430"
"","112.9600","3.2695","0.0436"
"","113.0600","3.2798","0.0443"
"","113.1600","3.2897","0.0449"
"","113.2600","3.2997","0.0455"
"","113.3600","3.3095","0.0462"
"","113.4600","3.3198","0.0469"
"","113.5600","3.3298","0.0475"
"","113.6600","3.3395","0.0482"
"","113.7600","3.3497","0.0489"
"","113.8600","3.3597","0.0495"
"","113.9600","3.3698","0.0502"
"","114.0600","3.3795","0.0509"
"","114.1600","3.3897","0.0516"
"","114.2600","3.3998","0.0523"
"","114.3600","3.4096","0.0530"
"","114.4600","3.4198","0.0538"
"","114.5600","3.4298","0.0545"
"","114.6600","3.4398","0.0552"
"","114.7600","3.4495","0.0559"
"","114.8600","3.4597","0.0567"
"","114.9600","3.4697","0.0574"
"","115.0600","3.4797","0.0581"
"","115.1600","3.4896","0.0589"
"","115.2600","3.4998","0.0596"
"","115.3600","3.5098","0.0604"
"","115.4600","3.5194","0.0611"
"","115.5600","3.5297","0.0619"
"","115.6600","3.5398","0.0627"
"","115.7600","3.5497","0.0634"
"","115.8600","3.5595","0.0642"
"","115.9600","3.5697","0.0650"
"","116.0600","3.5799","0.0658"
"","116.1600","3.5896","0.0665"
"","116.2600","3.5997","0.0674"
"","116.3600","3.6097","0.0682"
"","116.4600","3.6197","0.0689"
"","116.5600","3.6295","0.0697"
"","116.6600","3.6397","0.0705"
"","116.7600","3.6498","0.0714"
"","116.8600","3.6596","0.0722"
"","116.9600","3.6698","0.0730"
"","117.0600","3.6797","0.0738"
"","117.1600","3.6897","0.0747"
"","117.2600","3.6994","0.0755"
"","117.3600","3.7098","0.0763"
"","117.4600","3.7197","0.0772"
"","117.5600","3.7296","0.0780"
"","117.6600","3.7396","0.0788"
"","117.7600","3.7498","0.0796"
"","117.8600","3.7598","0.0805"
"","117.9600","3.7694","0.0813"
"","118.0600","3.7797","0.0822"
"","118.1600","3.7897","0.0830"
"","118.2600","3.7997","0.0838"
"","118.3600","3.8095","0.0847"
"","118.4600","3.8196","0.0856"
"","118.5600","3.8298","0.0864"
"","118.6600","3.8397","0.0872"
"","118.7600","3.8497","0.0881"
"","118.8600","3.8597","0.0890"
"","118.9600","3.8697","0.0898"
"","119.0600","3.8796","0.0906"
"","119.1600","3.8896","0.0915"
"","119.2600","3.8997","0.0924"
"","119.3600","3.9096","0.0932"
"","119.4600","3.9199","0.0941"
"","119.5600","3.9297","0.0949"
"","119.6600","3.9397","0.0958"
"","119.7600","3.9494","0.0966"
"","119.8600","3.9598","0.0975"
"","119.9600","3.9697","0.0983"
"","120.0600","3.9796","0.0991"
"","120.1600","3.9896","0.0999"
"","120.2600","3.9999","0.1008"
"","120.2620","4.0001","0.1008"
"","120.2630","4.0002","0.1008"
"","120.2640","4.0003","0.1008"
"","120.3640","4.0003","0.1005"
"","120.4640","3.9928","0.0994"
"","120.5640","3.9808","0.0977"
"","120.6640","3.9706","0.0963"
"","120.7640","3.9603","0.0949"
"","120.8640","3.9502","0.0936"
"","120.9640","3.9406","0.0923"
"","121.0640","3.9304","0.0910"
"","121.1640","3.9203","0.0897"
"","121.2640","3.9102","0.0885"
"","121.3640","3.9006","0.0873"
"","121.4640","3.8904","0.0861"
"","121.5640","3.8802","0.0849"
"","121.6640","3.8704","0.0838"
"","121.7640","3.8605","0.0826"
"","121.8640","3.8503","0.0814"
"","121.9640","3.8402","0.0802"
"","122.0640","3.8304","0.0791"
"","122.1640","3.8203","0.0780"
"","122.2640","3.8103","0.0768"
"","122.3640","3.8004","0.0757"
"","122.4640","3.7903","0.0746"
"","122.5640","3.7804","0.0735"
"","122.6640","3.7702","0.0724"
"","122.7640","3.7605","0.0713"
"","122.8640","3.7502","0.0703"
"","122.9640","3.7403","0.0692"
"","123.0640","3.7305","0.0682"
"","123.1640","3.7206","0.0671"
"","123.2640","3.7103","0.0661"
"","123.3640","3.7002","0.0650"
"","123.4640","3.6906","0.0640"
"","123.5640","3.6804","0.0630"
"","123.6640","3.6703","0.0620"
"","123.7640","3.6603","0.0610"
"","123.8640","3.6506","0.0600"
"","123.9640","3.6403","0.0590"
"","124.0640","3.6302","0.0580"
"","124.1640","3.6203","0.0571"
"","124.2640","3.6104","0.0562"
"","124.3640","3.6004","0.0552"
"","124.4640","3.5902","0.0543"
"","124.5640","3.5805","0.0534"
"","124.6640","3.5702","0.0524"
"","124.7640","3.5603","0.0515"
"","124.8640","3.5504","0.0507"
"","124.9640","3.5403","0.0498"
"","125.0640","3.5304","0.0490"
"","125.1640","3.5203","0.0481"
"","125.2640","3.5105","0.0473"
"","125.3640","3.5002","0.0464"
"","125.4640","3.4903","0.0456"
"","125.5640","3.4804","0.0448"
"","125.6640","3.4704","0.0440"
"","125.7640","3.4602","0.0433"
"","125.8640","3.4503","0.0425"
"","125.9640","3.4405","0.0418"
"","126.0640","3.4302","0.0410"
"","126.1640","3.4202","0.0403"
"","126.2640","3.4103","0.0396"
"","126.3640","3.4006","0.0389"
"","126.4640","3.3903","0.0383"
"","126.5640","3.3802","0.0376"
"","126.6640","3.3705","0.0370"
"","126.7640","3.3603","0.0362"
"","126.8640","3.3502","0.0356"
"","126.9640","3.3402","0.0351"
"","127.0640","3.3305","0.0345"
"","127.1640","3.3204","0.0341"
"","127.2640","3.3103","0.0338"
"","127.3640","3.3004","0.0336"
"","127.4640","3.2903","0.0334"
"","127.5640","3.2803","0.0330"
"","127.6640","3.2703","0.0329"
"","127.7640","3.2605","0.0329"
"","127.8640","3.2502","0.0329"
"","127.9640","3.2402","0.0329"
"","128.0640","3.2304","0.0329"
"","128.1640","3.2205","0.0329"
"","128.2640","3.2102","0.0328"
"","128.3640","3.2002","0.0328"
"","128.4640","3.1905","0.0328"
"","128.5640","3.1803","0.0327"
"","128.6640","3.1702","0.0328"
"","128.7640","3.1602","0.0328"
"","128.8640","3.1506","0.0328"
"","128.9640","3.1403","0.0327"
"","129.0640","3.1302","0.0324"
"","129.1640","3.1203","0.0321"
"","129.2640","3.1105","0.0318"
"","129.3640","3.1003","0.0313"
"","129.4640","3.0902","0.0308"
"","129.5640","3.0804","0.0303"
"","129.6640","3.0703","0.0299"
"","129.7640","3.0603","0.0293"
"","129.8640","3.0504","0.0288"
"","129.9640","3.0403","0.0282"
"","130.0640","3.0304","0.0276"
"","130.1640","3.0203","0.0271"
"","130.2640","3.0105","0.0265"
"","130.3640","3.0002","0.0259"
"","130.4640","2.9902","0.0254"
"","130.5640","2.9804","0.0248"
"","130.6640","2.9705","0.0243"
"","130.7640","2.9603","0.0238"
"","130.8640","2.9502","0.0232"
"","130.9640","2.9406","0.0228"
"","131.0640","2.9303","0.0222"
"","131.1640","2.9203","0.0217"
"","131.2640","2.9102","0.0213"
"","131.3640","2.9006","0.0208"
"","131.4640","2.8903","0.0203"
"","131.5640","2.8802","0.0198"
"","131.6640","2.8703","0.0194"
"","131.7640","2.8604","0.0189"
"","131.8640","2.8504","0.0185"
"","131.9640","2.8403","0.0180"
"","132.0640","2.8304","0.0176"
"","132.1640","2.8202","0.0172"
"","132.2640","2.8103","0.0168"
"","132.3640","2.8004","0.0164"
"","132.4640","2.7903","0.0160"
"","132.5640","2.7803","0.0156"
"","132.6640","2.7704","0.0152"
"","132.7640","2.7606","0.0148"
"","132.8640","2.7502","0.0144"
"","132.9640","2.7402","0.0141"
"","133.0640","2.7304","0.0137"
"","133.1640","2.7205","0.0133"
"","133.2640","2.7102","0.0130"
"","133.3640","2.7002","0.0126"
"","133.4640","2.6905","0.0123"
"","133.5640","2.6803","0.0119"
"","133.6640","2.6703","0.0116"
"","133.7640","2.6602","0.0113"
"","133.8640","2.6506","0.0110"
"","133.9640","2.6403","0.0106"
"","134.0640","2.6302","0.0103"
"","134.1640","2.6204","0.0100"
"","134.2640","2.6104","0.0097"
"","134.3640","2.6004","0.0094"
"","134.4640","2.5903","0.0091"
"","134.5640","2.5805","0.0088"
"","134.6640","2.5703","0.0085"
"","134.7640","2.5603","0.0082"
"","134.8640","2.5505","0.0079"
"","134.9640","2.5403","0.0077"
"","135.0640","2.5303","0.0074"
"","135.1640","2.5203","0.0071"
"","135.2640","2.5105","0.0069"
"","135.3640","2.5001","0.0066"
"","135.4640","2.4903","0.0063"
"","135.5640","2.4805","0.0061"
"","135.6640","2.4706","0.0058"
"","135.7640","2.4602","0.0056"
"","135.8640","2.4502","0.0054"
"","135.9640","2.4406","0.0052"
"","136.0640","2.4303","0.0050"
"","136.1640","2.4202","0.0047"
"","136.2640","2.4102","0.0045"
"","136.3640","2.4006","0.0043"
"","136.4640","2.3904","0.0041"
"","136.5640","2.3802","0.0040"
"","136.6640","2.3703","0.0038"
"","136.7640","2.3605","0.0036"
"","136.8640","2.3503","0.0034"
"","136.9640","2.3402","0.0033"
"","137.0640","2.3304","0.0032"
"","137.1640","2.3203","0.0030"
"","137.2640","2.3102","0.0029"
"","137.3640","2.3004","0.0028"
"","137.4640","2.2904","0.0027"
"","137.5640","2.2804","0.0026"
"","137.6640","2.2702","0.0025"
"","137.7640","2.2605","0.0024"
"","137.8640","2.2502","0.0023"
"","137.9640","2.2402","0.0022"
"","138.0640","2.2304","0.0021"
"","138.1640","2.2205","0.0020"
"","138.2640","2.2103","0.0020"
"","138.3640","2.2002","0.0019"
"","138.4640","2.1906","0.0018"
"","138.5640","2.1803","0.0018"
"","138.6640","2.1702","0.0017"
"","138.7640","2.1602","0.0016"
"","138.8640","2.1506","0.0016"
"","138.9640","2.1403","0.0015"
"","139.0640","2.1302","0.0015"
"","139.1640","2.1203","0.0014"
"","139.2640","2.1104","0.0014"
"","139.3640","2.1004","0.0013"
"","139.4640","2.0902","0.0013"
"","139.5640","2.0804","0.0012"
"","139.6640","2.0702","0.0012"
"","139.7640","2.0603","0.0011"
"","139.8640","2.0504","0.0011"
"","139.9640","2.0403","0.0011"
"","140.0640","2.0304","0.0010"
"","140.1640","2.0203","0.0010"
"","140.2640","2.0105","0.0009"
"","140.3640","2.0002","0.0009"
"","140.4640","1.9903","0.0009"
"","140.5640","1.9805","0.0009"
"","140.6640","1.9704","0.0008"
"","140.7640","1.9602","0.0008"
"","140.8640","1.9502","0.0008"
"","140.9640","1.9406","0.0007"
"","141.0640","1.9303","0.0007"
"","141.1640","1.9202","0.0007"
"","141.2640","1.9102","0.0007"
"","141.3640","1.9006","0.0007"
"","141.4640","1.8903","0.0006"
"","141.5640","1.8802","0.0006"
"","141.6640","1.8703","0.0006"
"","141.7640","1.8604","0.0006"
"","141.8640","1.8503","0.0006"
"","141.9640","1.8403","0.0006"
"","142.0640","1.8305","0.0005"
"","142.1640","1.8203","0.0005"
"","142.2640","1.8103","0.0005"
"","142.3640","1.8004","0.0005"
"","142.4640","1.7903","0.0005"
"","142.5640","1.7802","0.0005"
"","142.6640","1.7703","0.0005"
"","142.7640","1.7606","0.0004"
"","142.8640","1.7501","0.0004"
"","142.9640","1.7402","0.0004"
"","143.0640","1.7304","0.0004"
"","143.1640","1.7206","0.0004"
"","143.2640","1.7103","0.0004"
"","143.3640","1.7002","0.0004"
"","143.4640","1.6906","0.0004"
"","143.5640","1.6803","0.0004"
"","143.6640","1.6701","0.0004"
"","143.7640","1.6602","0.0003"
"","143.8640","1.6506","0.0003"
"","143.9640","1.6404","0.0003"
"","144.0640","1.6302","0.0003"
"","144.1640","1.6204","0.0003"
"","144.2640","1.6104","0.0003"
"","144.3640","1.6003","0.0003"
"","144.4640","1.5902","0.0003"
"","144.5640","1.5805","0.0003"
"","144.6640","1.5702","0.0003"
"","144.7640","1.5603","0.0003"
"","144.8640","1.5503","0.0003"
"","144.9640","1.5404","0.0003"
"","145.0640","1.5303","0.0002"
"","145.1640","1.5203","0.0002"
"","145.2640","1.5105","0.0002"
"","145.3640","1.5002","0.0002"
"","145.4640","1.4902","0.0002"
"","145.5640","1.4803","0.0002"
"","145.6640","1.4705","0.0002"
"","145.7640","1.4603","0.0002"
"","145.8640","1.4502","0.0002"
"","145.9640","1.4405","0.0002"
"","146.0640","1.4303","0.0002"
"","146.1640","1.4203","0.0002"
"","146.2640","1.4102","0.0002"
"","146.3640","1.4005","0.0001"
"","146.4640","1.3903","0.0002"
"","146.5640","1.3802","0.0001"
"","146.6640","1.3704","0.0001"
"","146.7640","1.3604","0.0001"
"","146.8640","1.3504","0.0001"
"","146.9640","1.3402","0.0001"
"","147.0640","1.3305","0.0001"
"","147.1640","1.3202","0.0001"
"","147.2640","1.3103","0.0001"
"","147.3640","1.3004","0.0001"
"","147.4640","1.2904","0.0001"
"","147.5640","1.2803","0.0001"
"","147.6640","1.2704","0.0001"
"","147.7640","1.2605","0.0001"
"","147.8640","1.2502","0.0000"
"","147.9640","1.2402","0.0000"
"","148.0640","1.2305","0.0000"
"","148.1640","1.2204","0.0000"
"","148.2640","1.2102","0.0000"
"","148.3640","1.2002","0.0000"
"","148.4640","1.1906","0.0000"
"","148.5640","1.1803","0.0000"
"","148.6640","1.1702","0.0000"
"","148.7640","1.1602","0.0000"
"","148.8640","1.1506","0.0000"
"","148.9640","1.1403","0.0000"
"","149.0640","1.1302","0.0000"
"","149.1640","1.1204","0.0000"
"","149.2640","1.1104","0.0000"
"","149.3640","1.1003","0.0000"
"","149.4640","1.0902","0.0000"
"","149.5640","1.0805","0.0000"
"","149.6640","1.0703","-0.0001"
"","149.7640","1.0603","-0.0001"
"","149.8640","1.0504","-0.0001"
"","149.9640","1.0403","-0.0001"
"","150.0640","1.0303","-0.0001"
"","150.1640","1.0203","-0.0001"
"","150.2640","1.0106","-0.0001"
"","150.3640","1.0002","-0.0001"
"","150.4640","0.9902","-0.0001"
"","150.5640","0.9804","-0.0001"
"","150.6640","0.9705","-0.0001"
"","150.7640","0.9602","-0.0001"
"","150.8640","0.9501","-0.0001"
"","150.9640","0.9405","-0.0001"
"","151.0640","0.9303","-0.0001"
"","151.1640","0.9202","-0.0001"
"","151.2640","0.9102","-0.0001"
"","151.3640","0.9006","-0.0001"
"","151.4640","0.8904","-0.0001"
"","151.5640","0.8802","-0.0002"
"","151.6640","0.8704","-0.0001"
"","151.7640","0.8605","-0.0001"
"","151.8640","0.8503","-0.0001"
"","151.9640","0.8402","-0.0001"
"","152.0640","0.8304","-0.0001"
"","152.1640","0.8203","-0.0001"
"","152.2640","0.8103","-0.0002"
"","152.3640","0.8004","-0.0002"
"","152.4640","0.7904","-0.0002"
"","152.5640","0.7804","-0.0002"
"","152.6640","0.7703","-0.0001"
"","152.7640","0.7605","-0.0002"
"","152.8640","0.7501","-0.0002"
"","152.9640","0.7402","-0.0001"
"","153.0640","0.7304","-0.0002"
"","153.1640","0.7205","-0.0001"
"","153.2640","0.7103","-0.0002"
"","153.3640","0.7002","-0.0002"
"","153.4640","0.6906","-0.0002"
"","153.5640","0.6803","-0.0002"
"","153.6640","0.6702","-0.0002"
"","153.7640","0.6602","-0.0002"
"","153.8640","0.6506","-0.0002"
"","153.9640","0.6403","-0.0002"
"","154.0640","0.6302","-0.0002"
"","154.1640","0.6204","-0.0002"
"","154.2640","0.6104","-0.0002"
"","154.3640","0.6004","-0.0002"
"","154.4640","0.5903","-0.0002"
"","154.5640","0.5804","-0.0002"
"","154.6640","0.5703","-0.0002"
"","154.7640","0.5603","-0.0002"
"","154.8640","0.5504","-0.0002"
"","154.9640","0.5403","-0.0002"
"","155.0640","0.5304","-0.0002"
"","155.1640","0.5203","-0.0002"
"","155.2640","0.5105","-0.0002"
"","155.3640","0.5001","-0.0002"
"","155.4640","0.4903","-0.0002"
"","155.5640","0.4804","-0.0002"
"","155.6640","0.4705","-0.0002"
"","155.7640","0.4602","-0.0002"
"","155.8640","0.4503","-0.0002"
"","155.9640","0.4405","-0.0002"
"","156.0640","0.4303","-0.0002"
"","156.1640","0.4202","-0.0002"
"","156.2640","0.4103","-0.0002"
"","156.3640","0.4006","-0.0002"
"","156.4640","0.3903","-0.0002"
"","156.5640","0.3802","-0.0002"
"","156.6640","0.3704","-0.0002"
"","156.7640","0.3604","-0.0002"
"","156.8640","0.3503","-0.0002"
"","156.9640","0.3403","-0.0002"
"","157.0640","0.3305","-0.0002"
"","157.1640","0.3203","-0.0002"
"","157.2640","0.3103","-0.0002"
"","157.3640","0.3004","-0.0002"
"","157.4640","0.2903","-0.0002"
"","157.5640","0.2803","-0.0002"
"","157.6640","0.2703","-0.0002"
"","157.7640","0.2605","-0.0002"
"","157.8640","0.2501","-0.0002"
"","157.9640","0.2402","-0.0002"
"","158.0640","0.2304","-0.0002"
"","158.1640","0.2205","-0.0002"
"","158.2640","0.2102","-0.0002"
"","158.3640","0.2002","-0.0002"
"","158.4640","0.1905","-0.0002"
"","158.5640","0.1803","-0.0002"
"","158.6640","0.1702","-0.0002"
"","158.7640","0.1603","-0.0002"
"","158.8640","0.1506","-0.0002"
"","158.9640","0.1404","-0.0002"
"","159.0640","0.1302","-0.0002"
"","159.1640","0.1203","-0.0002"
"","159.2640","0.1105","-0.0002"
"","159.3640","0.1003","-0.0002"
"","159.4640","0.0902","-0.0002"
"","159.5640","0.0804","-0.0002"
"","159.6640","0.0703","-0.0002"
"","159.7640","0.0603","-0.0002"
"","159.8640","0.0504","-0.0002"
"","159.9640","0.0403","-0.0002"
"","160.0640","0.0304","-0.0002"
"","160.1640","0.0202","-0.0002"
"","160.2640","0.0105","-0.0002"
"","160.3640","0.0002","-0.0002"
"","160.3660","0.0000","-0.0002"
"","160.3670","-0.0001","-0.0002"
"","160.3680","-0.0002","-0.0002"
"","160.4680","-0.0004","-0.0002"
"","160.5680","0.0075","-0.0002"
"","160.6680","0.0191","-0.0002"
"","160.7680","0.0297","-0.0002"
"","160.8680","0.0398","-0.0002"
"","160.9680","0.0497","-0.0002"
"","161.0680","0.0595","-0.0002"
"","161.1680","0.0697","-0.0002"
"","161.2680","0.0798","-0.0002"
"","161.3680","0.0896","-0.0002"
"","161.4680","0.0997","-0.0002"
"","161.5680","0.1097","-0.0002"
"","161.6680","0.1198","-0.0002"
"","161.7680","0.1296","-0.0002"
"","161.8680","0.1397","-0.0002"
"","161.9680","0.1497","-0.0002"
"","162.0680","0.1596","-0.0002"
"","162.1680","0.1699","-0.0002"
"","162.2680","0.1797","-0.0002"
"","162.3680","0.1897","-0.0002"
"","162.4680","0.1994","-0.0002"
"","162.5680","0.2098","-0.0002"
"","162.6680","0.2197","-0.0002"
"","162.7680","0.2296","-0.0002"
"","162.8680","0.2397","-0.0002"
"","162.9680","0.2499","-0.0002"
"","163.0680","0.2598","-0.0002"
"","163.1680","0.2695","-0.0002"
"","163.2680","0.2798","-0.0002"
"","163.3680","0.2897","-0.0002"
"","163.4680","0.2997","-0.0002"
"","163.5680","0.3096","-0.0002"
"","163.6680","0.3198","-0.0002"
"","163.7680","0.3298","-0.0002"
"","163.8680","0.3396","-0.0002"
"","163.9680","0.3497","-0.0002"
"","164.0680","0.3597","-0.0002"
"","164.1680","0.3698","-0.0002"
"","164.2680","0.3796","-0.0002"
"","164.3680","0.3898","-0.0002"
"","164.4680","0.3997","-0.0002"
"","164.5680","0.4096","-0.0002"
"","164.6680","0.4199","-0.0002"
"","164.7680","0.4298","-0.0002"
"","164.8680","0.4398","-0.0002"
"","164.9680","0.4495","-0.0002"
"","165.0680","0.4599","-0.0002"
"","165.1680","0.4697","-0.0002"
"","165.2680","0.4796","-0.0002"
"","165.3680","0.4896","-0.0002"
"","165.4680","0.4999","-0.0001"
"","165.5680","0.5098","-0.0001"
"","165.6680","0.5195","-0.0001"
"","165.7680","0.5297","-0.0001"
"","165.8680","0.5399","-0.0001"
"","165.9680","0.5497","-0.0001"
"","166.0680","0.5595","-0.0001"
"","166.1680","0.5697","-0.0001"
"","166.2680","0.5799","-0.0001"
"","166.3680","0.5896","-0.0001"
"","166.4680","0.5997","-0.0001"
"","166.5680","0.6097","-0.0001"
"","166.6680","0.6198","-0.0001"
"","166.7680","0.6296","-0.0001"
"","166.8680","0.6397","-0.0001"
"","166.9680","0.6498","-0.0001"
"","167.0680","0.6596","-0.0001"
"","167.1680","0.6699","-0.0001"
"","167.2680","0.6797","-0.0001"
"","167.3680","0.6897","-0.0001"
"","167.4680","0.6994","-0.0001"
"","167.5680","0.7098","-0.0001"
"","167.6680","0.7197","-0.0001"
"","167.7680","0.7296","-0.0001"
"","167.8680","0.7396","-0.0001"
"","167.9680","0.7499","-0.0001"
"","168.0680","0.7599","-0.0001"
"","168.1680","0.7695","-0.0001"
"","168.2680","0.7797","0.0000"
"","168.3680","0.7898","0.0000"
"","168.4680","0.7997","0.0000"
"","168.5680","0.8095","0.0000"
"","168.6680","0.8197","0.0000"
"","168.7680","0.8299","0.0000"
"","168.8680","0.8397","0.0000"
"","168.9680","0.8497","0.0000"
"","169.0680","0.8597","0.0000"
"","169.1680","0.8697","0.0000"
"","169.2680","0.8796","0.0000"
"","169.3680","0.8896","0.0000"
"","169.4680","0.8997","0.0000"
"","169.5680","0.9096","0.0000"
"","169.6680","0.9199","0.0000"
"","169.7680","0.9298","0.0000"
"","169.8680","0.9397","0.0000"
"","169.9680","0.9495","0.0000"
"","170.0680","0.9599","0.0000"
"","170.1680","0.9698","0.0001"
"","170.2680","0.9797","0.0001"
"","170.3680","0.9896","0.0001"
"","170.4680","0.9999","0.0001"
"","170.5680","1.0098","0.0001"
"","170.6680","1.0194","0.0001"
"","170.7680","1.0297","0.0001"
"","170.8680","1.0398","0.0001"
"","170.9680","1.0498","0.0001"
"","171.0680","1.0595","0.0001"
"","171.1680","1.0698","0.0001"
"","171.2680","1.0798","0.0001"
"","171.3680","1.0896","0.0002"
"","171.4680","1.0998","0.0002"
"","171.5680","1.1097","0.0002"
"","171.6680","1.1197","0.0002"
"","171.7680","1.1295","0.0002"
"","171.8680","1.1398","0.0002"
"","171.9680","1.1497","0.0002"
"","172.0680","1.1596","0.0002"
"","172.1680","1.1698","0.0002"
"","172.2680","1.1798","0.0002"
"","172.3680","1.1897","0.0003"
"","172.4680","1.1994","0.0003"
"","172.5680","1.2098","0.0003"
"","172.6680","1.2198","0.0003"
"","172.7680","1.2296","0.0003"
"","172.8680","1.2396","0.0003"
"","172.9680","1.2498","0.0003"
"","173.0680","1.2598","0.0003"
"","173.1680","1.2695","0.0003"
"","173.2680","1.2797","0.0003"
"","173.3680","1.2898","0.0003"
"","173.4680","1.2997","0.0003"
"","173.5680","1.3096","0.0003"
"","173.6680","1.3197","0.0004"
"","173.7680","1.3299","0.0004"
"","173.8680","1.3396","0.0004"
"","173.9680","1.3498","0.0004"
"","174.0680","1.3598","0.0004"
"","174.1680","1.3698","0.0004"
"","174.2680","1.3795","0.0004"
"","174.3680","1.3898","0.0005"
"","174.4680","1.3998","0.0004"
"","174.5680","1.4096","0.0004"
"","174.6680","1.4198","0.0005"
"","174.7680","1.4298","0.0005"
"","174.8680","1.4398","0.0005"
"","174.9680","1.4494","0.0005"
"","175.0680","1.4598","0.0005"
"","175.1680","1.4697","0.0006"
"","175.2680","1.4796","0.0006"
"","175.3680","1.4896","0.0006"
"","175.4680","1.4999","0.0006"
"","175.5680","1.5099","0.0006"
"","175.6680","1.5194","0.0006"
"","175.7680","1.5297","0.0007"
"","175.8680","1.5397","0.0007"
"","175.9680","1.5498","0.0007"
"","176.0680","1.5595","0.0007"
"","176.1680","1.5697","0.0007"
"","176.2680","1.5798","0.0008"
"","176.3680","1.5897","0.0008"
"","176.4680","1.5997","0.0008"
"","176.5680","1.6098","0.0008"
"","176.6680","1.6197","0.0009"
"","176.7680","1.6296","0.0009"
"","176.8680","1.6396","0.0009"
"","176.9680","1.6497","0.0009"
"","177.0680","1.6596","0.0010"
"","177.1680","1.6698","0.0010"
"","177.2680","1.6797","0.0010"
"","177.3680","1.6897","0.0010"
"","177.4680","1.6995","0.0011"
"","177.5680","1.7098","0.0011"
"","177.6680","1.7197","0.0011"
"","177.7680","1.7296","0.0011"
"","177.8680","1.7396","0.0012"
"","177.9680","1.7499","0.0012"
"","178.0680","1.7599","0.0012"
"","178.1680","1.7694","0.0013"
"","178.2680","1.7797","0.0013"
"","178.3680","1.7897","0.0013"
"","178.4680","1.7998","0.0014"
"","178.5680","1.8095","0.0014"
"","178.6680","1.8198","0.0015"
"","178.7680","1.8298","0.0015"
"","178.8680","1.8396","0.0015"
"","178.9680","1.8497","0.0016"
"","179.0680","1.8596","0.0016"
"","179.1680","1.8697","0.0017"
"","179.2680","1.8797","0.0017"
"","179.3680","1.8898","0.0018"
"","179.4680","1.8997","0.0019"
"","179.5680","1.9096","0.0019"
"","179.6680","1.9199","0.0020"
"","179.7680","1.9297","0.0020"
"","179.8680","1.9397","0.0021"
"","179.9680","1.9495","0.0021"
"","180.0680","1.9599","0.0022"
"","180.1680","1.9697","0.0023"
"","180.2680","1.9796","0.0024"
"","180.3680","1.9896","0.0024"
"","180.4680","1.9999","0.0025"
"","180.5680","2.0098","0.0026"
"","180.6680","2.0194","0.0027"
"","180.7680","2.0297","0.0027"
"","180.8680","2.0398","0.0028"
"","180.9680","2.0497","0.0029"
"","181.0680","2.0595","0.0029"
"","181.1680","2.0697","0.0030"
"","181.2680","2.0799","0.0031"
"","181.3680","2.0897","0.0032"
"","181.4680","2.0996","0.0033"
"","181.5680","2.1097","0.0034"
"","181.6680","2.1198","0.0035"
"","181.7680","2.1296","0.0037"
"","181.8680","2.1397","0.0038"
"","181.9680","2.1498","0.0039"
"","182.0680","2.1596","0.0040"
"","182.1680","2.1699","0.0042"
"","182.2680","2.1798","0.0043"
"","182.3680","2.1897","0.0045"
"","182.4680","2.1994","0.0046"
"","182.5680","2.2099","0.0048"
"","182.6680","2.2197","0.0050"
"","182.7680","2.2297","0.0052"
"","182.8680","2.2396","0.0054"
"","182.9680","2.2499","0.0056"
"","183.0680","2.2599","0.0059"
"","183.1680","2.2695","0.0061"
"","183.2680","2.2798","0.0063"
"","183.3680","2.2897","0.0066"
"","183.4680","2.2997","0.0068"
"","183.5680","2.3095","0.0071"
"","183.6680","2.3197","0.0074"
"","183.7680","2.3299","0.0076"
"","183.8680","2.3397","0.0079"
"","183.9680","2.3497","0.0082"
"","184.0680","2.3597","0.0085"
"","184.1680","2.3697","0.0088"
"","184.2680","2.3797","0.0091"
"","184.3680","2.3897","0.0094"
"","184.4680","2.3997","0.0097"
"","184.5680","2.4096","0.0100"
"","184.6680","2.4198","0.0103"
"","184.7680","2.4297","0.0106"
"","184.8680","2.4397","0.0109"
"","184.9680","2.4495","0.0113"
"","185.0680","2.4599","0.0116"
"","185.1680","2.4698","0.0119"
"","185.2680","2.4796","0.0123"
"","185.3680","2.4896","0.0126"
"","185.4680","2.4998","0.0130"
"","185.5680","2.5098","0.0133"
"","185.6680","2.5194","0.0137"
"","185.7680","2.5298","0.0141"
"","185.8680","2.5397","0.0144"
"","185.9680","2.5498","0.0148"
"","186.0680","2.5595","0.0152"
"","186.1680","2.5698","0.0156"
"","186.2680","2.5798","0.0160"
"","186.3680","2.5896","0.0163"
"","186.4680","2.5997","0.0168"
"","186.5680","2.6097","0.0172"
"","186.6680","2.6198","0.0176"
"","186.7680","2.6297","0.0180"
"","186.8680","2.6398","0.0184"
"","186.9680","2.6498","0.0188"
"","187.0680","2.6596","0.0192"
"","187.1680","2.6699","0.0196"
"","187.2680","2.6798","0.0200"
"","187.3680","2.6897","0.0204"
"","187.4680","2.6995","0.0208"
"","187.5680","2.7098","0.0213"
"","187.6680","2.7198","0.0217"
"","187.7680","2.7296","0.0221"
"","187.8680","2.7396","0.0225"
"","187.9680","2.7498","0.0230"
"","188.0680","2.7598","0.0234"
"","188.1680","2.7694","0.0239"
"","188.2680","2.7796","0.0243"
"","188.3680","2.7899","0.0248"
"","188.4680","2.7997","0.0252"
"","188.5680","2.8095","0.0257"
"","188.6680","2.8197","0.0262"
"","188.7680","2.8299","0.0267"
"","188.8680","2.8397","0.0271"
"","188.9680","2.8496","0.0276"
"","189.0680","2.8597","0.0281"
"","189.1680","2.8698","0.0286"
"","189.2680","2.8796","0.0290"
"","189.3680","2.8897","0.0295"
"","189.4680","2.8997","0.0300"
"","189.5680","2.9096","0.0305"
"","189.6680","2.9199","0.0310"
"","189.7680","2.9297","0.0315"
"","189.8680","2.9398","0.0320"
"","189.9680","2.9495","0.0324"
"","190.0680","2.9598","0.0327"
"","190.1680","2.9696","0.0330"
"","190.2680","2.9796","0.0333"
"","190.3680","2.9896","0.0335"
"","190.4680","2.9999","0.0336"
"","190.5680","3.0098","0.0340"
"","190.6680","3.0195","0.0340"
"","190.7680","3.0297","0.0341"
"","190.8680","3.0397","0.0341"
"","190.9680","3.0497","0.0342"
"","191.0680","3.0595","0.0343"
"","191.1680","3.0697","0.0342"
"","191.2680","3.0798","0.0341"
"","191.3680","3.0897","0.0341"
"","191.4680","3.0997","0.0342"
"","191.5680","3.1098","0.0342"
"","191.6680","3.1197","0.0342"
"","191.7680","3.1297","0.0342"
"","191.8680","3.1397","0.0343"
"","191.9680","3.1497","0.0344"
"","192.0680","3.1596","0.0347"
"","192.1680","3.1699","0.0352"
"","192.2680","3.1797","0.0356"
"","192.3680","3.1897","0.0362"
"","192.4680","3.1995","0.0366"
"","192.5680","3.2099","0.0371"
"","192.6680","3.2197","0.0377"
"","192.7680","3.2296","0.0382"
"","192.8680","3.2397","0.0388"
"","192.9680","3.2498","0.0394"
"","193.0680","3.2598","0.0399"
"","193.1680","3.2695","0.0405"
"","193.2680","3.2798","0.0412"
"","193.3680","3.2897","0.0418"
"","193.4680","3.2997","0.0424"
"","193.5680","3.3096","0.0431"
"","193.6680","3.3198","0.0437"
"","193.7680","3.3298","0.0443"
"","193.8680","3.3395","0.0450"
"","193.9680","3.3497","0.0456"
"","194.0680","3.3598","0.0463"
"","194.1680","3.3698","0.0470"
"","194.2680","3.3795","0.0477"
"","194.3680","3.3898","0.0484"
"","194.4680","3.3998","0.0491"
"","194.5680","3.4096","0.0498"
"","194.6680","3.4198","0.0505"
"","194.7680","3.4298","0.0512"
"","194.8680","3.4398","0.0519"
"","194.9680","3.4495","0.0526"
"","195.0680","3.4597","0.0533"
"","195.1680","3.4697","0.0541"
"","195.2680","3.4797","0.0548"
"","195.3680","3.4896","0.0556"
"","195.4680","3.4999","0.0564"
"","195.5680","3.5098","0.0571"
"","195.6680","3.5195","0.0579"
"","195.7680","3.5297","0.0587"
"","195.8680","3.5398","0.0594"
"","195.9680","3.5497","0.0602"
"","196.0680","3.5595","0.0610"
"","196.1680","3.5698","0.0618"
"","196.2680","3.5799","0.0626"
"","196.3680","3.5896","0.0634"
"","196.4680","3.5997","0.0642"
"","196.5680","3.6097","0.0650"
"","196.6680","3.6198","0.0658"
"","196.7680","3.6295","0.0666"
"","196.8680","3.6397","0.0675"
"","196.9680","3.6498","0.0683"
"","197.0680","3.6597","0.0691"
"","197.1680","3.6698","0.0700"
"","197.2680","3.6797","0.0708"
"","197.3680","3.6897","0.0717"
"","197.4680","3.6994","0.0725"
"","197.5680","3.7098","0.0734"
"","197.6680","3.7197","0.0742"
"","197.7680","3.7296","0.0751"
"","197.8680","3.7396","0.0759"
"","197.9680","3.7498","0.0768"
"","198.0680","3.7599","0.0777"
"","198.1680","3.7695","0.0785"
"","198.2680","3.7798","0.0794"
"","198.3680","3.7898","0.0803"
"","198.4680","3.7998","0.0812"
"","198.5680","3.8095","0.0820"
"","198.6680","3.8197","0.0830"
"","198.7680","3.8298","0.0839"
"","198.8680","3.8397","0.0847"
"","198.9680","3.8497","0.0856"
"","199.0680","3.8597","0.0865"
"","199.1680","3.8697","0.0875"
"","199.2680","3.8796","0.0883"
"","199.3680","3.8896","0.0892"
"","199.4680","3.8997","0.0902"
"","199.5680","3.9096","0.0910"
"","199.6680","3.9199","0.0920"
"","199.7680","3.9297","0.0929"
"","199.8680","3.9397","0.0938"
"","199.9680","3.9494","0.0946"
"","200.0680","3.9599","0.0956"
"","200.1680","3.9697","0.0965"
"","200.2680","3.9796","0.0974"
"","200.3680","3.9896","0.0983"
"","200.4680","3.9999","0.0992"
"","200.4700","4.0001","0.0992"
"","200.4710","4.0002","0.0992"
"","200.4720","4.0003","0.0992"
"","200.5720","4.0004","0.0990"
"","200.6720","3.9928","0.0979"
"","200.7720","3.9809","0.0962"
"","200.8720","3.9707","0.0948"
"","200.9720","3.9603","0.0935"
"","201.0720","3.9502","0.0922"
"","201.1720","3.9406","0.0909"
"","201.2720","3.9304","0.0896"
"","201.3720","3.9203","0.0884"
"","201.4720","3.9103","0.0872"
"","201.5720","3.9006","0.0860"
"","201.6720","3.8904","0.0848"
"","201.7720","3.8803","0.0836"
"","201.8720","3.8704","0.0824"
"","201.9720","3.8605","0.0813"
"","202.0720","3.8504","0.0801"
"","202.1720","3.8402","0.0789"
"","202.2720","3.8304","0.0778"
"","202.3720","3.8203","0.0766"
"","202.4720","3.8104","0.0755"
"","202.5720","3.8005","0.0744"
"","202.6720","3.7904","0.0733"
"","202.7720","3.7804","0.0722"
"","202.8720","3.7703","0.0711"
"","202.9720","3.7605","0.0701"
"","203.0720","3.7502","0.0690"
"","203.1720","3.7403","0.0679"
"","203.2720","3.7305","0.0669"
"","203.3720","3.7206","0.0659"
"","203.4720","3.7103","0.0648"
"","203.5720","3.7002","0.0638"
"","203.6720","3.6906","0.0628"
"","203.7720","3.6804","0.0617"
"","203.8720","3.6703","0.0607"
"","203.9720","3.6603","0.0598"
"","204.0720","3.6506","0.0588"
"","204.1720","3.6403","0.0578"
"","204.2720","3.6302","0.0568"
"","204.3720","3.6203","0.0559"
"","204.4720","3.6104","0.0549"
"","204.5720","3.6004","0.0540"
"","204.6720","3.5903","0.0531"
"","204.7720","3.5805","0.0522"
"","204.8720","3.5702","0.0512"
"","204.9720","3.5603","0.0504"
"","205.0720","3.5504","0.0495"
"","205.1720","3.5403","0.0486"
"","205.2720","3.5304","0.0478"
"","205.3720","3.5203","0.0469"
"","205.4720","3.5105","0.0461"
"","205.5720","3.5002","0.0453"
"","205.6720","3.4903","0.0445"
"","205.7720","3.4804","0.0437"
"","205.8720","3.4704","0.0429"
"","205.9720","3.4603","0.0421"
"","206.0720","3.4503","0.0414"
"","206.1720","3.4405","0.0406"
"","206.2720","3.4303","0.0399"
"","206.3720","3.4202","0.0392"
"","206.4720","3.4103","0.0385"
"","206.5720","3.4006","0.0378"
"","206.6720","3.3903","0.0371"
"","206.7720","3.3802","0.0364"
"","206.8720","3.3705","0.0358"
"","206.9720","3.3604","0.0352"
"","207.0720","3.3502","0.0346"
"","207.1720","3.3403","0.0342"
"","207.2720","3.3305","0.0339"
"","207.3720","3.3204","0.0336"
"","207.4720","3.3103","0.0332"
"","207.5720","3.3004","0.0329"
"","207.6720","3.2903","0.0329"
"","207.7720","3.2803","0.0329"
"","207.8720","3.2703","0.0329"
"","207.9720","3.2605","0.0328"
"","208.0720","3.2502","0.0328"
"","208.1720","3.2403","0.0328"
"","208.2720","3.2304","0.0328"
"","208.3720","3.2205","0.0328"
"","208.4720","3.2103","0.0327"
"","208.5720","3.2002","0.0327"
"","208.6720","3.1905","0.0327"
"","208.7720","3.1803","0.0327"
"","208.8720","3.1702","0.0327"
"","208.9720","3.1602","0.0326"
"","209.0720","3.1506","0.0324"
"","209.1720","3.1404","0.0319"
"","209.2720","3.1303","0.0315"
"","209.3720","3.1204","0.0312"
"","209.4720","3.1105","0.0307"
"","209.5720","3.1003","0.0301"
"","209.6720","3.0903","0.0296"
"","209.7720","3.0804","0.0291"
"","209.8720","3.0704","0.0285"
"","209.9720","3.0603","0.0280"
"","210.0720","3.0504","0.0274"
"","210.1720","3.0404","0.0268"
"","210.2720","3.0304","0.0263"
"","210.3720","3.0203","0.0257"
"","210.4720","3.0105","0.0252"
"","210.5720","3.0002","0.0247"
"","210.6720","2.9902","0.0241"
"","210.7720","2.9804","0.0236"
"","210.8720","2.9706","0.0231"
"","210.9720","2.9604","0.0226"
"","211.0720","2.9502","0.0221"
"","211.1720","2.9406","0.0216"
"","211.2720","2.9304","0.0211"
"","211.3720","2.9203","0.0206"
"","211.4720","2.9102","0.0201"
"","211.5720","2.9006","0.0197"
"","211.6720","2.8903","0.0192"
"","211.7720","2.8803","0.0187"
"","211.8720","2.8703","0.0183"
"","211.9720","2.8604","0.0178"
"","212.0720","2.8504","0.0174"
"","212.1720","2.8403","0.0170"
"","212.2720","2.8304","0.0166"
"","212.3720","2.8202","0.0161"
"","212.4720","2.8103","0.0157"
"","212.5720","2.8004","0.0154"
"","212.6720","2.7903","0.0149"
"","212.7720","2.7804","0.0145"
"","212.8720","2.7704","0.0142"
"","212.9720","2.7606","0.0138"
"","213.0720","2.7502","0.0134"
"","213.1720","2.7403","0.0131"
"","213.2720","2.7305","0.0127"
"","213.3720","2.7205","0.0123"
"","213.4720","2.7103","0.0120"
"","213.5720","2.7002","0.0116"
"","213.6720","2.6905","0.0113"
"","213.7720","2.6803","0.0109"
"","213.8720","2.6703","0.0106"
"","213.9720","2.6602","0.0103"
"","214.0720","2.6506","0.0099"
"","214.1720","2.6403","0.0096"
"","214.2720","2.6302","0.0093"
"","214.3720","2.6204","0.0090"
"","214.4720","2.6104","0.0086"
"","214.5720","2.6004","0.0084"
"","214.6720","2.5903","0.0081"
"","214.7720","2.5805","0.0078"
"","214.8720","2.5703","0.0075"
"","214.9720","2.5603","0.0072"
"","215.0720","2.5505","0.0069"
"","215.1720","2.5403","0.0067"
"","215.2720","2.5303","0.0064"
"","215.3720","2.5203","0.0061"
"","215.4720","2.5105","0.0059"
"","215.5720","2.5001","0.0057"
"","215.6720","2.4903","0.0055"
"","215.7720","2.4805","0.0052"
"","215.8720","2.4706","0.0050"
"","215.9720","2.4602","0.0048"
"","216.0720","2.4502","0.0046"
"","216.1720","2.4406","0.0044"
"","216.2720","2.4303","0.0042"
"","216.3720","2.4202","0.0040"
"","216.4720","2.4102","0.0039"
"","216.5720","2.4006","0.0037"
"","216.6720","2.3904","0.0036"
"","216.7720","2.3803","0.0034"
"","216.8720","2.3704","0.0033"
"","216.9720","2.3605","0.0031"
"","217.0720","2.3504","0.0030"
"","217.1720","2.3402","0.0029"
"","217.2720","2.3304","0.0028"
"","217.3720","2.3204","0.0027"
"","217.4720","2.3103","0.0026"
"","217.5720","2.3004","0.0025"
"","217.6720","2.2904","0.0024"
"","217.7720","2.2804","0.0023"
"","217.8720","2.2703","0.0022"
"","217.9720","2.2605","0.0022"
"","218.0720","2.2502","0.0021"
"","218.1720","2.2402","0.0020"
"","218.2720","2.2304","0.0020"
"","218.3720","2.2206","0.0019"
"","218.4720","2.2103","0.0018"
"","218.5720","2.2002","0.0018"
"","218.6720","2.1906","0.0017"
"","218.7720","2.1803","0.0017"
"","218.8720","2.1702","0.0016"
"","218.9720","2.1602","0.0015"
"","219.0720","2.1506","0.0015"
"","219.1720","2.1403","0.0014"
"","219.2720","2.1302","0.0014"
"","219.3720","2.1203","0.0014"
"","219.4720","2.1104","0.0013"
"","219.5720","2.1004","0.0013"
"","219.6720","2.0903","0.0012"
"","219.7720","2.0804","0.0012"
"","219.8720","2.0703","0.0012"
"","219.9720","2.0603","0.0011"
"","220.0720","2.0504","0.0011"
"","220.1720","2.0403","0.0010"
"","220.2720","2.0304","0.0010"
"","220.3720","2.0203","0.0010"
"","220.4720","2.0106","0.0009"
"","220.5720","2.0002","0.0009"
"","220.6720","1.9903","0.0009"
"","220.7720","1.9805","0.0008"
"","220.8720","1.9705","0.0008"
"","220.9720","1.9602","0.0008"
"","221.0720","1.9502","0.0007"
"","221.1720","1.9406","0.0007"
"","221.2720","1.9303","0.0007"
"","221.3720","1.9202","0.0007"
"","221.4720","1.9102","0.0006"
"","221.5720","1.9006","0.0006"
"","221.6720","1.8903","0.0006"
"","221.7720","1.8803","0.0006"
"","221.8720","1.8703","0.0006"
"","221.9720","1.8604","0.0005"
"","222.0720","1.8504","0.0005"
"","222.1720","1.8403","0.0005"
"","222.2720","1.8305","0.0005"
"","222.3720","1.8203","0.0005"
"","222.4720","1.8103","0.0005"
"","222.5720","1.8004","0.0005"
"","222.6720","1.7903","0.0004"
"","222.7720","1.7803","0.0004"
"","222.8720","1.7703","0.0004"
"","222.9720","1.7606","0.0004"
"","223.0720","1.7502","0.0004"
"","223.1720","1.7402","0.0004"
"","223.2720","1.7304","0.0004"
"","223.3720","1.7206","0.0004"
"","223.4720","1.7103","0.0004"
"","223.5720","1.7002","0.0004"
"","223.6720","1.6906","0.0004"
"","223.7720","1.6804","0.0004"
"","223.8720","1.6702","0.0003"
"","223.9720","1.6602","0.0003"
"","224.0720","1.6506","0.0003"
"","224.1720","1.6404","0.0003"
"","224.2720","1.6303","0.0003"
"","224.3720","1.6204","0.0003"
"","224.4720","1.6104","0.0003"
"","224.5720","1.6003","0.0003"
"","224.6720","1.5902","0.0003"
"","224.7720","1.5805","0.0003"
"","224.8720","1.5702","0.0002"
"","224.9720","1.5603","0.0002"
"","225.0720","1.5504","0.0002"
"","225.1720","1.5404","0.0002"
"","225.2720","1.5303","0.0002"
"","225.3720","1.5203","0.0002"
"","225.4720","1.5105","0.0002"
"","225.5720","1.5002","0.0002"
"","225.6720","1.4902","0.0002"
"","225.7720","1.4803","0.0002"
"","225.8720","1.4705","0.0002"
"","225.9720","1.4604","0.0002"
"","226.0720","1.4502","0.0001"
"","226.1720","1.4405","0.0002"
"","226.2720","1.4303","0.0001"
"","226.3720","1.4203","0.0001"
"","226.4720","1.4103","0.0001"
"","226.5720","1.4005","0.0001"
"","226.6720","1.3903","0.0001"
"","226.7720","1.3802","0.0001"
"","226.8720","1.3704","0.0001"
"","226.9720","1.3604","0.0001"
"","227.0720","1.3504","0.0001"
"","227.1720","1.3402","0.0001"
"","227.2720","1.3305","0.0001"
"","227.3720","1.3202","0.0001"
"","227.4720","1.3103","0.0001"
"","227.5720","1.3004","0.0001"
"","227.6720","1.2904","0.0001"
"","227.7720","1.2803","0.0001"
"","227.8720","1.2703","0.0001"
"","227.9720","1.2605","0.0001"
"","228.0720","1.2502","0.0000"
"","228.1720","1.2403","0.0000"
"","228.2720","1.2305","0.0000"
"","228.3720","1.2205","0.0000"
"","228.4720","1.2103","0.0000"
"","228.5720","1.2002","0.0000"
"","228.6720","1.1906","0.0000"
"","228.7720","1.1803","0.0000"
"","228.8720","1.1702","0.0000"
"","228.9720","1.1602","0.0000"
"","229.0720","1.1506","0.0000"
"","229.1720","1.1403","0.0000"
"","229.2720","1.1302","0.0000"
"","229.3720","1.1204","0.0000"
"","229.4720","1.1105","0.0000"
"","229.5720","1.1004","0.0000"
"","229.6720","1.0902","0.0000"
"","229.7720","1.0805","-0.0001"
"","229.8720","1.0704","-0.0001"
"","229.9720","1.0603","-0.0001"
"","230.0720","1.0504","-0.0001"
"","230.1720","1.0403","-0.0001"
"","230.2720","1.0303","-0.0001"
"","230.3720","1.0204","-0.0001"
"","230.4720","1.0106","-0.0001"
"","230.5720","1.0002","-0.0001"
"","230.6720","0.9903","-0.0001"
"","230.7720","0.9805","-0.0001"
"","230.8720","0.9706","-0.0001"
"","230.9720","0.9602","-0.0001"
"","231.0720","0.9502","-0.0001"
"","231.1720","0.9406","-0.0001"
"","231.2720","0.9304","-0.0001"
"","231.3720","0.9202","-0.0001"
"","231.4720","0.9102","-0.0001"
"","231.5720","0.9006","-0.0001"
"","231.6720","0.8904","-0.0002"
"","231.7720","0.8803","-0.0001"
"","231.8720","0.8704","-0.0001"
"","231.9720","0.8605","-0.0001"
"","232.0720","0.8503","-0.0002"
"","232.1720","0.8402","-0.0001"
"","232.2720","0.8304","-0.0002"
"","232.3720","0.8203","-0.0002"
"","232.4720","0.8103","-0.0002"
"","232.5720","0.8004","-0.0001"
"","232.6720","0.7904","-0.0002"
"","232.7720","0.7804","-0.0002"
"","232.8720","0.7703","-0.0002"
"","232.9720","0.7605","-0.0002"
"","233.0720","0.7501","-0.0002"
"","233.1720","0.7402","-0.0002"
"","233.2720","0.7304","-0.0002"
"","233.3720","0.7206","-0.0002"
"","233.4720","0.7103","-0.0002"
"","233.5720","0.7002","-0.0002"
"","233.6720","0.6906","-0.0002"
"","233.7720","0.6804","-0.0002"
"","233.8720","0.6703","-0.0002"
"","233.9720","0.6602","-0.0002"
"","234.0720","0.6506","-0.0002"
"","234.1720","0.6403","-0.0002"
"","234.2720","0.6302","-0.0002"
"","234.3720","0.6204","-0.0002"
"","234.4720","0.6104","-0.0002"
"","234.5720","0.6004","-0.0002"
"","234.6720","0.5903","-0.0002"
"","234.7720","0.5805","-0.0002"
"","234.8720","0.5703","-0.0002"
"","234.9720","0.5603","-0.0002"
"","235.0720","0.5504","-0.0002"
"","235.1720","0.5403","-0.0002"
"","235.2720","0.5304","-0.0002"
"","235.3720","0.5203","-0.0002"
"","235.4720","0.5105","-0.0002"
"","235.5720","0.5002","-0.0002"
"","235.6720","0.4903","-0.0002"
"","235.7720","0.4804","-0.0002"
"","235.8720","0.4705","-0.0002"
"","235.9720","0.4602","-0.0002"
"","236.0720","0.4503","-0.0002"
"","236.1720","0.4406","-0.0002"
"","236.2720","0.4303","-0.0002"
"","236.3720","0.4202","-0.0002"
"","236.4720","0.4103","-0.0002"
"","236.5720","0.4006","-0.0002"
"","236.6720","0.3903","-0.0002"
"","236.7720","0.3803","-0.0002"
"","236.8720","0.3704","-0.0002"
"","236.9720","0.3604","-0.0002"
"","237.0720","0.3503","-0.0002"
"","237.1720","0.3403","-0.0002"
"","237.2720","0.3305","-0.0002"
"","237.3720","0.3204","-0.0002"
"","237.4720","0.3103","-0.0002"
"","237.5720","0.3004","-0.0002"
"","237.6720","0.2903","-0.0002"
"","237.7720","0.2803","-0.0002"
"","237.8720","0.2703","-0.0002"
"","237.9720","0.2605","-0.0002"
"","238.0720","0.2501","-0.0002"
"","238.1720","0.2402","-0.0002"
"","238.2720","0.2304","-0.0002"
"","238.3720","0.2206","-0.0002"
"","238.4720","0.2103","-0.0002"
"","238.5720","0.2002","-0.0002"
"","238.6720","0.1905","-0.0002"
"","238.7720","0.1803","-0.0002"
"","238.8720","0.1702","-0.0002"
"","238.9720","0.1603","-0.0002"
"","239.0720","0.1507","-0.0002"
"","239.1720","0.1404","-0.0002"
"","239.2720","0.1302","-0.0002"
"","239.3720","0.1203","-0.0002"
"","239.4720","0.1105","-0.0002"
"","239.5720","0.1003","-0.0002"
"","239.6720","0.0902","-0.0002"
"","239.7720","0.0805","-0.0002"
"","239.8720","0.0704","-0.0002"
"","239.9720","0.0603","-0.0002"
"","240.0720","0.0504","-0.0002"
"","240.1720","0.0403","-0.0002"
"","240.2720","0.0304","-0.0002"
"","240.3720","0.0203","-0.0002"
"","240.4720","0.0105","-0.0002"
"","240.5720","0.0002","-0.0002"
"","240.5740","0.0000","-0.0002"
"","240.5750","-0.0001","-0.0002"
"","240.5760","-0.0002","-0.0002"
"","240.6760","-0.0004","-0.0002"
"","240.7760","0.0075","-0.0002"
"","240.8760","0.0191","-0.0002"
"","240.9760","0.0297","-0.0002"
"","241.0760","0.0398","-0.0002"
"","241.1760","0.0497","-0.0002"
"","241.2760","0.0595","-0.0002"
"","241.3760","0.0697","-0.0002"
"","241.4760","0.0799","-0.0002"
"","241.5760","0.0897","-0.0002"
"","241.6760","0.0997","-0.0002"
"","241.7760","0.1098","-0.0002"
"","241.8760","0.1198","-0.0002"
"","241.9760","0.1296","-0.0002"
"","242.0760","0.1397","-0.0002"
"","242.1760","0.1498","-0.0002"
"","242.2760","0.1596","-0.0002"
"","242.3760","0.1699","-0.0002"
"","242.4760","0.1797","-0.0002"
"","242.5760","0.1898","-0.0002"
"","242.6760","0.1995","-0.0002"
"","242.7760","0.2099","-0.0002"
"","242.8760","0.2198","-0.0002"
"","242.9760","0.2297","-0.0002"
"","243.0760","0.2397","-0.0002"
"","243.1760","0.2499","-0.0002"
"","243.2760","0.2598","-0.0002"
"","243.3760","0.2695","-0.0002"
"","243.4760","0.2798","-0.0002"
"","243.5760","0.2897","-0.0002"
"","243.6760","0.2998","-0.0002"
"","243.7760","0.3096","-0.0002"
"","243.8760","0.3198","-0.0002"
"","243.9760","0.3299","-0.0002"
"","244.0760","0.3396","-0.0002"
"","244.1760","0.3498","-0.0002"
"","244.2760","0.3598","-0.0002"
"","244.3760","0.3699","-0.0002"
"","244.4760","0.3796","-0.0002"
"","244.5760","0.3898","-0.0002"
"","244.6760","0.3997","-0.0002"
"","244.7760","0.4096","-0.0002"
"","244.8760","0.4199","-0.0002"
"","244.9760","0.4298","-0.0002"
"","245.0760","0.4398","-0.0002"
"","245.1760","0.4495","-0.0002"
"","245.2760","0.4599","-0.0002"
"","245.3760","0.4698","-0.0002"
"","245.4760","0.4797","-0.0002"
"","245.5760","0.4896","-0.0002"
"","245.6760","0.4999","-0.0002"
"","245.7760","0.5098","-0.0002"
"","245.8760","0.5195","-0.0002"
"","245.9760","0.5297","-0.0002"
"","246.0760","0.5399","-0.0002"
"","246.1760","0.5497","-0.0002"
"","246.2760","0.5596","-0.0002"
"","246.3760","0.5698","-0.0002"
"","246.4760","0.5799","-0.0002"
"","246.5760","0.5896","-0.0001"
"","246.6760","0.5997","-0.0001"
"","246.7760","0.6098","-0.0001"
"","246.8760","0.6198","-0.0001"
"","246.9760","0.6296","-0.0001"
"","247.0760","0.6397","-0.0001"
"","247.1760","0.6498","-0.0001"
"","247.2760","0.6597","-0.0001"
"","247.3760","0.6699","-0.0001"
"","247.4760","0.6798","-0.0001"
"","247.5760","0.6898","-0.0001"
"","247.6760","0.6995","-0.0001"
"","247.7760","0.7099","-0.0001"
"","247.8760","0.7197","-0.0001"
"","247.9760","0.7297","-0.0001"
"","248.0760","0.7396","-0.0001"
"","248.1760","0.7499","-0.0001"
"","248.2760","0.7599","-0.0001"
"","248.3760","0.7695","-0.0001"
"","248.4760","0.7798","-0.0001"
"","248.5760","0.7898","-0.0001"
"","248.6760","0.7997","-0.0001"
"","248.7760","0.8095","-0.0001"
"","248.8760","0.8197","-0.0001"
"","248.9760","0.8299","-0.0001"
"","249.0760","0.8397","-0.0001"
"","249.1760","0.8497","-0.0001"
"","249.2760","0.8598","-0.0001"
"","249.3760","0.8698","0.0000"
"","249.4760","0.8797","0.0000"
"","249.5760","0.8897","0.0000"
"","249.6760","0.8997","0.0000"
"","249.7760","0.9096","0.0000"
"","249.8760","0.9199","0.0000"
"","249.9760","0.9298","0.0000"
"","250.0760","0.9398","0.0000"
"","250.1760","0.9495","0.0000"
"","250.2760","0.9599","0.0000"
"","250.3760","0.9698","0.0000"
"","250.4760","0.9797","0.0000"
"","250.5760","0.9897","0.0000"
"","250.6760","0.9999","0.0001"
"","250.7760","1.0098","0.0000"
"","250.8760","1.0194","0.0000"
"","250.9760","1.0298","0.0001"
"","251.0760","1.0398","0.0001"
"","251.1760","1.0499","0.0001"
"","251.2760","1.0596","0.0001"
"","251.3760","1.0698","0.0001"
"","251.4760","1.0798","0.0001"
"","251.5760","1.0897","0.0001"
"","251.6760","1.0998","0.0001"
"","251.7760","1.1097","0.0001"
"","251.8760","1.1198","0.0001"
"","251.9760","1.1296","0.0001"
"","252.0760","1.1398","0.0002"
"","252.1760","1.1498","0.0002"
"","252.2760","1.1596","0.0002"
"","252.3760","1.1698","0.0002"
"","252.4760","1.1799","0.0002"
"","252.5760","1.1897","0.0002"
"","252.6760","1.1995","0.0002"
"","252.7760","1.2099","0.0002"
"","252.8760","1.2198","0.0002"
"","252.9760","1.2297","0.0002"
"","253.0760","1.2396","0.0002"
"","253.1760","1.2499","0.0002"
"","253.2760","1.2599","0.0003"
"","253.3760","1.2695","0.0003"
"","253.4760","1.2797","0.0003"
"","253.5760","1.2898","0.0003"
"","253.6760","1.2998","0.0003"
"","253.7760","1.3096","0.0003"
"","253.8760","1.3197","0.0003"
"","253.9760","1.3299","0.0003"
"","254.0760","1.3396","0.0003"
"","254.1760","1.3498","0.0003"
"","254.2760","1.3598","0.0003"
"","254.3760","1.3698","0.0003"
"","254.4760","1.3795","0.0003"
"","254.5760","1.3898","0.0004"
"","254.6760","1.3998","0.0004"
"","254.7760","1.4097","0.0004"
"","254.8760","1.4198","0.0004"
"","254.9760","1.4298","0.0004"
"","255.0760","1.4398","0.0004"
"","255.1760","1.4495","0.0004"
"","255.2760","1.4598","0.0004"
"","255.3760","1.4698","0.0004"
"","255.4760","1.4797","0.0004"
"","255.5760","1.4897","0.0005"
"","255.6760","1.4999","0.0005"
"","255.7760","1.5099","0.0005"
"","255.8760","1.5195","0.0005"
"","255.9760","1.5298","0.0005"
"","256.0760","1.5397","0.0005"
"","256.1760","1.5498","0.0005"
"","256.2760","1.5595","0.0006"
"","256.3760","1.5697","0.0006"
"","256.4760","1.5799","0.0006"
"","256.5760","1.5897","0.0006"
"","256.6760","1.5997","0.0006"
"","256.7760","1.6098","0.0007"
"","256.8760","1.6198","0.0007"
"","256.9760","1.6296","0.0007"
"","257.0760","1.6397","0.0007"
"","257.1760","1.6497","0.0007"
"","257.2760","1.6596","0.0008"
"","257.3760","1.6699","0.0008"
"","257.4760","1.6798","0.0008"
"","257.5760","1.6897","0.0008"
"","257.6760","1.6995","0.0009"
"","257.7760","1.7099","0.0009"
"","257.8760","1.7197","0.0009"
"","257.9760","1.7296","0.0009"
"","258.0760","1.7397","0.0010"
"","258.1760","1.7499","0.0010"
"","258.2760","1.7599","0.0010"
"","258.3760","1.7695","0.0010"
"","258.4760","1.7798","0.0011"
"","258.5760","1.7898","0.0011"
"","258.6760","1.7998","0.0011"
"","258.7760","1.8096","0.0012"
"","258.8760","1.8198","0.0012"
"","258.9760","1.8298","0.0012"
"","259.0760","1.8396","0.0013"
"","259.1760","1.8497","0.0013"
"","259.2760","1.8597","0.0014"
"","259.3760","1.8698","0.0014"
"","259.4760","1.8797","0.0015"
"","259.5760","1.8898","0.0015"
"","259.6760","1.8997","0.0016"
"","259.7760","1.9096","0.0016"
"","259.8760","1.9199","0.0017"
"","259.9760","1.9298","0.0017"
"","260.0760","1.9397","0.0018"
"","260.1760","1.9495","0.0018"
"","260.2760","1.9599","0.0019"
"","260.3760","1.9697","0.0020"
"","260.4760","1.9797","0.0020"
"","260.5760","1.9896","0.0021"
"","260.6760","1.9999","0.0021"
"","260.7760","2.0098","0.0022"
"","260.8760","2.0194","0.0023"
"","260.9760","2.0297","0.0023"
"","261.0760","2.0399","0.0024"
"","261.1760","2.0497","0.0025"
"","261.2760","2.0595","0.0025"
"","261.3760","2.0697","0.0026"
"","261.4760","2.0799","0.0027"
"","261.5760","2.0897","0.0028"
"","261.6760","2.0997","0.0029"
"","261.7760","2.1097","0.0030"
"","261.8760","2.1198","0.0030"
"","261.9760","2.1297","0.0032"
"","262.0760","2.1398","0.0033"
"","262.1760","2.1498","0.0033"
"","262.2760","2.1596","0.0035"
"","262.3760","2.1699","0.0036"
"","262.4760","2.1798","0.0037"
"","262.5760","2.1897","0.0038"
"","262.6760","2.1995","0.0039"
"","262.7760","2.2099","0.0041"
"","262.8760","2.2198","0.0042"
"","262.9760","2.2297","0.0043"
"","263.0760","2.2396","0.0045"
"","263.1760","2.2499","0.0047"
"","263.2760","2.2599","0.0048"
"","263.3760","2.2695","0.0050"
"","263.4760","2.2798","0.0052"
"","263.5760","2.2897","0.0054"
"","263.6760","2.2998","0.0057"
"","263.7760","2.3095","0.0059"
"","263.8760","2.3197","0.0061"
"","263.9760","2.3299","0.0064"
"","264.0760","2.3398","0.0066"
"","264.1760","2.3497","0.0069"
"","264.2760","2.3597","0.0071"
"","264.3760","2.3697","0.0074"
"","264.4760","2.3797","0.0077"
"","264.5760","2.3897","0.0080"
"","264.6760","2.3997","0.0083"
"","264.7760","2.4096","0.0086"
"","264.8760","2.4199","0.0089"
"","264.9760","2.4297","0.0092"
"","265.0760","2.4397","0.0095"
"","265.1760","2.4495","0.0098"
"","265.2760","2.4599","0.0102"
"","265.3760","2.4698","0.0105"
"","265.4760","2.4796","0.0108"
"","265.5760","2.4897","0.0112"
"","265.6760","2.4998","0.0115"
"","265.7760","2.5099","0.0119"
"","265.8760","2.5195","0.0122"
"","265.9760","2.5298","0.0126"
"","266.0760","2.5397","0.0129"
"","266.1760","2.5498","0.0133"
"","266.2760","2.5595","0.0136"
"","266.3760","2.5698","0.0140"
"","266.4760","2.5798","0.0144"
"","266.5760","2.5896","0.0148"
"","266.6760","2.5998","0.0151"
"","266.7760","2.6098","0.0156"
"","266.8760","2.6198","0.0160"
"","266.9760","2.6297","0.0163"
"","267.0760","2.6398","0.0168"
"","267.1760","2.6498","0.0172"
"","267.2760","2.6596","0.0176"
"","267.3760","2.6700","0.0180"
"","267.4760","2.6798","0.0184"
"","267.5760","2.6897","0.0188"
"","267.6760","2.6995","0.0193"
"","267.7760","2.7099","0.0197"
"","267.8760","2.7198","0.0201"
"","267.9760","2.7297","0.0205"
"","268.0760","2.7396","0.0209"
"","268.1760","2.7499","0.0214"
"","268.2760","2.7598","0.0218"
"","268.3760","2.7694","0.0222"
"","268.4760","2.7797","0.0227"
"","268.5760","2.7899","0.0231"
"","268.6760","2.7997","0.0236"
"","268.7760","2.8096","0.0241"
"","268.8760","2.8198","0.0245"
"","268.9760","2.8299","0.0250"
"","269.0760","2.8397","0.0255"
"","269.1760","2.8497","0.0259"
"","269.2760","2.8597","0.0264"
"","269.3760","2.8698","0.0269"
"","269.4760","2.8796","0.0274"
"","269.5760","2.8897","0.0279"
"","269.6760","2.8998","0.0284"
"","269.7760","2.9096","0.0288"
"","269.8760","2.9199","0.0293"
"","269.9760","2.9298","0.0298"
"","270.0760","2.9398","0.0303"
"","270.1760","2.9495","0.0308"
"","270.2760","2.9599","0.0314"
"","270.3760","2.9697","0.0318"
"","270.4760","2.9796","0.0323"
"","270.5760","2.9896","0.0327"
"","270.6760","2.9999","0.0329"
"","270.7760","3.0099","0.0332"
"","270.8760","3.0195","0.0336"
"","270.9760","3.0297","0.0337"
"","271.0760","3.0398","0.0339"
"","271.1760","3.0498","0.0341"
"","271.2760","3.0596","0.0341"
"","271.3760","3.0697","0.0341"
"","271.4760","3.0798","0.0342"
"","271.5760","3.0897","0.0342"
"","271.6760","3.0997","0.0342"
"","271.7760","3.1098","0.0342"
"","271.8760","3.1198","0.0342"
"","271.9760","3.1297","0.0342"
"","272.0760","3.1397","0.0342"
"","272.1760","3.1498","0.0342"
"","272.2760","3.1597","0.0343"
"","272.3760","3.1699","0.0343"
"","272.4760","3.1797","0.0344"
"","272.5760","3.1897","0.0348"
"","272.6760","3.1995","0.0353"
"","272.7760","3.2099","0.0358"
"","272.8760","3.2198","0.0363"
"","272.9760","3.2297","0.0368"
"","273.0760","3.2397","0.0373"
"","273.1760","3.2499","0.0378"
"","273.2760","3.2598","0.0384"
"","273.3760","3.2695","0.0389"
"","273.4760","3.2798","0.0396"
"","273.5760","3.2898","0.0402"
"","273.6760","3.2998","0.0408"
"","273.7760","3.3096","0.0414"
"","273.8760","3.3199","0.0420"
"","273.9760","3.3298","0.0427"
"","274.0760","3.3395","0.0433"
"","274.1760","3.3497","0.0440"
"","274.2760","3.3598","0.0446"
"","274.3760","3.3699","0.0453"
"","274.4760","3.3795","0.0459"
"","274.5760","3.3898","0.0467"
"","274.6760","3.3998","0.0474"
"","274.7760","3.4096","0.0480"
"","274.8760","3.4199","0.0488"
"","274.9760","3.4298","0.0494"
"","275.0760","3.4398","0.0502"
"","275.1760","3.4495","0.0509"
"","275.2760","3.4598","0.0516"
"","275.3760","3.4698","0.0523"
"","275.4760","3.4797","0.0531"
"","275.5760","3.4897","0.0539"
"","275.6760","3.4999","0.0546"
"","275.7760","3.5098","0.0554"
"","275.8760","3.5195","0.0561"
"","275.9760","3.5298","0.0569"
"","276.0760","3.5398","0.0577"
"","276.1760","3.5497","0.0585"
"","276.2760","3.5596","0.0593"
"","276.3760","3.5698","0.0601"
"","276.4760","3.5799","0.0609"
"","276.5760","3.5896","0.0617"
"","276.6760","3.5997","0.0625"
"","276.7760","3.6098","0.0633"
"","276.8760","3.6198","0.0641"
"","276.9760","3.6296","0.0649"
"","277.0760","3.6397","0.0658"
"","277.1760","3.6498","0.0667"
"","277.2760","3.6597","0.0675"
"","277.3760","3.6698","0.0683"
"","277.4760","3.6798","0.0692"
"","277.5760","3.6897","0.0701"
"","277.6760","3.6994","0.0709"
"","277.7760","3.7099","0.0718"
"","277.8760","3.7197","0.0726"
"","277.9760","3.7297","0.0735"
"","278.0760","3.7396","0.0744"
"","278.1760","3.7498","0.0753"
"","278.2760","3.7599","0.0762"
"","278.3760","3.7695","0.0770"
"","278.4760","3.7798","0.0780"
"","278.5760","3.7898","0.0788"
"","278.6760","3.7998","0.0797"
"","278.7760","3.8095","0.0806"
"","278.8760","3.8197","0.0816"
"","278.9760","3.8299","0.0824"
"","279.0760","3.8397","0.0833"
"","279.1760","3.8497","0.0842"
"","279.2760","3.8598","0.0852"
"","279.3760","3.8698","0.0861"
"","279.4760","3.8796","0.0870"
"","279.5760","3.8896","0.0880"
"","279.6760","3.8997","0.0889"
"","279.7760","3.9096","0.0898"
"","279.8760","3.9199","0.0908"
"","279.9760","3.9297","0.0917"
"","280.0760","3.9397","0.0926"
"","280.1760","3.9495","0.0935"
"","280.2760","3.9599","0.0945"
"","280.3760","3.9697","0.0954"
"","280.4760","3.9796","0.0963"
"","280.5760","3.9897","0.0973"
"","280.6760","3.9999","0.0982"
"","280.6770","4.0000","0.0982"
"","280.6780","4.0001","0.0982"
"","280.6790","4.0002","0.0982"
"","280.7790","4.0003","0.0981"
"","280.8790","3.9927","0.0969"
"","280.9790","3.9808","0.0953"
"","281.0790","3.9706","0.0939"
"","281.1790","3.9603","0.0926"
"","281.2790","3.9502","0.0913"
"","281.3790","3.9405","0.0900"
"","281.4790","3.9303","0.0887"
"","281.5790","3.9202","0.0875"
"","281.6790","3.9102","0.0863"
"","281.7790","3.9006","0.0851"
"","281.8790","3.8904","0.0839"
"","281.9790","3.8802","0.0827"
"","282.0790","3.8703","0.0816"
"","282.1790","3.8604","0.0804"
"","282.2790","3.8503","0.0792"
"","282.3790","3.8401","0.0781"
"","282.4790","3.8304","0.0770"
"","282.5790","3.8203","0.0758"
"","282.6790","3.8103","0.0747"
"","282.7790","3.8003","0.0736"
"","282.8790","3.7903","0.0725"
"","282.9790","3.7803","0.0714"
"","283.0790","3.7702","0.0703"
"","283.1790","3.7604","0.0692"
"","283.2790","3.7501","0.0682"
"","283.3790","3.7402","0.0671"
"","283.4790","3.7304","0.0661"
"","283.5790","3.7205","0.0650"
"","283.6790","3.7102","0.0640"
"","283.7790","3.7002","0.0630"
"","283.8790","3.6905","0.0620"
"","283.9790","3.6803","0.0609"
"","284.0790","3.6702","0.0599"
"","284.1790","3.6602","0.0589"
"","284.2790","3.6505","0.0580"
"","284.3790","3.6402","0.0570"
"","284.4790","3.6301","0.0560"
"","284.5790","3.6203","0.0551"
"","284.6790","3.6103","0.0541"
"","284.7790","3.6003","0.0532"
"","284.8790","3.5902","0.0523"
"","284.9790","3.5804","0.0514"
"","285.0790","3.5702","0.0505"
"","285.1790","3.5602","0.0496"
"","285.2790","3.5503","0.0487"
"","285.3790","3.5403","0.0479"
"","285.4790","3.5303","0.0470"
"","285.5790","3.5202","0.0462"
"","285.6790","3.5104","0.0454"
"","285.7790","3.5001","0.0445"
"","285.8790","3.4902","0.0437"
"","285.9790","3.4803","0.0430"
"","286.0790","3.4704","0.0422"
"","286.1790","3.4602","0.0414"
"","286.2790","3.4502","0.0407"
"","286.3790","3.4404","0.0399"
"","286.4790","3.4302","0.0392"
"","286.5790","3.4201","0.0385"
"","286.6790","3.4102","0.0378"
"","286.7790","3.4005","0.0371"
"","286.8790","3.3902","0.0364"
"","286.9790","3.3802","0.0357"
"","287.0790","3.3704","0.0351"
"","287.1790","3.3603","0.0345"
"","287.2790","3.3501","0.0341"
"","287.3790","3.3402","0.0338"
"","287.4790","3.3305","0.0336"
"","287.5790","3.3203","0.0331"
"","287.6790","3.3102","0.0328"
"","287.7790","3.3003","0.0328"
"","287.8790","3.2902","0.0328"
"","287.9790","3.2802","0.0327"
"","288.0790","3.2702","0.0327"
"","288.1790","3.2605","0.0327"
"","288.2790","3.2501","0.0327"
"","288.3790","3.2402","0.0327"
"","288.4790","3.2303","0.0327"
"","288.5790","3.2205","0.0326"
"","288.6790","3.2102","0.0327"
"","288.7790","3.2002","0.0327"
"","288.8790","3.1905","0.0326"
"","288.9790","3.1802","0.0326"
"","289.0790","3.1701","0.0324"
"","289.1790","3.1602","0.0322"
"","289.2790","3.1505","0.0318"
"","289.3790","3.1403","0.0314"
"","289.4790","3.1302","0.0310"
"","289.5790","3.1203","0.0304"
"","289.6790","3.1104","0.0299"
"","289.7790","3.1003","0.0293"
"","289.8790","3.0902","0.0288"
"","289.9790","3.0804","0.0282"
"","290.0790","3.0703","0.0277"
"","290.1790","3.0602","0.0271"
"","290.2790","3.0503","0.0266"
"","290.3790","3.0403","0.0260"
"","290.4790","3.0303","0.0255"
"","290.5790","3.0202","0.0249"
"","290.6790","3.0104","0.0244"
"","290.7790","3.0001","0.0239"
"","290.8790","2.9901","0.0234"
"","290.9790","2.9803","0.0228"
"","291.0790","2.9705","0.0223"
"","291.1790","2.9603","0.0218"
"","291.2790","2.9501","0.0213"
"","291.3790","2.9405","0.0208"
"","291.4790","2.9302","0.0203"
"","291.5790","2.9202","0.0199"
"","291.6790","2.9101","0.0194"
"","291.7790","2.9005","0.0189"
"","291.8790","2.8902","0.0185"
"","291.9790","2.8802","0.0180"
"","292.0790","2.8703","0.0176"
"","292.1790","2.8603","0.0172"
"","292.2790","2.8503","0.0167"
"","292.3790","2.8402","0.0163"
"","292.4790","2.8303","0.0159"
"","292.5790","2.8202","0.0155"
"","292.6790","2.8102","0.0151"
"","292.7790","2.8003","0.0147"
"","292.8790","2.7903","0.0143"
"","292.9790","2.7803","0.0139"
"","293.0790","2.7703","0.0135"
"","293.1790","2.7605","0.0132"
"","293.2790","2.7501","0.0128"
"","293.3790","2.7402","0.0124"
"","293.4790","2.7304","0.0121"
"","293.5790","2.7204","0.0117"
"","293.6790","2.7102","0.0114"
"","293.7790","2.7002","0.0110"
"","293.8790","2.6905","0.0107"
"","293.9790","2.6803","0.0103"
"","294.0790","2.6702","0.0100"
"","294.1790","2.6601","0.0097"
"","294.2790","2.6505","0.0093"
"","294.3790","2.6403","0.0090"
"","294.4790","2.6302","0.0087"
"","294.5790","2.6203","0.0084"
"","294.6790","2.6103","0.0081"
"","294.7790","2.6003","0.0078"
"","294.8790","2.5902","0.0075"
"","294.9790","2.5804","0.0072"
"","295.0790","2.5702","0.0070"
"","295.1790","2.5602","0.0067"
"","295.2790","2.5504","0.0064"
"","295.3790","2.5402","0.0062"
"","295.4790","2.5302","0.0059"
"","295.5790","2.5202","0.0057"
"","295.6790","2.5105","0.0055"
"","295.7790","2.5001","0.0053"
"","295.8790","2.4902","0.0050"
"","295.9790","2.4804","0.0048"
"","296.0790","2.4705","0.0046"
"","296.1790","2.4602","0.0044"
"","296.2790","2.4501","0.0043"
"","296.3790","2.4405","0.0041"
"","296.4790","2.4303","0.0039"
"","296.5790","2.4201","0.0038"
"","296.6790","2.4101","0.0036"
"","296.7790","2.4006","0.0035"
"","296.8790","2.3903","0.0033"
"","296.9790","2.3802","0.0032"
"","297.0790","2.3703","0.0031"
"","297.1790","2.3604","0.0030"
"","297.2790","2.3503","0.0029"
"","297.3790","2.3402","0.0028"
"","297.4790","2.3303","0.0027"
"","297.5790","2.3203","0.0026"
"","297.6790","2.3102","0.0025"
"","297.7790","2.3003","0.0024"
"","297.8790","2.2903","0.0023"
"","297.9790","2.2803","0.0023"
"","298.0790","2.2702","0.0022"
"","298.1790","2.2604","0.0021"
"","298.2790","2.2501","0.0020"
"","298.3790","2.2402","0.0020"
"","298.4790","2.2304","0.0019"
"","298.5790","2.2205","0.0018"
"","298.6790","2.2102","0.0018"
"","298.7790","2.2001","0.0017"
"","298.8790","2.1905","0.0017"
"","298.9790","2.1803","0.0016"
"","299.0790","2.1702","0.0016"
"","299.1790","2.1601","0.0015"
"","299.2790","2.1505","0.0015"
"","299.3790","2.1403","0.0014"
"","299.4790","2.1302","0.0014"
"","299.5790","2.1203","0.0013"
"","299.6790","2.1103","0.0013"
"","299.7790","2.1003","0.0012"
"","299.8790","2.0902","0.0012"
"","299.9790","2.0803","0.0011"
"","300.0790","2.0702","0.0011"
"","300.1790","2.0602","0.0011"
"","300.2790","2.0504","0.0010"
"","300.3790","2.0402","0.0010"
"","300.4790","2.0303","0.0010"
"","300.5790","2.0203","0.0009"
"","300.6790","2.0105","0.0009"
"","300.7790","2.0001","0.0009"
"","300.8790","1.9902","0.0008"
"","300.9790","1.9804","0.0008"
"","301.0790","1.9704","0.0008"
"","301.1790","1.9602","0.0007"
"","301.2790","1.9502","0.0007"
"","301.3790","1.9405","0.0007"
"","301.4790","1.9303","0.0007"
"","301.5790","1.9201","0.0006"
"","301.6790","1.9102","0.0006"
"","301.7790","1.9005","0.0006"
"","301.8790","1.8903","0.0006"
"","301.9790","1.8802","0.0006"
"","302.0790","1.8703","0.0006"
"","302.1790","1.8603","0.0005"
"","302.2790","1.8503","0.0005"
"","302.3790","1.8402","0.0005"
"","302.4790","1.8304","0.0005"
"","302.5790","1.8202","0.0005"
"","302.6790","1.8102","0.0005"
"","302.7790","1.8004","0.0004"
"","302.8790","1.7902","0.0004"
"","302.9790","1.7802","0.0004"
"","303.0790","1.7703","0.0004"
"","303.1790","1.7605","0.0004"
"","303.2790","1.7501","0.0004"
"","303.3790","1.7401","0.0004"
"","303.4790","1.7304","0.0004"
"","303.5790","1.7205","0.0004"
"","303.6790","1.7102","0.0003"
"","303.7790","1.7001","0.0003"
"","303.8790","1.6905","0.0003"
"","303.9790","1.6803","0.0003"
"","304.0790","1.6701","0.0003"
"","304.1790","1.6602","0.0003"
"","304.2790","1.6505","0.0003"
"","304.3790","1.6404","0.0003"
"","304.4790","1.6302","0.0003"
"","304.5790","1.6203","0.0003"
"","304.6790","1.6103","0.0003"
"","304.7790","1.6002","0.0003"
"","304.8790","1.5902","0.0003"
"","304.9790","1.5804","0.0003"
"","305.0790","1.5702","0.0002"
"","305.1790","1.5602","0.0002"
"","305.2790","1.5503","0.0002"
"","305.3790","1.5404","0.0002"
"","305.4790","1.5303","0.0002"
"","305.5790","1.5202","0.0002"
"","305.6790","1.5104","0.0002"
"","305.7790","1.5001","0.0002"
"","305.8790","1.4901","0.0002"
"","305.9790","1.4803","0.0002"
"","306.0790","1.4704","0.0002"
"","306.1790","1.4603","0.0002"
"","306.2790","1.4501","0.0001"
"","306.3790","1.4405","0.0001"
"","306.4790","1.4303","0.0001"
"","306.5790","1.4202","0.0001"
"","306.6790","1.4102","0.0001"
"","306.7790","1.4005","0.0001"
"","306.8790","1.3903","0.0001"
"","306.9790","1.3802","0.0001"
"","307.0790","1.3704","0.0001"
"","307.1790","1.3603","0.0001"
"","307.2790","1.3503","0.0001"
"","307.3790","1.3402","0.0001"
"","307.4790","1.3304","0.0001"
"","307.5790","1.3202","0.0001"
"","307.6790","1.3103","0.0001"
"","307.7790","1.3003","0.0000"
"","307.8790","1.2903","0.0000"
"","307.9790","1.2802","0.0000"
"","308.0790","1.2703","0.0000"
"","308.1790","1.2605","0.0000"
"","308.2790","1.2501","0.0000"
"","308.3790","1.2402","0.0000"
"","308.4790","1.2304","0.0000"
"","308.5790","1.2204","0.0000"
"","308.6790","1.2102","0.0000"
"","308.7790","1.2001","0.0000"
"","308.8790","1.1905","0.0000"
"","308.9790","1.1802","0.0000"
"","309.0790","1.1701","0.0000"
"","309.1790","1.1602","0.0000"
"","309.2790","1.1505","0.0000"
"","309.3790","1.1402","0.0000"
"","309.4790","1.1301","0.0000"
"","309.5790","1.1203","0.0000"
"","309.6790","1.1104","-0.0001"
"","309.7790","1.1003","-0.0001"
"","309.8790","1.0902","-0.0001"
"","309.9790","1.0804","-0.0001"
"","310.0790","1.0703","-0.0001"
"","310.1790","1.0603","-0.0001"
"","310.2790","1.0503","-0.0001"
"","310.3790","1.0402","-0.0001"
"","310.4790","1.0302","-0.0001"
"","310.5790","1.0203","-0.0001"
"","310.6790","1.0105","-0.0001"
"","310.7790","1.0001","-0.0001"
"","310.8790","0.9902","-0.0001"
"","310.9790","0.9804","-0.0001"
"","311.0790","0.9705","-0.0001"
"","311.1790","0.9601","-0.0001"
"","311.2790","0.9501","-0.0001"
"","311.3790","0.9405","-0.0001"
"","311.4790","0.9303","-0.0002"
"","311.5790","0.9201","-0.0001"
"","311.6790","0.9101","-0.0002"
"","311.7790","0.9006","-0.0002"
"","311.8790","0.8903","-0.0002"
"","311.9790","0.8802","-0.0002"
"","312.0790","0.8703","-0.0002"
"","312.1790","0.8604","-0.0002"
"","312.2790","0.8502","-0.0002"
"","312.3790","0.8402","-0.0002"
"","312.4790","0.8304","-0.0002"
"","312.5790","0.8203","-0.0002"
"","312.6790","0.8102","-0.0002"
"","312.7790","0.8004","-0.0002"
"","312.8790","0.7903","-0.0002"
"","312.9790","0.7803","-0.0002"
"","313.0790","0.7702","-0.0002"
"","313.1790","0.7604","-0.0002"
"","313.2790","0.7501","-0.0002"
"","313.3790","0.7401","-0.0002"
"","313.4790","0.7303","-0.0002"
"","313.5790","0.7205","-0.0002"
"","313.6790","0.7102","-0.0002"
"","313.7790","0.7001","-0.0002"
"","313.8790","0.6905","-0.0002"
"","313.9790","0.6803","-0.0002"
"","314.0790","0.6702","-0.0002"
"","314.1790","0.6601","-0.0002"
"","314.2790","0.6505","-0.0002"
"","314.3790","0.6402","-0.0002"
"","314.4790","0.6301","-0.0002"
"","314.5790","0.6203","-0.0002"
"","314.6790","0.6103","-0.0002"
"","314.7790","0.6003","-0.0002"
"","314.8790","0.5902","-0.0002"
"","314.9790","0.5804","-0.0002"
"","315.0790","0.5702","-0.0002"
"","315.1790","0.5602","-0.0002"
"","315.2790","0.5503","-0.0002"
"","315.3790","0.5402","-0.0002"
"","315.4790","0.5303","-0.0002"
"","315.5790","0.5202","-0.0002"
"","315.6790","0.5104","-0.0002"
"","315.7790","0.5001","-0.0002"
"","315.8790","0.4902","-0.0002"
"","315.9790","0.4804","-0.0002"
"","316.0790","0.4704","-0.0002"
"","316.1790","0.4602","-0.0002"
"","316.2790","0.4502","-0.0002"
"","316.3790","0.4405","-0.0002"
"","316.4790","0.4302","-0.0002"
"","316.5790","0.4201","-0.0002"
"","316.6790","0.4102","-0.0002"
"","316.7790","0.4005","-0.0002"
"","316.8790","0.3902","-0.0003"
"","316.9790","0.3802","-0.0002"
"","317.0790","0.3703","-0.0002"
"","317.1790","0.3603","-0.0002"
"","317.2790","0.3502","-0.0002"
"","317.3790","0.3402","-0.0002"
"","317.4790","0.3304","-0.0002"
"","317.5790","0.3202","-0.0002"
"","317.6790","0.3102","-0.0002"
"","317.7790","0.3004","-0.0002"
"","317.8790","0.2902","-0.0002"
"","317.9790","0.2802","-0.0002"
"","318.0790","0.2703","-0.0002"
"","318.1790","0.2604","-0.0002"
"","318.2790","0.2501","-0.0002"
"","318.3790","0.2402","-0.0002"
"","318.4790","0.2304","-0.0002"
"","318.5790","0.2205","-0.0002"
"","318.6790","0.2102","-0.0002"
"","318.7790","0.2002","-0.0002"
"","318.8790","0.1905","-0.0003"
"","318.9790","0.1802","-0.0003"
"","319.0790","0.1701","-0.0002"
"","319.1790","0.1602","-0.0002"
"","319.2790","0.1506","-0.0002"
"","319.3790","0.1403","-0.0002"
"","319.4790","0.1302","-0.0002"
"","319.5790","0.1203","-0.0002"
"","319.6790","0.1104","-0.0002"
"","319.7790","0.1002","-0.0002"
"","319.8790","0.0902","-0.0002"
"","319.9790","0.0804","-0.0002"
"","320.0790","0.0703","-0.0003"
"","320.1790","0.0602","-0.0002"
"","320.2790","0.0503","-0.0002"
"","320.3790","0.0403","-0.0003"
"","320.4790","0.0303","-0.0002"
"","320.5790","0.0202","-0.0002"
"","320.6790","0.0104","-0.0002"
"","320.7790","0.0001","-0.0002"
"","320.7810","-0.0001","-0.0002"
"","320.7820","-0.0002","-0.0002"
"","320.7830","-0.0003","-0.0002"
"","320.8830","-0.0004","-0.0002"
"","320.9830","0.0074","-0.0002"
"","321.0830","0.0190","-0.0002"
"","321.1830","0.0296","-0.0002"
"","321.2830","0.0397","-0.0002"
"","321.3830","0.0496","-0.0002"
"","321.4830","0.0595","-0.0002"
"","321.5830","0.0696","-0.0002"
"","321.6830","0.0798","-0.0002"
"","321.7830","0.0896","-0.0002"
"","321.8830","0.0996","-0.0002"
"","321.9830","0.1097","-0.0002"
"","322.0830","0.1197","-0.0002"
"","322.1830","0.1295","-0.0002"
"","322.2830","0.1396","-0.0002"
"","322.3830","0.1497","-0.0002"
"","322.4830","0.1595","-0.0002"
"","322.5830","0.1698","-0.0002"
"","322.6830","0.1796","-0.0002"
"","322.7830","0.1897","-0.0002"
"","322.8830","0.1994","-0.0002"
"","322.9830","0.2098","-0.0002"
"","323.0830","0.2197","-0.0002"
"","323.1830","0.2296","-0.0002"
"","323.2830","0.2396","-0.0002"
"","323.3830","0.2498","-0.0002"
"","323.4830","0.2597","-0.0002"
"","323.5830","0.2694","-0.0002"
"","323.6830","0.2797","-0.0002"
"","323.7830","0.2896","-0.0002"
"","323.8830","0.2996","-0.0002"
"","323.9830","0.3095","-0.0002"
"","324.0830","0.3198","-0.0002"
"","324.1830","0.3298","-0.0002"
"","324.2830","0.3395","-0.0002"
"","324.3830","0.3497","-0.0002"
"","324.4830","0.3597","-0.0002"
"","324.5830","0.3698","-0.0002"
"","324.6830","0.3795","-0.0002"
"","324.7830","0.3897","-0.0002"
"","324.8830","0.3997","-0.0002"
"","324.9830","0.4095","-0.0002"
"","325.0830","0.4198","-0.0002"
"","325.1830","0.4297","-0.0002"
"","325.2830","0.4397","-0.0002"
"","325.3830","0.4494","-0.0002"
"","325.4830","0.4598","-0.0002"
"","325.5830","0.4697","-0.0002"
"","325.6830","0.4796","-0.0002"
"","325.7830","0.4895","-0.0002"
"","325.8830","0.4998","-0.0002"
"","325.9830","0.5097","-0.0002"
"","326.0830","0.5194","-0.0002"
"","326.1830","0.5296","-0.0002"
"","326.2830","0.5398","-0.0002"
"","326.3830","0.5496","-0.0002"
"","326.4830","0.5595","-0.0002"
"","326.5830","0.5697","-0.0002"
"","326.6830","0.5798","-0.0002"
"","326.7830","0.5896","-0.0002"
"","326.8830","0.5996","-0.0002"
"","326.9830","0.6097","-0.0002"
"","327.0830","0.6197","-0.0002"
"","327.1830","0.6295","-0.0002"
"","327.2830","0.6396","-0.0002"
"","327.3830","0.6497","-0.0002"
"","327.4830","0.6596","-0.0001"
"","327.5830","0.6698","-0.0001"
"","327.6830","0.6797","-0.0001"
"","327.7830","0.6897","-0.0001"
"","327.8830","0.6994","-0.0001"
"","327.9830","0.7098","-0.0001"
"","328.0830","0.7196","-0.0001"
"","328.1830","0.7296","-0.0001"
"","328.2830","0.7395","-0.0001"
"","328.3830","0.7499","-0.0001"
"","328.4830","0.7598","-0.0001"
"","328.5830","0.7694","-0.0001"
"","328.6830","0.7797","-0.0001"
"","328.7830","0.7897","-0.0001"
"","328.8830","0.7997","-0.0001"
"","328.9830","0.8094","-0.0001"
"","329.0830","0.8196","-0.0001"
"","329.1830","0.8298","-0.0001"
"","329.2830","0.8396","-0.0001"
"","329.3830","0.8496","-0.0001"
"","329.4830","0.8597","-0.0001"
"","329.5830","0.8697","-0.0001"
"","329.6830","0.8796","-0.0001"
"","329.7830","0.8896","-0.0001"
"","329.8830","0.8996","-0.0001"
"","329.9830","0.9095","-0.0001"
"","330.0830","0.9198","0.0000"
"","330.1830","0.9297","0.0000"
"","330.2830","0.9397","0.0000"
"","330.3830","0.9494","0.0000"
"","330.4830","0.9598","0.0000"
"","330.5830","0.9697","0.0000"
"","330.6830","0.9796","0.0000"
"","330.7830","0.9896","0.0000"
"","330.8830","0.9998","0.0000"
"","330.9830","1.0098","0.0000"
"","331.0830","1.0194","0.0000"
"","331.1830","1.0297","0.0000"
"","331.2830","1.0397","0.0001"
"","331.3830","1.0498","0.0000"
"","331.4830","1.0595","0.0000"
"","331.5830","1.0697","0.0001"
"","331.6830","1.0797","0.0001"
"","331.7830","1.0896","0.0001"
"","331.8830","1.0997","0.0001"
"","331.9830","1.1097","0.0001"
"","332.0830","1.1197","0.0001"
"","332.1830","1.1295","0.0001"
"","332.2830","1.1398","0.0001"
"","332.3830","1.1497","0.0001"
"","332.4830","1.1596","0.0001"
"","332.5830","1.1698","0.0001"
"","332.6830","1.1798","0.0001"
"","332.7830","1.1896","0.0002"
"","332.8830","1.1994","0.0002"
"","332.9830","1.2098","0.0002"
"","333.0830","1.2197","0.0002"
"","333.1830","1.2296","0.0002"
"","333.2830","1.2395","0.0002"
"","333.3830","1.2498","0.0002"
"","333.4830","1.2598","0.0002"
"","333.5830","1.2694","0.0002"
"","333.6830","1.2796","0.0002"
"","333.7830","1.2898","0.0002"
"","333.8830","1.2997","0.0002"
"","333.9830","1.3095","0.0003"
"","334.0830","1.3196","0.0003"
"","334.1830","1.3298","0.0003"
"","334.2830","1.3395","0.0003"
"","334.3830","1.3497","0.0003"
"","334.4830","1.3597","0.0003"
"","334.5830","1.3697","0.0003"
"","334.6830","1.3794","0.0003"
"","334.7830","1.3897","0.0003"
"","334.8830","1.3997","0.0003"
"","334.9830","1.4096","0.0003"
"","335.0830","1.4197","0.0004"
"","335.1830","1.4297","0.0004"
"","335.2830","1.4397","0.0004"
"","335.3830","1.4494","0.0004"
"","335.4830","1.4597","0.0004"
"","335.5830","1.4697","0.0004"
"","335.6830","1.4796","0.0004"
"","335.7830","1.4896","0.0004"
"","335.8830","1.4998","0.0004"
"","335.9830","1.5098","0.0004"
"","336.0830","1.5194","0.0004"
"","336.1830","1.5297","0.0005"
"","336.2830","1.5396","0.0005"
"","336.3830","1.5497","0.0005"
"","336.4830","1.5595","0.0005"
"","336.5830","1.5696","0.0005"
"","336.6830","1.5798","0.0005"
"","336.7830","1.5896","0.0005"
"","336.8830","1.5997","0.0006"
"","336.9830","1.6097","0.0006"
"","337.0830","1.6197","0.0006"
"","337.1830","1.6296","0.0006"
"","337.2830","1.6396","0.0006"
"","337.3830","1.6496","0.0007"
"","337.4830","1.6595","0.0007"
"","337.5830","1.6698","0.0007"
"","337.6830","1.6797","0.0007"
"","337.7830","1.6897","0.0007"
"","337.8830","1.6994","0.0007"
"","337.9830","1.7098","0.0008"
"","338.0830","1.7197","0.0008"
"","338.1830","1.7295","0.0008"
"","338.2830","1.7396","0.0008"
"","338.3830","1.7498","0.0009"
"","338.4830","1.7598","0.0009"
"","338.5830","1.7694","0.0009"
"","338.6830","1.7797","0.0010"
"","338.7830","1.7897","0.0010"
"","338.8830","1.7998","0.0010"
"","338.9830","1.8095","0.0010"
"","339.0830","1.8197","0.0011"
"","339.1830","1.8298","0.0011"
"","339.2830","1.8396","0.0012"
"","339.3830","1.8496","0.0012"
"","339.4830","1.8596","0.0012"
"","339.5830","1.8697","0.0013"
"","339.6830","1.8796","0.0013"
"","339.7830","1.8897","0.0014"
"","339.8830","1.8997","0.0014"
"","339.9830","1.9095","0.0015"
"","340.0830","1.9198","0.0015"
"","340.1830","1.9297","0.0015"
"","340.2830","1.9396","0.0016"
"","340.3830","1.9494","0.0016"
"","340.4830","1.9598","0.0017"
"","340.5830","1.9697","0.0017"
"","340.6830","1.9796","0.0018"
"","340.7830","1.9895","0.0019"
"","340.8830","1.9998","0.0019"
"","340.9830","2.0097","0.0020"
"","341.0830","2.0193","0.0020"
"","341.1830","2.0296","0.0021"
"","341.2830","2.0398","0.0022"
"","341.3830","2.0497","0.0022"
"","341.4830","2.0594","0.0023"
"","341.5830","2.0696","0.0024"
"","341.6830","2.0798","0.0024"
"","341.7830","2.0896","0.0025"
"","341.8830","2.0996","0.0026"
"","341.9830","2.1096","0.0027"
"","342.0830","2.1197","0.0027"
"","342.1830","2.1296","0.0028"
"","342.2830","2.1397","0.0029"
"","342.3830","2.1497","0.0030"
"","342.4830","2.1596","0.0031"
"","342.5830","2.1698","0.0032"
"","342.6830","2.1797","0.0033"
"","342.7830","2.1897","0.0034"
"","342.8830","2.1994","0.0035"
"","342.9830","2.2098","0.0037"
"","343.0830","2.2196","0.0038"
"","343.1830","2.2296","0.0039"
"","343.2830","2.2395","0.0040"
"","343.3830","2.2498","0.0042"
"","343.4830","2.2598","0.0043"
"","343.5830","2.2694","0.0045"
"","343.6830","2.2797","0.0046"
"","343.7830","2.2896","0.0048"
"","343.8830","2.2997","0.0050"
"","343.9830","2.3094","0.0052"
"","344.0830","2.3196","0.0054"
"","344.1830","2.3298","0.0056"
"","344.2830","2.3397","0.0058"
"","344.3830","2.3496","0.0061"
"","344.4830","2.3596","0.0063"
"","344.5830","2.3697","0.0066"
"","344.6830","2.3796","0.0068"
"","344.7830","2.3896","0.0071"
"","344.8830","2.3996","0.0074"
"","344.9830","2.4095","0.0076"
"","345.0830","2.4198","0.0079"
"","345.1830","2.4297","0.0082"
"","345.2830","2.4397","0.0085"
"","345.3830","2.4494","0.0088"
"","345.4830","2.4598","0.0092"
"","345.5830","2.4697","0.0095"
"","345.6830","2.4795","0.0098"
"","345.7830","2.4896","0.0101"
"","345.8830","2.4997","0.0105"
"","345.9830","2.5098","0.0108"
"","346.0830","2.5194","0.0111"
"","346.1830","2.5297","0.0115"
"","346.2830","2.5397","0.0118"
"","346.3830","2.5497","0.0122"
"","346.4830","2.5594","0.0125"
"","346.5830","2.5697","0.0129"
"","346.6830","2.5797","0.0133"
"","346.7830","2.5896","0.0136"
"","346.8830","2.5997","0.0140"
"","346.9830","2.6097","0.0144"
"","347.0830","2.6197","0.0148"
"","347.1830","2.6296","0.0152"
"","347.2830","2.6397","0.0156"
"","347.3830","2.6497","0.0160"
"","347.4830","2.6596","0.0164"
"","347.5830","2.6699","0.0168"
"","347.6830","2.6797","0.0172"
"","347.7830","2.6896","0.0177"
"","347.8830","2.6994","0.0181"
"","347.9830","2.7098","0.0185"
"","348.0830","2.7197","0.0190"
"","348.1830","2.7296","0.0194"
"","348.2830","2.7395","0.0198"
"","348.3830","2.7498","0.0203"
"","348.4830","2.7597","0.0207"
"","348.5830","2.7694","0.0211"
"","348.6830","2.7796","0.0216"
"","348.7830","2.7898","0.0220"
"","348.8830","2.7996","0.0224"
"","348.9830","2.8095","0.0229"
"","349.0830","2.8197","0.0234"
"","349.1830","2.8298","0.0238"
"","349.2830","2.8396","0.0243"
"","349.3830","2.8496","0.0248"
"","349.4830","2.8596","0.0253"
"","349.5830","2.8697","0.0257"
"","349.6830","2.8796","0.0262"
"","349.7830","2.8897","0.0267"
"","349.8830","2.8997","0.0272"
"","349.9830","2.9096","0.0277"
"","350.0830","2.9198","0.0282"
"","350.1830","2.9297","0.0287"
"","350.2830","2.9397","0.0292"
"","350.3830","2.9494","0.0297"
"","350.4830","2.9598","0.0302"
"","350.5830","2.9696","0.0307"
"","350.6830","2.9795","0.0312"
"","350.7830","2.9895","0.0317"
"","350.8830","2.9998","0.0322"
"","350.9830","3.0098","0.0325"
"","351.0830","3.0194","0.0328"
"","351.1830","3.0297","0.0331"
"","351.2830","3.0397","0.0335"
"","351.3830","3.0497","0.0337"
"","351.4830","3.0595","0.0338"
"","351.5830","3.0696","0.0341"
"","351.6830","3.0798","0.0341"
"","351.7830","3.0896","0.0341"
"","351.8830","3.0996","0.0341"
"","351.9830","3.1097","0.0342"
"","352.0830","3.1197","0.0342"
"","352.1830","3.1296","0.0342"
"","352.2830","3.1396","0.0342"
"","352.3830","3.1497","0.0342"
"","352.4830","3.1596","0.0342"
"","352.5830","3.1698","0.0343"
"","352.6830","3.1797","0.0343"
"","352.7830","3.1897","0.0344"
"","352.8830","3.1994","0.0344"
"","352.9830","3.2098","0.0347"
"","353.0830","3.2197","0.0352"
"","353.1830","3.2296","0.0358"
"","353.2830","3.2396","0.0362"
"","353.3830","3.2498","0.0367"
"","353.4830","3.2597","0.0373"
"","353.5830","3.2694","0.0378"
"","353.6830","3.2798","0.0384"
"","353.7830","3.2897","0.0390"
"","353.8830","3.2997","0.0396"
"","353.9830","3.3095","0.0402"
"","354.0830","3.3198","0.0408"
"","354.1830","3.3297","0.0415"
"","354.2830","3.3394","0.0421"
"","354.3830","3.3497","0.0427"
"","354.4830","3.3597","0.0434"
"","354.5830","3.3698","0.0441"
"","354.6830","3.3794","0.0447"
"","354.7830","3.3897","0.0454"
"","354.8830","3.3997","0.0461"
"","354.9830","3.4096","0.0468"
"","355.0830","3.4198","0.0475"
"","355.1830","3.4297","0.0482"
"","355.2830","3.4397","0.0489"
"","355.3830","3.4495","0.0496"
"","355.4830","3.4597","0.0503"
"","355.5830","3.4697","0.0510"
"","355.6830","3.4796","0.0518"
"","355.7830","3.4896","0.0525"
"","355.8830","3.4998","0.0533"
"","355.9830","3.5097","0.0541"
"","356.0830","3.5194","0.0548"
"","356.1830","3.5297","0.0556"
"","356.2830","3.5398","0.0564"
"","356.3830","3.5496","0.0572"
"","356.4830","3.5595","0.0580"
"","356.5830","3.5697","0.0588"
"","356.6830","3.5798","0.0596"
"","356.7830","3.5896","0.0604"
"","356.8830","3.5996","0.0612"
"","356.9830","3.6097","0.0620"
"","357.0830","3.6197","0.0629"
"","357.1830","3.6295","0.0637"
"","357.2830","3.6396","0.0645"
"","357.3830","3.6497","0.0654"
"","357.4830","3.6596","0.0662"
"","357.5830","3.6697","0.0671"
"","357.6830","3.6797","0.0679"
"","357.7830","3.6896","0.0688"
"","357.8830","3.6993","0.0697"
"","357.9830","3.7098","0.0706"
"","358.0830","3.7196","0.0714"
"","358.1830","3.7296","0.0723"
"","358.2830","3.7395","0.0732"
"","358.3830","3.7497","0.0741"
"","358.4830","3.7598","0.0750"
"","358.5830","3.7694","0.0759"
"","358.6830","3.7797","0.0768"
"","358.7830","3.7897","0.0777"
"","358.8830","3.7997","0.0786"
"","358.9830","3.8095","0.0795"
"","359.0830","3.8196","0.0804"
"","359.1830","3.8298","0.0814"
"","359.2830","3.8396","0.0822"
"","359.3830","3.8496","0.0832"
"","359.4830","3.8597","0.0841"
"","359.5830","3.8697","0.0851"
"","359.6830","3.8796","0.0860"
"","359.7830","3.8896","0.0869"
"","359.8830","3.8996","0.0879"
"","359.9830","3.9095","0.0888"
"","360.0830","3.9198","0.0898"
"","360.1830","3.9296","0.0907"
"","360.2830","3.9396","0.0917"
"","360.3830","3.9494","0.0926"
"","360.4830","3.9598","0.0936"
"","360.5830","3.9696","0.0945"
"","360.6830","3.9795","0.0955"
"","360.7830","3.9896","0.0965"
"","360.8830","3.9998","0.0974"
"","360.8850","4.0000","0.0974"
"","360.8860","4.0001","0.0974"
"","360.8870","4.0002","0.0974"
"","360.9870","4.0003","0.0973"
"","361.0870","3.9927","0.0962"
"","361.1870","3.9808","0.0946"
"","361.2870","3.9706","0.0932"
"","361.3870","3.9602","0.0918"
"","361.4870","3.9501","0.0905"
"","361.5870","3.9405","0.0893"
"","361.6870","3.9303","0.0880"
"","361.7870","3.9202","0.0868"
"","361.8870","3.9102","0.0856"
"","361.9870","3.9005","0.0844"
"","362.0870","3.8903","0.0831"
"","362.1870","3.8802","0.0819"
"","362.2870","3.8703","0.0808"
"","362.3870","3.8604","0.0797"
"","362.4870","3.8503","0.0785"
"","362.5870","3.8401","0.0773"
"","362.6870","3.8304","0.0762"
"","362.7870","3.8203","0.0751"
"","362.8870","3.8103","0.0740"
"","362.9870","3.8004","0.0729"
"","363.0870","3.7903","0.0718"
"","363.1870","3.7803","0.0707"
"","363.2870","3.7702","0.0696"
"","363.3870","3.7604","0.0685"
"","363.4870","3.7501","0.0674"
"","363.5870","3.7402","0.0664"
"","363.6870","3.7304","0.0654"
"","363.7870","3.7205","0.0643"
"","363.8870","3.7102","0.0633"
"","363.9870","3.7002","0.0623"
"","364.0870","3.6905","0.0613"
"","364.1870","3.6803","0.0602"
"","364.2870","3.6702","0.0592"
"","364.3870","3.6602","0.0582"
"","364.4870","3.6505","0.0573"
"","364.5870","3.6402","0.0563"
"","364.6870","3.6301","0.0553"
"","364.7870","3.6203","0.0544"
"","364.8870","3.6103","0.0535"
"","364.9870","3.6003","0.0525"
"","365.0870","3.5902","0.0516"
"","365.1870","3.5804","0.0507"
"","365.2870","3.5702","0.0498"
"","365.3870","3.5602","0.0489"
"","365.4870","3.5503","0.0481"
"","365.5870","3.5403","0.0472"
"","365.6870","3.5303","0.0464"
"","365.7870","3.5202","0.0455"
"","365.8870","3.5104","0.0447"
"","365.9870","3.5001","0.0439"
"","366.0870","3.4902","0.0431"
"","366.1870","3.4803","0.0423"
"","366.2870","3.4704","0.0416"
"","366.3870","3.4602","0.0408"
"","366.4870","3.4502","0.0401"
"","366.5870","3.4405","0.0393"
"","366.6870","3.4302","0.0386"
"","366.7870","3.4201","0.0379"
"","366.8870","3.4103","0.0372"
"","366.9870","3.4005","0.0365"
"","367.0870","3.3902","0.0358"
"","367.1870","3.3802","0.0352"
"","367.2870","3.3704","0.0346"
"","367.3870","3.3603","0.0341"
"","367.4870","3.3501","0.0337"
"","367.5870","3.3402","0.0336"
"","367.6870","3.3305","0.0331"
"","367.7870","3.3203","0.0328"
"","367.8870","3.3102","0.0328"
"","367.9870","3.3003","0.0327"
"","368.0870","3.2902","0.0327"
"","368.1870","3.2802","0.0327"
"","368.2870","3.2703","0.0327"
"","368.3870","3.2605","0.0326"
"","368.4870","3.2501","0.0326"
"","368.5870","3.2402","0.0326"
"","368.6870","3.2303","0.0326"
"","368.7870","3.2205","0.0327"
"","368.8870","3.2102","0.0327"
"","368.9870","3.2002","0.0327"
"","369.0870","3.1905","0.0326"
"","369.1870","3.1802","0.0324"
"","369.2870","3.1701","0.0322"
"","369.3870","3.1602","0.0318"
"","369.4870","3.1505","0.0314"
"","369.5870","3.1403","0.0310"
"","369.6870","3.1302","0.0304"
"","369.7870","3.1203","0.0299"
"","369.8870","3.1104","0.0293"
"","369.9870","3.1002","0.0287"
"","370.0870","3.0902","0.0282"
"","370.1870","3.0804","0.0276"
"","370.2870","3.0703","0.0271"
"","370.3870","3.0602","0.0265"
"","370.4870","3.0503","0.0260"
"","370.5870","3.0403","0.0254"
"","370.6870","3.0303","0.0249"
"","370.7870","3.0202","0.0243"
"","370.8870","3.0104","0.0238"
"","370.9870","3.0001","0.0233"
"","371.0870","2.9901","0.0228"
"","371.1870","2.9804","0.0223"
"","371.2870","2.9705","0.0218"
"","371.3870","2.9603","0.0213"
"","371.4870","2.9501","0.0208"
"","371.5870","2.9405","0.0203"
"","371.6870","2.9303","0.0198"
"","371.7870","2.9202","0.0193"
"","371.8870","2.9101","0.0189"
"","371.9870","2.9005","0.0184"
"","372.0870","2.8902","0.0179"
"","372.1870","2.8802","0.0175"
"","372.2870","2.8703","0.0171"
"","372.3870","2.8604","0.0166"
"","372.4870","2.8504","0.0162"
"","372.5870","2.8402","0.0158"
"","372.6870","2.8303","0.0154"
"","372.7870","2.8202","0.0150"
"","372.8870","2.8102","0.0146"
"","372.9870","2.8003","0.0142"
"","373.0870","2.7902","0.0138"
"","373.1870","2.7803","0.0134"
"","373.2870","2.7703","0.0130"
"","373.3870","2.7605","0.0127"
"","373.4870","2.7501","0.0123"
"","373.5870","2.7402","0.0119"
"","373.6870","2.7304","0.0116"
"","373.7870","2.7204","0.0112"
"","373.8870","2.7102","0.0109"
"","373.9870","2.7001","0.0105"
"","374.0870","2.6905","0.0102"
"","374.1870","2.6803","0.0098"
"","374.2870","2.6702","0.0095"
"","374.3870","2.6601","0.0092"
"","374.4870","2.6505","0.0089"
"","374.5870","2.6403","0.0086"
"","374.6870","2.6302","0.0083"
"","374.7870","2.6203","0.0080"
"","374.8870","2.6103","0.0077"
"","374.9870","2.6003","0.0074"
"","375.0870","2.5902","0.0071"
"","375.1870","2.5804","0.0069"
"","375.2870","2.5702","0.0066"
"","375.3870","2.5602","0.0063"
"","375.4870","2.5504","0.0061"
"","375.5870","2.5402","0.0058"
"","375.6870","2.5302","0.0056"
"","375.7870","2.5202","0.0054"
"","375.8870","2.5105","0.0052"
"","375.9870","2.5001","0.0049"
"","376.0870","2.4902","0.0047"
"","376.1870","2.4804","0.0045"
"","376.2870","2.4705","0.0044"
"","376.3870","2.4602","0.0042"
"","376.4870","2.4501","0.0040"
"","376.5870","2.4405","0.0038"
"","376.6870","2.4303","0.0037"
"","376.7870","2.4201","0.0035"
"","376.8870","2.4101","0.0034"
"","376.9870","2.4006","0.0033"
"","377.0870","2.3903","0.0032"
"","377.1870","2.3802","0.0031"
"","377.2870","2.3703","0.0029"
"","377.3870","2.3604","0.0028"
"","377.4870","2.3502","0.0028"
"","377.5870","2.3402","0.0027"
"","377.6870","2.3304","0.0026"
"","377.7870","2.3203","0.0025"
"","377.8870","2.3102","0.0024"
"","377.9870","2.3003","0.0023"
"","378.0870","2.2903","0.0022"
"","378.1870","2.2803","0.0022"
"","378.2870","2.2702","0.0021"
"","378.3870","2.2604","0.0020"
"","378.4870","2.2501","0.0019"
"","378.5870","2.2402","0.0019"
"","378.6870","2.2304","0.0018"
"","378.7870","2.2205","0.0017"
"","378.8870","2.2102","0.0017"
"","378.9870","2.2001","0.0016"
"","379.0870","2.1905","0.0016"
"","379.1870","2.1802","0.0015"
"","379.2870","2.1701","0.0015"
"","379.3870","2.1601","0.0015"
"","379.4870","2.1505","0.0014"
"","379.5870","2.1403","0.0014"
"","379.6870","2.1302","0.0013"
"","379.7870","2.1203","0.0013"
"","379.8870","2.1104","0.0012"
"","379.9870","2.1003","0.0012"
"","380.0870","2.0902","0.0011"
"","380.1870","2.0804","0.0011"
"","380.2870","2.0702","0.0010"
"","380.3870","2.0602","0.0010"
"","380.4870","2.0504","0.0010"
"","380.5870","2.0402","0.0009"
"","380.6870","2.0303","0.0009"
"","380.7870","2.0202","0.0009"
"","380.8870","2.0105","0.0009"
"","380.9870","2.0001","0.0008"
"","381.0870","1.9902","0.0008"
"","381.1870","1.9804","0.0008"
"","381.2870","1.9704","0.0007"
"","381.3870","1.9601","0.0007"
"","381.4870","1.9501","0.0007"
"","381.5870","1.9405","0.0006"
"","381.6870","1.9303","0.0006"
"","381.7870","1.9201","0.0006"
"","381.8870","1.9102","0.0006"
"","381.9870","1.9005","0.0006"
"","382.0870","1.8902","0.0005"
"","382.1870","1.8802","0.0005"
"","382.2870","1.8703","0.0005"
"","382.3870","1.8603","0.0005"
"","382.4870","1.8503","0.0005"
"","382.5870","1.8402","0.0005"
"","382.6870","1.8304","0.0004"
"","382.7870","1.8202","0.0004"
"","382.8870","1.8102","0.0004"
"","382.9870","1.8004","0.0004"
"","383.0870","1.7902","0.0004"
"","383.1870","1.7802","0.0004"
"","383.2870","1.7703","0.0004"
"","383.3870","1.7605","0.0003"
"","383.4870","1.7501","0.0003"
"","383.5870","1.7401","0.0003"
"","383.6870","1.7303","0.0003"
"","383.7870","1.7205","0.0003"
"","383.8870","1.7102","0.0003"
"","383.9870","1.7001","0.0003"
"","384.0870","1.6905","0.0003"
"","384.1870","1.6803","0.0003"
"","384.2870","1.6701","0.0003"
"","384.3870","1.6602","0.0003"
"","384.4870","1.6505","0.0003"
"","384.5870","1.6404","0.0002"
"","384.6870","1.6302","0.0003"
"","384.7870","1.6204","0.0002"
"","384.8870","1.6103","0.0002"
"","384.9870","1.6002","0.0002"
"","385.0870","1.5902","0.0002"
"","385.1870","1.5804","0.0002"
"","385.2870","1.5702","0.0002"
"","385.3870","1.5602","0.0002"
"","385.4870","1.5503","0.0002"
"","385.5870","1.5403","0.0002"
"","385.6870","1.5302","0.0002"
"","385.7870","1.5202","0.0002"
"","385.8870","1.5104","0.0001"
"","385.9870","1.5001","0.0001"
"","386.0870","1.4901","0.0001"
"","386.1870","1.4803","0.0001"
"","386.2870","1.4704","0.0001"
"","386.3870","1.4603","0.0001"
"","386.4870","1.4501","0.0001"
"","386.5870","1.4405","0.0001"
"","386.6870","1.4303","0.0001"
"","386.7870","1.4202","0.0001"
"","386.8870","1.4102","0.0001"
"","386.9870","1.4005","0.0001"
"","387.0870","1.3903","0.0001"
"","387.1870","1.3802","0.0001"
"","387.2870","1.3704","0.0001"
"","387.3870","1.3603","0.0001"
"","387.4870","1.3503","0.0000"
"","387.5870","1.3402","0.0000"
"","387.6870","1.3304","0.0000"
"","387.7870","1.3202","0.0000"
"","387.8870","1.3103","0.0000"
"","387.9870","1.3004","0.0000"
"","388.0870","1.2903","0.0000"
"","388.1870","1.2802","0.0000"
"","388.2870","1.2703","0.0000"
"","388.3870","1.2605","0.0000"
"","388.4870","1.2501","0.0000"
"","388.5870","1.2402","0.0000"
"","388.6870","1.2304","0.0000"
"","388.7870","1.2204","0.0000"
"","388.8870","1.2102","0.0000"
"","388.9870","1.2001","-0.0001"
"","389.0870","1.1905","0.0000"
"","389.1870","1.1803","-0.0001"
"","389.2870","1.1701","-0.0001"
"","389.3870","1.1602","-0.0001"
"","389.4870","1.1505","-0.0001"
"","389.5870","1.1402","-0.0001"
"","389.6870","1.1301","-0.0001"
"","389.7870","1.1203","-0.0001"
"","389.8870","1.1104","-0.0001"
"","389.9870","1.1003","-0.0001"
"","390.0870","1.0901","-0.0001"
"","390.1870","1.0804","-0.0001"
"","390.2870","1.0703","-0.0001"
"","390.3870","1.0603","-0.0001"
"","390.4870","1.0503","-0.0001"
"","390.5870","1.0402","-0.0001"
"","390.6870","1.0302","-0.0001"
"","390.7870","1.0203","-0.0001"
"","390.8870","1.0105","-0.0001"
"","390.9870","1.0001","-0.0001"
"","391.0870","0.9902","-0.0001"
"","391.1870","0.9804","-0.0002"
"","391.2870","0.9705","-0.0002"
"","391.3870","0.9602","-0.0002"
"","391.4870","0.9501","-0.0002"
"","391.5870","0.9405","-0.0002"
"","391.6870","0.9303","-0.0002"
"","391.7870","0.9201","-0.0002"
"","391.8870","0.9101","-0.0002"
"","391.9870","0.9006","-0.0002"
"","392.0870","0.8903","-0.0002"
"","392.1870","0.8802","-0.0002"
"","392.2870","0.8703","-0.0002"
"","392.3870","0.8604","-0.0002"
"","392.4870","0.8502","-0.0002"
"","392.5870","0.8402","-0.0002"
"","392.6870","0.8304","-0.0002"
"","392.7870","0.8203","-0.0002"
"","392.8870","0.8102","-0.0002"
"","392.9870","0.8004","-0.0002"
"","393.0870","0.7903","-0.0002"
"","393.1870","0.7803","-0.0002"
"","393.2870","0.7702","-0.0002"
"","393.3870","0.7604","-0.0002"
"","393.4870","0.7501","-0.0002"
"","393.5870","0.7401","-0.0002"
"","393.6870","0.7303","-0.0002"
"","393.7870","0.7205","-0.0002"
"","393.8870","0.7102","-0.0002"
"","393.9870","0.7001","-0.0002"
"","394.0870","0.6905","-0.0002"
"","394.1870","0.6803","-0.0002"
"","394.2870","0.6702","-0.0002"
"","394.3870","0.6601","-0.0002"
"","394.4870","0.6505","-0.0002"
"","394.5870","0.6402","-0.0002"
"","394.6870","0.6301","-0.0002"
"","394.7870","0.6203","-0.0002"
"","394.8870","0.6104","-0.0002"
"","394.9870","0.6003","-0.0002"
"","395.0870","0.5902","-0.0003"
"","395.1870","0.5804","-0.0003"
"","395.2870","0.5702","-0.0002"
"","395.3870","0.5602","-0.0002"
"","395.4870","0.5503","-0.0002"
"","395.5870","0.5402","-0.0002"
"","395.6870","0.5303","-0.0002"
"","395.7870","0.5202","-0.0002"
"","395.8870","0.5104","-0.0002"
"","395.9870","0.5001","-0.0002"
"","396.0870","0.4902","-0.0002"
"","396.1870","0.4804","-0.0002"
"","396.2870","0.4704","-0.0002"
"","396.3870","0.4602","-0.0003"
"","396.4870","0.4502","-0.0002"
"","396.5870","0.4405","-0.0003"
"","396.6870","0.4302","-0.0002"
"","396.7870","0.4201","-0.0003"
"","396.8870","0.4102","-0.0003"
"","396.9870","0.4005","-0.0003"
"","397.0870","0.3902","-0.0003"
"","397.1870","0.3802","-0.0003"
"","397.2870","0.3703","-0.0003"
"","397.3870","0.3603","-0.0003"
"","397.4870","0.3502","-0.0003"
"","397.5870","0.3402","-0.0003"
"","397.6870","0.3304","-0.0003"
"","397.7870","0.3202","-0.0003"
"","397.8870","0.3102","-0.0003"
"","397.9870","0.3004","-0.0003"
"","398.0870","0.2902","-0.0003"
"","398.1870","0.2802","-0.0003"
"","398.2870","0.2702","-0.0003"
"","398.3870","0.2604","-0.0003"
"","398.4870","0.2501","-0.0003"
"","398.5870","0.2402","-0.0003"
"","398.6870","0.2304","-0.0003"
"","398.7870","0.2205","-0.0003"
"","398.8870","0.2102","-0.0003"
"","398.9870","0.2002","-0.0003"
"","399.0870","0.1905","-0.0003"
"","399.1870","0.1803","-0.0003"
"","399.2870","0.1701","-0.0003"
"","399.3870","0.1602","-0.0003"
"","399.4870","0.1506","-0.0003"
"","399.5870","0.1403","-0.0003"
"","399.6870","0.1302","-0.0003"
"","399.7870","0.1203","-0.0003"
"","399.8870","0.1104","-0.0003"
"","399.9870","0.1002","-0.0003"
"","400.0870","0.0902","-0.0003"
"","400.1870","0.0804","-0.0003"
"","400.2870","0.0703","-0.0003"
"","400.3870","0.0602","-0.0003"
"","400.4870","0.0503","-0.0003"
"","400.5870","0.0403","-0.0003"
"","400.6870","0.0303","-0.0003"
"","400.7870","0.0202","-0.0003"
"","400.8870","0.0104","-0.0003"
"","400.9870","0.0001","-0.0003"
"","400.9890","-0.0001","-0.0003"

