1,Time,Displacement,Force
,(s),(mm),(kN)
"","0.0000","0.0000","0.0000"
"","0.1000","0.0038","0.0000"
"","0.2000","0.0123","0.0000"
"","0.3000","0.0243","0.0001"
"","0.4000","0.0345","0.0001"
"","0.5000","0.0443","0.0002"
"","0.6000","0.0543","0.0002"
"","0.7000","0.0645","0.0002"
"","0.8000","0.0745","0.0002"
"","0.9000","0.0841","0.0002"
"","1.0000","0.0944","0.0002"
"","1.1000","0.1045","0.0003"
"","1.2000","0.1145","0.0003"
"","1.3000","0.1243","0.0003"
"","1.4000","0.1344","0.0003"
"","1.5000","0.1445","0.0003"
"","1.6000","0.1542","0.0004"
"","1.7000","0.1644","0.0004"
"","1.8000","0.1744","0.0004"
"","1.9000","0.1844","0.0004"
"","2.0000","0.1943","0.0005"
"","2.1000","0.2045","0.0005"
"","2.2000","0.2144","0.0005"
"","2.3000","0.2242","0.0005"
"","2.4000","0.2345","0.0005"
"","2.5000","0.2444","0.0006"
"","2.6000","0.2544","0.0006"
"","2.7000","0.2641","0.0006"
"","2.8000","0.2743","0.0006"
"","2.9000","0.2843","0.0007"
"","3.0000","0.2942","0.0007"
"","3.1000","0.3044","0.0007"
"","3.2000","0.3145","0.0007"
"","3.3000","0.3246","0.0007"
"","3.4000","0.3341","0.0008"
"","3.5000","0.3443","0.0008"
"","3.6000","0.3545","0.0008"
"","3.7000","0.3645","0.0008"
"","3.8000","0.3743","0.0009"
"","3.9000","0.3844","0.0009"
"","4.0000","0.3945","0.0009"
"","4.1000","0.4044","0.0010"
"","4.2000","0.4143","0.0010"
"","4.3000","0.4244","0.0010"
"","4.4000","0.4343","0.0010"
"","4.5000","0.4444","0.0010"
"","4.6000","0.4544","0.0010"
"","4.7000","0.4644","0.0011"
"","4.8000","0.4742","0.0011"
"","4.9000","0.4846","0.0011"
"","5.0000","0.4944","0.0011"
"","5.1000","0.5044","0.0012"
"","5.2000","0.5142","0.0012"
"","5.3000","0.5245","0.0012"
"","5.4000","0.5344","0.0013"
"","5.5000","0.5443","0.0013"
"","5.6000","0.5545","0.0013"
"","5.7000","0.5645","0.0013"
"","5.8000","0.5746","0.0014"
"","5.9000","0.5841","0.0014"
"","6.0000","0.5944","0.0014"
"","6.1000","0.6044","0.0014"
"","6.2000","0.6145","0.0014"
"","6.3000","0.6243","0.0015"
"","6.4000","0.6345","0.0015"
"","6.5000","0.6445","0.0015"
"","6.6000","0.6543","0.0016"
"","6.7000","0.6645","0.0016"
"","6.8000","0.6744","0.0016"
"","6.9000","0.6844","0.0017"
"","7.0000","0.6943","0.0017"
"","7.1000","0.7044","0.0017"
"","7.2000","0.7145","0.0018"
"","7.3000","0.7242","0.0018"
"","7.4000","0.7345","0.0018"
"","7.5000","0.7444","0.0019"
"","7.6000","0.7544","0.0019"
"","7.7000","0.7642","0.0019"
"","7.8000","0.7744","0.0019"
"","7.9000","0.7845","0.0020"
"","8.0000","0.7943","0.0020"
"","8.1000","0.8043","0.0020"
"","8.2000","0.8145","0.0021"
"","8.3000","0.8245","0.0020"
"","8.4000","0.8341","0.0022"
"","8.5000","0.8443","0.0022"
"","8.6000","0.8544","0.0022"
"","8.7000","0.8645","0.0022"
"","8.8000","0.8743","0.0023"
"","8.9000","0.8844","0.0023"
"","9.0000","0.8945","0.0023"
"","9.1000","0.9042","0.0025"
"","9.2000","0.9144","0.0024"
"","9.3000","0.9244","0.0025"
"","9.4000","0.9344","0.0025"
"","9.5000","0.9443","0.0026"
"","9.6000","0.9545","0.0026"
"","9.7000","0.9644","0.0027"
"","9.8000","0.9742","0.0027"
"","9.9000","0.9845","0.0027"
"","10.0000","0.9944","0.0029"
"","10.1000","1.0044","0.0028"
"","10.2000","1.0141","0.0029"
"","10.3000","1.0245","0.0029"
"","10.4000","1.0345","0.0030"
"","10.5000","1.0443","0.0031"
"","10.6000","1.0544","0.0032"
"","10.7000","1.0645","0.0031"
"","10.8000","1.0746","0.0032"
"","10.9000","1.0841","0.0033"
"","11.0000","1.0943","0.0033"
"","11.1000","1.1044","0.0034"
"","11.2000","1.1144","0.0035"
"","11.3000","1.1243","0.0035"
"","11.4000","1.1344","0.0036"
"","11.5000","1.1445","0.0037"
"","11.6000","1.1544","0.0037"
"","11.7000","1.1644","0.0038"
"","11.8000","1.1744","0.0039"
"","11.9000","1.1843","0.0039"
"","12.0000","1.1944","0.0040"
"","12.1000","1.2044","0.0041"
"","12.2000","1.2144","0.0042"
"","12.3000","1.2242","0.0042"
"","12.4000","1.2346","0.0043"
"","12.5000","1.2445","0.0044"
"","12.6000","1.2544","0.0045"
"","12.7000","1.2642","0.0046"
"","12.8000","1.2745","0.0047"
"","12.9000","1.2845","0.0047"
"","13.0000","1.2943","0.0048"
"","13.1000","1.3044","0.0049"
"","13.2000","1.3145","0.0050"
"","13.3000","1.3246","0.0051"
"","13.4000","1.3341","0.0052"
"","13.5000","1.3444","0.0052"
"","13.6000","1.3544","0.0053"
"","13.7000","1.3644","0.0054"
"","13.8000","1.3744","0.0055"
"","13.9000","1.3845","0.0056"
"","14.0000","1.3944","0.0057"
"","14.1000","1.4042","0.0058"
"","14.2000","1.4145","0.0060"
"","14.3000","1.4244","0.0060"
"","14.4000","1.4344","0.0061"
"","14.5000","1.4443","0.0063"
"","14.6000","1.4545","0.0063"
"","14.7000","1.4644","0.0065"
"","14.8000","1.4742","0.0066"
"","14.9000","1.4845","0.0067"
"","15.0000","1.4945","0.0068"
"","15.1000","1.5044","0.0068"
"","15.2000","1.5141","0.0069"
"","15.3000","1.5244","0.0071"
"","15.4000","1.5345","0.0072"
"","15.5000","1.5443","0.0073"
"","15.6000","1.5543","0.0074"
"","15.7000","1.5645","0.0076"
"","15.8000","1.5745","0.0077"
"","15.9000","1.5841","0.0078"
"","16.0000","1.5944","0.0079"
"","16.1000","1.6045","0.0081"
"","16.2000","1.6144","0.0082"
"","16.3000","1.6243","0.0083"
"","16.4000","1.6345","0.0085"
"","16.5000","1.6445","0.0086"
"","16.6000","1.6541","0.0087"
"","16.7000","1.6645","0.0089"
"","16.8000","1.6744","0.0090"
"","16.9000","1.6844","0.0091"
"","17.0000","1.6943","0.0093"
"","17.1000","1.7045","0.0094"
"","17.2000","1.7145","0.0096"
"","17.3000","1.7242","0.0097"
"","17.4000","1.7345","0.0099"
"","17.5000","1.7444","0.0100"
"","17.6000","1.7544","0.0102"
"","17.7000","1.7642","0.0104"
"","17.8000","1.7745","0.0105"
"","17.9000","1.7845","0.0107"
"","18.0000","1.7943","0.0109"
"","18.1000","1.8044","0.0110"
"","18.2000","1.8145","0.0112"
"","18.3000","1.8245","0.0114"
"","18.4000","1.8341","0.0116"
"","18.5000","1.8443","0.0118"
"","18.6000","1.8544","0.0120"
"","18.7000","1.8644","0.0123"
"","18.8000","1.8744","0.0124"
"","18.9000","1.8845","0.0127"
"","19.0000","1.8945","0.0129"
"","19.1000","1.9043","0.0131"
"","19.2000","1.9144","0.0133"
"","19.3000","1.9243","0.0136"
"","19.4000","1.9343","0.0138"
"","19.5000","1.9443","0.0141"
"","19.6000","1.9545","0.0143"
"","19.7000","1.9643","0.0146"
"","19.8000","1.9742","0.0149"
"","19.9000","1.9846","0.0151"
"","20.0000","1.9945","0.0154"
"","20.1000","2.0043","0.0157"
"","20.2000","2.0141","0.0160"
"","20.3000","2.0245","0.0164"
"","20.4000","2.0345","0.0166"
"","20.5000","2.0443","0.0170"
"","20.6000","2.0544","0.0173"
"","20.7000","2.0645","0.0176"
"","20.8000","2.0746","0.0179"
"","20.9000","2.0840","0.0183"
"","21.0000","2.0944","0.0186"
"","21.1000","2.1044","0.0190"
"","21.2000","2.1145","0.0194"
"","21.3000","2.1243","0.0197"
"","21.4000","2.1344","0.0201"
"","21.5000","2.1444","0.0205"
"","21.6000","2.1542","0.0209"
"","21.7000","2.1645","0.0213"
"","21.8000","2.1744","0.0217"
"","21.9000","2.1844","0.0222"
"","22.0000","2.1943","0.0226"
"","22.1000","2.2045","0.0230"
"","22.2000","2.2144","0.0235"
"","22.3000","2.2241","0.0239"
"","22.4000","2.2345","0.0244"
"","22.5000","2.2445","0.0249"
"","22.6000","2.2544","0.0254"
"","22.7000","2.2642","0.0259"
"","22.8000","2.2744","0.0264"
"","22.9000","2.2845","0.0269"
"","23.0000","2.2942","0.0274"
"","23.1000","2.3043","0.0280"
"","23.2000","2.3145","0.0285"
"","23.3000","2.3246","0.0290"
"","23.4000","2.3340","0.0295"
"","23.5000","2.3443","0.0301"
"","23.6000","2.3544","0.0307"
"","23.7000","2.3645","0.0313"
"","23.8000","2.3743","0.0318"
"","23.9000","2.3844","0.0325"
"","24.0000","2.3945","0.0330"
"","24.1000","2.4042","0.0336"
"","24.2000","2.4144","0.0343"
"","24.3000","2.4244","0.0349"
"","24.4000","2.4344","0.0354"
"","24.5000","2.4443","0.0359"
"","24.6000","2.4545","0.0362"
"","24.7000","2.4643","0.0364"
"","24.8000","2.4741","0.0365"
"","24.9000","2.4845","0.0366"
"","25.0000","2.4945","0.0366"
"","25.1000","2.5044","0.0366"
"","25.2000","2.5141","0.0366"
"","25.3000","2.5244","0.0365"
"","25.4000","2.5345","0.0365"
"","25.5000","2.5443","0.0365"
"","25.6000","2.5544","0.0364"
"","25.7000","2.5645","0.0364"
"","25.8000","2.5746","0.0365"
"","25.9000","2.5840","0.0365"
"","26.0000","2.5943","0.0365"
"","26.1000","2.6044","0.0366"
"","26.2000","2.6145","0.0365"
"","26.3000","2.6243","0.0364"
"","26.4000","2.6344","0.0363"
"","26.5000","2.6445","0.0364"
"","26.6000","2.6543","0.0370"
"","26.7000","2.6644","0.0380"
"","26.8000","2.6743","0.0388"
"","26.9000","2.6843","0.0397"
"","27.0000","2.6944","0.0405"
"","27.1000","2.7044","0.0413"
"","27.2000","2.7144","0.0421"
"","27.3000","2.7242","0.0428"
"","27.4000","2.7345","0.0436"
"","27.5000","2.7446","0.0444"
"","27.6000","2.7544","0.0451"
"","27.7000","2.7641","0.0459"
"","27.8000","2.7744","0.0467"
"","27.9000","2.7844","0.0474"
"","28.0000","2.7942","0.0482"
"","28.1000","2.8044","0.0490"
"","28.2000","2.8145","0.0498"
"","28.3000","2.8246","0.0506"
"","28.4000","2.8340","0.0513"
"","28.5000","2.8444","0.0522"
"","28.6000","2.8544","0.0530"
"","28.7000","2.8645","0.0538"
"","28.8000","2.8743","0.0546"
"","28.9000","2.8844","0.0554"
"","29.0000","2.8944","0.0562"
"","29.1000","2.9042","0.0570"
"","29.2000","2.9145","0.0579"
"","29.3000","2.9244","0.0587"
"","29.4000","2.9344","0.0596"
"","29.5000","2.9444","0.0604"
"","29.6000","2.9544","0.0612"
"","29.7000","2.9644","0.0621"
"","29.8000","2.9742","0.0629"
"","29.9000","2.9845","0.0638"
"","30.0000","2.9945","0.0647"
"","30.1000","3.0044","0.0655"
"","30.2000","3.0142","0.0664"
"","30.3000","3.0244","0.0673"
"","30.4000","3.0345","0.0682"
"","30.5000","3.0443","0.0691"
"","30.6000","3.0543","0.0700"
"","30.7000","3.0645","0.0709"
"","30.8000","3.0745","0.0718"
"","30.9000","3.0840","0.0726"
"","31.0000","3.0943","0.0736"
"","31.1000","3.1045","0.0746"
"","31.2000","3.1145","0.0755"
"","31.3000","3.1243","0.0764"
"","31.4000","3.1344","0.0773"
"","31.5000","3.1444","0.0783"
"","31.6000","3.1542","0.0792"
"","31.7000","3.1644","0.0801"
"","31.8000","3.1744","0.0811"
"","31.9000","3.1844","0.0820"
"","32.0000","3.1943","0.0830"
"","32.1000","3.2045","0.0839"
"","32.2000","3.2144","0.0849"
"","32.3000","3.2242","0.0858"
"","32.4000","3.2345","0.0868"
"","32.5000","3.2444","0.0877"
"","32.6000","3.2544","0.0887"
"","32.7000","3.2641","0.0896"
"","32.8000","3.2745","0.0906"
"","32.9000","3.2845","0.0916"
"","33.0000","3.2943","0.0925"
"","33.1000","3.3044","0.0935"
"","33.2000","3.3145","0.0945"
"","33.3000","3.3246","0.0955"
"","33.4000","3.3340","0.0964"
"","33.5000","3.3443","0.0975"
"","33.6000","3.3544","0.0985"
"","33.7000","3.3645","0.0995"
"","33.8000","3.3743","0.1004"
"","33.9000","3.3845","0.1015"
"","34.0000","3.3945","0.1024"
"","34.1000","3.4043","0.1034"
"","34.2000","3.4144","0.1044"
"","34.3000","3.4243","0.1054"
"","34.4000","3.4343","0.1063"
"","34.5000","3.4444","0.1073"
"","34.6000","3.4544","0.1083"
"","34.7000","3.4643","0.1092"
"","34.8000","3.4742","0.1102"
"","34.9000","3.4845","0.1113"
"","35.0000","3.4944","0.1123"
"","35.1000","3.5044","0.1132"
"","35.2000","3.5142","0.1142"
"","35.3000","3.5245","0.1152"
"","35.4000","3.5344","0.1161"
"","35.5000","3.5444","0.1171"
"","35.6000","3.5545","0.1182"
"","35.7000","3.5644","0.1191"
"","35.8000","3.5745","0.1202"
"","35.9000","3.5840","0.1211"
"","36.0000","3.5945","0.1222"
"","36.1000","3.6045","0.1232"
"","36.2000","3.6144","0.1242"
"","36.3000","3.6243","0.1252"
"","36.4000","3.6344","0.1262"
"","36.5000","3.6445","0.1273"
"","36.6000","3.6542","0.1282"
"","36.7000","3.6644","0.1293"
"","36.8000","3.6744","0.1302"
"","36.9000","3.6845","0.1312"
"","37.0000","3.6943","0.1322"
"","37.1000","3.7045","0.1333"
"","37.2000","3.7145","0.1343"
"","37.3000","3.7242","0.1352"
"","37.4000","3.7345","0.1363"
"","37.5000","3.7444","0.1373"
"","37.6000","3.7544","0.1383"
"","37.7000","3.7642","0.1392"
"","37.8000","3.7745","0.1403"
"","37.9000","3.7845","0.1411"
"","38.0000","3.7942","0.1420"
"","38.1000","3.8043","0.1430"
"","38.2000","3.8145","0.1440"
"","38.3000","3.8245","0.1448"
"","38.4000","3.8339","0.1457"
"","38.5000","3.8443","0.1467"
"","38.6000","3.8545","0.1477"
"","38.7000","3.8644","0.1485"
"","38.8000","3.8743","0.1494"
"","38.9000","3.8845","0.1504"
"","39.0000","3.8945","0.1513"
"","39.1000","3.9042","0.1521"
"","39.2000","3.9144","0.1531"
"","39.3000","3.9245","0.1540"
"","39.4000","3.9345","0.1549"
"","39.5000","3.9444","0.1549"
"","39.6000","3.9545","0.1556"
"","39.7000","3.9645","0.1563"
"","39.8000","3.9742","0.1572"
"","39.9000","3.9845","0.1581"
"","40.0000","3.9945","0.1590"
"","40.0560","4.0000","0.1595"
"","40.0570","4.0001","0.1595"
"","40.0580","4.0002","0.1596"
"","40.1580","4.0006","0.1580"
"","40.2580","3.9932","0.1546"
"","40.3580","3.9810","0.1502"
"","40.4580","3.9709","0.1467"
"","40.5580","3.9608","0.1433"
"","40.6580","3.9508","0.1401"
"","40.7580","3.9406","0.1369"
"","40.8580","3.9309","0.1340"
"","40.9580","3.9206","0.1309"
"","41.0580","3.9106","0.1280"
"","41.1580","3.9006","0.1252"
"","41.2580","3.8908","0.1225"
"","41.3580","3.8807","0.1196"
"","41.4580","3.8706","0.1169"
"","41.5580","3.8607","0.1143"
"","41.6580","3.8506","0.1117"
"","41.7580","3.8406","0.1091"
"","41.8580","3.8306","0.1066"
"","41.9580","3.8208","0.1041"
"","42.0580","3.8106","0.1017"
"","42.1580","3.8006","0.0993"
"","42.2580","3.7908","0.0970"
"","42.3580","3.7806","0.0946"
"","42.4580","3.7706","0.0924"
"","42.5580","3.7607","0.0902"
"","42.6580","3.7508","0.0881"
"","42.7580","3.7405","0.0859"
"","42.8580","3.7306","0.0838"
"","42.9580","3.7207","0.0818"
"","43.0580","3.7107","0.0797"
"","43.1580","3.7006","0.0778"
"","43.2580","3.6906","0.0759"
"","43.3580","3.6809","0.0740"
"","43.4580","3.6706","0.0721"
"","43.5580","3.6605","0.0703"
"","43.6580","3.6506","0.0685"
"","43.7580","3.6408","0.0667"
"","43.8580","3.6307","0.0650"
"","43.9580","3.6206","0.0633"
"","44.0580","3.6108","0.0617"
"","44.1580","3.6006","0.0601"
"","44.2580","3.5906","0.0585"
"","44.3580","3.5806","0.0569"
"","44.4580","3.5708","0.0554"
"","44.5580","3.5606","0.0540"
"","44.6580","3.5506","0.0525"
"","44.7580","3.5408","0.0511"
"","44.8580","3.5306","0.0497"
"","44.9580","3.5205","0.0483"
"","45.0580","3.5107","0.0470"
"","45.1580","3.5009","0.0458"
"","45.2580","3.4906","0.0444"
"","45.3580","3.4805","0.0432"
"","45.4580","3.4707","0.0420"
"","45.5580","3.4608","0.0408"
"","45.6580","3.4506","0.0396"
"","45.7580","3.4405","0.0386"
"","45.8580","3.4309","0.0376"
"","45.9580","3.4206","0.0366"
"","46.0580","3.4106","0.0358"
"","46.1580","3.4005","0.0349"
"","46.2580","3.3908","0.0340"
"","46.3580","3.3807","0.0332"
"","46.4580","3.3706","0.0324"
"","46.5580","3.3607","0.0321"
"","46.6580","3.3506","0.0319"
"","46.7580","3.3406","0.0318"
"","46.8580","3.3306","0.0318"
"","46.9580","3.3208","0.0317"
"","47.0580","3.3106","0.0317"
"","47.1580","3.3006","0.0317"
"","47.2580","3.2907","0.0317"
"","47.3580","3.2806","0.0317"
"","47.4580","3.2705","0.0317"
"","47.5580","3.2607","0.0316"
"","47.6580","3.2509","0.0316"
"","47.7580","3.2406","0.0316"
"","47.8580","3.2304","0.0316"
"","47.9580","3.2208","0.0316"
"","48.0580","3.2108","0.0316"
"","48.1580","3.2006","0.0316"
"","48.2580","3.1904","0.0315"
"","48.3580","3.1808","0.0315"
"","48.4580","3.1706","0.0312"
"","48.5580","3.1606","0.0309"
"","48.6580","3.1506","0.0299"
"","48.7580","3.1408","0.0289"
"","48.8580","3.1307","0.0280"
"","48.9580","3.1207","0.0271"
"","49.0580","3.1108","0.0263"
"","49.1580","3.1005","0.0255"
"","49.2580","3.0906","0.0248"
"","49.3580","3.0806","0.0241"
"","49.4580","3.0708","0.0236"
"","49.5580","3.0605","0.0230"
"","49.6580","3.0507","0.0224"
"","49.7580","3.0409","0.0218"
"","49.8580","3.0306","0.0213"
"","49.9580","3.0205","0.0207"
"","50.0580","3.0108","0.0202"
"","50.1580","3.0008","0.0197"
"","50.2580","2.9905","0.0192"
"","50.3580","2.9804","0.0187"
"","50.4580","2.9707","0.0182"
"","50.5580","2.9608","0.0178"
"","50.6580","2.9506","0.0174"
"","50.7580","2.9405","0.0170"
"","50.8580","2.9309","0.0166"
"","50.9580","2.9206","0.0163"
"","51.0580","2.9105","0.0160"
"","51.1580","2.9005","0.0156"
"","51.2580","2.8908","0.0152"
"","51.3580","2.8807","0.0149"
"","51.4580","2.8706","0.0147"
"","51.5580","2.8608","0.0144"
"","51.6580","2.8505","0.0140"
"","51.7580","2.8406","0.0138"
"","51.8580","2.8307","0.0135"
"","51.9580","2.8208","0.0132"
"","52.0580","2.8105","0.0130"
"","52.1580","2.8006","0.0127"
"","52.2580","2.7908","0.0125"
"","52.3580","2.7806","0.0122"
"","52.4580","2.7706","0.0120"
"","52.5580","2.7607","0.0118"
"","52.6580","2.7510","0.0115"
"","52.7580","2.7405","0.0113"
"","52.8580","2.7304","0.0111"
"","52.9580","2.7207","0.0109"
"","53.0580","2.7108","0.0107"
"","53.1580","2.7007","0.0104"
"","53.2580","2.6905","0.0102"
"","53.3580","2.6809","0.0100"
"","53.4580","2.6707","0.0098"
"","53.5580","2.6606","0.0097"
"","53.6580","2.6505","0.0095"
"","53.7580","2.6409","0.0093"
"","53.8580","2.6307","0.0091"
"","53.9580","2.6206","0.0089"
"","54.0580","2.6107","0.0088"
"","54.1580","2.6006","0.0087"
"","54.2580","2.5906","0.0085"
"","54.3580","2.5806","0.0083"
"","54.4580","2.5708","0.0082"
"","54.5580","2.5606","0.0080"
"","54.6580","2.5506","0.0079"
"","54.7580","2.5407","0.0077"
"","54.8580","2.5306","0.0076"
"","54.9580","2.5205","0.0074"
"","55.0580","2.5107","0.0073"
"","55.1580","2.5009","0.0072"
"","55.2580","2.4906","0.0070"
"","55.3580","2.4804","0.0069"
"","55.4580","2.4708","0.0068"
"","55.5580","2.4608","0.0067"
"","55.6580","2.4506","0.0065"
"","55.7580","2.4404","0.0064"
"","55.8580","2.4309","0.0063"
"","55.9580","2.4206","0.0062"
"","56.0580","2.4106","0.0061"
"","56.1580","2.4005","0.0060"
"","56.2580","2.3908","0.0059"
"","56.3580","2.3807","0.0058"
"","56.4580","2.3706","0.0057"
"","56.5580","2.3607","0.0055"
"","56.6580","2.3505","0.0054"
"","56.7580","2.3406","0.0053"
"","56.8580","2.3306","0.0052"
"","56.9580","2.3207","0.0052"
"","57.0580","2.3106","0.0051"
"","57.1580","2.3006","0.0050"
"","57.2580","2.2908","0.0049"
"","57.3580","2.2806","0.0048"
"","57.4580","2.2706","0.0047"
"","57.5580","2.2607","0.0046"
"","57.6580","2.2508","0.0046"
"","57.7580","2.2405","0.0045"
"","57.8580","2.2304","0.0044"
"","57.9580","2.2207","0.0043"
"","58.0580","2.2108","0.0043"
"","58.1580","2.2006","0.0042"
"","58.2580","2.1905","0.0041"
"","58.3580","2.1809","0.0041"
"","58.4580","2.1706","0.0040"
"","58.5580","2.1605","0.0039"
"","58.6580","2.1505","0.0039"
"","58.7580","2.1408","0.0038"
"","58.8580","2.1307","0.0037"
"","58.9580","2.1206","0.0037"
"","59.0580","2.1108","0.0036"
"","59.1580","2.1005","0.0035"
"","59.2580","2.0906","0.0035"
"","59.3580","2.0807","0.0034"
"","59.4580","2.0708","0.0034"
"","59.5580","2.0605","0.0033"
"","59.6580","2.0506","0.0032"
"","59.7580","2.0408","0.0032"
"","59.8580","2.0306","0.0031"
"","59.9580","2.0205","0.0031"
"","60.0580","2.0107","0.0030"
"","60.1580","2.0010","0.0030"
"","60.2580","1.9905","0.0029"
"","60.3580","1.9804","0.0029"
"","60.4580","1.9707","0.0028"
"","60.5580","1.9608","0.0028"
"","60.6580","1.9506","0.0027"
"","60.7580","1.9405","0.0027"
"","60.8580","1.9308","0.0026"
"","60.9580","1.9207","0.0026"
"","61.0580","1.9105","0.0025"
"","61.1580","1.9006","0.0025"
"","61.2580","1.8908","0.0024"
"","61.3580","1.8807","0.0024"
"","61.4580","1.8705","0.0024"
"","61.5580","1.8608","0.0023"
"","61.6580","1.8505","0.0023"
"","61.7580","1.8406","0.0022"
"","61.8580","1.8306","0.0022"
"","61.9580","1.8209","0.0021"
"","62.0580","1.8106","0.0021"
"","62.1580","1.8006","0.0020"
"","62.2580","1.7907","0.0020"
"","62.3580","1.7806","0.0020"
"","62.4580","1.7706","0.0019"
"","62.5580","1.7606","0.0019"
"","62.6580","1.7508","0.0019"
"","62.7580","1.7406","0.0018"
"","62.8580","1.7305","0.0018"
"","62.9580","1.7207","0.0018"
"","63.0580","1.7108","0.0017"
"","63.1580","1.7006","0.0017"
"","63.2580","1.6905","0.0017"
"","63.3580","1.6808","0.0017"
"","63.4580","1.6706","0.0016"
"","63.5580","1.6606","0.0016"
"","63.6580","1.6506","0.0016"
"","63.7580","1.6408","0.0015"
"","63.8580","1.6307","0.0015"
"","63.9580","1.6206","0.0015"
"","64.0580","1.6108","0.0015"
"","64.1580","1.6005","0.0014"
"","64.2580","1.5906","0.0014"
"","64.3580","1.5806","0.0014"
"","64.4580","1.5708","0.0014"
"","64.5580","1.5605","0.0013"
"","64.6580","1.5506","0.0013"
"","64.7580","1.5408","0.0013"
"","64.8580","1.5306","0.0012"
"","64.9580","1.5205","0.0012"
"","65.0580","1.5108","0.0012"
"","65.1580","1.5008","0.0012"
"","65.2580","1.4905","0.0011"
"","65.3580","1.4805","0.0011"
"","65.4580","1.4707","0.0011"
"","65.5580","1.4607","0.0011"
"","65.6580","1.4506","0.0010"
"","65.7580","1.4405","0.0010"
"","65.8580","1.4309","0.0010"
"","65.9580","1.4206","0.0010"
"","66.0580","1.4104","0.0010"
"","66.1580","1.4006","0.0010"
"","66.2580","1.3908","0.0009"
"","66.3580","1.3807","0.0009"
"","66.4580","1.3705","0.0009"
"","66.5580","1.3608","0.0009"
"","66.6580","1.3506","0.0009"
"","66.7580","1.3406","0.0008"
"","66.8580","1.3306","0.0008"
"","66.9580","1.3208","0.0008"
"","67.0580","1.3105","0.0008"
"","67.1580","1.3006","0.0008"
"","67.2580","1.2908","0.0007"
"","67.3580","1.2806","0.0007"
"","67.4580","1.2705","0.0007"
"","67.5580","1.2607","0.0007"
"","67.6580","1.2510","0.0007"
"","67.7580","1.2405","0.0007"
"","67.8580","1.2304","0.0006"
"","67.9580","1.2207","0.0006"
"","68.0580","1.2108","0.0006"
"","68.1580","1.2006","0.0006"
"","68.2580","1.1905","0.0006"
"","68.3580","1.1809","0.0005"
"","68.4580","1.1707","0.0005"
"","68.5580","1.1605","0.0005"
"","68.6580","1.1505","0.0005"
"","68.7580","1.1408","0.0005"
"","68.8580","1.1307","0.0005"
"","68.9580","1.1206","0.0005"
"","69.0580","1.1107","0.0004"
"","69.1580","1.1007","0.0004"
"","69.2580","1.0906","0.0004"
"","69.3580","1.0806","0.0004"
"","69.4580","1.0708","0.0004"
"","69.5580","1.0606","0.0003"
"","69.6580","1.0506","0.0003"
"","69.7580","1.0407","0.0003"
"","69.8580","1.0305","0.0003"
"","69.9580","1.0205","0.0003"
"","70.0580","1.0106","0.0003"
"","70.1580","1.0009","0.0003"
"","70.2580","0.9906","0.0002"
"","70.3580","0.9804","0.0002"
"","70.4580","0.9708","0.0002"
"","70.5580","0.9608","0.0002"
"","70.6580","0.9506","0.0002"
"","70.7580","0.9404","0.0002"
"","70.8580","0.9309","0.0002"
"","70.9580","0.9206","0.0001"
"","71.0580","0.9106","0.0001"
"","71.1580","0.9005","0.0001"
"","71.2580","0.8909","0.0001"
"","71.3580","0.8807","0.0001"
"","71.4580","0.8706","0.0001"
"","71.5580","0.8607","0.0001"
"","71.6580","0.8506","0.0001"
"","71.7580","0.8406","0.0000"
"","71.8580","0.8306","0.0000"
"","71.9580","0.8207","0.0000"
"","72.0580","0.8105","0.0000"
"","72.1580","0.8006","0.0000"
"","72.2580","0.7908","0.0000"
"","72.3580","0.7806","0.0000"
"","72.4580","0.7706","0.0000"
"","72.5580","0.7607","-0.0001"
"","72.6580","0.7508","-0.0001"
"","72.7580","0.7405","-0.0001"
"","72.8580","0.7305","-0.0001"
"","72.9580","0.7207","-0.0001"
"","73.0580","0.7107","-0.0001"
"","73.1580","0.7006","-0.0001"
"","73.2580","0.6905","-0.0001"
"","73.3580","0.6809","-0.0001"
"","73.4580","0.6706","-0.0001"
"","73.5580","0.6604","-0.0002"
"","73.6580","0.6505","-0.0002"
"","73.7580","0.6408","-0.0002"
"","73.8580","0.6307","-0.0002"
"","73.9580","0.6206","-0.0002"
"","74.0580","0.6108","-0.0002"
"","74.1580","0.6006","-0.0002"
"","74.2580","0.5906","-0.0002"
"","74.3580","0.5806","-0.0003"
"","74.4580","0.5708","-0.0002"
"","74.5580","0.5606","-0.0003"
"","74.6580","0.5506","-0.0003"
"","74.7580","0.5408","-0.0003"
"","74.8580","0.5305","-0.0003"
"","74.9580","0.5205","-0.0003"
"","75.0580","0.5107","-0.0003"
"","75.1580","0.5010","-0.0003"
"","75.2580","0.4905","-0.0003"
"","75.3580","0.4805","-0.0003"
"","75.4580","0.4707","-0.0003"
"","75.5580","0.4608","-0.0004"
"","75.6580","0.4506","-0.0004"
"","75.7580","0.4405","-0.0004"
"","75.8580","0.4309","-0.0004"
"","75.9580","0.4207","-0.0004"
"","76.0580","0.4106","-0.0004"
"","76.1580","0.4005","-0.0004"
"","76.2580","0.3909","-0.0004"
"","76.3580","0.3807","-0.0004"
"","76.4580","0.3706","-0.0004"
"","76.5580","0.3607","-0.0004"
"","76.6580","0.3506","-0.0005"
"","76.7580","0.3406","-0.0004"
"","76.8580","0.3306","-0.0005"
"","76.9580","0.3208","-0.0005"
"","77.0580","0.3106","-0.0005"
"","77.1580","0.3006","-0.0005"
"","77.2580","0.2907","-0.0005"
"","77.3580","0.2807","-0.0005"
"","77.4580","0.2708","-0.0005"
"","77.5580","0.2608","-0.0005"
"","77.6580","0.2509","-0.0005"
"","77.7580","0.2405","-0.0005"
"","77.8580","0.2305","-0.0005"
"","77.9580","0.2208","-0.0006"
"","78.0580","0.2107","-0.0006"
"","78.1580","0.2006","-0.0006"
"","78.2580","0.1904","-0.0006"
"","78.3580","0.1808","-0.0006"
"","78.4580","0.1706","-0.0006"
"","78.5580","0.1605","-0.0006"
"","78.6580","0.1506","-0.0006"
"","78.7580","0.1409","-0.0006"
"","78.8580","0.1307","-0.0006"
"","78.9580","0.1206","-0.0006"
"","79.0580","0.1107","-0.0007"
"","79.1580","0.1005","-0.0007"
"","79.2580","0.0906","-0.0007"
"","79.3580","0.0806","-0.0007"
"","79.4580","0.0708","-0.0007"
"","79.5580","0.0605","-0.0007"
"","79.6580","0.0506","-0.0007"
"","79.7580","0.0408","-0.0007"
"","79.8580","0.0306","-0.0007"
"","79.9580","0.0206","-0.0007"
"","80.0580","0.0107","-0.0007"
"","80.1580","0.0008","-0.0007"
"","80.1660","0.0000","-0.0007"
"","80.1670","-0.0001","-0.0007"
"","80.1680","-0.0002","-0.0007"
"","80.2680","-0.0007","-0.0007"
"","80.3680","0.0069","-0.0007"
"","80.4680","0.0187","-0.0007"
"","80.5680","0.0293","-0.0007"
"","80.6680","0.0393","-0.0007"
"","80.7680","0.0490","-0.0007"
"","80.8680","0.0592","-0.0007"
"","80.9680","0.0695","-0.0006"
"","81.0680","0.0791","-0.0006"
"","81.1680","0.0891","-0.0006"
"","81.2680","0.0993","-0.0006"
"","81.3680","0.1095","-0.0006"
"","81.4680","0.1190","-0.0006"
"","81.5680","0.1292","-0.0006"
"","81.6680","0.1393","-0.0005"
"","81.7680","0.1492","-0.0005"
"","81.8680","0.1591","-0.0005"
"","81.9680","0.1692","-0.0005"
"","82.0680","0.1793","-0.0005"
"","82.1680","0.1891","-0.0005"
"","82.2680","0.1994","-0.0005"
"","82.3680","0.2092","-0.0005"
"","82.4680","0.2193","-0.0004"
"","82.5680","0.2290","-0.0004"
"","82.6680","0.2394","-0.0004"
"","82.7680","0.2493","-0.0004"
"","82.8680","0.2591","-0.0004"
"","82.9680","0.2692","-0.0004"
"","83.0680","0.2792","-0.0004"
"","83.1680","0.2891","-0.0004"
"","83.2680","0.2989","-0.0004"
"","83.3680","0.3093","-0.0003"
"","83.4680","0.3194","-0.0003"
"","83.5680","0.3292","-0.0003"
"","83.6680","0.3392","-0.0003"
"","83.7680","0.3493","-0.0003"
"","83.8680","0.3594","-0.0003"
"","83.9680","0.3691","-0.0003"
"","84.0680","0.3792","-0.0003"
"","84.1680","0.3893","-0.0002"
"","84.2680","0.3993","-0.0002"
"","84.3680","0.4092","-0.0002"
"","84.4680","0.4193","-0.0002"
"","84.5680","0.4293","-0.0002"
"","84.6680","0.4391","-0.0002"
"","84.7680","0.4493","-0.0002"
"","84.8680","0.4592","-0.0001"
"","84.9680","0.4692","-0.0001"
"","85.0680","0.4791","-0.0001"
"","85.1680","0.4894","-0.0001"
"","85.2680","0.4993","-0.0001"
"","85.3680","0.5091","-0.0001"
"","85.4680","0.5193","-0.0001"
"","85.5680","0.5293","-0.0001"
"","85.6680","0.5393","0.0000"
"","85.7680","0.5490","0.0000"
"","85.8680","0.5593","0.0000"
"","85.9680","0.5694","0.0000"
"","86.0680","0.5791","0.0000"
"","86.1680","0.5892","0.0000"
"","86.2680","0.5993","0.0001"
"","86.3680","0.6094","0.0001"
"","86.4680","0.6190","0.0001"
"","86.5680","0.6292","0.0001"
"","86.6680","0.6393","0.0001"
"","86.7680","0.6493","0.0001"
"","86.8680","0.6592","0.0002"
"","86.9680","0.6694","0.0002"
"","87.0680","0.6793","0.0002"
"","87.1680","0.6890","0.0002"
"","87.2680","0.6994","0.0002"
"","87.3680","0.7092","0.0002"
"","87.4680","0.7192","0.0002"
"","87.5680","0.7291","0.0002"
"","87.6680","0.7394","0.0003"
"","87.7680","0.7492","0.0003"
"","87.8680","0.7591","0.0003"
"","87.9680","0.7692","0.0003"
"","88.0680","0.7794","0.0004"
"","88.1680","0.7893","0.0004"
"","88.2680","0.7990","0.0004"
"","88.3680","0.8092","0.0004"
"","88.4680","0.8194","0.0004"
"","88.5680","0.8291","0.0004"
"","88.6680","0.8391","0.0005"
"","88.7680","0.8493","0.0005"
"","88.8680","0.8594","0.0005"
"","88.9680","0.8690","0.0005"
"","89.0680","0.8791","0.0005"
"","89.1680","0.8892","0.0006"
"","89.2680","0.8993","0.0006"
"","89.3680","0.9092","0.0006"
"","89.4680","0.9193","0.0006"
"","89.5680","0.9293","0.0006"
"","89.6680","0.9391","0.0007"
"","89.7680","0.9494","0.0007"
"","89.8680","0.9592","0.0007"
"","89.9680","0.9693","0.0007"
"","90.0680","0.9791","0.0008"
"","90.1680","0.9894","0.0007"
"","90.2680","0.9992","0.0008"
"","90.3680","1.0091","0.0008"
"","90.4680","1.0193","0.0008"
"","90.5680","1.0294","0.0009"
"","90.6680","1.0393","0.0009"
"","90.7680","1.0490","0.0009"
"","90.8680","1.0592","0.0009"
"","90.9680","1.0694","0.0010"
"","91.0680","1.0791","0.0010"
"","91.1680","1.0891","0.0010"
"","91.2680","1.0993","0.0010"
"","91.3680","1.1094","0.0010"
"","91.4680","1.1191","0.0011"
"","91.5680","1.1291","0.0011"
"","91.6680","1.1392","0.0011"
"","91.7680","1.1493","0.0011"
"","91.8680","1.1593","0.0012"
"","91.9680","1.1693","0.0012"
"","92.0680","1.1793","0.0012"
"","92.1680","1.1891","0.0012"
"","92.2680","1.1994","0.0013"
"","92.3680","1.2092","0.0013"
"","92.4680","1.2192","0.0013"
"","92.5680","1.2291","0.0014"
"","92.6680","1.2394","0.0014"
"","92.7680","1.2493","0.0014"
"","92.8680","1.2591","0.0014"
"","92.9680","1.2692","0.0015"
"","93.0680","1.2793","0.0015"
"","93.1680","1.2893","0.0015"
"","93.2680","1.2990","0.0016"
"","93.3680","1.3093","0.0016"
"","93.4680","1.3194","0.0016"
"","93.5680","1.3292","0.0017"
"","93.6680","1.3392","0.0017"
"","93.7680","1.3493","0.0017"
"","93.8680","1.3594","0.0018"
"","93.9680","1.3691","0.0018"
"","94.0680","1.3793","0.0018"
"","94.1680","1.3892","0.0019"
"","94.2680","1.3993","0.0019"
"","94.3680","1.4092","0.0019"
"","94.4680","1.4194","0.0020"
"","94.5680","1.4292","0.0020"
"","94.6680","1.4390","0.0021"
"","94.7680","1.4494","0.0021"
"","94.8680","1.4593","0.0021"
"","94.9680","1.4691","0.0022"
"","95.0680","1.4791","0.0022"
"","95.1680","1.4894","0.0023"
"","95.2680","1.4994","0.0023"
"","95.3680","1.5091","0.0023"
"","95.4680","1.5192","0.0024"
"","95.5680","1.5293","0.0024"
"","95.6680","1.5393","0.0024"
"","95.7680","1.5490","0.0025"
"","95.8680","1.5592","0.0025"
"","95.9680","1.5694","0.0026"
"","96.0680","1.5791","0.0026"
"","96.1680","1.5892","0.0027"
"","96.2680","1.5993","0.0027"
"","96.3680","1.6094","0.0028"
"","96.4680","1.6190","0.0028"
"","96.5680","1.6292","0.0029"
"","96.6680","1.6393","0.0029"
"","96.7680","1.6492","0.0030"
"","96.8680","1.6591","0.0030"
"","96.9680","1.6694","0.0031"
"","97.0680","1.6793","0.0032"
"","97.1680","1.6890","0.0032"
"","97.2680","1.6993","0.0033"
"","97.3680","1.7093","0.0033"
"","97.4680","1.7193","0.0034"
"","97.5680","1.7290","0.0034"
"","97.6680","1.7393","0.0035"
"","97.7680","1.7493","0.0035"
"","97.8680","1.7591","0.0036"
"","97.9680","1.7692","0.0037"
"","98.0680","1.7794","0.0037"
"","98.1680","1.7893","0.0038"
"","98.2680","1.7990","0.0039"
"","98.3680","1.8093","0.0039"
"","98.4680","1.8193","0.0040"
"","98.5680","1.8292","0.0041"
"","98.6680","1.8391","0.0042"
"","98.7680","1.8493","0.0042"
"","98.8680","1.8594","0.0043"
"","98.9680","1.8692","0.0044"
"","99.0680","1.8792","0.0044"
"","99.1680","1.8893","0.0045"
"","99.2680","1.8992","0.0046"
"","99.3680","1.9092","0.0047"
"","99.4680","1.9193","0.0047"
"","99.5680","1.9292","0.0048"
"","99.6680","1.9391","0.0049"
"","99.7680","1.9493","0.0050"
"","99.8680","1.9592","0.0051"
"","99.9680","1.9691","0.0052"
"","100.0680","1.9791","0.0052"
"","100.1680","1.9894","0.0053"
"","100.2680","1.9992","0.0054"
"","100.3680","2.0091","0.0055"
"","100.4680","2.0193","0.0056"
"","100.5680","2.0294","0.0057"
"","100.6680","2.0393","0.0058"
"","100.7680","2.0490","0.0059"
"","100.8680","2.0593","0.0061"
"","100.9680","2.0693","0.0061"
"","101.0680","2.0792","0.0063"
"","101.1680","2.0892","0.0064"
"","101.2680","2.0993","0.0065"
"","101.3680","2.1094","0.0066"
"","101.4680","2.1190","0.0067"
"","101.5680","2.1293","0.0069"
"","101.6680","2.1392","0.0070"
"","101.7680","2.1493","0.0071"
"","101.8680","2.1593","0.0073"
"","101.9680","2.1693","0.0074"
"","102.0680","2.1793","0.0076"
"","102.1680","2.1890","0.0077"
"","102.2680","2.1995","0.0078"
"","102.3680","2.2092","0.0080"
"","102.4680","2.2192","0.0081"
"","102.5680","2.2290","0.0083"
"","102.6680","2.2395","0.0085"
"","102.7680","2.2493","0.0086"
"","102.8680","2.2591","0.0088"
"","102.9680","2.2692","0.0089"
"","103.0680","2.2794","0.0091"
"","103.1680","2.2892","0.0093"
"","103.2680","2.2989","0.0095"
"","103.3680","2.3093","0.0096"
"","103.4680","2.3194","0.0098"
"","103.5680","2.3291","0.0100"
"","103.6680","2.3391","0.0102"
"","103.7680","2.3492","0.0104"
"","103.8680","2.3594","0.0106"
"","103.9680","2.3691","0.0108"
"","104.0680","2.3792","0.0110"
"","104.1680","2.3892","0.0112"
"","104.2680","2.3993","0.0114"
"","104.3680","2.4092","0.0116"
"","104.4680","2.4193","0.0118"
"","104.5680","2.4293","0.0120"
"","104.6680","2.4390","0.0122"
"","104.7680","2.4494","0.0125"
"","104.8680","2.4592","0.0127"
"","104.9680","2.4692","0.0130"
"","105.0680","2.4790","0.0132"
"","105.1680","2.4894","0.0135"
"","105.2680","2.4992","0.0138"
"","105.3680","2.5091","0.0140"
"","105.4680","2.5192","0.0143"
"","105.5680","2.5294","0.0146"
"","105.6680","2.5393","0.0148"
"","105.7680","2.5490","0.0151"
"","105.8680","2.5593","0.0154"
"","105.9680","2.5693","0.0157"
"","106.0680","2.5791","0.0160"
"","106.1680","2.5891","0.0164"
"","106.2680","2.5993","0.0167"
"","106.3680","2.6094","0.0170"
"","106.4680","2.6192","0.0173"
"","106.5680","2.6292","0.0177"
"","106.6680","2.6392","0.0180"
"","106.7680","2.6492","0.0184"
"","106.8680","2.6593","0.0187"
"","106.9680","2.6693","0.0191"
"","107.0680","2.6792","0.0195"
"","107.1680","2.6890","0.0198"
"","107.2680","2.6993","0.0202"
"","107.3680","2.7092","0.0206"
"","107.4680","2.7192","0.0210"
"","107.5680","2.7291","0.0214"
"","107.6680","2.7394","0.0219"
"","107.7680","2.7493","0.0223"
"","107.8680","2.7591","0.0228"
"","107.9680","2.7692","0.0233"
"","108.0680","2.7793","0.0238"
"","108.1680","2.7893","0.0243"
"","108.2680","2.7990","0.0247"
"","108.3680","2.8094","0.0253"
"","108.4680","2.8194","0.0259"
"","108.5680","2.8292","0.0265"
"","108.6680","2.8391","0.0270"
"","108.7680","2.8493","0.0277"
"","108.8680","2.8594","0.0284"
"","108.9680","2.8690","0.0290"
"","109.0680","2.8793","0.0297"
"","109.1680","2.8892","0.0304"
"","109.2680","2.8992","0.0311"
"","109.3680","2.9093","0.0317"
"","109.4680","2.9194","0.0323"
"","109.5680","2.9293","0.0329"
"","109.6680","2.9390","0.0330"
"","109.7680","2.9494","0.0331"
"","109.8680","2.9592","0.0331"
"","109.9680","2.9692","0.0332"
"","110.0680","2.9791","0.0332"
"","110.1680","2.9895","0.0332"
"","110.2680","2.9993","0.0332"
"","110.3680","3.0091","0.0332"
"","110.4680","3.0192","0.0332"
"","110.5680","3.0294","0.0332"
"","110.6680","3.0393","0.0333"
"","110.7680","3.0490","0.0333"
"","110.8680","3.0592","0.0333"
"","110.9680","3.0694","0.0334"
"","111.0680","3.0791","0.0334"
"","111.1680","3.0891","0.0334"
"","111.2680","3.0993","0.0334"
"","111.3680","3.1095","0.0334"
"","111.4680","3.1190","0.0334"
"","111.5680","3.1291","0.0341"
"","111.6680","3.1392","0.0347"
"","111.7680","3.1492","0.0357"
"","111.8680","3.1592","0.0365"
"","111.9680","3.1693","0.0375"
"","112.0680","3.1792","0.0384"
"","112.1680","3.1890","0.0394"
"","112.2680","3.1994","0.0404"
"","112.3680","3.2092","0.0413"
"","112.4680","3.2192","0.0423"
"","112.5680","3.2289","0.0433"
"","112.6680","3.2394","0.0444"
"","112.7680","3.2492","0.0453"
"","112.8680","3.2590","0.0464"
"","112.9680","3.2692","0.0475"
"","113.0680","3.2794","0.0487"
"","113.1680","3.2893","0.0498"
"","113.2680","3.2990","0.0508"
"","113.3680","3.3092","0.0521"
"","113.4680","3.3194","0.0532"
"","113.5680","3.3292","0.0544"
"","113.6680","3.3392","0.0555"
"","113.7680","3.3493","0.0568"
"","113.8680","3.3596","0.0580"
"","113.9680","3.3691","0.0592"
"","114.0680","3.3792","0.0604"
"","114.1680","3.3892","0.0617"
"","114.2680","3.3992","0.0630"
"","114.3680","3.4092","0.0642"
"","114.4680","3.4192","0.0655"
"","114.5680","3.4292","0.0667"
"","114.6680","3.4390","0.0680"
"","114.7680","3.4493","0.0694"
"","114.8680","3.4592","0.0708"
"","114.9680","3.4692","0.0721"
"","115.0680","3.4791","0.0734"
"","115.1680","3.4894","0.0748"
"","115.2680","3.4992","0.0762"
"","115.3680","3.5091","0.0776"
"","115.4680","3.5193","0.0790"
"","115.5680","3.5293","0.0804"
"","115.6680","3.5393","0.0818"
"","115.7680","3.5490","0.0832"
"","115.8680","3.5593","0.0848"
"","115.9680","3.5693","0.0862"
"","116.0680","3.5791","0.0876"
"","116.1680","3.5892","0.0891"
"","116.2680","3.5993","0.0906"
"","116.3680","3.6094","0.0921"
"","116.4680","3.6189","0.0935"
"","116.5680","3.6292","0.0952"
"","116.6680","3.6393","0.0966"
"","116.7680","3.6493","0.0982"
"","116.8680","3.6591","0.0997"
"","116.9680","3.6694","0.1013"
"","117.0680","3.6793","0.1029"
"","117.1680","3.6890","0.1044"
"","117.2680","3.6994","0.1060"
"","117.3680","3.7092","0.1075"
"","117.4680","3.7192","0.1091"
"","117.5680","3.7291","0.1107"
"","117.6680","3.7393","0.1124"
"","117.7680","3.7493","0.1140"
"","117.8680","3.7592","0.1155"
"","117.9680","3.7692","0.1171"
"","118.0680","3.7794","0.1187"
"","118.1680","3.7893","0.1203"
"","118.2680","3.7989","0.1218"
"","118.3680","3.8093","0.1235"
"","118.4680","3.8194","0.1251"
"","118.5680","3.8291","0.1267"
"","118.6680","3.8392","0.1282"
"","118.7680","3.8494","0.1298"
"","118.8680","3.8594","0.1314"
"","118.9680","3.8690","0.1328"
"","119.0680","3.8792","0.1345"
"","119.1680","3.8893","0.1361"
"","119.2680","3.8992","0.1376"
"","119.3680","3.9091","0.1390"
"","119.4680","3.9193","0.1405"
"","119.5680","3.9294","0.1420"
"","119.6680","3.9390","0.1434"
"","119.7680","3.9494","0.1450"
"","119.8680","3.9592","0.1464"
"","119.9680","3.9691","0.1477"
"","120.0680","3.9790","0.1490"
"","120.1680","3.9894","0.1504"
"","120.2680","3.9992","0.1517"
"","120.2760","4.0001","0.1518"
"","120.2770","4.0002","0.1518"
"","120.2780","4.0003","0.1518"
"","120.3780","4.0009","0.1507"
"","120.4780","3.9935","0.1476"
"","120.5780","3.9813","0.1433"
"","120.6780","3.9711","0.1398"
"","120.7780","3.9610","0.1364"
"","120.8780","3.9510","0.1332"
"","120.9780","3.9408","0.1301"
"","121.0780","3.9311","0.1271"
"","121.1780","3.9208","0.1241"
"","121.2780","3.9108","0.1212"
"","121.3780","3.9008","0.1183"
"","121.4780","3.8911","0.1156"
"","121.5780","3.8809","0.1128"
"","121.6780","3.8708","0.1101"
"","121.7780","3.8609","0.1075"
"","121.8780","3.8509","0.1049"
"","121.9780","3.8408","0.1023"
"","122.0780","3.8308","0.0997"
"","122.1780","3.8210","0.0974"
"","122.2780","3.8108","0.0949"
"","122.3780","3.8008","0.0925"
"","122.4780","3.7910","0.0902"
"","122.5780","3.7808","0.0879"
"","122.6780","3.7708","0.0857"
"","122.7780","3.7610","0.0835"
"","122.8780","3.7510","0.0814"
"","122.9780","3.7407","0.0793"
"","123.0780","3.7308","0.0772"
"","123.1780","3.7209","0.0752"
"","123.2780","3.7109","0.0732"
"","123.3780","3.7008","0.0713"
"","123.4780","3.6908","0.0694"
"","123.5780","3.6811","0.0676"
"","123.6780","3.6708","0.0657"
"","123.7780","3.6607","0.0639"
"","123.8780","3.6508","0.0622"
"","123.9780","3.6410","0.0605"
"","124.0780","3.6308","0.0588"
"","124.1780","3.6208","0.0571"
"","124.2780","3.6110","0.0556"
"","124.3780","3.6009","0.0540"
"","124.4780","3.5908","0.0524"
"","124.5780","3.5808","0.0510"
"","124.6780","3.5711","0.0495"
"","124.7780","3.5608","0.0481"
"","124.8780","3.5508","0.0467"
"","124.9780","3.5410","0.0453"
"","125.0780","3.5308","0.0440"
"","125.1780","3.5208","0.0426"
"","125.2780","3.5109","0.0414"
"","125.3780","3.5012","0.0402"
"","125.4780","3.4908","0.0390"
"","125.5780","3.4807","0.0378"
"","125.6780","3.4709","0.0367"
"","125.7780","3.4610","0.0356"
"","125.8780","3.4508","0.0345"
"","125.9780","3.4407","0.0336"
"","126.0780","3.4311","0.0330"
"","126.1780","3.4209","0.0324"
"","126.2780","3.4108","0.0318"
"","126.3780","3.4008","0.0317"
"","126.4780","3.3911","0.0317"
"","126.5780","3.3809","0.0317"
"","126.6780","3.3708","0.0317"
"","126.7780","3.3609","0.0317"
"","126.8780","3.3509","0.0317"
"","126.9780","3.3408","0.0317"
"","127.0780","3.3308","0.0317"
"","127.1780","3.3211","0.0317"
"","127.2780","3.3108","0.0317"
"","127.3780","3.3008","0.0317"
"","127.4780","3.2909","0.0317"
"","127.5780","3.2808","0.0317"
"","127.6780","3.2707","0.0317"
"","127.7780","3.2609","0.0316"
"","127.8780","3.2511","0.0316"
"","127.9780","3.2408","0.0316"
"","128.0780","3.2306","0.0314"
"","128.1780","3.2210","0.0307"
"","128.2780","3.2110","0.0304"
"","128.3780","3.2009","0.0298"
"","128.4780","3.1907","0.0289"
"","128.5780","3.1811","0.0280"
"","128.6780","3.1709","0.0271"
"","128.7780","3.1608","0.0262"
"","128.8780","3.1508","0.0254"
"","128.9780","3.1410","0.0248"
"","129.0780","3.1310","0.0241"
"","129.1780","3.1209","0.0234"
"","129.2780","3.1110","0.0228"
"","129.3780","3.1007","0.0222"
"","129.4780","3.0908","0.0217"
"","129.5780","3.0808","0.0211"
"","129.6780","3.0710","0.0206"
"","129.7780","3.0607","0.0201"
"","129.8780","3.0509","0.0196"
"","129.9780","3.0411","0.0191"
"","130.0780","3.0308","0.0187"
"","130.1780","3.0208","0.0183"
"","130.2780","3.0110","0.0178"
"","130.3780","3.0011","0.0174"
"","130.4780","2.9907","0.0170"
"","130.5780","2.9807","0.0167"
"","130.6780","2.9709","0.0163"
"","130.7780","2.9610","0.0160"
"","130.8780","2.9509","0.0157"
"","130.9780","2.9407","0.0154"
"","131.0780","2.9311","0.0151"
"","131.1780","2.9209","0.0148"
"","131.2780","2.9107","0.0145"
"","131.3780","2.9008","0.0142"
"","131.4780","2.8910","0.0139"
"","131.5780","2.8810","0.0136"
"","131.6780","2.8708","0.0133"
"","131.7780","2.8610","0.0131"
"","131.8780","2.8508","0.0128"
"","131.9780","2.8408","0.0126"
"","132.0780","2.8309","0.0123"
"","132.1780","2.8211","0.0121"
"","132.2780","2.8107","0.0119"
"","132.3780","2.8008","0.0116"
"","132.4780","2.7910","0.0114"
"","132.5780","2.7808","0.0112"
"","132.6780","2.7708","0.0110"
"","132.7780","2.7610","0.0108"
"","132.8780","2.7512","0.0106"
"","132.9780","2.7408","0.0104"
"","133.0780","2.7306","0.0102"
"","133.1780","2.7210","0.0100"
"","133.2780","2.7110","0.0099"
"","133.3780","2.7009","0.0097"
"","133.4780","2.6907","0.0095"
"","133.5780","2.6811","0.0094"
"","133.6780","2.6709","0.0092"
"","133.7780","2.6608","0.0090"
"","133.8780","2.6508","0.0089"
"","133.9780","2.6411","0.0087"
"","134.0780","2.6309","0.0086"
"","134.1780","2.6208","0.0084"
"","134.2780","2.6109","0.0083"
"","134.3780","2.6009","0.0081"
"","134.4780","2.5908","0.0080"
"","134.5780","2.5808","0.0078"
"","134.6780","2.5711","0.0077"
"","134.7780","2.5608","0.0076"
"","134.8780","2.5508","0.0074"
"","134.9780","2.5409","0.0073"
"","135.0780","2.5308","0.0072"
"","135.1780","2.5207","0.0071"
"","135.2780","2.5109","0.0069"
"","135.3780","2.5011","0.0068"
"","135.4780","2.4908","0.0067"
"","135.5780","2.4807","0.0066"
"","135.6780","2.4710","0.0065"
"","135.7780","2.4610","0.0063"
"","135.8780","2.4509","0.0062"
"","135.9780","2.4406","0.0061"
"","136.0780","2.4311","0.0060"
"","136.1780","2.4208","0.0059"
"","136.2780","2.4108","0.0058"
"","136.3780","2.4008","0.0057"
"","136.4780","2.3910","0.0056"
"","136.5780","2.3810","0.0055"
"","136.6780","2.3709","0.0054"
"","136.7780","2.3609","0.0053"
"","136.8780","2.3508","0.0052"
"","136.9780","2.3408","0.0051"
"","137.0780","2.3308","0.0050"
"","137.1780","2.3210","0.0049"
"","137.2780","2.3108","0.0048"
"","137.3780","2.3009","0.0047"
"","137.4780","2.2911","0.0047"
"","137.5780","2.2808","0.0046"
"","137.6780","2.2708","0.0045"
"","137.7780","2.2610","0.0044"
"","137.8780","2.2511","0.0043"
"","137.9780","2.2407","0.0043"
"","138.0780","2.2307","0.0042"
"","138.1780","2.2210","0.0041"
"","138.2780","2.2110","0.0041"
"","138.3780","2.2008","0.0040"
"","138.4780","2.1907","0.0039"
"","138.5780","2.1811","0.0039"
"","138.6780","2.1709","0.0038"
"","138.7780","2.1607","0.0038"
"","138.8780","2.1508","0.0037"
"","138.9780","2.1410","0.0036"
"","139.0780","2.1310","0.0036"
"","139.1780","2.1208","0.0035"
"","139.2780","2.1110","0.0035"
"","139.3780","2.1008","0.0034"
"","139.4780","2.0909","0.0033"
"","139.5780","2.0809","0.0033"
"","139.6780","2.0710","0.0032"
"","139.7780","2.0607","0.0032"
"","139.8780","2.0509","0.0031"
"","139.9780","2.0410","0.0031"
"","140.0780","2.0308","0.0030"
"","140.1780","2.0207","0.0030"
"","140.2780","2.0109","0.0029"
"","140.3780","2.0012","0.0029"
"","140.4780","1.9908","0.0028"
"","140.5780","1.9807","0.0028"
"","140.6780","1.9709","0.0027"
"","140.7780","1.9610","0.0027"
"","140.8780","1.9508","0.0026"
"","140.9780","1.9408","0.0026"
"","141.0780","1.9311","0.0025"
"","141.1780","1.9209","0.0025"
"","141.2780","1.9108","0.0024"
"","141.3780","1.9008","0.0024"
"","141.4780","1.8910","0.0023"
"","141.5780","1.8809","0.0023"
"","141.6780","1.8708","0.0023"
"","141.7780","1.8610","0.0022"
"","141.8780","1.8508","0.0022"
"","141.9780","1.8408","0.0021"
"","142.0780","1.8308","0.0021"
"","142.1780","1.8211","0.0020"
"","142.2780","1.8108","0.0020"
"","142.3780","1.8008","0.0020"
"","142.4780","1.7909","0.0019"
"","142.5780","1.7808","0.0019"
"","142.6780","1.7708","0.0019"
"","142.7780","1.7608","0.0018"
"","142.8780","1.7511","0.0018"
"","142.9780","1.7408","0.0018"
"","143.0780","1.7308","0.0017"
"","143.1780","1.7209","0.0017"
"","143.2780","1.7110","0.0016"
"","143.3780","1.7009","0.0016"
"","143.4780","1.6907","0.0016"
"","143.5780","1.6810","0.0015"
"","143.6780","1.6708","0.0015"
"","143.7780","1.6608","0.0015"
"","143.8780","1.6508","0.0014"
"","143.9780","1.6410","0.0014"
"","144.0780","1.6309","0.0014"
"","144.1780","1.6208","0.0014"
"","144.2780","1.6110","0.0013"
"","144.3780","1.6007","0.0013"
"","144.4780","1.5909","0.0013"
"","144.5780","1.5808","0.0012"
"","144.6780","1.5711","0.0012"
"","144.7780","1.5607","0.0012"
"","144.8780","1.5509","0.0012"
"","144.9780","1.5411","0.0011"
"","145.0780","1.5308","0.0011"
"","145.1780","1.5208","0.0011"
"","145.2780","1.5110","0.0011"
"","145.3780","1.5011","0.0010"
"","145.4780","1.4907","0.0010"
"","145.5780","1.4807","0.0010"
"","145.6780","1.4710","0.0010"
"","145.7780","1.4610","0.0010"
"","145.8780","1.4508","0.0009"
"","145.9780","1.4407","0.0009"
"","146.0780","1.4311","0.0009"
"","146.1780","1.4208","0.0009"
"","146.2780","1.4107","0.0008"
"","146.3780","1.4008","0.0008"
"","146.4780","1.3911","0.0008"
"","146.5780","1.3810","0.0008"
"","146.6780","1.3708","0.0008"
"","146.7780","1.3610","0.0007"
"","146.8780","1.3508","0.0007"
"","146.9780","1.3408","0.0007"
"","147.0780","1.3308","0.0007"
"","147.1780","1.3210","0.0007"
"","147.2780","1.3108","0.0006"
"","147.3780","1.3008","0.0006"
"","147.4780","1.2910","0.0006"
"","147.5780","1.2808","0.0006"
"","147.6780","1.2707","0.0006"
"","147.7780","1.2609","0.0005"
"","147.8780","1.2512","0.0005"
"","147.9780","1.2407","0.0005"
"","148.0780","1.2306","0.0005"
"","148.1780","1.2210","0.0005"
"","148.2780","1.2110","0.0005"
"","148.3780","1.2009","0.0004"
"","148.4780","1.1907","0.0004"
"","148.5780","1.1811","0.0004"
"","148.6780","1.1709","0.0004"
"","148.7780","1.1608","0.0004"
"","148.8780","1.1508","0.0004"
"","148.9780","1.1411","0.0003"
"","149.0780","1.1309","0.0003"
"","149.1780","1.1208","0.0003"
"","149.2780","1.1109","0.0003"
"","149.3780","1.1009","0.0003"
"","149.4780","1.0908","0.0003"
"","149.5780","1.0808","0.0002"
"","149.6780","1.0711","0.0002"
"","149.7780","1.0608","0.0002"
"","149.8780","1.0509","0.0002"
"","149.9780","1.0409","0.0002"
"","150.0780","1.0308","0.0002"
"","150.1780","1.0207","0.0002"
"","150.2780","1.0109","0.0001"
"","150.3780","1.0011","0.0001"
"","150.4780","0.9908","0.0001"
"","150.5780","0.9807","0.0001"
"","150.6780","0.9710","0.0001"
"","150.7780","0.9610","0.0001"
"","150.8780","0.9509","0.0001"
"","150.9780","0.9407","0.0001"
"","151.0780","0.9311","0.0000"
"","151.1780","0.9209","0.0000"
"","151.2780","0.9108","0.0000"
"","151.3780","0.9007","0.0000"
"","151.4780","0.8911","0.0000"
"","151.5780","0.8810","0.0000"
"","151.6780","0.8708","0.0000"
"","151.7780","0.8609","0.0000"
"","151.8780","0.8509","-0.0001"
"","151.9780","0.8408","-0.0001"
"","152.0780","0.8308","-0.0001"
"","152.1780","0.8210","-0.0001"
"","152.2780","0.8108","-0.0001"
"","152.3780","0.8008","-0.0001"
"","152.4780","0.7910","-0.0001"
"","152.5780","0.7808","-0.0001"
"","152.6780","0.7708","-0.0001"
"","152.7780","0.7609","-0.0002"
"","152.8780","0.7510","-0.0002"
"","152.9780","0.7408","-0.0002"
"","153.0780","0.7307","-0.0002"
"","153.1780","0.7210","-0.0002"
"","153.2780","0.7110","-0.0002"
"","153.3780","0.7008","-0.0002"
"","153.4780","0.6907","-0.0002"
"","153.5780","0.6811","-0.0002"
"","153.6780","0.6708","-0.0002"
"","153.7780","0.6607","-0.0003"
"","153.8780","0.6508","-0.0003"
"","153.9780","0.6410","-0.0003"
"","154.0780","0.6309","-0.0003"
"","154.1780","0.6208","-0.0003"
"","154.2780","0.6110","-0.0003"
"","154.3780","0.6009","-0.0003"
"","154.4780","0.5908","-0.0003"
"","154.5780","0.5808","-0.0003"
"","154.6780","0.5711","-0.0004"
"","154.7780","0.5608","-0.0004"
"","154.8780","0.5508","-0.0004"
"","154.9780","0.5410","-0.0004"
"","155.0780","0.5308","-0.0004"
"","155.1780","0.5207","-0.0004"
"","155.2780","0.5109","-0.0004"
"","155.3780","0.5012","-0.0004"
"","155.4780","0.4908","-0.0004"
"","155.5780","0.4807","-0.0004"
"","155.6780","0.4709","-0.0004"
"","155.7780","0.4610","-0.0005"
"","155.8780","0.4508","-0.0005"
"","155.9780","0.4407","-0.0005"
"","156.0780","0.4311","-0.0005"
"","156.1780","0.4209","-0.0005"
"","156.2780","0.4108","-0.0005"
"","156.3780","0.4008","-0.0005"
"","156.4780","0.3911","-0.0005"
"","156.5780","0.3810","-0.0005"
"","156.6780","0.3708","-0.0005"
"","156.7780","0.3609","-0.0005"
"","156.8780","0.3509","-0.0005"
"","156.9780","0.3408","-0.0005"
"","157.0780","0.3308","-0.0005"
"","157.1780","0.3210","-0.0006"
"","157.2780","0.3108","-0.0006"
"","157.3780","0.3008","-0.0006"
"","157.4780","0.2909","-0.0006"
"","157.5780","0.2809","-0.0006"
"","157.6780","0.2710","-0.0006"
"","157.7780","0.2610","-0.0006"
"","157.8780","0.2511","-0.0006"
"","157.9780","0.2408","-0.0006"
"","158.0780","0.2307","-0.0006"
"","158.1780","0.2210","-0.0007"
"","158.2780","0.2110","-0.0007"
"","158.3780","0.2009","-0.0007"
"","158.4780","0.1906","-0.0007"
"","158.5780","0.1811","-0.0007"
"","158.6780","0.1708","-0.0007"
"","158.7780","0.1608","-0.0007"
"","158.8780","0.1508","-0.0007"
"","158.9780","0.1411","-0.0007"
"","159.0780","0.1310","-0.0007"
"","159.1780","0.1208","-0.0007"
"","159.2780","0.1109","-0.0007"
"","159.3780","0.1007","-0.0007"
"","159.4780","0.0908","-0.0008"
"","159.5780","0.0808","-0.0007"
"","159.6780","0.0710","-0.0008"
"","159.7780","0.0608","-0.0008"
"","159.8780","0.0508","-0.0008"
"","159.9780","0.0410","-0.0008"
"","160.0780","0.0308","-0.0008"
"","160.1780","0.0208","-0.0008"
"","160.2780","0.0110","-0.0008"
"","160.3780","0.0011","-0.0008"
"","160.3890","0.0000","-0.0008"
"","160.3900","-0.0001","-0.0008"
"","160.3910","-0.0002","-0.0008"
"","160.4910","-0.0007","-0.0008"
"","160.5910","0.0069","-0.0008"
"","160.6910","0.0187","-0.0008"
"","160.7910","0.0293","-0.0008"
"","160.8910","0.0392","-0.0008"
"","160.9910","0.0490","-0.0007"
"","161.0910","0.0593","-0.0007"
"","161.1910","0.0694","-0.0007"
"","161.2910","0.0791","-0.0007"
"","161.3910","0.0891","-0.0007"
"","161.4910","0.0992","-0.0007"
"","161.5910","0.1095","-0.0007"
"","161.6910","0.1190","-0.0007"
"","161.7910","0.1292","-0.0007"
"","161.8910","0.1393","-0.0006"
"","161.9910","0.1492","-0.0006"
"","162.0910","0.1591","-0.0006"
"","162.1910","0.1692","-0.0006"
"","162.2910","0.1793","-0.0006"
"","162.3910","0.1890","-0.0006"
"","162.4910","0.1994","-0.0006"
"","162.5910","0.2092","-0.0005"
"","162.6910","0.2192","-0.0005"
"","162.7910","0.2290","-0.0005"
"","162.8910","0.2394","-0.0005"
"","162.9910","0.2492","-0.0005"
"","163.0910","0.2591","-0.0005"
"","163.1910","0.2692","-0.0005"
"","163.2910","0.2792","-0.0005"
"","163.3910","0.2891","-0.0005"
"","163.4910","0.2989","-0.0004"
"","163.5910","0.3093","-0.0004"
"","163.6910","0.3194","-0.0004"
"","163.7910","0.3292","-0.0004"
"","163.8910","0.3391","-0.0004"
"","163.9910","0.3493","-0.0004"
"","164.0910","0.3594","-0.0004"
"","164.1910","0.3691","-0.0004"
"","164.2910","0.3792","-0.0003"
"","164.3910","0.3892","-0.0003"
"","164.4910","0.3993","-0.0003"
"","164.5910","0.4092","-0.0003"
"","164.6910","0.4192","-0.0003"
"","164.7910","0.4293","-0.0003"
"","164.8910","0.4391","-0.0003"
"","164.9910","0.4493","-0.0003"
"","165.0910","0.4592","-0.0002"
"","165.1910","0.4692","-0.0002"
"","165.2910","0.4791","-0.0002"
"","165.3910","0.4893","-0.0002"
"","165.4910","0.4993","-0.0002"
"","165.5910","0.5091","-0.0002"
"","165.6910","0.5193","-0.0002"
"","165.7910","0.5293","-0.0001"
"","165.8910","0.5393","-0.0001"
"","165.9910","0.5490","-0.0001"
"","166.0910","0.5593","-0.0001"
"","166.1910","0.5694","-0.0001"
"","166.2910","0.5791","-0.0001"
"","166.3910","0.5892","-0.0001"
"","166.4910","0.5993","-0.0001"
"","166.5910","0.6094","0.0000"
"","166.6910","0.6190","0.0000"
"","166.7910","0.6292","0.0000"
"","166.8910","0.6392","0.0000"
"","166.9910","0.6493","0.0000"
"","167.0910","0.6592","0.0000"
"","167.1910","0.6694","0.0000"
"","167.2910","0.6793","0.0001"
"","167.3910","0.6890","0.0001"
"","167.4910","0.6994","0.0001"
"","167.5910","0.7092","0.0001"
"","167.6910","0.7192","0.0001"
"","167.7910","0.7291","0.0001"
"","167.8910","0.7394","0.0001"
"","167.9910","0.7493","0.0002"
"","168.0910","0.7591","0.0002"
"","168.1910","0.7692","0.0002"
"","168.2910","0.7794","0.0002"
"","168.3910","0.7893","0.0002"
"","168.4910","0.7990","0.0002"
"","168.5910","0.8092","0.0003"
"","168.6910","0.8194","0.0003"
"","168.7910","0.8291","0.0003"
"","168.8910","0.8391","0.0003"
"","168.9910","0.8493","0.0003"
"","169.0910","0.8594","0.0004"
"","169.1910","0.8690","0.0004"
"","169.2910","0.8792","0.0004"
"","169.3910","0.8892","0.0004"
"","169.4910","0.8992","0.0004"
"","169.5910","0.9092","0.0004"
"","169.6910","0.9193","0.0005"
"","169.7910","0.9293","0.0005"
"","169.8910","0.9390","0.0005"
"","169.9910","0.9494","0.0005"
"","170.0910","0.9592","0.0005"
"","170.1910","0.9692","0.0006"
"","170.2910","0.9791","0.0006"
"","170.3910","0.9894","0.0006"
"","170.4910","0.9992","0.0006"
"","170.5910","1.0090","0.0007"
"","170.6910","1.0192","0.0007"
"","170.7910","1.0294","0.0007"
"","170.8910","1.0393","0.0007"
"","170.9910","1.0490","0.0008"
"","171.0910","1.0592","0.0008"
"","171.1910","1.0693","0.0008"
"","171.2910","1.0791","0.0008"
"","171.3910","1.0891","0.0008"
"","171.4910","1.0993","0.0009"
"","171.5910","1.1094","0.0009"
"","171.6910","1.1191","0.0009"
"","171.7910","1.1291","0.0009"
"","171.8910","1.1392","0.0010"
"","171.9910","1.1493","0.0010"
"","172.0910","1.1593","0.0010"
"","172.1910","1.1693","0.0010"
"","172.2910","1.1793","0.0011"
"","172.3910","1.1890","0.0011"
"","172.4910","1.1994","0.0011"
"","172.5910","1.2092","0.0011"
"","172.6910","1.2192","0.0011"
"","172.7910","1.2291","0.0012"
"","172.8910","1.2394","0.0012"
"","172.9910","1.2493","0.0012"
"","173.0910","1.2591","0.0013"
"","173.1910","1.2692","0.0013"
"","173.2910","1.2793","0.0013"
"","173.3910","1.2893","0.0013"
"","173.4910","1.2990","0.0014"
"","173.5910","1.3093","0.0014"
"","173.6910","1.3193","0.0014"
"","173.7910","1.3292","0.0015"
"","173.8910","1.3392","0.0015"
"","173.9910","1.3493","0.0015"
"","174.0910","1.3594","0.0016"
"","174.1910","1.3690","0.0016"
"","174.2910","1.3793","0.0016"
"","174.3910","1.3892","0.0016"
"","174.4910","1.3993","0.0017"
"","174.5910","1.4092","0.0017"
"","174.6910","1.4194","0.0017"
"","174.7910","1.4292","0.0018"
"","174.8910","1.4390","0.0018"
"","174.9910","1.4494","0.0019"
"","175.0910","1.4593","0.0018"
"","175.1910","1.4691","0.0019"
"","175.2910","1.4791","0.0019"
"","175.3910","1.4894","0.0020"
"","175.4910","1.4994","0.0020"
"","175.5910","1.5091","0.0021"
"","175.6910","1.5192","0.0021"
"","175.7910","1.5293","0.0021"
"","175.8910","1.5393","0.0022"
"","175.9910","1.5489","0.0022"
"","176.0910","1.5592","0.0023"
"","176.1910","1.5694","0.0023"
"","176.2910","1.5791","0.0024"
"","176.3910","1.5891","0.0024"
"","176.4910","1.5993","0.0024"
"","176.5910","1.6094","0.0025"
"","176.6910","1.6190","0.0025"
"","176.7910","1.6292","0.0026"
"","176.8910","1.6392","0.0026"
"","176.9910","1.6492","0.0027"
"","177.0910","1.6591","0.0027"
"","177.1910","1.6694","0.0028"
"","177.2910","1.6793","0.0028"
"","177.3910","1.6890","0.0029"
"","177.4910","1.6993","0.0029"
"","177.5910","1.7093","0.0030"
"","177.6910","1.7193","0.0030"
"","177.7910","1.7290","0.0031"
"","177.8910","1.7393","0.0031"
"","177.9910","1.7493","0.0032"
"","178.0910","1.7591","0.0032"
"","178.1910","1.7693","0.0033"
"","178.2910","1.7793","0.0033"
"","178.3910","1.7893","0.0034"
"","178.4910","1.7990","0.0035"
"","178.5910","1.8093","0.0035"
"","178.6910","1.8193","0.0036"
"","178.7910","1.8292","0.0036"
"","178.8910","1.8391","0.0037"
"","178.9910","1.8493","0.0038"
"","179.0910","1.8594","0.0038"
"","179.1910","1.8692","0.0039"
"","179.2910","1.8792","0.0040"
"","179.3910","1.8892","0.0040"
"","179.4910","1.8992","0.0041"
"","179.5910","1.9092","0.0042"
"","179.6910","1.9192","0.0043"
"","179.7910","1.9292","0.0043"
"","179.8910","1.9390","0.0044"
"","179.9910","1.9493","0.0045"
"","180.0910","1.9592","0.0045"
"","180.1910","1.9691","0.0046"
"","180.2910","1.9791","0.0047"
"","180.3910","1.9894","0.0048"
"","180.4910","1.9992","0.0049"
"","180.5910","2.0090","0.0049"
"","180.6910","2.0193","0.0050"
"","180.7910","2.0294","0.0051"
"","180.8910","2.0393","0.0052"
"","180.9910","2.0490","0.0053"
"","181.0910","2.0593","0.0054"
"","181.1910","2.0693","0.0055"
"","181.2910","2.0792","0.0056"
"","181.3910","2.0892","0.0057"
"","181.4910","2.0993","0.0058"
"","181.5910","2.1094","0.0059"
"","181.6910","2.1190","0.0060"
"","181.7910","2.1292","0.0061"
"","181.8910","2.1392","0.0062"
"","181.9910","2.1493","0.0064"
"","182.0910","2.1593","0.0065"
"","182.1910","2.1693","0.0066"
"","182.2910","2.1793","0.0067"
"","182.3910","2.1889","0.0069"
"","182.4910","2.1994","0.0070"
"","182.5910","2.2092","0.0071"
"","182.6910","2.2192","0.0073"
"","182.7910","2.2290","0.0074"
"","182.8910","2.2394","0.0075"
"","182.9910","2.2493","0.0077"
"","183.0910","2.2591","0.0078"
"","183.1910","2.2692","0.0080"
"","183.2910","2.2794","0.0081"
"","183.3910","2.2892","0.0083"
"","183.4910","2.2989","0.0084"
"","183.5910","2.3092","0.0086"
"","183.6910","2.3194","0.0087"
"","183.7910","2.3291","0.0089"
"","183.8910","2.3391","0.0091"
"","183.9910","2.3492","0.0092"
"","184.0910","2.3594","0.0094"
"","184.1910","2.3691","0.0095"
"","184.2910","2.3791","0.0097"
"","184.3910","2.3892","0.0099"
"","184.4910","2.3992","0.0101"
"","184.5910","2.4092","0.0103"
"","184.6910","2.4193","0.0104"
"","184.7910","2.4293","0.0106"
"","184.8910","2.4390","0.0108"
"","184.9910","2.4494","0.0110"
"","185.0910","2.4592","0.0112"
"","185.1910","2.4692","0.0114"
"","185.2910","2.4790","0.0116"
"","185.3910","2.4894","0.0118"
"","185.4910","2.4992","0.0120"
"","185.5910","2.5091","0.0122"
"","185.6910","2.5192","0.0124"
"","185.7910","2.5294","0.0126"
"","185.8910","2.5393","0.0128"
"","185.9910","2.5490","0.0131"
"","186.0910","2.5592","0.0133"
"","186.1910","2.5693","0.0135"
"","186.2910","2.5791","0.0138"
"","186.3910","2.5891","0.0140"
"","186.4910","2.5993","0.0143"
"","186.5910","2.6094","0.0145"
"","186.6910","2.6191","0.0148"
"","186.7910","2.6291","0.0150"
"","186.8910","2.6392","0.0153"
"","186.9910","2.6492","0.0156"
"","187.0910","2.6593","0.0159"
"","187.1910","2.6692","0.0162"
"","187.2910","2.6792","0.0165"
"","187.3910","2.6890","0.0168"
"","187.4910","2.6993","0.0171"
"","187.5910","2.7092","0.0174"
"","187.6910","2.7192","0.0177"
"","187.7910","2.7291","0.0181"
"","187.8910","2.7394","0.0185"
"","187.9910","2.7493","0.0188"
"","188.0910","2.7591","0.0192"
"","188.1910","2.7692","0.0196"
"","188.2910","2.7793","0.0200"
"","188.3910","2.7893","0.0204"
"","188.4910","2.7989","0.0208"
"","188.5910","2.8093","0.0211"
"","188.6910","2.8194","0.0216"
"","188.7910","2.8291","0.0220"
"","188.8910","2.8391","0.0225"
"","188.9910","2.8493","0.0230"
"","189.0910","2.8594","0.0234"
"","189.1910","2.8690","0.0239"
"","189.2910","2.8792","0.0245"
"","189.3910","2.8892","0.0250"
"","189.4910","2.8993","0.0255"
"","189.5910","2.9093","0.0260"
"","189.6910","2.9194","0.0266"
"","189.7910","2.9293","0.0272"
"","189.8910","2.9390","0.0277"
"","189.9910","2.9495","0.0284"
"","190.0910","2.9592","0.0289"
"","190.1910","2.9692","0.0295"
"","190.2910","2.9791","0.0301"
"","190.3910","2.9895","0.0307"
"","190.4910","2.9993","0.0312"
"","190.5910","3.0091","0.0317"
"","190.6910","3.0192","0.0323"
"","190.7910","3.0294","0.0327"
"","190.8910","3.0393","0.0329"
"","190.9910","3.0489","0.0329"
"","191.0910","3.0592","0.0329"
"","191.1910","3.0694","0.0329"
"","191.2910","3.0791","0.0329"
"","191.3910","3.0891","0.0329"
"","191.4910","3.0993","0.0329"
"","191.5910","3.1095","0.0329"
"","191.6910","3.1190","0.0329"
"","191.7910","3.1291","0.0330"
"","191.8910","3.1392","0.0330"
"","191.9910","3.1492","0.0331"
"","192.0910","3.1592","0.0331"
"","192.1910","3.1693","0.0331"
"","192.2910","3.1793","0.0331"
"","192.3910","3.1890","0.0331"
"","192.4910","3.1994","0.0331"
"","192.5910","3.2092","0.0331"
"","192.6910","3.2193","0.0335"
"","192.7910","3.2290","0.0345"
"","192.8910","3.2394","0.0354"
"","192.9910","3.2492","0.0363"
"","193.0910","3.2590","0.0372"
"","193.1910","3.2692","0.0382"
"","193.2910","3.2794","0.0392"
"","193.3910","3.2893","0.0401"
"","193.4910","3.2990","0.0411"
"","193.5910","3.3092","0.0422"
"","193.6910","3.3194","0.0432"
"","193.7910","3.3291","0.0443"
"","193.8910","3.3391","0.0454"
"","193.9910","3.3492","0.0466"
"","194.0910","3.3594","0.0477"
"","194.1910","3.3691","0.0489"
"","194.2910","3.3791","0.0502"
"","194.3910","3.3893","0.0514"
"","194.4910","3.3992","0.0525"
"","194.5910","3.4092","0.0538"
"","194.6910","3.4192","0.0551"
"","194.7910","3.4292","0.0564"
"","194.8910","3.4390","0.0577"
"","194.9910","3.4493","0.0590"
"","195.0910","3.4592","0.0603"
"","195.1910","3.4692","0.0617"
"","195.2910","3.4791","0.0630"
"","195.3910","3.4894","0.0644"
"","195.4910","3.4992","0.0657"
"","195.5910","3.5091","0.0671"
"","195.6910","3.5193","0.0686"
"","195.7910","3.5293","0.0700"
"","195.8910","3.5393","0.0715"
"","195.9910","3.5490","0.0728"
"","196.0910","3.5593","0.0744"
"","196.1910","3.5693","0.0758"
"","196.2910","3.5791","0.0773"
"","196.3910","3.5892","0.0789"
"","196.4910","3.5993","0.0804"
"","196.5910","3.6094","0.0819"
"","196.6910","3.6189","0.0834"
"","196.7910","3.6292","0.0850"
"","196.8910","3.6392","0.0866"
"","196.9910","3.6492","0.0882"
"","197.0910","3.6590","0.0897"
"","197.1910","3.6692","0.0913"
"","197.2910","3.6793","0.0930"
"","197.3910","3.6890","0.0946"
"","197.4910","3.6993","0.0963"
"","197.5910","3.7092","0.0979"
"","197.6910","3.7192","0.0996"
"","197.7910","3.7291","0.1013"
"","197.8910","3.7392","0.1029"
"","197.9910","3.7492","0.1046"
"","198.0910","3.7592","0.1064"
"","198.1910","3.7693","0.1081"
"","198.2910","3.7794","0.1098"
"","198.3910","3.7894","0.1116"
"","198.4910","3.7991","0.1132"
"","198.5910","3.8093","0.1150"
"","198.6910","3.8194","0.1168"
"","198.7910","3.8291","0.1185"
"","198.8910","3.8391","0.1203"
"","198.9910","3.8494","0.1222"
"","199.0910","3.8594","0.1240"
"","199.1910","3.8690","0.1256"
"","199.2910","3.8792","0.1275"
"","199.3910","3.8893","0.1293"
"","199.4910","3.8992","0.1310"
"","199.5910","3.9091","0.1327"
"","199.6910","3.9193","0.1346"
"","199.7910","3.9293","0.1364"
"","199.8910","3.9390","0.1381"
"","199.9910","3.9494","0.1400"
"","200.0910","3.9592","0.1417"
"","200.1910","3.9692","0.1433"
"","200.2910","3.9790","0.1448"
"","200.3910","3.9894","0.1465"
"","200.4910","3.9992","0.1481"
"","200.4990","4.0001","0.1482"
"","200.5000","4.0002","0.1482"
"","200.5010","4.0003","0.1483"
"","200.6010","4.0008","0.1473"
"","200.7010","3.9933","0.1443"
"","200.8010","3.9811","0.1400"
"","200.9010","3.9710","0.1365"
"","201.0010","3.9609","0.1332"
"","201.1010","3.9508","0.1300"
"","201.2010","3.9406","0.1269"
"","201.3010","3.9309","0.1239"
"","201.4010","3.9207","0.1209"
"","201.5010","3.9107","0.1180"
"","201.6010","3.9006","0.1152"
"","201.7010","3.8909","0.1124"
"","201.8010","3.8807","0.1096"
"","201.9010","3.8706","0.1069"
"","202.0010","3.8608","0.1043"
"","202.1010","3.8507","0.1016"
"","202.2010","3.8406","0.0991"
"","202.3010","3.8307","0.0965"
"","202.4010","3.8208","0.0941"
"","202.5010","3.8107","0.0917"
"","202.6010","3.8007","0.0893"
"","202.7010","3.7908","0.0870"
"","202.8010","3.7806","0.0846"
"","202.9010","3.7707","0.0825"
"","203.0010","3.7607","0.0803"
"","203.1010","3.7508","0.0781"
"","203.2010","3.7405","0.0760"
"","203.3010","3.7306","0.0740"
"","203.4010","3.7207","0.0720"
"","203.5010","3.7107","0.0700"
"","203.6010","3.7006","0.0681"
"","203.7010","3.6906","0.0662"
"","203.8010","3.6809","0.0644"
"","203.9010","3.6707","0.0625"
"","204.0010","3.6605","0.0607"
"","204.1010","3.6507","0.0590"
"","204.2010","3.6408","0.0573"
"","204.3010","3.6307","0.0556"
"","204.4010","3.6206","0.0540"
"","204.5010","3.6109","0.0525"
"","204.6010","3.6007","0.0509"
"","204.7010","3.5907","0.0493"
"","204.8010","3.5807","0.0479"
"","204.9010","3.5709","0.0465"
"","205.0010","3.5606","0.0451"
"","205.1010","3.5507","0.0436"
"","205.2010","3.5408","0.0424"
"","205.3010","3.5306","0.0410"
"","205.4010","3.5206","0.0398"
"","205.5010","3.5107","0.0385"
"","205.6010","3.5010","0.0374"
"","205.7010","3.4906","0.0362"
"","205.8010","3.4805","0.0351"
"","205.9010","3.4708","0.0341"
"","206.0010","3.4608","0.0332"
"","206.1010","3.4507","0.0325"
"","206.2010","3.4405","0.0321"
"","206.3010","3.4309","0.0319"
"","206.4010","3.4207","0.0318"
"","206.5010","3.4106","0.0318"
"","206.6010","3.4006","0.0318"
"","206.7010","3.3909","0.0318"
"","206.8010","3.3808","0.0318"
"","206.9010","3.3707","0.0317"
"","207.0010","3.3608","0.0317"
"","207.1010","3.3507","0.0317"
"","207.2010","3.3407","0.0317"
"","207.3010","3.3307","0.0317"
"","207.4010","3.3209","0.0317"
"","207.5010","3.3107","0.0317"
"","207.6010","3.3007","0.0317"
"","207.7010","3.2908","0.0317"
"","207.8010","3.2807","0.0316"
"","207.9010","3.2706","0.0316"
"","208.0010","3.2607","0.0312"
"","208.1010","3.2510","0.0307"
"","208.2010","3.2406","0.0302"
"","208.3010","3.2305","0.0298"
"","208.4010","3.2208","0.0290"
"","208.5010","3.2108","0.0281"
"","208.6010","3.2007","0.0272"
"","208.7010","3.1905","0.0263"
"","208.8010","3.1809","0.0256"
"","208.9010","3.1707","0.0249"
"","209.0010","3.1607","0.0242"
"","209.1010","3.1506","0.0235"
"","209.2010","3.1409","0.0229"
"","209.3010","3.1308","0.0223"
"","209.4010","3.1207","0.0217"
"","209.5010","3.1108","0.0212"
"","209.6010","3.1006","0.0206"
"","209.7010","3.0906","0.0201"
"","209.8010","3.0806","0.0196"
"","209.9010","3.0708","0.0192"
"","210.0010","3.0606","0.0187"
"","210.1010","3.0507","0.0183"
"","210.2010","3.0409","0.0179"
"","210.3010","3.0307","0.0176"
"","210.4010","3.0206","0.0172"
"","210.5010","3.0108","0.0168"
"","210.6010","3.0009","0.0164"
"","210.7010","2.9906","0.0161"
"","210.8010","2.9805","0.0158"
"","210.9010","2.9708","0.0155"
"","211.0010","2.9608","0.0152"
"","211.1010","2.9507","0.0149"
"","211.2010","2.9405","0.0146"
"","211.3010","2.9309","0.0144"
"","211.4010","2.9207","0.0141"
"","211.5010","2.9105","0.0138"
"","211.6010","2.9006","0.0136"
"","211.7010","2.8909","0.0134"
"","211.8010","2.8808","0.0131"
"","211.9010","2.8707","0.0128"
"","212.0010","2.8608","0.0126"
"","212.1010","2.8506","0.0123"
"","212.2010","2.8407","0.0121"
"","212.3010","2.8307","0.0119"
"","212.4010","2.8209","0.0117"
"","212.5010","2.8105","0.0115"
"","212.6010","2.8006","0.0113"
"","212.7010","2.7908","0.0111"
"","212.8010","2.7807","0.0109"
"","212.9010","2.7706","0.0107"
"","213.0010","2.7608","0.0105"
"","213.1010","2.7511","0.0103"
"","213.2010","2.7406","0.0102"
"","213.3010","2.7305","0.0100"
"","213.4010","2.7208","0.0098"
"","213.5010","2.7109","0.0096"
"","213.6010","2.7007","0.0095"
"","213.7010","2.6905","0.0093"
"","213.8010","2.6809","0.0092"
"","213.9010","2.6707","0.0090"
"","214.0010","2.6606","0.0088"
"","214.1010","2.6506","0.0087"
"","214.2010","2.6409","0.0085"
"","214.3010","2.6308","0.0084"
"","214.4010","2.6207","0.0082"
"","214.5010","2.6107","0.0081"
"","214.6010","2.6007","0.0079"
"","214.7010","2.5907","0.0078"
"","214.8010","2.5806","0.0076"
"","214.9010","2.5709","0.0075"
"","215.0010","2.5606","0.0074"
"","215.1010","2.5507","0.0072"
"","215.2010","2.5408","0.0071"
"","215.3010","2.5307","0.0070"
"","215.4010","2.5206","0.0069"
"","215.5010","2.5107","0.0067"
"","215.6010","2.5009","0.0066"
"","215.7010","2.4906","0.0065"
"","215.8010","2.4805","0.0064"
"","215.9010","2.4708","0.0063"
"","216.0010","2.4608","0.0062"
"","216.1010","2.4507","0.0061"
"","216.2010","2.4405","0.0060"
"","216.3010","2.4309","0.0059"
"","216.4010","2.4207","0.0058"
"","216.5010","2.4106","0.0057"
"","216.6010","2.4006","0.0055"
"","216.7010","2.3909","0.0055"
"","216.8010","2.3808","0.0054"
"","216.9010","2.3707","0.0052"
"","217.0010","2.3608","0.0052"
"","217.1010","2.3506","0.0051"
"","217.2010","2.3407","0.0050"
"","217.3010","2.3307","0.0049"
"","217.4010","2.3208","0.0048"
"","217.5010","2.3106","0.0047"
"","217.6010","2.3007","0.0046"
"","217.7010","2.2909","0.0045"
"","217.8010","2.2807","0.0045"
"","217.9010","2.2706","0.0044"
"","218.0010","2.2608","0.0043"
"","218.1010","2.2509","0.0042"
"","218.2010","2.2405","0.0042"
"","218.3010","2.2305","0.0041"
"","218.4010","2.2208","0.0040"
"","218.5010","2.2108","0.0040"
"","218.6010","2.2006","0.0039"
"","218.7010","2.1905","0.0038"
"","218.8010","2.1810","0.0038"
"","218.9010","2.1707","0.0037"
"","219.0010","2.1606","0.0036"
"","219.1010","2.1506","0.0036"
"","219.2010","2.1408","0.0035"
"","219.3010","2.1308","0.0035"
"","219.4010","2.1207","0.0034"
"","219.5010","2.1108","0.0033"
"","219.6010","2.1006","0.0033"
"","219.7010","2.0907","0.0033"
"","219.8010","2.0807","0.0032"
"","219.9010","2.0709","0.0031"
"","220.0010","2.0605","0.0031"
"","220.1010","2.0507","0.0030"
"","220.2010","2.0409","0.0030"
"","220.3010","2.0306","0.0029"
"","220.4010","2.0205","0.0029"
"","220.5010","2.0107","0.0028"
"","220.6010","2.0011","0.0028"
"","220.7010","1.9906","0.0027"
"","220.8010","1.9805","0.0027"
"","220.9010","1.9708","0.0026"
"","221.0010","1.9608","0.0026"
"","221.1010","1.9507","0.0025"
"","221.2010","1.9406","0.0025"
"","221.3010","1.9309","0.0025"
"","221.4010","1.9207","0.0024"
"","221.5010","1.9106","0.0023"
"","221.6010","1.9007","0.0023"
"","221.7010","1.8909","0.0023"
"","221.8010","1.8807","0.0022"
"","221.9010","1.8706","0.0022"
"","222.0010","1.8608","0.0021"
"","222.1010","1.8506","0.0021"
"","222.2010","1.8406","0.0021"
"","222.3010","1.8306","0.0020"
"","222.4010","1.8209","0.0020"
"","222.5010","1.8107","0.0019"
"","222.6010","1.8006","0.0019"
"","222.7010","1.7908","0.0019"
"","222.8010","1.7807","0.0018"
"","222.9010","1.7706","0.0018"
"","223.0010","1.7606","0.0018"
"","223.1010","1.7509","0.0017"
"","223.2010","1.7406","0.0017"
"","223.3010","1.7306","0.0017"
"","223.4010","1.7208","0.0016"
"","223.5010","1.7108","0.0016"
"","223.6010","1.7007","0.0016"
"","223.7010","1.6906","0.0015"
"","223.8010","1.6809","0.0015"
"","223.9010","1.6707","0.0015"
"","224.0010","1.6606","0.0014"
"","224.1010","1.6507","0.0014"
"","224.2010","1.6408","0.0014"
"","224.3010","1.6308","0.0013"
"","224.4010","1.6206","0.0013"
"","224.5010","1.6108","0.0013"
"","224.6010","1.6006","0.0013"
"","224.7010","1.5907","0.0012"
"","224.8010","1.5807","0.0012"
"","224.9010","1.5709","0.0012"
"","225.0010","1.5606","0.0012"
"","225.1010","1.5507","0.0011"
"","225.2010","1.5409","0.0011"
"","225.3010","1.5307","0.0010"
"","225.4010","1.5206","0.0010"
"","225.5010","1.5108","0.0010"
"","225.6010","1.5009","0.0010"
"","225.7010","1.4905","0.0010"
"","225.8010","1.4805","0.0009"
"","225.9010","1.4708","0.0009"
"","226.0010","1.4608","0.0009"
"","226.1010","1.4506","0.0009"
"","226.2010","1.4406","0.0008"
"","226.3010","1.4310","0.0008"
"","226.4010","1.4207","0.0008"
"","226.5010","1.4105","0.0008"
"","226.6010","1.4007","0.0008"
"","226.7010","1.3909","0.0008"
"","226.8010","1.3808","0.0007"
"","226.9010","1.3706","0.0007"
"","227.0010","1.3608","0.0007"
"","227.1010","1.3506","0.0006"
"","227.2010","1.3407","0.0006"
"","227.3010","1.3307","0.0006"
"","227.4010","1.3209","0.0006"
"","227.5010","1.3106","0.0006"
"","227.6010","1.3007","0.0006"
"","227.7010","1.2909","0.0005"
"","227.8010","1.2806","0.0005"
"","227.9010","1.2706","0.0005"
"","228.0010","1.2608","0.0005"
"","228.1010","1.2510","0.0005"
"","228.2010","1.2406","0.0004"
"","228.3010","1.2304","0.0004"
"","228.4010","1.2208","0.0004"
"","228.5010","1.2108","0.0004"
"","228.6010","1.2007","0.0004"
"","228.7010","1.1905","0.0004"
"","228.8010","1.1810","0.0004"
"","228.9010","1.1707","0.0003"
"","229.0010","1.1606","0.0003"
"","229.1010","1.1506","0.0003"
"","229.2010","1.1409","0.0003"
"","229.3010","1.1308","0.0003"
"","229.4010","1.1206","0.0003"
"","229.5010","1.1108","0.0002"
"","229.6010","1.1007","0.0002"
"","229.7010","1.0907","0.0002"
"","229.8010","1.0806","0.0002"
"","229.9010","1.0709","0.0002"
"","230.0010","1.0607","0.0002"
"","230.1010","1.0507","0.0001"
"","230.2010","1.0407","0.0001"
"","230.3010","1.0306","0.0001"
"","230.4010","1.0205","0.0001"
"","230.5010","1.0107","0.0001"
"","230.6010","1.0009","0.0001"
"","230.7010","0.9906","0.0001"
"","230.8010","0.9805","0.0001"
"","230.9010","0.9708","0.0000"
"","231.0010","0.9608","0.0000"
"","231.1010","0.9507","0.0000"
"","231.2010","0.9405","0.0000"
"","231.3010","0.9310","0.0000"
"","231.4010","0.9207","0.0000"
"","231.5010","0.9106","0.0000"
"","231.6010","0.9006","0.0000"
"","231.7010","0.8909","-0.0001"
"","231.8010","0.8808","-0.0001"
"","231.9010","0.8706","-0.0001"
"","232.0010","0.8608","-0.0001"
"","232.1010","0.8507","-0.0001"
"","232.2010","0.8407","-0.0001"
"","232.3010","0.8306","-0.0001"
"","232.4010","0.8208","-0.0001"
"","232.5010","0.8106","-0.0002"
"","232.6010","0.8006","-0.0002"
"","232.7010","0.7908","-0.0002"
"","232.8010","0.7807","-0.0002"
"","232.9010","0.7707","-0.0002"
"","233.0010","0.7608","-0.0002"
"","233.1010","0.7509","-0.0002"
"","233.2010","0.7406","-0.0002"
"","233.3010","0.7306","-0.0002"
"","233.4010","0.7208","-0.0002"
"","233.5010","0.7108","-0.0003"
"","233.6010","0.7007","-0.0003"
"","233.7010","0.6906","-0.0003"
"","233.8010","0.6810","-0.0003"
"","233.9010","0.6707","-0.0003"
"","234.0010","0.6605","-0.0003"
"","234.1010","0.6506","-0.0003"
"","234.2010","0.6409","-0.0003"
"","234.3010","0.6307","-0.0003"
"","234.4010","0.6206","-0.0004"
"","234.5010","0.6108","-0.0004"
"","234.6010","0.6007","-0.0004"
"","234.7010","0.5907","-0.0004"
"","234.8010","0.5807","-0.0004"
"","234.9010","0.5709","-0.0004"
"","235.0010","0.5606","-0.0004"
"","235.1010","0.5506","-0.0004"
"","235.2010","0.5408","-0.0004"
"","235.3010","0.5306","-0.0004"
"","235.4010","0.5205","-0.0005"
"","235.5010","0.5107","-0.0005"
"","235.6010","0.5010","-0.0005"
"","235.7010","0.4906","-0.0005"
"","235.8010","0.4806","-0.0005"
"","235.9010","0.4708","-0.0005"
"","236.0010","0.4608","-0.0005"
"","236.1010","0.4507","-0.0005"
"","236.2010","0.4405","-0.0005"
"","236.3010","0.4310","-0.0005"
"","236.4010","0.4207","-0.0005"
"","236.5010","0.4106","-0.0005"
"","236.6010","0.4006","-0.0006"
"","236.7010","0.3909","-0.0006"
"","236.8010","0.3808","-0.0006"
"","236.9010","0.3706","-0.0006"
"","237.0010","0.3608","-0.0006"
"","237.1010","0.3507","-0.0006"
"","237.2010","0.3407","-0.0006"
"","237.3010","0.3307","-0.0006"
"","237.4010","0.3209","-0.0006"
"","237.5010","0.3107","-0.0006"
"","237.6010","0.3006","-0.0006"
"","237.7010","0.2908","-0.0007"
"","237.8010","0.2808","-0.0006"
"","237.9010","0.2708","-0.0006"
"","238.0010","0.2608","-0.0006"
"","238.1010","0.2509","-0.0007"
"","238.2010","0.2406","-0.0007"
"","238.3010","0.2306","-0.0007"
"","238.4010","0.2208","-0.0007"
"","238.5010","0.2108","-0.0007"
"","238.6010","0.2007","-0.0007"
"","238.7010","0.1905","-0.0007"
"","238.8010","0.1809","-0.0007"
"","238.9010","0.1706","-0.0007"
"","239.0010","0.1606","-0.0007"
"","239.1010","0.1506","-0.0007"
"","239.2010","0.1409","-0.0007"
"","239.3010","0.1308","-0.0008"
"","239.4010","0.1206","-0.0008"
"","239.5010","0.1107","-0.0008"
"","239.6010","0.1006","-0.0008"
"","239.7010","0.0907","-0.0008"
"","239.8010","0.0806","-0.0008"
"","239.9010","0.0708","-0.0008"
"","240.0010","0.0606","-0.0008"
"","240.1010","0.0506","-0.0008"
"","240.2010","0.0408","-0.0008"
"","240.3010","0.0307","-0.0008"
"","240.4010","0.0206","-0.0008"
"","240.5010","0.0108","-0.0008"
"","240.6010","0.0009","-0.0009"
"","240.6100","0.0000","-0.0009"
"","240.6110","-0.0001","-0.0009"
"","240.6120","-0.0002","-0.0009"
"","240.7120","-0.0007","-0.0009"
"","240.8120","0.0070","-0.0009"
"","240.9120","0.0188","-0.0008"
"","241.0120","0.0293","-0.0008"
"","241.1120","0.0393","-0.0008"
"","241.2120","0.0490","-0.0008"
"","241.3120","0.0593","-0.0008"
"","241.4120","0.0695","-0.0008"
"","241.5120","0.0791","-0.0007"
"","241.6120","0.0892","-0.0007"
"","241.7120","0.0993","-0.0007"
"","241.8120","0.1095","-0.0007"
"","241.9120","0.1190","-0.0007"
"","242.0120","0.1292","-0.0007"
"","242.1120","0.1393","-0.0007"
"","242.2120","0.1493","-0.0007"
"","242.3120","0.1591","-0.0006"
"","242.4120","0.1692","-0.0007"
"","242.5120","0.1793","-0.0006"
"","242.6120","0.1891","-0.0006"
"","242.7120","0.1994","-0.0006"
"","242.8120","0.2092","-0.0006"
"","242.9120","0.2193","-0.0006"
"","243.0120","0.2290","-0.0006"
"","243.1120","0.2394","-0.0006"
"","243.2120","0.2493","-0.0005"
"","243.3120","0.2591","-0.0006"
"","243.4120","0.2692","-0.0005"
"","243.5120","0.2792","-0.0005"
"","243.6120","0.2891","-0.0005"
"","243.7120","0.2989","-0.0005"
"","243.8120","0.3093","-0.0005"
"","243.9120","0.3194","-0.0005"
"","244.0120","0.3292","-0.0004"
"","244.1120","0.3392","-0.0005"
"","244.2120","0.3493","-0.0004"
"","244.3120","0.3594","-0.0004"
"","244.4120","0.3691","-0.0004"
"","244.5120","0.3792","-0.0004"
"","244.6120","0.3893","-0.0004"
"","244.7120","0.3993","-0.0004"
"","244.8120","0.4092","-0.0004"
"","244.9120","0.4193","-0.0004"
"","245.0120","0.4293","-0.0004"
"","245.1120","0.4391","-0.0003"
"","245.2120","0.4494","-0.0003"
"","245.3120","0.4592","-0.0003"
"","245.4120","0.4692","-0.0003"
"","245.5120","0.4791","-0.0003"
"","245.6120","0.4894","-0.0002"
"","245.7120","0.4993","-0.0003"
"","245.8120","0.5091","-0.0002"
"","245.9120","0.5193","-0.0002"
"","246.0120","0.5293","-0.0002"
"","246.1120","0.5393","-0.0002"
"","246.2120","0.5490","-0.0002"
"","246.3120","0.5593","-0.0002"
"","246.4120","0.5694","-0.0002"
"","246.5120","0.5791","-0.0001"
"","246.6120","0.5892","-0.0002"
"","246.7120","0.5993","-0.0001"
"","246.8120","0.6094","-0.0001"
"","246.9120","0.6190","-0.0001"
"","247.0120","0.6293","-0.0001"
"","247.1120","0.6393","-0.0001"
"","247.2120","0.6493","-0.0001"
"","247.3120","0.6592","0.0000"
"","247.4120","0.6694","0.0000"
"","247.5120","0.6793","0.0000"
"","247.6120","0.6890","0.0000"
"","247.7120","0.6994","0.0000"
"","247.8120","0.7092","0.0000"
"","247.9120","0.7193","0.0000"
"","248.0120","0.7291","0.0001"
"","248.1120","0.7395","0.0001"
"","248.2120","0.7493","0.0001"
"","248.3120","0.7591","0.0001"
"","248.4120","0.7692","0.0001"
"","248.5120","0.7794","0.0001"
"","248.6120","0.7893","0.0001"
"","248.7120","0.7990","0.0002"
"","248.8120","0.8092","0.0002"
"","248.9120","0.8195","0.0002"
"","249.0120","0.8291","0.0002"
"","249.1120","0.8392","0.0002"
"","249.2120","0.8493","0.0002"
"","249.3120","0.8594","0.0003"
"","249.4120","0.8690","0.0003"
"","249.5120","0.8792","0.0003"
"","249.6120","0.8892","0.0003"
"","249.7120","0.8993","0.0003"
"","249.8120","0.9092","0.0004"
"","249.9120","0.9193","0.0004"
"","250.0120","0.9293","0.0004"
"","250.1120","0.9391","0.0004"
"","250.2120","0.9494","0.0004"
"","250.3120","0.9592","0.0004"
"","250.4120","0.9693","0.0005"
"","250.5120","0.9791","0.0005"
"","250.6120","0.9894","0.0005"
"","250.7120","0.9992","0.0005"
"","250.8120","1.0091","0.0006"
"","250.9120","1.0193","0.0006"
"","251.0120","1.0294","0.0006"
"","251.1120","1.0393","0.0006"
"","251.2120","1.0490","0.0006"
"","251.3120","1.0593","0.0007"
"","251.4120","1.0694","0.0007"
"","251.5120","1.0792","0.0007"
"","251.6120","1.0892","0.0007"
"","251.7120","1.0993","0.0008"
"","251.8120","1.1094","0.0008"
"","251.9120","1.1191","0.0008"
"","252.0120","1.1291","0.0008"
"","252.1120","1.1393","0.0008"
"","252.2120","1.1493","0.0009"
"","252.3120","1.1593","0.0009"
"","252.4120","1.1693","0.0009"
"","252.5120","1.1792","0.0009"
"","252.6120","1.1891","0.0010"
"","252.7120","1.1994","0.0010"
"","252.8120","1.2092","0.0010"
"","252.9120","1.2192","0.0011"
"","253.0120","1.2291","0.0011"
"","253.1120","1.2394","0.0011"
"","253.2120","1.2493","0.0011"
"","253.3120","1.2591","0.0011"
"","253.4120","1.2693","0.0012"
"","253.5120","1.2793","0.0012"
"","253.6120","1.2893","0.0012"
"","253.7120","1.2990","0.0013"
"","253.8120","1.3093","0.0013"
"","253.9120","1.3194","0.0013"
"","254.0120","1.3292","0.0013"
"","254.1120","1.3392","0.0014"
"","254.2120","1.3493","0.0014"
"","254.3120","1.3594","0.0014"
"","254.4120","1.3691","0.0015"
"","254.5120","1.3793","0.0015"
"","254.6120","1.3892","0.0015"
"","254.7120","1.3993","0.0016"
"","254.8120","1.4092","0.0016"
"","254.9120","1.4194","0.0016"
"","255.0120","1.4293","0.0017"
"","255.1120","1.4390","0.0017"
"","255.2120","1.4494","0.0017"
"","255.3120","1.4593","0.0018"
"","255.4120","1.4691","0.0018"
"","255.5120","1.4791","0.0018"
"","255.6120","1.4894","0.0018"
"","255.7120","1.4994","0.0019"
"","255.8120","1.5091","0.0019"
"","255.9120","1.5192","0.0020"
"","256.0120","1.5294","0.0020"
"","256.1120","1.5393","0.0021"
"","256.2120","1.5489","0.0021"
"","256.3120","1.5592","0.0021"
"","256.4120","1.5694","0.0021"
"","256.5120","1.5792","0.0022"
"","256.6120","1.5892","0.0022"
"","256.7120","1.5993","0.0023"
"","256.8120","1.6094","0.0023"
"","256.9120","1.6190","0.0023"
"","257.0120","1.6292","0.0024"
"","257.1120","1.6393","0.0025"
"","257.2120","1.6492","0.0025"
"","257.3120","1.6591","0.0025"
"","257.4120","1.6694","0.0026"
"","257.5120","1.6793","0.0026"
"","257.6120","1.6890","0.0027"
"","257.7120","1.6993","0.0027"
"","257.8120","1.7093","0.0028"
"","257.9120","1.7193","0.0028"
"","258.0120","1.7290","0.0029"
"","258.1120","1.7394","0.0029"
"","258.2120","1.7493","0.0030"
"","258.3120","1.7591","0.0030"
"","258.4120","1.7693","0.0031"
"","258.5120","1.7794","0.0031"
"","258.6120","1.7894","0.0032"
"","258.7120","1.7990","0.0033"
"","258.8120","1.8093","0.0033"
"","258.9120","1.8193","0.0034"
"","259.0120","1.8292","0.0034"
"","259.1120","1.8391","0.0035"
"","259.2120","1.8493","0.0035"
"","259.3120","1.8594","0.0036"
"","259.4120","1.8692","0.0037"
"","259.5120","1.8792","0.0037"
"","259.6120","1.8893","0.0038"
"","259.7120","1.8993","0.0039"
"","259.8120","1.9093","0.0039"
"","259.9120","1.9193","0.0040"
"","260.0120","1.9292","0.0041"
"","260.1120","1.9391","0.0041"
"","260.2120","1.9493","0.0042"
"","260.3120","1.9592","0.0043"
"","260.4120","1.9692","0.0044"
"","260.5120","1.9791","0.0044"
"","260.6120","1.9894","0.0045"
"","260.7120","1.9992","0.0046"
"","260.8120","2.0091","0.0046"
"","260.9120","2.0193","0.0048"
"","261.0120","2.0294","0.0048"
"","261.1120","2.0394","0.0049"
"","261.2120","2.0490","0.0050"
"","261.3120","2.0593","0.0051"
"","261.4120","2.0694","0.0052"
"","261.5120","2.0792","0.0053"
"","261.6120","2.0892","0.0054"
"","261.7120","2.0993","0.0054"
"","261.8120","2.1094","0.0056"
"","261.9120","2.1190","0.0057"
"","262.0120","2.1293","0.0058"
"","262.1120","2.1393","0.0059"
"","262.2120","2.1493","0.0060"
"","262.3120","2.1593","0.0061"
"","262.4120","2.1694","0.0062"
"","262.5120","2.1793","0.0064"
"","262.6120","2.1890","0.0065"
"","262.7120","2.1995","0.0066"
"","262.8120","2.2092","0.0067"
"","262.9120","2.2192","0.0068"
"","263.0120","2.2291","0.0070"
"","263.1120","2.2395","0.0071"
"","263.2120","2.2493","0.0073"
"","263.3120","2.2591","0.0074"
"","263.4120","2.2692","0.0075"
"","263.5120","2.2794","0.0077"
"","263.6120","2.2893","0.0078"
"","263.7120","2.2989","0.0079"
"","263.8120","2.3092","0.0081"
"","263.9120","2.3194","0.0083"
"","264.0120","2.3291","0.0084"
"","264.1120","2.3391","0.0086"
"","264.2120","2.3493","0.0087"
"","264.3120","2.3595","0.0088"
"","264.4120","2.3691","0.0090"
"","264.5120","2.3791","0.0092"
"","264.6120","2.3892","0.0093"
"","264.7120","2.3993","0.0095"
"","264.8120","2.4092","0.0097"
"","264.9120","2.4194","0.0098"
"","265.0120","2.4294","0.0100"
"","265.1120","2.4390","0.0102"
"","265.2120","2.4494","0.0104"
"","265.3120","2.4592","0.0105"
"","265.4120","2.4692","0.0107"
"","265.5120","2.4790","0.0109"
"","265.6120","2.4894","0.0110"
"","265.7120","2.4993","0.0112"
"","265.8120","2.5091","0.0114"
"","265.9120","2.5192","0.0116"
"","266.0120","2.5294","0.0118"
"","266.1120","2.5393","0.0120"
"","266.2120","2.5490","0.0122"
"","266.3120","2.5593","0.0124"
"","266.4120","2.5693","0.0126"
"","266.5120","2.5792","0.0129"
"","266.6120","2.5891","0.0131"
"","266.7120","2.5993","0.0133"
"","266.8120","2.6095","0.0135"
"","266.9120","2.6192","0.0137"
"","267.0120","2.6291","0.0140"
"","267.1120","2.6392","0.0142"
"","267.2120","2.6492","0.0145"
"","267.3120","2.6593","0.0147"
"","267.4120","2.6692","0.0150"
"","267.5120","2.6792","0.0153"
"","267.6120","2.6890","0.0155"
"","267.7120","2.6993","0.0159"
"","267.8120","2.7092","0.0161"
"","267.9120","2.7192","0.0164"
"","268.0120","2.7291","0.0167"
"","268.1120","2.7395","0.0171"
"","268.2120","2.7493","0.0174"
"","268.3120","2.7591","0.0177"
"","268.4120","2.7693","0.0180"
"","268.5120","2.7793","0.0184"
"","268.6120","2.7893","0.0187"
"","268.7120","2.7990","0.0191"
"","268.8120","2.8093","0.0195"
"","268.9120","2.8194","0.0199"
"","269.0120","2.8292","0.0202"
"","269.1120","2.8392","0.0206"
"","269.2120","2.8493","0.0211"
"","269.3120","2.8594","0.0215"
"","269.4120","2.8690","0.0219"
"","269.5120","2.8793","0.0224"
"","269.6120","2.8892","0.0228"
"","269.7120","2.8993","0.0233"
"","269.8120","2.9093","0.0238"
"","269.9120","2.9194","0.0243"
"","270.0120","2.9293","0.0248"
"","270.1120","2.9390","0.0254"
"","270.2120","2.9495","0.0259"
"","270.3120","2.9592","0.0265"
"","270.4120","2.9692","0.0270"
"","270.5120","2.9791","0.0276"
"","270.6120","2.9895","0.0283"
"","270.7120","2.9993","0.0288"
"","270.8120","3.0091","0.0294"
"","270.9120","3.0192","0.0300"
"","271.0120","3.0294","0.0305"
"","271.1120","3.0393","0.0311"
"","271.2120","3.0490","0.0316"
"","271.3120","3.0592","0.0322"
"","271.4120","3.0695","0.0326"
"","271.5120","3.0791","0.0328"
"","271.6120","3.0892","0.0330"
"","271.7120","3.0993","0.0330"
"","271.8120","3.1095","0.0329"
"","271.9120","3.1190","0.0329"
"","272.0120","3.1291","0.0329"
"","272.1120","3.1392","0.0329"
"","272.2120","3.1493","0.0329"
"","272.3120","3.1592","0.0329"
"","272.4120","3.1693","0.0330"
"","272.5120","3.1793","0.0330"
"","272.6120","3.1890","0.0330"
"","272.7120","3.1994","0.0330"
"","272.8120","3.2092","0.0330"
"","272.9120","3.2193","0.0331"
"","273.0120","3.2291","0.0331"
"","273.1120","3.2395","0.0331"
"","273.2120","3.2492","0.0331"
"","273.3120","3.2591","0.0337"
"","273.4120","3.2692","0.0344"
"","273.5120","3.2794","0.0353"
"","273.6120","3.2893","0.0362"
"","273.7120","3.2990","0.0370"
"","273.8120","3.3092","0.0380"
"","273.9120","3.3194","0.0390"
"","274.0120","3.3292","0.0399"
"","274.1120","3.3391","0.0409"
"","274.2120","3.3492","0.0419"
"","274.3120","3.3594","0.0430"
"","274.4120","3.3691","0.0441"
"","274.5120","3.3792","0.0453"
"","274.6120","3.3893","0.0465"
"","274.7120","3.3992","0.0477"
"","274.8120","3.4093","0.0489"
"","274.9120","3.4193","0.0502"
"","275.0120","3.4293","0.0515"
"","275.1120","3.4391","0.0527"
"","275.2120","3.4494","0.0541"
"","275.3120","3.4592","0.0553"
"","275.4120","3.4692","0.0567"
"","275.5120","3.4791","0.0581"
"","275.6120","3.4894","0.0594"
"","275.7120","3.4993","0.0608"
"","275.8120","3.5091","0.0621"
"","275.9120","3.5193","0.0636"
"","276.0120","3.5293","0.0650"
"","276.1120","3.5393","0.0665"
"","276.2120","3.5490","0.0679"
"","276.3120","3.5594","0.0693"
"","276.4120","3.5693","0.0708"
"","276.5120","3.5791","0.0723"
"","276.6120","3.5892","0.0739"
"","276.7120","3.5993","0.0754"
"","276.8120","3.6094","0.0770"
"","276.9120","3.6189","0.0783"
"","277.0120","3.6292","0.0800"
"","277.1120","3.6393","0.0817"
"","277.2120","3.6493","0.0833"
"","277.3120","3.6589","0.0848"
"","277.4120","3.6692","0.0865"
"","277.5120","3.6794","0.0881"
"","277.6120","3.6890","0.0896"
"","277.7120","3.6994","0.0914"
"","277.8120","3.7093","0.0931"
"","277.9120","3.7193","0.0948"
"","278.0120","3.7291","0.0965"
"","278.1120","3.7393","0.0982"
"","278.2120","3.7493","0.0998"
"","278.3120","3.7592","0.1016"
"","278.4120","3.7693","0.1034"
"","278.5120","3.7794","0.1052"
"","278.6120","3.7893","0.1070"
"","278.7120","3.7990","0.1086"
"","278.8120","3.8093","0.1105"
"","278.9120","3.8194","0.1124"
"","279.0120","3.8291","0.1140"
"","279.1120","3.8392","0.1160"
"","279.2120","3.8494","0.1179"
"","279.3120","3.8594","0.1197"
"","279.4120","3.8690","0.1213"
"","279.5120","3.8792","0.1233"
"","279.6120","3.8893","0.1252"
"","279.7120","3.8993","0.1270"
"","279.8120","3.9091","0.1289"
"","279.9120","3.9193","0.1307"
"","280.0120","3.9294","0.1326"
"","280.1120","3.9390","0.1344"
"","280.2120","3.9494","0.1364"
"","280.3120","3.9592","0.1382"
"","280.4120","3.9692","0.1401"
"","280.5120","3.9790","0.1419"
"","280.6120","3.9894","0.1438"
"","280.7120","3.9993","0.1456"
"","280.7200","4.0001","0.1457"
"","280.7210","4.0002","0.1457"
"","280.7220","4.0003","0.1458"
"","280.8220","4.0007","0.1448"
"","280.9220","3.9934","0.1419"
"","281.0220","3.9811","0.1377"
"","281.1220","3.9710","0.1343"
"","281.2220","3.9609","0.1310"
"","281.3220","3.9509","0.1278"
"","281.4220","3.9407","0.1247"
"","281.5220","3.9310","0.1218"
"","281.6220","3.9207","0.1187"
"","281.7220","3.9107","0.1158"
"","281.8220","3.9007","0.1130"
"","281.9220","3.8909","0.1103"
"","282.0220","3.8808","0.1075"
"","282.1220","3.8706","0.1048"
"","282.2220","3.8608","0.1022"
"","282.3220","3.8507","0.0995"
"","282.4220","3.8407","0.0970"
"","282.5220","3.8307","0.0945"
"","282.6220","3.8208","0.0921"
"","282.7220","3.8107","0.0896"
"","282.8220","3.8007","0.0872"
"","282.9220","3.7909","0.0850"
"","283.0220","3.7807","0.0827"
"","283.1220","3.7707","0.0805"
"","283.2220","3.7608","0.0783"
"","283.3220","3.7509","0.0762"
"","283.4220","3.7406","0.0740"
"","283.5220","3.7306","0.0720"
"","283.6220","3.7208","0.0700"
"","283.7220","3.7108","0.0681"
"","283.8220","3.7007","0.0662"
"","283.9220","3.6907","0.0643"
"","284.0220","3.6809","0.0625"
"","284.1220","3.6707","0.0606"
"","284.2220","3.6606","0.0588"
"","284.3220","3.6507","0.0571"
"","284.4220","3.6409","0.0555"
"","284.5220","3.6307","0.0538"
"","284.6220","3.6207","0.0522"
"","284.7220","3.6109","0.0507"
"","284.8220","3.6007","0.0491"
"","284.9220","3.5907","0.0476"
"","285.0220","3.5807","0.0461"
"","285.1220","3.5709","0.0448"
"","285.2220","3.5607","0.0433"
"","285.3220","3.5507","0.0420"
"","285.4220","3.5408","0.0407"
"","285.5220","3.5307","0.0394"
"","285.6220","3.5206","0.0381"
"","285.7220","3.5108","0.0370"
"","285.8220","3.5011","0.0358"
"","285.9220","3.4906","0.0347"
"","286.0220","3.4805","0.0337"
"","286.1220","3.4708","0.0327"
"","286.2220","3.4609","0.0322"
"","286.3220","3.4507","0.0320"
"","286.4220","3.4406","0.0320"
"","286.5220","3.4310","0.0319"
"","286.6220","3.4208","0.0319"
"","286.7220","3.4107","0.0318"
"","286.8220","3.4006","0.0318"
"","286.9220","3.3909","0.0318"
"","287.0220","3.3808","0.0318"
"","287.1220","3.3707","0.0318"
"","287.2220","3.3608","0.0318"
"","287.3220","3.3507","0.0318"
"","287.4220","3.3407","0.0318"
"","287.5220","3.3307","0.0318"
"","287.6220","3.3209","0.0317"
"","287.7220","3.3107","0.0317"
"","287.8220","3.3007","0.0316"
"","287.9220","3.2908","0.0316"
"","288.0220","3.2807","0.0313"
"","288.1220","3.2706","0.0307"
"","288.2220","3.2608","0.0304"
"","288.3220","3.2510","0.0300"
"","288.4220","3.2407","0.0292"
"","288.5220","3.2305","0.0283"
"","288.6220","3.2208","0.0274"
"","288.7220","3.2109","0.0266"
"","288.8220","3.2008","0.0258"
"","288.9220","3.1905","0.0250"
"","289.0220","3.1809","0.0244"
"","289.1220","3.1707","0.0237"
"","289.2220","3.1607","0.0231"
"","289.3220","3.1506","0.0225"
"","289.4220","3.1409","0.0220"
"","289.5220","3.1308","0.0214"
"","289.6220","3.1208","0.0209"
"","289.7220","3.1109","0.0204"
"","289.8220","3.1006","0.0199"
"","289.9220","3.0907","0.0194"
"","290.0220","3.0807","0.0189"
"","290.1220","3.0709","0.0185"
"","290.2220","3.0606","0.0181"
"","290.3220","3.0507","0.0177"
"","290.4220","3.0410","0.0173"
"","290.5220","3.0307","0.0169"
"","290.6220","3.0206","0.0166"
"","290.7220","3.0109","0.0163"
"","290.8220","3.0009","0.0159"
"","290.9220","2.9906","0.0156"
"","291.0220","2.9805","0.0153"
"","291.1220","2.9708","0.0150"
"","291.2220","2.9608","0.0147"
"","291.3220","2.9507","0.0144"
"","291.4220","2.9406","0.0142"
"","291.5220","2.9310","0.0139"
"","291.6220","2.9207","0.0136"
"","291.7220","2.9106","0.0134"
"","291.8220","2.9006","0.0131"
"","291.9220","2.8909","0.0129"
"","292.0220","2.8808","0.0127"
"","292.1220","2.8707","0.0124"
"","292.2220","2.8609","0.0122"
"","292.3220","2.8506","0.0120"
"","292.4220","2.8407","0.0118"
"","292.5220","2.8307","0.0116"
"","292.6220","2.8209","0.0114"
"","292.7220","2.8106","0.0112"
"","292.8220","2.8007","0.0110"
"","292.9220","2.7909","0.0108"
"","293.0220","2.7807","0.0106"
"","293.1220","2.7707","0.0104"
"","293.2220","2.7608","0.0103"
"","293.3220","2.7511","0.0101"
"","293.4220","2.7406","0.0099"
"","293.5220","2.7305","0.0097"
"","293.6220","2.7208","0.0096"
"","293.7220","2.7109","0.0094"
"","293.8220","2.7007","0.0092"
"","293.9220","2.6906","0.0091"
"","294.0220","2.6810","0.0089"
"","294.1220","2.6708","0.0088"
"","294.2220","2.6607","0.0086"
"","294.3220","2.6506","0.0085"
"","294.4220","2.6409","0.0083"
"","294.5220","2.6308","0.0082"
"","294.6220","2.6207","0.0080"
"","294.7220","2.6108","0.0079"
"","294.8220","2.6007","0.0077"
"","294.9220","2.5907","0.0076"
"","295.0220","2.5807","0.0075"
"","295.1220","2.5709","0.0073"
"","295.2220","2.5606","0.0072"
"","295.3220","2.5507","0.0071"
"","295.4220","2.5408","0.0070"
"","295.5220","2.5307","0.0069"
"","295.6220","2.5206","0.0067"
"","295.7220","2.5107","0.0066"
"","295.8220","2.5010","0.0065"
"","295.9220","2.4906","0.0064"
"","296.0220","2.4805","0.0063"
"","296.1220","2.4709","0.0062"
"","296.2220","2.4609","0.0061"
"","296.3220","2.4507","0.0060"
"","296.4220","2.4405","0.0059"
"","296.5220","2.4310","0.0058"
"","296.6220","2.4207","0.0057"
"","296.7220","2.4106","0.0056"
"","296.8220","2.4006","0.0055"
"","296.9220","2.3909","0.0054"
"","297.0220","2.3808","0.0053"
"","297.1220","2.3707","0.0052"
"","297.2220","2.3608","0.0051"
"","297.3220","2.3506","0.0050"
"","297.4220","2.3407","0.0049"
"","297.5220","2.3307","0.0048"
"","297.6220","2.3208","0.0047"
"","297.7220","2.3106","0.0046"
"","297.8220","2.3007","0.0045"
"","297.9220","2.2909","0.0044"
"","298.0220","2.2807","0.0044"
"","298.1220","2.2706","0.0043"
"","298.2220","2.2608","0.0042"
"","298.3220","2.2509","0.0042"
"","298.4220","2.2406","0.0041"
"","298.5220","2.2305","0.0040"
"","298.6220","2.2208","0.0039"
"","298.7220","2.2109","0.0039"
"","298.8220","2.2007","0.0038"
"","298.9220","2.1906","0.0037"
"","299.0220","2.1810","0.0037"
"","299.1220","2.1707","0.0036"
"","299.2220","2.1606","0.0036"
"","299.3220","2.1507","0.0035"
"","299.4220","2.1409","0.0034"
"","299.5220","2.1308","0.0034"
"","299.6220","2.1207","0.0033"
"","299.7220","2.1109","0.0033"
"","299.8220","2.1006","0.0032"
"","299.9220","2.0907","0.0031"
"","300.0220","2.0807","0.0031"
"","300.1220","2.0709","0.0030"
"","300.2220","2.0605","0.0030"
"","300.3220","2.0507","0.0030"
"","300.4220","2.0409","0.0029"
"","300.5220","2.0307","0.0028"
"","300.6220","2.0206","0.0028"
"","300.7220","2.0108","0.0028"
"","300.8220","2.0011","0.0027"
"","300.9220","1.9906","0.0027"
"","301.0220","1.9805","0.0026"
"","301.1220","1.9708","0.0025"
"","301.2220","1.9609","0.0025"
"","301.3220","1.9507","0.0025"
"","301.4220","1.9406","0.0024"
"","301.5220","1.9309","0.0024"
"","301.6220","1.9208","0.0023"
"","301.7220","1.9106","0.0023"
"","301.8220","1.9007","0.0022"
"","301.9220","1.8909","0.0022"
"","302.0220","1.8808","0.0021"
"","302.1220","1.8707","0.0021"
"","302.2220","1.8608","0.0021"
"","302.3220","1.8507","0.0020"
"","302.4220","1.8406","0.0020"
"","302.5220","1.8307","0.0020"
"","302.6220","1.8210","0.0019"
"","302.7220","1.8107","0.0019"
"","302.8220","1.8007","0.0018"
"","302.9220","1.7908","0.0018"
"","303.0220","1.7807","0.0018"
"","303.1220","1.7706","0.0017"
"","303.2220","1.7607","0.0017"
"","303.3220","1.7509","0.0017"
"","303.4220","1.7407","0.0016"
"","303.5220","1.7306","0.0016"
"","303.6220","1.7208","0.0015"
"","303.7220","1.7109","0.0015"
"","303.8220","1.7008","0.0015"
"","303.9220","1.6906","0.0015"
"","304.0220","1.6809","0.0014"
"","304.1220","1.6707","0.0014"
"","304.2220","1.6607","0.0014"
"","304.3220","1.6507","0.0013"
"","304.4220","1.6409","0.0013"
"","304.5220","1.6308","0.0013"
"","304.6220","1.6207","0.0013"
"","304.7220","1.6109","0.0012"
"","304.8220","1.6006","0.0012"
"","304.9220","1.5907","0.0012"
"","305.0220","1.5807","0.0011"
"","305.1220","1.5709","0.0011"
"","305.2220","1.5606","0.0011"
"","305.3220","1.5507","0.0011"
"","305.4220","1.5409","0.0010"
"","305.5220","1.5307","0.0010"
"","305.6220","1.5206","0.0010"
"","305.7220","1.5108","0.0010"
"","305.8220","1.5009","0.0009"
"","305.9220","1.4906","0.0009"
"","306.0220","1.4805","0.0009"
"","306.1220","1.4708","0.0009"
"","306.2220","1.4609","0.0008"
"","306.3220","1.4507","0.0008"
"","306.4220","1.4406","0.0008"
"","306.5220","1.4310","0.0008"
"","306.6220","1.4207","0.0008"
"","306.7220","1.4105","0.0007"
"","306.8220","1.4007","0.0007"
"","306.9220","1.3909","0.0007"
"","307.0220","1.3809","0.0006"
"","307.1220","1.3707","0.0006"
"","307.2220","1.3609","0.0006"
"","307.3220","1.3507","0.0006"
"","307.4220","1.3407","0.0006"
"","307.5220","1.3307","0.0006"
"","307.6220","1.3209","0.0005"
"","307.7220","1.3106","0.0005"
"","307.8220","1.3007","0.0005"
"","307.9220","1.2909","0.0005"
"","308.0220","1.2807","0.0005"
"","308.1220","1.2706","0.0004"
"","308.2220","1.2608","0.0004"
"","308.3220","1.2511","0.0004"
"","308.4220","1.2406","0.0004"
"","308.5220","1.2305","0.0004"
"","308.6220","1.2208","0.0004"
"","308.7220","1.2109","0.0003"
"","308.8220","1.2007","0.0003"
"","308.9220","1.1906","0.0003"
"","309.0220","1.1810","0.0003"
"","309.1220","1.1707","0.0003"
"","309.2220","1.1606","0.0003"
"","309.3220","1.1506","0.0002"
"","309.4220","1.1409","0.0002"
"","309.5220","1.1308","0.0002"
"","309.6220","1.1207","0.0002"
"","309.7220","1.1108","0.0002"
"","309.8220","1.1008","0.0002"
"","309.9220","1.0907","0.0001"
"","310.0220","1.0807","0.0001"
"","310.1220","1.0709","0.0001"
"","310.2220","1.0607","0.0001"
"","310.3220","1.0507","0.0001"
"","310.4220","1.0408","0.0001"
"","310.5220","1.0307","0.0001"
"","310.6220","1.0206","0.0001"
"","310.7220","1.0107","0.0001"
"","310.8220","1.0010","0.0000"
"","310.9220","0.9907","0.0000"
"","311.0220","0.9805","0.0000"
"","311.1220","0.9709","0.0000"
"","311.2220","0.9609","0.0000"
"","311.3220","0.9507","0.0000"
"","311.4220","0.9405","0.0000"
"","311.5220","0.9310","-0.0001"
"","311.6220","0.9207","-0.0001"
"","311.7220","0.9107","-0.0001"
"","311.8220","0.9006","-0.0001"
"","311.9220","0.8909","-0.0001"
"","312.0220","0.8808","-0.0001"
"","312.1220","0.8707","-0.0001"
"","312.2220","0.8608","-0.0001"
"","312.3220","0.8507","-0.0001"
"","312.4220","0.8407","-0.0002"
"","312.5220","0.8307","-0.0002"
"","312.6220","0.8208","-0.0002"
"","312.7220","0.8106","-0.0002"
"","312.8220","0.8007","-0.0002"
"","312.9220","0.7909","-0.0002"
"","313.0220","0.7807","-0.0002"
"","313.1220","0.7707","-0.0002"
"","313.2220","0.7608","-0.0003"
"","313.3220","0.7509","-0.0003"
"","313.4220","0.7406","-0.0003"
"","313.5220","0.7306","-0.0003"
"","313.6220","0.7208","-0.0003"
"","313.7220","0.7108","-0.0003"
"","313.8220","0.7007","-0.0003"
"","313.9220","0.6906","-0.0003"
"","314.0220","0.6810","-0.0003"
"","314.1220","0.6707","-0.0003"
"","314.2220","0.6606","-0.0004"
"","314.3220","0.6506","-0.0004"
"","314.4220","0.6409","-0.0004"
"","314.5220","0.6307","-0.0004"
"","314.6220","0.6206","-0.0004"
"","314.7220","0.6109","-0.0004"
"","314.8220","0.6007","-0.0004"
"","314.9220","0.5907","-0.0004"
"","315.0220","0.5807","-0.0004"
"","315.1220","0.5709","-0.0004"
"","315.2220","0.5606","-0.0005"
"","315.3220","0.5507","-0.0005"
"","315.4220","0.5408","-0.0005"
"","315.5220","0.5306","-0.0005"
"","315.6220","0.5205","-0.0005"
"","315.7220","0.5107","-0.0005"
"","315.8220","0.5011","-0.0005"
"","315.9220","0.4906","-0.0005"
"","316.0220","0.4806","-0.0005"
"","316.1220","0.4708","-0.0005"
"","316.2220","0.4609","-0.0005"
"","316.3220","0.4507","-0.0005"
"","316.4220","0.4406","-0.0005"
"","316.5220","0.4310","-0.0006"
"","316.6220","0.4208","-0.0006"
"","316.7220","0.4107","-0.0006"
"","316.8220","0.4006","-0.0006"
"","316.9220","0.3909","-0.0006"
"","317.0220","0.3808","-0.0006"
"","317.1220","0.3707","-0.0006"
"","317.2220","0.3608","-0.0006"
"","317.3220","0.3507","-0.0006"
"","317.4220","0.3407","-0.0006"
"","317.5220","0.3307","-0.0006"
"","317.6220","0.3209","-0.0006"
"","317.7220","0.3107","-0.0007"
"","317.8220","0.3007","-0.0007"
"","317.9220","0.2908","-0.0007"
"","318.0220","0.2808","-0.0007"
"","318.1220","0.2709","-0.0007"
"","318.2220","0.2609","-0.0007"
"","318.3220","0.2510","-0.0007"
"","318.4220","0.2406","-0.0007"
"","318.5220","0.2306","-0.0007"
"","318.6220","0.2209","-0.0007"
"","318.7220","0.2109","-0.0007"
"","318.8220","0.2007","-0.0007"
"","318.9220","0.1905","-0.0008"
"","319.0220","0.1809","-0.0008"
"","319.1220","0.1707","-0.0008"
"","319.2220","0.1606","-0.0008"
"","319.3220","0.1506","-0.0008"
"","319.4220","0.1410","-0.0008"
"","319.5220","0.1308","-0.0008"
"","319.6220","0.1207","-0.0008"
"","319.7220","0.1108","-0.0008"
"","319.8220","0.1006","-0.0008"
"","319.9220","0.0907","-0.0008"
"","320.0220","0.0807","-0.0008"
"","320.1220","0.0709","-0.0008"
"","320.2220","0.0606","-0.0009"
"","320.3220","0.0507","-0.0009"
"","320.4220","0.0408","-0.0009"
"","320.5220","0.0307","-0.0009"
"","320.6220","0.0206","-0.0009"
"","320.7220","0.0109","-0.0009"
"","320.8220","0.0009","-0.0009"
"","320.8320","-0.0001","-0.0009"
"","320.8330","-0.0002","-0.0009"
"","320.8340","-0.0003","-0.0009"
"","320.9340","-0.0008","-0.0009"
"","321.0340","0.0069","-0.0009"
"","321.1340","0.0186","-0.0009"
"","321.2340","0.0292","-0.0008"
"","321.3340","0.0392","-0.0008"
"","321.4340","0.0489","-0.0008"
"","321.5340","0.0592","-0.0008"
"","321.6340","0.0694","-0.0008"
"","321.7340","0.0790","-0.0008"
"","321.8340","0.0890","-0.0008"
"","321.9340","0.0992","-0.0008"
"","322.0340","0.1094","-0.0007"
"","322.1340","0.1189","-0.0007"
"","322.2340","0.1291","-0.0007"
"","322.3340","0.1392","-0.0007"
"","322.4340","0.1491","-0.0007"
"","322.5340","0.1590","-0.0007"
"","322.6340","0.1692","-0.0007"
"","322.7340","0.1792","-0.0007"
"","322.8340","0.1890","-0.0006"
"","322.9340","0.1993","-0.0006"
"","323.0340","0.2091","-0.0006"
"","323.1340","0.2191","-0.0006"
"","323.2340","0.2289","-0.0006"
"","323.3340","0.2393","-0.0006"
"","323.4340","0.2492","-0.0006"
"","323.5340","0.2590","-0.0006"
"","323.6340","0.2691","-0.0006"
"","323.7340","0.2791","-0.0006"
"","323.8340","0.2890","-0.0006"
"","323.9340","0.2988","-0.0005"
"","324.0340","0.3092","-0.0005"
"","324.1340","0.3193","-0.0005"
"","324.2340","0.3291","-0.0005"
"","324.3340","0.3391","-0.0005"
"","324.4340","0.3492","-0.0005"
"","324.5340","0.3593","-0.0005"
"","324.6340","0.3690","-0.0005"
"","324.7340","0.3791","-0.0004"
"","324.8340","0.3891","-0.0004"
"","324.9340","0.3992","-0.0004"
"","325.0340","0.4091","-0.0004"
"","325.1340","0.4191","-0.0004"
"","325.2340","0.4291","-0.0004"
"","325.3340","0.4390","-0.0004"
"","325.4340","0.4492","-0.0004"
"","325.5340","0.4591","-0.0003"
"","325.6340","0.4691","-0.0003"
"","325.7340","0.4790","-0.0003"
"","325.8340","0.4893","-0.0003"
"","325.9340","0.4992","-0.0003"
"","326.0340","0.5090","-0.0003"
"","326.1340","0.5192","-0.0003"
"","326.2340","0.5292","-0.0003"
"","326.3340","0.5392","-0.0002"
"","326.4340","0.5489","-0.0002"
"","326.5340","0.5592","-0.0002"
"","326.6340","0.5693","-0.0002"
"","326.7340","0.5791","-0.0002"
"","326.8340","0.5891","-0.0002"
"","326.9340","0.5992","-0.0002"
"","327.0340","0.6093","-0.0002"
"","327.1340","0.6189","-0.0002"
"","327.2340","0.6292","-0.0001"
"","327.3340","0.6392","-0.0001"
"","327.4340","0.6492","-0.0001"
"","327.5340","0.6591","-0.0001"
"","327.6340","0.6693","-0.0001"
"","327.7340","0.6792","-0.0001"
"","327.8340","0.6889","-0.0001"
"","327.9340","0.6993","0.0000"
"","328.0340","0.7091","0.0000"
"","328.1340","0.7191","0.0000"
"","328.2340","0.7290","0.0000"
"","328.3340","0.7394","0.0000"
"","328.4340","0.7492","0.0000"
"","328.5340","0.7590","0.0000"
"","328.6340","0.7691","0.0001"
"","328.7340","0.7793","0.0001"
"","328.8340","0.7892","0.0001"
"","328.9340","0.7989","0.0001"
"","329.0340","0.8091","0.0001"
"","329.1340","0.8193","0.0001"
"","329.2340","0.8290","0.0002"
"","329.3340","0.8390","0.0002"
"","329.4340","0.8492","0.0002"
"","329.5340","0.8593","0.0002"
"","329.6340","0.8689","0.0002"
"","329.7340","0.8791","0.0002"
"","329.8340","0.8891","0.0003"
"","329.9340","0.8992","0.0003"
"","330.0340","0.9091","0.0003"
"","330.1340","0.9192","0.0003"
"","330.2340","0.9292","0.0003"
"","330.3340","0.9390","0.0004"
"","330.4340","0.9493","0.0004"
"","330.5340","0.9591","0.0004"
"","330.6340","0.9692","0.0004"
"","330.7340","0.9790","0.0004"
"","330.8340","0.9893","0.0005"
"","330.9340","0.9991","0.0005"
"","331.0340","1.0090","0.0005"
"","331.1340","1.0192","0.0005"
"","331.2340","1.0293","0.0005"
"","331.3340","1.0392","0.0006"
"","331.4340","1.0489","0.0006"
"","331.5340","1.0592","0.0006"
"","331.6340","1.0693","0.0006"
"","331.7340","1.0791","0.0006"
"","331.8340","1.0891","0.0007"
"","331.9340","1.0992","0.0007"
"","332.0340","1.1093","0.0007"
"","332.1340","1.1190","0.0007"
"","332.2340","1.1290","0.0008"
"","332.3340","1.1392","0.0008"
"","332.4340","1.1492","0.0008"
"","332.5340","1.1592","0.0008"
"","332.6340","1.1692","0.0009"
"","332.7340","1.1792","0.0009"
"","332.8340","1.1890","0.0009"
"","332.9340","1.1993","0.0009"
"","333.0340","1.2091","0.0010"
"","333.1340","1.2191","0.0010"
"","333.2340","1.2290","0.0010"
"","333.3340","1.2393","0.0010"
"","333.4340","1.2492","0.0011"
"","333.5340","1.2590","0.0011"
"","333.6340","1.2691","0.0011"
"","333.7340","1.2792","0.0011"
"","333.8340","1.2892","0.0012"
"","333.9340","1.2989","0.0012"
"","334.0340","1.3092","0.0012"
"","334.1340","1.3193","0.0012"
"","334.2340","1.3291","0.0013"
"","334.3340","1.3391","0.0013"
"","334.4340","1.3492","0.0013"
"","334.5340","1.3593","0.0014"
"","334.6340","1.3690","0.0014"
"","334.7340","1.3792","0.0014"
"","334.8340","1.3891","0.0015"
"","334.9340","1.3992","0.0015"
"","335.0340","1.4091","0.0015"
"","335.1340","1.4193","0.0015"
"","335.2340","1.4292","0.0016"
"","335.3340","1.4389","0.0016"
"","335.4340","1.4493","0.0016"
"","335.5340","1.4592","0.0017"
"","335.6340","1.4690","0.0017"
"","335.7340","1.4790","0.0017"
"","335.8340","1.4893","0.0018"
"","335.9340","1.4993","0.0018"
"","336.0340","1.5090","0.0018"
"","336.1340","1.5191","0.0019"
"","336.2340","1.5292","0.0019"
"","336.3340","1.5392","0.0020"
"","336.4340","1.5488","0.0020"
"","336.5340","1.5592","0.0020"
"","336.6340","1.5693","0.0021"
"","336.7340","1.5790","0.0021"
"","336.8340","1.5890","0.0022"
"","336.9340","1.5992","0.0022"
"","337.0340","1.6093","0.0022"
"","337.1340","1.6189","0.0022"
"","337.2340","1.6291","0.0023"
"","337.3340","1.6392","0.0023"
"","337.4340","1.6491","0.0024"
"","337.5340","1.6590","0.0024"
"","337.6340","1.6693","0.0025"
"","337.7340","1.6792","0.0025"
"","337.8340","1.6889","0.0026"
"","337.9340","1.6992","0.0026"
"","338.0340","1.7092","0.0027"
"","338.1340","1.7192","0.0027"
"","338.2340","1.7289","0.0027"
"","338.3340","1.7392","0.0028"
"","338.4340","1.7492","0.0029"
"","338.5340","1.7590","0.0029"
"","338.6340","1.7692","0.0030"
"","338.7340","1.7793","0.0030"
"","338.8340","1.7892","0.0031"
"","338.9340","1.7989","0.0031"
"","339.0340","1.8092","0.0032"
"","339.1340","1.8192","0.0032"
"","339.2340","1.8291","0.0033"
"","339.3340","1.8390","0.0034"
"","339.4340","1.8492","0.0034"
"","339.5340","1.8593","0.0035"
"","339.6340","1.8691","0.0035"
"","339.7340","1.8790","0.0036"
"","339.8340","1.8892","0.0037"
"","339.9340","1.8992","0.0037"
"","340.0340","1.9091","0.0038"
"","340.1340","1.9192","0.0039"
"","340.2340","1.9292","0.0039"
"","340.3340","1.9390","0.0040"
"","340.4340","1.9492","0.0041"
"","340.5340","1.9591","0.0041"
"","340.6340","1.9691","0.0042"
"","340.7340","1.9790","0.0043"
"","340.8340","1.9893","0.0043"
"","340.9340","1.9991","0.0044"
"","341.0340","2.0090","0.0045"
"","341.1340","2.0192","0.0046"
"","341.2340","2.0293","0.0046"
"","341.3340","2.0392","0.0047"
"","341.4340","2.0489","0.0048"
"","341.5340","2.0592","0.0049"
"","341.6340","2.0692","0.0050"
"","341.7340","2.0791","0.0051"
"","341.8340","2.0891","0.0052"
"","341.9340","2.0992","0.0053"
"","342.0340","2.1093","0.0054"
"","342.1340","2.1189","0.0055"
"","342.2340","2.1291","0.0056"
"","342.3340","2.1391","0.0057"
"","342.4340","2.1492","0.0058"
"","342.5340","2.1592","0.0059"
"","342.6340","2.1693","0.0060"
"","342.7340","2.1792","0.0061"
"","342.8340","2.1889","0.0063"
"","342.9340","2.1994","0.0064"
"","343.0340","2.2091","0.0065"
"","343.1340","2.2191","0.0066"
"","343.2340","2.2290","0.0068"
"","343.3340","2.2394","0.0069"
"","343.4340","2.2492","0.0070"
"","343.5340","2.2590","0.0071"
"","343.6340","2.2691","0.0072"
"","343.7340","2.2793","0.0074"
"","343.8340","2.2892","0.0075"
"","343.9340","2.2988","0.0077"
"","344.0340","2.3091","0.0078"
"","344.1340","2.3193","0.0080"
"","344.2340","2.3290","0.0081"
"","344.3340","2.3390","0.0083"
"","344.4340","2.3492","0.0084"
"","344.5340","2.3593","0.0085"
"","344.6340","2.3690","0.0087"
"","344.7340","2.3790","0.0088"
"","344.8340","2.3891","0.0090"
"","344.9340","2.3991","0.0091"
"","345.0340","2.4091","0.0093"
"","345.1340","2.4192","0.0095"
"","345.2340","2.4292","0.0096"
"","345.3340","2.4389","0.0098"
"","345.4340","2.4493","0.0099"
"","345.5340","2.4591","0.0101"
"","345.6340","2.4691","0.0103"
"","345.7340","2.4789","0.0105"
"","345.8340","2.4893","0.0106"
"","345.9340","2.4991","0.0108"
"","346.0340","2.5090","0.0110"
"","346.1340","2.5191","0.0112"
"","346.2340","2.5293","0.0113"
"","346.3340","2.5392","0.0115"
"","346.4340","2.5489","0.0117"
"","346.5340","2.5592","0.0119"
"","346.6340","2.5692","0.0121"
"","346.7340","2.5791","0.0123"
"","346.8340","2.5890","0.0125"
"","346.9340","2.5992","0.0128"
"","347.0340","2.6094","0.0130"
"","347.1340","2.6191","0.0132"
"","347.2340","2.6290","0.0134"
"","347.3340","2.6391","0.0136"
"","347.4340","2.6491","0.0138"
"","347.5340","2.6592","0.0141"
"","347.6340","2.6691","0.0144"
"","347.7340","2.6791","0.0146"
"","347.8340","2.6889","0.0149"
"","347.9340","2.6992","0.0152"
"","348.0340","2.7091","0.0154"
"","348.1340","2.7191","0.0157"
"","348.2340","2.7290","0.0159"
"","348.3340","2.7394","0.0163"
"","348.4340","2.7492","0.0166"
"","348.5340","2.7590","0.0168"
"","348.6340","2.7691","0.0172"
"","348.7340","2.7792","0.0175"
"","348.8340","2.7892","0.0179"
"","348.9340","2.7989","0.0182"
"","349.0340","2.8092","0.0185"
"","349.1340","2.8193","0.0189"
"","349.2340","2.8291","0.0192"
"","349.3340","2.8390","0.0197"
"","349.4340","2.8492","0.0200"
"","349.5340","2.8593","0.0205"
"","349.6340","2.8689","0.0208"
"","349.7340","2.8792","0.0213"
"","349.8340","2.8891","0.0217"
"","349.9340","2.8992","0.0222"
"","350.0340","2.9092","0.0226"
"","350.1340","2.9193","0.0231"
"","350.2340","2.9292","0.0236"
"","350.3340","2.9389","0.0241"
"","350.4340","2.9494","0.0246"
"","350.5340","2.9591","0.0251"
"","350.6340","2.9691","0.0256"
"","350.7340","2.9790","0.0262"
"","350.8340","2.9894","0.0267"
"","350.9340","2.9992","0.0272"
"","351.0340","3.0090","0.0278"
"","351.1340","3.0191","0.0284"
"","351.2340","3.0293","0.0290"
"","351.3340","3.0392","0.0296"
"","351.4340","3.0488","0.0302"
"","351.5340","3.0591","0.0307"
"","351.6340","3.0693","0.0313"
"","351.7340","3.0790","0.0318"
"","351.8340","3.0890","0.0323"
"","351.9340","3.0992","0.0325"
"","352.0340","3.1094","0.0329"
"","352.1340","3.1189","0.0330"
"","352.2340","3.1291","0.0330"
"","352.3340","3.1391","0.0330"
"","352.4340","3.1492","0.0329"
"","352.5340","3.1591","0.0329"
"","352.6340","3.1692","0.0329"
"","352.7340","3.1792","0.0329"
"","352.8340","3.1889","0.0329"
"","352.9340","3.1993","0.0330"
"","353.0340","3.2091","0.0330"
"","353.1340","3.2192","0.0330"
"","353.2340","3.2289","0.0331"
"","353.3340","3.2393","0.0331"
"","353.4340","3.2491","0.0331"
"","353.5340","3.2590","0.0331"
"","353.6340","3.2691","0.0333"
"","353.7340","3.2793","0.0338"
"","353.8340","3.2892","0.0342"
"","353.9340","3.2989","0.0350"
"","354.0340","3.3091","0.0359"
"","354.1340","3.3192","0.0368"
"","354.2340","3.3291","0.0377"
"","354.3340","3.3390","0.0387"
"","354.4340","3.3491","0.0396"
"","354.5340","3.3593","0.0407"
"","354.6340","3.3690","0.0417"
"","354.7340","3.3791","0.0428"
"","354.8340","3.3892","0.0440"
"","354.9340","3.3991","0.0452"
"","355.0340","3.4091","0.0464"
"","355.1340","3.4191","0.0476"
"","355.2340","3.4291","0.0488"
"","355.3340","3.4389","0.0500"
"","355.4340","3.4492","0.0514"
"","355.5340","3.4591","0.0526"
"","355.6340","3.4692","0.0540"
"","355.7340","3.4790","0.0552"
"","355.8340","3.4893","0.0565"
"","355.9340","3.4991","0.0579"
"","356.0340","3.5090","0.0592"
"","356.1340","3.5192","0.0606"
"","356.2340","3.5292","0.0620"
"","356.3340","3.5392","0.0634"
"","356.4340","3.5489","0.0648"
"","356.5340","3.5593","0.0663"
"","356.6340","3.5692","0.0678"
"","356.7340","3.5790","0.0692"
"","356.8340","3.5891","0.0707"
"","356.9340","3.5992","0.0722"
"","357.0340","3.6093","0.0738"
"","357.1340","3.6188","0.0753"
"","357.2340","3.6292","0.0770"
"","357.3340","3.6392","0.0785"
"","357.4340","3.6492","0.0800"
"","357.5340","3.6590","0.0816"
"","357.6340","3.6692","0.0833"
"","357.7340","3.6792","0.0850"
"","357.8340","3.6889","0.0866"
"","357.9340","3.6993","0.0883"
"","358.0340","3.7092","0.0899"
"","358.1340","3.7192","0.0916"
"","358.2340","3.7290","0.0933"
"","358.3340","3.7392","0.0951"
"","358.4340","3.7492","0.0968"
"","358.5340","3.7591","0.0986"
"","358.6340","3.7692","0.1004"
"","358.7340","3.7793","0.1022"
"","358.8340","3.7892","0.1039"
"","358.9340","3.7989","0.1056"
"","359.0340","3.8092","0.1076"
"","359.1340","3.8193","0.1094"
"","359.2340","3.8290","0.1112"
"","359.3340","3.8391","0.1131"
"","359.4340","3.8493","0.1150"
"","359.5340","3.8593","0.1168"
"","359.6340","3.8689","0.1186"
"","359.7340","3.8791","0.1206"
"","359.8340","3.8892","0.1226"
"","359.9340","3.8991","0.1244"
"","360.0340","3.9090","0.1263"
"","360.1340","3.9192","0.1283"
"","360.2340","3.9292","0.1303"
"","360.3340","3.9389","0.1321"
"","360.4340","3.9493","0.1341"
"","360.5340","3.9591","0.1361"
"","360.6340","3.9691","0.1380"
"","360.7340","3.9789","0.1399"
"","360.8340","3.9893","0.1419"
"","360.9340","3.9991","0.1438"
"","360.9430","4.0000","0.1440"
"","360.9440","4.0001","0.1440"
"","360.9450","4.0002","0.1440"
"","361.0450","4.0008","0.1433"
"","361.1450","3.9933","0.1405"
"","361.2450","3.9811","0.1363"
"","361.3450","3.9710","0.1329"
"","361.4450","3.9609","0.1296"
"","361.5450","3.9508","0.1265"
"","361.6450","3.9406","0.1233"
"","361.7450","3.9309","0.1204"
"","361.8450","3.9207","0.1173"
"","361.9450","3.9107","0.1144"
"","362.0450","3.9006","0.1116"
"","362.1450","3.8909","0.1089"
"","362.2450","3.8807","0.1061"
"","362.3450","3.8706","0.1034"
"","362.4450","3.8608","0.1008"
"","362.5450","3.8507","0.0981"
"","362.6450","3.8407","0.0955"
"","362.7450","3.8306","0.0930"
"","362.8450","3.8208","0.0906"
"","362.9450","3.8107","0.0882"
"","363.0450","3.8007","0.0858"
"","363.1450","3.7909","0.0835"
"","363.2450","3.7806","0.0812"
"","363.3450","3.7707","0.0790"
"","363.4450","3.7607","0.0768"
"","363.5450","3.7508","0.0747"
"","363.6450","3.7406","0.0726"
"","363.7450","3.7306","0.0706"
"","363.8450","3.7207","0.0686"
"","363.9450","3.7107","0.0666"
"","364.0450","3.7007","0.0647"
"","364.1450","3.6906","0.0629"
"","364.2450","3.6809","0.0611"
"","364.3450","3.6706","0.0592"
"","364.4450","3.6605","0.0575"
"","364.5450","3.6506","0.0558"
"","364.6450","3.6409","0.0541"
"","364.7450","3.6307","0.0525"
"","364.8450","3.6206","0.0509"
"","364.9450","3.6109","0.0494"
"","365.0450","3.6007","0.0478"
"","365.1450","3.5907","0.0463"
"","365.2450","3.5807","0.0449"
"","365.3450","3.5709","0.0435"
"","365.4450","3.5606","0.0423"
"","365.5450","3.5507","0.0408"
"","365.6450","3.5408","0.0396"
"","365.7450","3.5306","0.0383"
"","365.8450","3.5206","0.0372"
"","365.9450","3.5107","0.0360"
"","366.0450","3.5010","0.0349"
"","366.1450","3.4906","0.0339"
"","366.2450","3.4805","0.0331"
"","366.3450","3.4708","0.0322"
"","366.4450","3.4608","0.0321"
"","366.5450","3.4507","0.0319"
"","366.6450","3.4405","0.0319"
"","366.7450","3.4309","0.0318"
"","366.8450","3.4207","0.0318"
"","366.9450","3.4106","0.0318"
"","367.0450","3.4006","0.0318"
"","367.1450","3.3909","0.0318"
"","367.2450","3.3808","0.0318"
"","367.3450","3.3706","0.0318"
"","367.4450","3.3608","0.0318"
"","367.5450","3.3507","0.0318"
"","367.6450","3.3407","0.0318"
"","367.7450","3.3307","0.0317"
"","367.8450","3.3209","0.0317"
"","367.9450","3.3106","0.0316"
"","368.0450","3.3007","0.0313"
"","368.1450","3.2908","0.0311"
"","368.2450","3.2807","0.0306"
"","368.3450","3.2706","0.0302"
"","368.4450","3.2607","0.0298"
"","368.5450","3.2510","0.0290"
"","368.6450","3.2406","0.0281"
"","368.7450","3.2305","0.0273"
"","368.8450","3.2208","0.0265"
"","368.9450","3.2108","0.0257"
"","369.0450","3.2007","0.0251"
"","369.1450","3.1905","0.0244"
"","369.2450","3.1809","0.0237"
"","369.3450","3.1707","0.0231"
"","369.4450","3.1607","0.0225"
"","369.5450","3.1506","0.0219"
"","369.6450","3.1409","0.0214"
"","369.7450","3.1308","0.0208"
"","369.8450","3.1207","0.0203"
"","369.9450","3.1108","0.0199"
"","370.0450","3.1006","0.0194"
"","370.1450","3.0906","0.0189"
"","370.2450","3.0806","0.0185"
"","370.3450","3.0708","0.0181"
"","370.4450","3.0606","0.0177"
"","370.5450","3.0507","0.0173"
"","370.6450","3.0409","0.0169"
"","370.7450","3.0307","0.0166"
"","370.8450","3.0206","0.0162"
"","370.9450","3.0108","0.0159"
"","371.0450","3.0009","0.0156"
"","371.1450","2.9906","0.0153"
"","371.2450","2.9805","0.0150"
"","371.3450","2.9708","0.0147"
"","371.4450","2.9608","0.0144"
"","371.5450","2.9507","0.0141"
"","371.6450","2.9405","0.0139"
"","371.7450","2.9309","0.0136"
"","371.8450","2.9207","0.0133"
"","371.9450","2.9106","0.0131"
"","372.0450","2.9006","0.0129"
"","372.1450","2.8909","0.0126"
"","372.2450","2.8808","0.0124"
"","372.3450","2.8707","0.0122"
"","372.4450","2.8608","0.0120"
"","372.5450","2.8506","0.0117"
"","372.6450","2.8406","0.0115"
"","372.7450","2.8307","0.0113"
"","372.8450","2.8209","0.0112"
"","372.9450","2.8105","0.0110"
"","373.0450","2.8006","0.0108"
"","373.1450","2.7908","0.0106"
"","373.2450","2.7806","0.0104"
"","373.3450","2.7706","0.0102"
"","373.4450","2.7608","0.0101"
"","373.5450","2.7511","0.0099"
"","373.6450","2.7406","0.0097"
"","373.7450","2.7305","0.0095"
"","373.8450","2.7208","0.0094"
"","373.9450","2.7108","0.0092"
"","374.0450","2.7007","0.0090"
"","374.1450","2.6905","0.0089"
"","374.2450","2.6809","0.0087"
"","374.3450","2.6707","0.0086"
"","374.4450","2.6606","0.0084"
"","374.5450","2.6506","0.0083"
"","374.6450","2.6409","0.0081"
"","374.7450","2.6308","0.0080"
"","374.8450","2.6207","0.0079"
"","374.9450","2.6107","0.0077"
"","375.0450","2.6007","0.0076"
"","375.1450","2.5906","0.0075"
"","375.2450","2.5807","0.0073"
"","375.3450","2.5709","0.0072"
"","375.4450","2.5606","0.0071"
"","375.5450","2.5507","0.0070"
"","375.6450","2.5408","0.0068"
"","375.7450","2.5307","0.0067"
"","375.8450","2.5206","0.0066"
"","375.9450","2.5107","0.0065"
"","376.0450","2.5009","0.0064"
"","376.1450","2.4906","0.0063"
"","376.2450","2.4805","0.0062"
"","376.3450","2.4708","0.0061"
"","376.4450","2.4608","0.0060"
"","376.5450","2.4507","0.0059"
"","376.6450","2.4405","0.0058"
"","376.7450","2.4309","0.0057"
"","376.8450","2.4207","0.0055"
"","376.9450","2.4106","0.0055"
"","377.0450","2.4006","0.0054"
"","377.1450","2.3909","0.0053"
"","377.2450","2.3808","0.0052"
"","377.3450","2.3707","0.0051"
"","377.4450","2.3608","0.0050"
"","377.5450","2.3506","0.0049"
"","377.6450","2.3407","0.0048"
"","377.7450","2.3307","0.0047"
"","377.8450","2.3208","0.0046"
"","377.9450","2.3106","0.0045"
"","378.0450","2.3007","0.0045"
"","378.1450","2.2909","0.0044"
"","378.2450","2.2807","0.0043"
"","378.3450","2.2706","0.0042"
"","378.4450","2.2608","0.0042"
"","378.5450","2.2509","0.0041"
"","378.6450","2.2405","0.0040"
"","378.7450","2.2305","0.0039"
"","378.8450","2.2208","0.0039"
"","378.9450","2.2108","0.0038"
"","379.0450","2.2006","0.0037"
"","379.1450","2.1905","0.0037"
"","379.2450","2.1810","0.0036"
"","379.3450","2.1707","0.0035"
"","379.4450","2.1605","0.0035"
"","379.5450","2.1506","0.0034"
"","379.6450","2.1408","0.0034"
"","379.7450","2.1308","0.0033"
"","379.8450","2.1207","0.0032"
"","379.9450","2.1108","0.0032"
"","380.0450","2.1006","0.0031"
"","380.1450","2.0907","0.0031"
"","380.2450","2.0807","0.0030"
"","380.3450","2.0709","0.0030"
"","380.4450","2.0605","0.0029"
"","380.5450","2.0507","0.0029"
"","380.6450","2.0409","0.0028"
"","380.7450","2.0306","0.0028"
"","380.8450","2.0205","0.0027"
"","380.9450","2.0107","0.0027"
"","381.0450","2.0011","0.0026"
"","381.1450","1.9906","0.0026"
"","381.2450","1.9805","0.0025"
"","381.3450","1.9708","0.0025"
"","381.4450","1.9608","0.0024"
"","381.5450","1.9507","0.0024"
"","381.6450","1.9406","0.0024"
"","381.7450","1.9309","0.0023"
"","381.8450","1.9207","0.0023"
"","381.9450","1.9106","0.0022"
"","382.0450","1.9007","0.0022"
"","382.1450","1.8909","0.0021"
"","382.2450","1.8807","0.0021"
"","382.3450","1.8706","0.0021"
"","382.4450","1.8609","0.0020"
"","382.5450","1.8506","0.0020"
"","382.6450","1.8406","0.0019"
"","382.7450","1.8306","0.0019"
"","382.8450","1.8210","0.0019"
"","382.9450","1.8107","0.0018"
"","383.0450","1.8006","0.0018"
"","383.1450","1.7908","0.0018"
"","383.2450","1.7807","0.0017"
"","383.3450","1.7706","0.0017"
"","383.4450","1.7606","0.0017"
"","383.5450","1.7509","0.0016"
"","383.6450","1.7406","0.0016"
"","383.7450","1.7306","0.0016"
"","383.8450","1.7208","0.0015"
"","383.9450","1.7109","0.0015"
"","384.0450","1.7007","0.0015"
"","384.1450","1.6906","0.0014"
"","384.2450","1.6809","0.0014"
"","384.3450","1.6707","0.0014"
"","384.4450","1.6607","0.0013"
"","384.5450","1.6507","0.0013"
"","384.6450","1.6408","0.0013"
"","384.7450","1.6308","0.0012"
"","384.8450","1.6206","0.0012"
"","384.9450","1.6108","0.0012"
"","385.0450","1.6006","0.0012"
"","385.1450","1.5907","0.0011"
"","385.2450","1.5807","0.0011"
"","385.3450","1.5709","0.0011"
"","385.4450","1.5606","0.0010"
"","385.5450","1.5507","0.0010"
"","385.6450","1.5409","0.0010"
"","385.7450","1.5307","0.0010"
"","385.8450","1.5206","0.0009"
"","385.9450","1.5108","0.0009"
"","386.0450","1.5009","0.0009"
"","386.1450","1.4906","0.0009"
"","386.2450","1.4805","0.0009"
"","386.3450","1.4708","0.0008"
"","386.4450","1.4608","0.0008"
"","386.5450","1.4507","0.0008"
"","386.6450","1.4406","0.0007"
"","386.7450","1.4310","0.0007"
"","386.8450","1.4207","0.0007"
"","386.9450","1.4105","0.0007"
"","387.0450","1.4006","0.0007"
"","387.1450","1.3909","0.0006"
"","387.2450","1.3808","0.0006"
"","387.3450","1.3706","0.0006"
"","387.4450","1.3608","0.0006"
"","387.5450","1.3506","0.0006"
"","387.6450","1.3406","0.0005"
"","387.7450","1.3307","0.0005"
"","387.8450","1.3209","0.0005"
"","387.9450","1.3106","0.0005"
"","388.0450","1.3007","0.0005"
"","388.1450","1.2909","0.0004"
"","388.2450","1.2806","0.0004"
"","388.3450","1.2706","0.0004"
"","388.4450","1.2608","0.0004"
"","388.5450","1.2510","0.0004"
"","388.6450","1.2406","0.0004"
"","388.7450","1.2304","0.0003"
"","388.8450","1.2208","0.0003"
"","388.9450","1.2109","0.0003"
"","389.0450","1.2007","0.0003"
"","389.1450","1.1905","0.0003"
"","389.2450","1.1810","0.0003"
"","389.3450","1.1707","0.0002"
"","389.4450","1.1606","0.0002"
"","389.5450","1.1506","0.0002"
"","389.6450","1.1409","0.0002"
"","389.7450","1.1307","0.0002"
"","389.8450","1.1206","0.0002"
"","389.9450","1.1108","0.0001"
"","390.0450","1.1007","0.0001"
"","390.1450","1.0907","0.0001"
"","390.2450","1.0806","0.0001"
"","390.3450","1.0709","0.0001"
"","390.4450","1.0607","0.0001"
"","390.5450","1.0507","0.0001"
"","390.6450","1.0408","0.0000"
"","390.7450","1.0306","0.0000"
"","390.8450","1.0206","0.0000"
"","390.9450","1.0107","0.0000"
"","391.0450","1.0009","0.0000"
"","391.1450","0.9906","0.0000"
"","391.2450","0.9805","0.0000"
"","391.3450","0.9708","0.0000"
"","391.4450","0.9608","-0.0001"
"","391.5450","0.9507","-0.0001"
"","391.6450","0.9405","-0.0001"
"","391.7450","0.9310","-0.0001"
"","391.8450","0.9207","-0.0001"
"","391.9450","0.9106","-0.0001"
"","392.0450","0.9006","-0.0001"
"","392.1450","0.8909","-0.0001"
"","392.2450","0.8808","-0.0002"
"","392.3450","0.8706","-0.0002"
"","392.4450","0.8608","-0.0002"
"","392.5450","0.8507","-0.0002"
"","392.6450","0.8406","-0.0002"
"","392.7450","0.8306","-0.0002"
"","392.8450","0.8208","-0.0002"
"","392.9450","0.8106","-0.0002"
"","393.0450","0.8007","-0.0002"
"","393.1450","0.7908","-0.0003"
"","393.2450","0.7806","-0.0003"
"","393.3450","0.7706","-0.0003"
"","393.4450","0.7608","-0.0003"
"","393.5450","0.7509","-0.0003"
"","393.6450","0.7406","-0.0003"
"","393.7450","0.7306","-0.0003"
"","393.8450","0.7208","-0.0003"
"","393.9450","0.7108","-0.0003"
"","394.0450","0.7007","-0.0004"
"","394.1450","0.6906","-0.0004"
"","394.2450","0.6810","-0.0004"
"","394.3450","0.6706","-0.0004"
"","394.4450","0.6605","-0.0004"
"","394.5450","0.6506","-0.0004"
"","394.6450","0.6409","-0.0004"
"","394.7450","0.6307","-0.0004"
"","394.8450","0.6206","-0.0004"
"","394.9450","0.6108","-0.0004"
"","395.0450","0.6007","-0.0004"
"","395.1450","0.5907","-0.0004"
"","395.2450","0.5807","-0.0005"
"","395.3450","0.5709","-0.0005"
"","395.4450","0.5606","-0.0005"
"","395.5450","0.5506","-0.0005"
"","395.6450","0.5408","-0.0005"
"","395.7450","0.5306","-0.0005"
"","395.8450","0.5205","-0.0005"
"","395.9450","0.5107","-0.0005"
"","396.0450","0.5010","-0.0005"
"","396.1450","0.4906","-0.0005"
"","396.2450","0.4806","-0.0005"
"","396.3450","0.4708","-0.0006"
"","396.4450","0.4608","-0.0006"
"","396.5450","0.4507","-0.0006"
"","396.6450","0.4405","-0.0006"
"","396.7450","0.4310","-0.0006"
"","396.8450","0.4207","-0.0006"
"","396.9450","0.4106","-0.0006"
"","397.0450","0.4006","-0.0006"
"","397.1450","0.3909","-0.0006"
"","397.2450","0.3808","-0.0006"
"","397.3450","0.3706","-0.0006"
"","397.4450","0.3607","-0.0006"
"","397.5450","0.3507","-0.0007"
"","397.6450","0.3407","-0.0007"
"","397.7450","0.3306","-0.0007"
"","397.8450","0.3209","-0.0007"
"","397.9450","0.3107","-0.0007"
"","398.0450","0.3006","-0.0007"
"","398.1450","0.2908","-0.0007"
"","398.2450","0.2808","-0.0007"
"","398.3450","0.2708","-0.0007"
"","398.4450","0.2608","-0.0007"
"","398.5450","0.2509","-0.0007"
"","398.6450","0.2406","-0.0007"
"","398.7450","0.2306","-0.0008"
"","398.8450","0.2208","-0.0008"
"","398.9450","0.2108","-0.0008"
"","399.0450","0.2007","-0.0008"
"","399.1450","0.1905","-0.0008"
"","399.2450","0.1809","-0.0008"
"","399.3450","0.1706","-0.0008"
"","399.4450","0.1606","-0.0008"
"","399.5450","0.1506","-0.0008"
"","399.6450","0.1409","-0.0008"
"","399.7450","0.1308","-0.0008"
"","399.8450","0.1206","-0.0008"
"","399.9450","0.1107","-0.0008"
"","400.0450","0.1006","-0.0008"
"","400.1450","0.0907","-0.0008"
"","400.2450","0.0806","-0.0009"
"","400.3450","0.0708","-0.0009"
"","400.4450","0.0606","-0.0009"
"","400.5450","0.0507","-0.0009"
"","400.6450","0.0408","-0.0009"
"","400.7450","0.0307","-0.0009"
"","400.8450","0.0206","-0.0009"
"","400.9450","0.0108","-0.0009"
"","401.0450","0.0009","-0.0009"
"","401.0540","0.0000","-0.0009"

