1,Time,Displacement,Force
,(s),(mm),(kN)
"","0.0000","0.0000","0.0010"
"","0.1000","0.0039","0.0010"
"","0.2000","0.0127","0.0011"
"","0.3000","0.0245","0.0011"
"","0.4000","0.0347","0.0012"
"","0.5000","0.0446","0.0012"
"","0.6000","0.0545","0.0012"
"","0.7000","0.0647","0.0012"
"","0.8000","0.0748","0.0012"
"","0.9000","0.0843","0.0012"
"","1.0000","0.0946","0.0013"
"","1.1000","0.1047","0.0013"
"","1.2000","0.1148","0.0013"
"","1.3000","0.1244","0.0013"
"","1.4000","0.1346","0.0013"
"","1.5000","0.1447","0.0014"
"","1.6000","0.1546","0.0014"
"","1.7000","0.1646","0.0014"
"","1.8000","0.1747","0.0015"
"","1.9000","0.1847","0.0015"
"","2.0000","0.1944","0.0015"
"","2.1000","0.2047","0.0015"
"","2.2000","0.2146","0.0015"
"","2.3000","0.2246","0.0016"
"","2.4000","0.2347","0.0016"
"","2.5000","0.2448","0.0016"
"","2.6000","0.2547","0.0016"
"","2.7000","0.2643","0.0017"
"","2.8000","0.2746","0.0017"
"","2.9000","0.2845","0.0017"
"","3.0000","0.2944","0.0017"
"","3.1000","0.3045","0.0017"
"","3.2000","0.3148","0.0018"
"","3.3000","0.3248","0.0018"
"","3.4000","0.3344","0.0018"
"","3.5000","0.3446","0.0018"
"","3.6000","0.3547","0.0019"
"","3.7000","0.3648","0.0019"
"","3.8000","0.3745","0.0019"
"","3.9000","0.3846","0.0019"
"","4.0000","0.3947","0.0020"
"","4.1000","0.4046","0.0020"
"","4.2000","0.4146","0.0020"
"","4.3000","0.4246","0.0020"
"","4.4000","0.4346","0.0021"
"","4.5000","0.4445","0.0021"
"","4.6000","0.4546","0.0021"
"","4.7000","0.4646","0.0021"
"","4.8000","0.4745","0.0021"
"","4.9000","0.4847","0.0022"
"","5.0000","0.4947","0.0022"
"","5.1000","0.5047","0.0022"
"","5.2000","0.5144","0.0022"
"","5.3000","0.5247","0.0023"
"","5.4000","0.5346","0.0023"
"","5.5000","0.5446","0.0023"
"","5.6000","0.5546","0.0023"
"","5.7000","0.5647","0.0024"
"","5.8000","0.5748","0.0024"
"","5.9000","0.5843","0.0024"
"","6.0000","0.5947","0.0025"
"","6.1000","0.6046","0.0025"
"","6.2000","0.6148","0.0025"
"","6.3000","0.6244","0.0025"
"","6.4000","0.6347","0.0026"
"","6.5000","0.6447","0.0026"
"","6.6000","0.6546","0.0026"
"","6.7000","0.6647","0.0027"
"","6.8000","0.6747","0.0027"
"","6.9000","0.6847","0.0027"
"","7.0000","0.6944","0.0027"
"","7.1000","0.7047","0.0028"
"","7.2000","0.7146","0.0028"
"","7.3000","0.7246","0.0028"
"","7.4000","0.7347","0.0029"
"","7.5000","0.7448","0.0029"
"","7.6000","0.7547","0.0030"
"","7.7000","0.7644","0.0030"
"","7.8000","0.7746","0.0031"
"","7.9000","0.7847","0.0031"
"","8.0000","0.7946","0.0032"
"","8.1000","0.8045","0.0032"
"","8.2000","0.8147","0.0032"
"","8.3000","0.8249","0.0033"
"","8.4000","0.8343","0.0033"
"","8.5000","0.8446","0.0034"
"","8.6000","0.8547","0.0035"
"","8.7000","0.8648","0.0035"
"","8.8000","0.8744","0.0036"
"","8.9000","0.8846","0.0036"
"","9.0000","0.8947","0.0037"
"","9.1000","0.9045","0.0038"
"","9.2000","0.9146","0.0038"
"","9.3000","0.9247","0.0038"
"","9.4000","0.9347","0.0039"
"","9.5000","0.9445","0.0040"
"","9.6000","0.9547","0.0041"
"","9.7000","0.9646","0.0042"
"","9.8000","0.9746","0.0042"
"","9.9000","0.9847","0.0043"
"","10.0000","0.9948","0.0044"
"","10.1000","1.0047","0.0044"
"","10.2000","1.0143","0.0045"
"","10.3000","1.0247","0.0046"
"","10.4000","1.0347","0.0046"
"","10.5000","1.0446","0.0046"
"","10.6000","1.0545","0.0047"
"","10.7000","1.0648","0.0048"
"","10.8000","1.0748","0.0049"
"","10.9000","1.0844","0.0050"
"","11.0000","1.0946","0.0051"
"","11.1000","1.1046","0.0052"
"","11.2000","1.1147","0.0053"
"","11.3000","1.1245","0.0054"
"","11.4000","1.1346","0.0054"
"","11.5000","1.1447","0.0056"
"","11.6000","1.1547","0.0056"
"","11.7000","1.1647","0.0057"
"","11.8000","1.1746","0.0058"
"","11.9000","1.1846","0.0059"
"","12.0000","1.1945","0.0060"
"","12.1000","1.2047","0.0061"
"","12.2000","1.2146","0.0062"
"","12.3000","1.2245","0.0063"
"","12.4000","1.2347","0.0064"
"","12.5000","1.2448","0.0065"
"","12.6000","1.2547","0.0066"
"","12.7000","1.2644","0.0067"
"","12.8000","1.2747","0.0068"
"","12.9000","1.2847","0.0069"
"","13.0000","1.2946","0.0071"
"","13.1000","1.3045","0.0072"
"","13.2000","1.3147","0.0073"
"","13.3000","1.3248","0.0074"
"","13.4000","1.3344","0.0075"
"","13.5000","1.3446","0.0076"
"","13.6000","1.3546","0.0077"
"","13.7000","1.3648","0.0078"
"","13.8000","1.3745","0.0080"
"","13.9000","1.3847","0.0081"
"","14.0000","1.3946","0.0082"
"","14.1000","1.4045","0.0083"
"","14.2000","1.4147","0.0085"
"","14.3000","1.4247","0.0086"
"","14.4000","1.4347","0.0088"
"","14.5000","1.4444","0.0089"
"","14.6000","1.4547","0.0091"
"","14.7000","1.4646","0.0093"
"","14.8000","1.4744","0.0095"
"","14.9000","1.4847","0.0097"
"","15.0000","1.4948","0.0099"
"","15.1000","1.5047","0.0101"
"","15.2000","1.5143","0.0103"
"","15.3000","1.5246","0.0105"
"","15.4000","1.5347","0.0107"
"","15.5000","1.5446","0.0109"
"","15.6000","1.5544","0.0111"
"","15.7000","1.5647","0.0114"
"","15.8000","1.5748","0.0116"
"","15.9000","1.5844","0.0119"
"","16.0000","1.5946","0.0121"
"","16.1000","1.6047","0.0124"
"","16.2000","1.6147","0.0127"
"","16.3000","1.6245","0.0129"
"","16.4000","1.6346","0.0132"
"","16.5000","1.6447","0.0135"
"","16.6000","1.6545","0.0138"
"","16.7000","1.6647","0.0141"
"","16.8000","1.6747","0.0144"
"","16.9000","1.6847","0.0147"
"","17.0000","1.6944","0.0150"
"","17.1000","1.7047","0.0154"
"","17.2000","1.7146","0.0157"
"","17.3000","1.7245","0.0160"
"","17.4000","1.7346","0.0164"
"","17.5000","1.7447","0.0167"
"","17.6000","1.7547","0.0170"
"","17.7000","1.7643","0.0174"
"","17.8000","1.7746","0.0177"
"","17.9000","1.7847","0.0181"
"","18.0000","1.7946","0.0185"
"","18.1000","1.8045","0.0188"
"","18.2000","1.8148","0.0192"
"","18.3000","1.8248","0.0196"
"","18.4000","1.8344","0.0200"
"","18.5000","1.8445","0.0203"
"","18.6000","1.8547","0.0208"
"","18.7000","1.8647","0.0211"
"","18.8000","1.8745","0.0215"
"","18.9000","1.8846","0.0220"
"","19.0000","1.8947","0.0224"
"","19.1000","1.9046","0.0228"
"","19.2000","1.9147","0.0232"
"","19.3000","1.9246","0.0236"
"","19.4000","1.9346","0.0240"
"","19.5000","1.9444","0.0245"
"","19.6000","1.9547","0.0249"
"","19.7000","1.9645","0.0254"
"","19.8000","1.9745","0.0259"
"","19.9000","1.9848","0.0263"
"","20.0000","1.9948","0.0268"
"","20.1000","2.0046","0.0272"
"","20.2000","2.0143","0.0277"
"","20.3000","2.0247","0.0282"
"","20.4000","2.0347","0.0286"
"","20.5000","2.0446","0.0291"
"","20.6000","2.0545","0.0296"
"","20.7000","2.0647","0.0301"
"","20.8000","2.0749","0.0306"
"","20.9000","2.0843","0.0310"
"","21.0000","2.0946","0.0315"
"","21.1000","2.1046","0.0320"
"","21.2000","2.1147","0.0325"
"","21.3000","2.1244","0.0330"
"","21.4000","2.1346","0.0334"
"","21.5000","2.1446","0.0337"
"","21.6000","2.1546","0.0340"
"","21.7000","2.1648","0.0340"
"","21.8000","2.1747","0.0340"
"","21.9000","2.1847","0.0341"
"","22.0000","2.1944","0.0340"
"","22.1000","2.2048","0.0341"
"","22.2000","2.2146","0.0341"
"","22.3000","2.2245","0.0341"
"","22.4000","2.2347","0.0341"
"","22.5000","2.2448","0.0341"
"","22.6000","2.2547","0.0341"
"","22.7000","2.2644","0.0342"
"","22.8000","2.2746","0.0342"
"","22.9000","2.2848","0.0342"
"","23.0000","2.2945","0.0342"
"","23.1000","2.3044","0.0342"
"","23.2000","2.3147","0.0343"
"","23.3000","2.3249","0.0342"
"","23.4000","2.3343","0.0343"
"","23.5000","2.3446","0.0344"
"","23.6000","2.3546","0.0350"
"","23.7000","2.3648","0.0358"
"","23.8000","2.3745","0.0364"
"","23.9000","2.3846","0.0370"
"","24.0000","2.3946","0.0376"
"","24.1000","2.4046","0.0382"
"","24.2000","2.4147","0.0388"
"","24.3000","2.4247","0.0394"
"","24.4000","2.4347","0.0399"
"","24.5000","2.4444","0.0404"
"","24.6000","2.4548","0.0410"
"","24.7000","2.4645","0.0416"
"","24.8000","2.4745","0.0422"
"","24.9000","2.4846","0.0428"
"","25.0000","2.4948","0.0434"
"","25.1000","2.5047","0.0440"
"","25.2000","2.5143","0.0446"
"","25.3000","2.5246","0.0452"
"","25.4000","2.5348","0.0458"
"","25.5000","2.5446","0.0464"
"","25.6000","2.5545","0.0470"
"","25.7000","2.5647","0.0477"
"","25.8000","2.5748","0.0483"
"","25.9000","2.5844","0.0489"
"","26.0000","2.5945","0.0496"
"","26.1000","2.6046","0.0503"
"","26.2000","2.6148","0.0509"
"","26.3000","2.6245","0.0516"
"","26.4000","2.6346","0.0523"
"","26.5000","2.6446","0.0529"
"","26.6000","2.6546","0.0535"
"","26.7000","2.6647","0.0542"
"","26.8000","2.6746","0.0549"
"","26.9000","2.6846","0.0555"
"","27.0000","2.6944","0.0562"
"","27.1000","2.7046","0.0569"
"","27.2000","2.7146","0.0576"
"","27.3000","2.7245","0.0583"
"","27.4000","2.7347","0.0590"
"","27.5000","2.7449","0.0597"
"","27.6000","2.7547","0.0604"
"","27.7000","2.7643","0.0610"
"","27.8000","2.7746","0.0618"
"","27.9000","2.7846","0.0625"
"","28.0000","2.7946","0.0632"
"","28.1000","2.8046","0.0640"
"","28.2000","2.8148","0.0647"
"","28.3000","2.8249","0.0655"
"","28.4000","2.8343","0.0661"
"","28.5000","2.8446","0.0669"
"","28.6000","2.8546","0.0676"
"","28.7000","2.8648","0.0684"
"","28.8000","2.8744","0.0691"
"","28.9000","2.8847","0.0699"
"","29.0000","2.8946","0.0706"
"","29.1000","2.9045","0.0714"
"","29.2000","2.9148","0.0722"
"","29.3000","2.9247","0.0729"
"","29.4000","2.9347","0.0737"
"","29.5000","2.9444","0.0744"
"","29.6000","2.9547","0.0751"
"","29.7000","2.9646","0.0759"
"","29.8000","2.9745","0.0766"
"","29.9000","2.9846","0.0774"
"","30.0000","2.9948","0.0782"
"","30.1000","3.0047","0.0789"
"","30.2000","3.0144","0.0796"
"","30.3000","3.0246","0.0804"
"","30.4000","3.0347","0.0812"
"","30.5000","3.0446","0.0819"
"","30.6000","3.0545","0.0828"
"","30.7000","3.0647","0.0835"
"","30.8000","3.0749","0.0843"
"","30.9000","3.0843","0.0850"
"","31.0000","3.0946","0.0858"
"","31.1000","3.1047","0.0866"
"","31.2000","3.1148","0.0874"
"","31.3000","3.1245","0.0882"
"","31.4000","3.1346","0.0890"
"","31.5000","3.1446","0.0898"
"","31.6000","3.1545","0.0904"
"","31.7000","3.1647","0.0912"
"","31.8000","3.1746","0.0920"
"","31.9000","3.1847","0.0927"
"","32.0000","3.1944","0.0934"
"","32.1000","3.2047","0.0942"
"","32.2000","3.2146","0.0948"
"","32.3000","3.2245","0.0954"
"","32.4000","3.2346","0.0961"
"","32.5000","3.2448","0.0967"
"","32.6000","3.2547","0.0975"
"","32.7000","3.2643","0.0981"
"","32.8000","3.2746","0.0990"
"","32.9000","3.2848","0.0997"
"","33.0000","3.2946","0.1004"
"","33.1000","3.3045","0.1011"
"","33.2000","3.3147","0.1019"
"","33.3000","3.3249","0.1027"
"","33.4000","3.3344","0.1034"
"","33.5000","3.3445","0.1042"
"","33.6000","3.3546","0.1050"
"","33.7000","3.3648","0.1058"
"","33.8000","3.3744","0.1065"
"","33.9000","3.3846","0.1073"
"","34.0000","3.3947","0.1079"
"","34.1000","3.4046","0.1086"
"","34.2000","3.4147","0.1093"
"","34.3000","3.4246","0.1100"
"","34.4000","3.4346","0.1108"
"","34.5000","3.4444","0.1115"
"","34.6000","3.4546","0.1123"
"","34.7000","3.4646","0.1130"
"","34.8000","3.4746","0.1138"
"","34.9000","3.4847","0.1146"
"","35.0000","3.4948","0.1153"
"","35.1000","3.5047","0.1159"
"","35.2000","3.5143","0.1162"
"","35.3000","3.5247","0.1169"
"","35.4000","3.5346","0.1175"
"","35.5000","3.5446","0.1181"
"","35.6000","3.5546","0.1188"
"","35.7000","3.5648","0.1194"
"","35.8000","3.5748","0.1201"
"","35.9000","3.5843","0.1206"
"","36.0000","3.5947","0.1214"
"","36.1000","3.6046","0.1221"
"","36.2000","3.6147","0.1229"
"","36.3000","3.6243","0.1235"
"","36.4000","3.6346","0.1243"
"","36.5000","3.6448","0.1250"
"","36.6000","3.6545","0.1256"
"","36.7000","3.6646","0.1263"
"","36.8000","3.6747","0.1269"
"","36.9000","3.6848","0.1275"
"","37.0000","3.6944","0.1279"
"","37.1000","3.7046","0.1285"
"","37.2000","3.7147","0.1290"
"","37.3000","3.7246","0.1294"
"","37.4000","3.7347","0.1297"
"","37.5000","3.7447","0.1302"
"","37.6000","3.7547","0.1308"
"","37.7000","3.7644","0.1313"
"","37.8000","3.7746","0.1319"
"","37.9000","3.7847","0.1324"
"","38.0000","3.7946","0.1329"
"","38.1000","3.8045","0.1333"
"","38.2000","3.8148","0.1338"
"","38.3000","3.8248","0.1339"
"","38.4000","3.8343","0.1341"
"","38.5000","3.8446","0.1345"
"","38.6000","3.8547","0.1348"
"","38.7000","3.8648","0.1352"
"","38.8000","3.8744","0.1357"
"","38.9000","3.8847","0.1363"
"","39.0000","3.8947","0.1368"
"","39.1000","3.9045","0.1373"
"","39.2000","3.9146","0.1379"
"","39.3000","3.9247","0.1385"
"","39.4000","3.9347","0.1391"
"","39.5000","3.9444","0.1394"
"","39.6000","3.9547","0.1398"
"","39.7000","3.9646","0.1401"
"","39.8000","3.9745","0.1392"
"","39.9000","3.9846","0.1395"
"","40.0000","3.9948","0.1400"
"","40.0540","4.0000","0.1402"
"","40.0550","4.0001","0.1402"
"","40.0560","4.0002","0.1402"
"","40.1560","4.0007","0.1388"
"","40.2560","3.9933","0.1361"
"","40.3560","3.9811","0.1325"
"","40.4560","3.9710","0.1297"
"","40.5560","3.9607","0.1270"
"","40.6560","3.9507","0.1245"
"","40.7560","3.9406","0.1220"
"","40.8560","3.9309","0.1196"
"","40.9560","3.9206","0.1172"
"","41.0560","3.9106","0.1149"
"","41.1560","3.9007","0.1127"
"","41.2560","3.8907","0.1105"
"","41.3560","3.8807","0.1083"
"","41.4560","3.8706","0.1061"
"","41.5560","3.8609","0.1041"
"","41.6560","3.8506","0.1020"
"","41.7560","3.8406","0.0999"
"","41.8560","3.8307","0.0980"
"","41.9560","3.8207","0.0960"
"","42.0560","3.8107","0.0941"
"","42.1560","3.8007","0.0921"
"","42.2560","3.7908","0.0902"
"","42.3560","3.7805","0.0884"
"","42.4560","3.7706","0.0865"
"","42.5560","3.7607","0.0847"
"","42.6560","3.7508","0.0829"
"","42.7560","3.7406","0.0812"
"","42.8560","3.7306","0.0794"
"","42.9560","3.7208","0.0778"
"","43.0560","3.7106","0.0761"
"","43.1560","3.7006","0.0744"
"","43.2560","3.6907","0.0728"
"","43.3560","3.6809","0.0712"
"","43.4560","3.6706","0.0696"
"","43.5560","3.6606","0.0680"
"","43.6560","3.6508","0.0666"
"","43.7560","3.6407","0.0651"
"","43.8560","3.6306","0.0636"
"","43.9560","3.6206","0.0621"
"","44.0560","3.6108","0.0607"
"","44.1560","3.6007","0.0593"
"","44.2560","3.5906","0.0579"
"","44.3560","3.5807","0.0566"
"","44.4560","3.5707","0.0553"
"","44.5560","3.5607","0.0540"
"","44.6560","3.5506","0.0527"
"","44.7560","3.5409","0.0515"
"","44.8560","3.5305","0.0502"
"","44.9560","3.5206","0.0491"
"","45.0560","3.5107","0.0479"
"","45.1560","3.5009","0.0468"
"","45.2560","3.4906","0.0456"
"","45.3560","3.4806","0.0445"
"","45.4560","3.4709","0.0435"
"","45.5560","3.4607","0.0424"
"","45.6560","3.4506","0.0414"
"","45.7560","3.4405","0.0404"
"","45.8560","3.4310","0.0394"
"","45.9560","3.4207","0.0385"
"","46.0560","3.4106","0.0375"
"","46.1560","3.4007","0.0366"
"","46.2560","3.3908","0.0358"
"","46.3560","3.3807","0.0349"
"","46.4560","3.3706","0.0341"
"","46.5560","3.3607","0.0336"
"","46.6560","3.3507","0.0333"
"","46.7560","3.3406","0.0331"
"","46.8560","3.3307","0.0330"
"","46.9560","3.3207","0.0330"
"","47.0560","3.3107","0.0330"
"","47.1560","3.3006","0.0330"
"","47.2560","3.2908","0.0330"
"","47.3560","3.2805","0.0330"
"","47.4560","3.2705","0.0330"
"","47.5560","3.2607","0.0330"
"","47.6560","3.2509","0.0330"
"","47.7560","3.2406","0.0330"
"","47.8560","3.2305","0.0330"
"","47.9560","3.2209","0.0330"
"","48.0560","3.2107","0.0330"
"","48.1560","3.2006","0.0330"
"","48.2560","3.1905","0.0330"
"","48.3560","3.1809","0.0330"
"","48.4560","3.1707","0.0329"
"","48.5560","3.1606","0.0329"
"","48.6560","3.1506","0.0327"
"","48.7560","3.1407","0.0325"
"","48.8560","3.1308","0.0320"
"","48.9560","3.1207","0.0312"
"","49.0560","3.1108","0.0304"
"","49.1560","3.1006","0.0295"
"","49.2560","3.0906","0.0286"
"","49.3560","3.0807","0.0279"
"","49.4560","3.0707","0.0272"
"","49.5560","3.0607","0.0265"
"","49.6560","3.0507","0.0258"
"","49.7560","3.0409","0.0252"
"","49.8560","3.0305","0.0247"
"","49.9560","3.0206","0.0241"
"","50.0560","3.0108","0.0236"
"","50.1560","3.0008","0.0231"
"","50.2560","2.9906","0.0226"
"","50.3560","2.9806","0.0221"
"","50.4560","2.9709","0.0216"
"","50.5560","2.9607","0.0211"
"","50.6560","2.9506","0.0206"
"","50.7560","2.9406","0.0202"
"","50.8560","2.9309","0.0198"
"","50.9560","2.9207","0.0194"
"","51.0560","2.9106","0.0190"
"","51.1560","2.9007","0.0187"
"","51.2560","2.8908","0.0183"
"","51.3560","2.8808","0.0180"
"","51.4560","2.8706","0.0177"
"","51.5560","2.8608","0.0174"
"","51.6560","2.8506","0.0170"
"","51.7560","2.8406","0.0167"
"","51.8560","2.8308","0.0164"
"","51.9560","2.8206","0.0162"
"","52.0560","2.8106","0.0159"
"","52.1560","2.8006","0.0156"
"","52.2560","2.7909","0.0153"
"","52.3560","2.7805","0.0151"
"","52.4560","2.7706","0.0148"
"","52.5560","2.7608","0.0146"
"","52.6560","2.7510","0.0144"
"","52.7560","2.7406","0.0141"
"","52.8560","2.7305","0.0139"
"","52.9560","2.7209","0.0136"
"","53.0560","2.7107","0.0134"
"","53.1560","2.7005","0.0132"
"","53.2560","2.6905","0.0130"
"","53.3560","2.6810","0.0128"
"","53.4560","2.6707","0.0126"
"","53.5560","2.6606","0.0124"
"","53.6560","2.6507","0.0122"
"","53.7560","2.6408","0.0120"
"","53.8560","2.6307","0.0117"
"","53.9560","2.6206","0.0115"
"","54.0560","2.6107","0.0113"
"","54.1560","2.6006","0.0112"
"","54.2560","2.5906","0.0110"
"","54.3560","2.5807","0.0108"
"","54.4560","2.5707","0.0106"
"","54.5560","2.5607","0.0105"
"","54.6560","2.5506","0.0104"
"","54.7560","2.5408","0.0102"
"","54.8560","2.5305","0.0100"
"","54.9560","2.5206","0.0099"
"","55.0560","2.5107","0.0097"
"","55.1560","2.5009","0.0095"
"","55.2560","2.4906","0.0094"
"","55.3560","2.4805","0.0092"
"","55.4560","2.4709","0.0090"
"","55.5560","2.4607","0.0089"
"","55.6560","2.4506","0.0087"
"","55.7560","2.4405","0.0086"
"","55.8560","2.4309","0.0085"
"","55.9560","2.4206","0.0083"
"","56.0560","2.4106","0.0082"
"","56.1560","2.4006","0.0081"
"","56.2560","2.3908","0.0081"
"","56.3560","2.3808","0.0080"
"","56.4560","2.3706","0.0078"
"","56.5560","2.3607","0.0077"
"","56.6560","2.3506","0.0076"
"","56.7560","2.3406","0.0075"
"","56.8560","2.3307","0.0074"
"","56.9560","2.3207","0.0073"
"","57.0560","2.3107","0.0072"
"","57.1560","2.3007","0.0070"
"","57.2560","2.2909","0.0069"
"","57.3560","2.2805","0.0068"
"","57.4560","2.2706","0.0067"
"","57.5560","2.2608","0.0066"
"","57.6560","2.2508","0.0065"
"","57.7560","2.2405","0.0064"
"","57.8560","2.2306","0.0063"
"","57.9560","2.2209","0.0062"
"","58.0560","2.2107","0.0061"
"","58.1560","2.2005","0.0061"
"","58.2560","2.1905","0.0060"
"","58.3560","2.1809","0.0059"
"","58.4560","2.1706","0.0058"
"","58.5560","2.1605","0.0057"
"","58.6560","2.1507","0.0057"
"","58.7560","2.1408","0.0056"
"","58.8560","2.1308","0.0055"
"","58.9560","2.1206","0.0054"
"","59.0560","2.1108","0.0054"
"","59.1560","2.1006","0.0053"
"","59.2560","2.0907","0.0052"
"","59.3560","2.0808","0.0052"
"","59.4560","2.0706","0.0051"
"","59.5560","2.0606","0.0050"
"","59.6560","2.0507","0.0050"
"","59.7560","2.0409","0.0049"
"","59.8560","2.0305","0.0048"
"","59.9560","2.0205","0.0048"
"","60.0560","2.0108","0.0047"
"","60.1560","2.0010","0.0046"
"","60.2560","1.9906","0.0046"
"","60.3560","1.9805","0.0045"
"","60.4560","1.9709","0.0045"
"","60.5560","1.9607","0.0044"
"","60.6560","1.9505","0.0043"
"","60.7560","1.9406","0.0043"
"","60.8560","1.9309","0.0042"
"","60.9560","1.9207","0.0042"
"","61.0560","1.9106","0.0041"
"","61.1560","1.9008","0.0040"
"","61.2560","1.8908","0.0040"
"","61.3560","1.8807","0.0039"
"","61.4560","1.8706","0.0039"
"","61.5560","1.8609","0.0038"
"","61.6560","1.8506","0.0038"
"","61.7560","1.8406","0.0037"
"","61.8560","1.8307","0.0036"
"","61.9560","1.8208","0.0036"
"","62.0560","1.8107","0.0036"
"","62.1560","1.8006","0.0035"
"","62.2560","1.7908","0.0034"
"","62.3560","1.7806","0.0034"
"","62.4560","1.7705","0.0034"
"","62.5560","1.7607","0.0033"
"","62.6560","1.7508","0.0033"
"","62.7560","1.7407","0.0032"
"","62.8560","1.7306","0.0032"
"","62.9560","1.7209","0.0032"
"","63.0560","1.7107","0.0031"
"","63.1560","1.7006","0.0030"
"","63.2560","1.6906","0.0030"
"","63.3560","1.6809","0.0030"
"","63.4560","1.6707","0.0029"
"","63.5560","1.6606","0.0029"
"","63.6560","1.6507","0.0028"
"","63.7560","1.6407","0.0028"
"","63.8560","1.6307","0.0028"
"","63.9560","1.6206","0.0027"
"","64.0560","1.6108","0.0027"
"","64.1560","1.6005","0.0027"
"","64.2560","1.5907","0.0026"
"","64.3560","1.5807","0.0026"
"","64.4560","1.5707","0.0026"
"","64.5560","1.5606","0.0025"
"","64.6560","1.5507","0.0025"
"","64.7560","1.5409","0.0025"
"","64.8560","1.5306","0.0024"
"","64.9560","1.5206","0.0024"
"","65.0560","1.5108","0.0024"
"","65.1560","1.5008","0.0024"
"","65.2560","1.4906","0.0023"
"","65.3560","1.4805","0.0023"
"","65.4560","1.4709","0.0023"
"","65.5560","1.4607","0.0022"
"","65.6560","1.4506","0.0022"
"","65.7560","1.4406","0.0022"
"","65.8560","1.4309","0.0022"
"","65.9560","1.4206","0.0021"
"","66.0560","1.4105","0.0021"
"","66.1560","1.4007","0.0021"
"","66.2560","1.3908","0.0021"
"","66.3560","1.3808","0.0020"
"","66.4560","1.3706","0.0020"
"","66.5560","1.3608","0.0020"
"","66.6560","1.3506","0.0020"
"","66.7560","1.3406","0.0019"
"","66.8560","1.3307","0.0019"
"","66.9560","1.3206","0.0019"
"","67.0560","1.3107","0.0018"
"","67.1560","1.3007","0.0019"
"","67.2560","1.2909","0.0018"
"","67.3560","1.2805","0.0018"
"","67.4560","1.2706","0.0018"
"","67.5560","1.2608","0.0018"
"","67.6560","1.2509","0.0017"
"","67.7560","1.2406","0.0017"
"","67.8560","1.2305","0.0017"
"","67.9560","1.2209","0.0017"
"","68.0560","1.2107","0.0017"
"","68.1560","1.2005","0.0016"
"","68.2560","1.1905","0.0016"
"","68.3560","1.1810","0.0016"
"","68.4560","1.1707","0.0016"
"","68.5560","1.1606","0.0016"
"","68.6560","1.1507","0.0015"
"","68.7560","1.1408","0.0015"
"","68.8560","1.1307","0.0015"
"","68.9560","1.1206","0.0015"
"","69.0560","1.1108","0.0015"
"","69.1560","1.1007","0.0015"
"","69.2560","1.0906","0.0014"
"","69.3560","1.0807","0.0014"
"","69.4560","1.0707","0.0014"
"","69.5560","1.0607","0.0014"
"","69.6560","1.0506","0.0014"
"","69.7560","1.0408","0.0014"
"","69.8560","1.0305","0.0013"
"","69.9560","1.0205","0.0013"
"","70.0560","1.0107","0.0013"
"","70.1560","1.0009","0.0013"
"","70.2560","0.9906","0.0013"
"","70.3560","0.9805","0.0013"
"","70.4560","0.9709","0.0013"
"","70.5560","0.9607","0.0012"
"","70.6560","0.9506","0.0012"
"","70.7560","0.9405","0.0012"
"","70.8560","0.9309","0.0012"
"","70.9560","0.9207","0.0012"
"","71.0560","0.9106","0.0012"
"","71.1560","0.9007","0.0012"
"","71.2560","0.8908","0.0011"
"","71.3560","0.8808","0.0011"
"","71.4560","0.8706","0.0011"
"","71.5560","0.8608","0.0011"
"","71.6560","0.8506","0.0011"
"","71.7560","0.8406","0.0011"
"","71.8560","0.8307","0.0011"
"","71.9560","0.8207","0.0011"
"","72.0560","0.8107","0.0010"
"","72.1560","0.8007","0.0010"
"","72.2560","0.7908","0.0010"
"","72.3560","0.7805","0.0010"
"","72.4560","0.7706","0.0010"
"","72.5560","0.7608","0.0010"
"","72.6560","0.7508","0.0010"
"","72.7560","0.7406","0.0009"
"","72.8560","0.7306","0.0009"
"","72.9560","0.7209","0.0009"
"","73.0560","0.7107","0.0009"
"","73.1560","0.7006","0.0009"
"","73.2560","0.6906","0.0009"
"","73.3560","0.6809","0.0009"
"","73.4560","0.6706","0.0009"
"","73.5560","0.6606","0.0008"
"","73.6560","0.6507","0.0008"
"","73.7560","0.6408","0.0008"
"","73.8560","0.6306","0.0008"
"","73.9560","0.6206","0.0008"
"","74.0560","0.6108","0.0008"
"","74.1560","0.6007","0.0008"
"","74.2560","0.5906","0.0008"
"","74.3560","0.5807","0.0008"
"","74.4560","0.5706","0.0007"
"","74.5560","0.5607","0.0007"
"","74.6560","0.5506","0.0007"
"","74.7560","0.5409","0.0007"
"","74.8560","0.5305","0.0007"
"","74.9560","0.5205","0.0007"
"","75.0560","0.5108","0.0007"
"","75.1560","0.5009","0.0007"
"","75.2560","0.4906","0.0007"
"","75.3560","0.4806","0.0006"
"","75.4560","0.4709","0.0006"
"","75.5560","0.4607","0.0006"
"","75.6560","0.4505","0.0006"
"","75.7560","0.4406","0.0006"
"","75.8560","0.4310","0.0006"
"","75.9560","0.4208","0.0006"
"","76.0560","0.4106","0.0006"
"","76.1560","0.4007","0.0006"
"","76.2560","0.3908","0.0006"
"","76.3560","0.3807","0.0005"
"","76.4560","0.3706","0.0005"
"","76.5560","0.3607","0.0005"
"","76.6560","0.3507","0.0005"
"","76.7560","0.3406","0.0005"
"","76.8560","0.3307","0.0005"
"","76.9560","0.3207","0.0005"
"","77.0560","0.3107","0.0005"
"","77.1560","0.3006","0.0005"
"","77.2560","0.2908","0.0005"
"","77.3560","0.2807","0.0004"
"","77.4560","0.2708","0.0004"
"","77.5560","0.2608","0.0004"
"","77.6560","0.2509","0.0004"
"","77.7560","0.2406","0.0004"
"","77.8560","0.2306","0.0004"
"","77.9560","0.2209","0.0004"
"","78.0560","0.2107","0.0004"
"","78.1560","0.2005","0.0004"
"","78.2560","0.1905","0.0004"
"","78.3560","0.1809","0.0004"
"","78.4560","0.1706","0.0003"
"","78.5560","0.1606","0.0003"
"","78.6560","0.1507","0.0003"
"","78.7560","0.1408","0.0003"
"","78.8560","0.1308","0.0003"
"","78.9560","0.1206","0.0003"
"","79.0560","0.1107","0.0003"
"","79.1560","0.1006","0.0003"
"","79.2560","0.0906","0.0003"
"","79.3560","0.0807","0.0003"
"","79.4560","0.0707","0.0002"
"","79.5560","0.0607","0.0002"
"","79.6560","0.0506","0.0002"
"","79.7560","0.0408","0.0002"
"","79.8560","0.0305","0.0002"
"","79.9560","0.0206","0.0002"
"","80.0560","0.0108","0.0002"
"","80.1560","0.0008","0.0002"
"","80.1650","-0.0001","0.0002"
"","80.1660","-0.0002","0.0002"
"","80.1670","-0.0003","0.0002"
"","80.2670","-0.0008","0.0002"
"","80.3670","0.0070","0.0002"
"","80.4670","0.0186","0.0003"
"","80.5670","0.0293","0.0003"
"","80.6670","0.0393","0.0003"
"","80.7670","0.0489","0.0003"
"","80.8670","0.0592","0.0003"
"","80.9670","0.0694","0.0003"
"","81.0670","0.0792","0.0003"
"","81.1670","0.0890","0.0004"
"","81.2670","0.0992","0.0004"
"","81.3670","0.1094","0.0004"
"","81.4670","0.1191","0.0004"
"","81.5670","0.1292","0.0004"
"","81.6670","0.1392","0.0005"
"","81.7670","0.1493","0.0005"
"","81.8670","0.1590","0.0005"
"","81.9670","0.1692","0.0005"
"","82.0670","0.1792","0.0005"
"","82.1670","0.1891","0.0005"
"","82.2670","0.1993","0.0005"
"","82.3670","0.2093","0.0005"
"","82.4670","0.2193","0.0006"
"","82.5670","0.2289","0.0006"
"","82.6670","0.2393","0.0006"
"","82.7670","0.2492","0.0006"
"","82.8670","0.2592","0.0006"
"","82.9670","0.2691","0.0006"
"","83.0670","0.2792","0.0006"
"","83.1670","0.2891","0.0007"
"","83.2670","0.2989","0.0007"
"","83.3670","0.3093","0.0007"
"","83.4670","0.3193","0.0007"
"","83.5670","0.3293","0.0007"
"","83.6670","0.3390","0.0007"
"","83.7670","0.3492","0.0007"
"","83.8670","0.3594","0.0008"
"","83.9670","0.3692","0.0008"
"","84.0670","0.3792","0.0008"
"","84.1670","0.3893","0.0008"
"","84.2670","0.3993","0.0008"
"","84.3670","0.4091","0.0008"
"","84.4670","0.4192","0.0008"
"","84.5670","0.4292","0.0009"
"","84.6670","0.4391","0.0009"
"","84.7670","0.4494","0.0009"
"","84.8670","0.4592","0.0009"
"","84.9670","0.4693","0.0009"
"","85.0670","0.4790","0.0009"
"","85.1670","0.4894","0.0010"
"","85.2670","0.4992","0.0010"
"","85.3670","0.5092","0.0010"
"","85.4670","0.5191","0.0010"
"","85.5670","0.5294","0.0010"
"","85.6670","0.5392","0.0010"
"","85.7670","0.5490","0.0011"
"","85.8670","0.5593","0.0011"
"","85.9670","0.5692","0.0011"
"","86.0670","0.5793","0.0011"
"","86.1670","0.5890","0.0011"
"","86.2670","0.5993","0.0011"
"","86.3670","0.6093","0.0011"
"","86.4670","0.6191","0.0012"
"","86.5670","0.6292","0.0012"
"","86.6670","0.6392","0.0012"
"","86.7670","0.6493","0.0012"
"","86.8670","0.6591","0.0012"
"","86.9670","0.6693","0.0012"
"","87.0670","0.6792","0.0013"
"","87.1670","0.6891","0.0013"
"","87.2670","0.6994","0.0013"
"","87.3670","0.7093","0.0013"
"","87.4670","0.7193","0.0013"
"","87.5670","0.7290","0.0013"
"","87.6670","0.7394","0.0014"
"","87.7670","0.7492","0.0014"
"","87.8670","0.7591","0.0014"
"","87.9670","0.7691","0.0014"
"","88.0670","0.7794","0.0014"
"","88.1670","0.7893","0.0014"
"","88.2670","0.7989","0.0015"
"","88.3670","0.8092","0.0015"
"","88.4670","0.8193","0.0015"
"","88.5670","0.8292","0.0015"
"","88.6670","0.8390","0.0015"
"","88.7670","0.8492","0.0016"
"","88.8670","0.8593","0.0016"
"","88.9670","0.8692","0.0016"
"","89.0670","0.8792","0.0016"
"","89.1670","0.8892","0.0017"
"","89.2670","0.8993","0.0017"
"","89.3670","0.9091","0.0017"
"","89.4670","0.9192","0.0017"
"","89.5670","0.9292","0.0018"
"","89.6670","0.9391","0.0018"
"","89.7670","0.9493","0.0018"
"","89.8670","0.9592","0.0018"
"","89.9670","0.9693","0.0019"
"","90.0670","0.9789","0.0019"
"","90.1670","0.9893","0.0019"
"","90.2670","0.9992","0.0019"
"","90.3670","1.0091","0.0020"
"","90.4670","1.0191","0.0020"
"","90.5670","1.0294","0.0020"
"","90.6670","1.0393","0.0020"
"","90.7670","1.0490","0.0021"
"","90.8670","1.0592","0.0021"
"","90.9670","1.0693","0.0021"
"","91.0670","1.0793","0.0021"
"","91.1670","1.0890","0.0022"
"","91.2670","1.0992","0.0022"
"","91.3670","1.1093","0.0022"
"","91.4670","1.1192","0.0023"
"","91.5670","1.1291","0.0023"
"","91.6670","1.1392","0.0023"
"","91.7670","1.1493","0.0024"
"","91.8670","1.1592","0.0024"
"","91.9670","1.1692","0.0024"
"","92.0670","1.1792","0.0024"
"","92.1670","1.1891","0.0025"
"","92.2670","1.1994","0.0025"
"","92.3670","1.2093","0.0025"
"","92.4670","1.2192","0.0026"
"","92.5670","1.2289","0.0026"
"","92.6670","1.2394","0.0026"
"","92.7670","1.2492","0.0027"
"","92.8670","1.2592","0.0027"
"","92.9670","1.2691","0.0027"
"","93.0670","1.2794","0.0028"
"","93.1670","1.2893","0.0028"
"","93.2670","1.2990","0.0028"
"","93.3670","1.3093","0.0029"
"","93.4670","1.3192","0.0029"
"","93.5670","1.3293","0.0030"
"","93.6670","1.3390","0.0030"
"","93.7670","1.3493","0.0031"
"","93.8670","1.3593","0.0031"
"","93.9670","1.3692","0.0031"
"","94.0670","1.3793","0.0032"
"","94.1670","1.3892","0.0032"
"","94.2670","1.3992","0.0033"
"","94.3670","1.4090","0.0033"
"","94.4670","1.4193","0.0034"
"","94.5670","1.4292","0.0034"
"","94.6670","1.4391","0.0035"
"","94.7670","1.4493","0.0035"
"","94.8670","1.4593","0.0036"
"","94.9670","1.4692","0.0036"
"","95.0670","1.4789","0.0037"
"","95.1670","1.4893","0.0037"
"","95.2670","1.4993","0.0038"
"","95.3670","1.5091","0.0038"
"","95.4670","1.5190","0.0039"
"","95.5670","1.5293","0.0040"
"","95.6670","1.5393","0.0040"
"","95.7670","1.5490","0.0041"
"","95.8670","1.5592","0.0041"
"","95.9670","1.5693","0.0042"
"","96.0670","1.5792","0.0043"
"","96.1670","1.5890","0.0043"
"","96.2670","1.5992","0.0044"
"","96.3670","1.6094","0.0045"
"","96.4670","1.6191","0.0045"
"","96.5670","1.6292","0.0046"
"","96.6670","1.6392","0.0047"
"","96.7670","1.6493","0.0047"
"","96.8670","1.6590","0.0048"
"","96.9670","1.6693","0.0049"
"","97.0670","1.6792","0.0049"
"","97.1670","1.6891","0.0050"
"","97.2670","1.6992","0.0051"
"","97.3670","1.7093","0.0051"
"","97.4670","1.7193","0.0052"
"","97.5670","1.7289","0.0053"
"","97.6670","1.7393","0.0054"
"","97.7670","1.7492","0.0054"
"","97.8670","1.7592","0.0055"
"","97.9670","1.7691","0.0056"
"","98.0670","1.7794","0.0057"
"","98.1670","1.7894","0.0057"
"","98.2670","1.7990","0.0058"
"","98.3670","1.8093","0.0059"
"","98.4670","1.8192","0.0060"
"","98.5670","1.8293","0.0060"
"","98.6670","1.8390","0.0061"
"","98.7670","1.8492","0.0062"
"","98.8670","1.8593","0.0063"
"","98.9670","1.8692","0.0064"
"","99.0670","1.8792","0.0065"
"","99.1670","1.8893","0.0066"
"","99.2670","1.8993","0.0067"
"","99.3670","1.9091","0.0068"
"","99.4670","1.9192","0.0068"
"","99.5670","1.9292","0.0069"
"","99.6670","1.9391","0.0070"
"","99.7670","1.9493","0.0071"
"","99.8670","1.9592","0.0072"
"","99.9670","1.9692","0.0074"
"","100.0670","1.9790","0.0075"
"","100.1670","1.9894","0.0076"
"","100.2670","1.9992","0.0077"
"","100.3670","2.0091","0.0078"
"","100.4670","2.0191","0.0080"
"","100.5670","2.0294","0.0081"
"","100.6670","2.0394","0.0082"
"","100.7670","2.0489","0.0084"
"","100.8670","2.0593","0.0085"
"","100.9670","2.0692","0.0087"
"","101.0670","2.0793","0.0088"
"","101.1670","2.0890","0.0090"
"","101.2670","2.0993","0.0091"
"","101.3670","2.1093","0.0093"
"","101.4670","2.1192","0.0094"
"","101.5670","2.1292","0.0096"
"","101.6670","2.1392","0.0098"
"","101.7670","2.1493","0.0100"
"","101.8670","2.1591","0.0102"
"","101.9670","2.1693","0.0104"
"","102.0670","2.1792","0.0105"
"","102.1670","2.1891","0.0107"
"","102.2670","2.1994","0.0110"
"","102.3670","2.2093","0.0112"
"","102.4670","2.2192","0.0114"
"","102.5670","2.2289","0.0116"
"","102.6670","2.2394","0.0118"
"","102.7670","2.2492","0.0121"
"","102.8670","2.2592","0.0123"
"","102.9670","2.2691","0.0126"
"","103.0670","2.2793","0.0128"
"","103.1670","2.2893","0.0130"
"","103.2670","2.2989","0.0133"
"","103.3670","2.3092","0.0136"
"","103.4670","2.3193","0.0138"
"","103.5670","2.3292","0.0141"
"","103.6670","2.3390","0.0144"
"","103.7670","2.3492","0.0147"
"","103.8670","2.3594","0.0149"
"","103.9670","2.3692","0.0152"
"","104.0670","2.3792","0.0155"
"","104.1670","2.3892","0.0158"
"","104.2670","2.3993","0.0161"
"","104.3670","2.4091","0.0163"
"","104.4670","2.4192","0.0167"
"","104.5670","2.4292","0.0170"
"","104.6670","2.4391","0.0173"
"","104.7670","2.4494","0.0176"
"","104.8670","2.4592","0.0179"
"","104.9670","2.4692","0.0183"
"","105.0670","2.4789","0.0186"
"","105.1670","2.4893","0.0189"
"","105.2670","2.4992","0.0192"
"","105.3670","2.5092","0.0196"
"","105.4670","2.5191","0.0200"
"","105.5670","2.5294","0.0203"
"","105.6670","2.5393","0.0207"
"","105.7670","2.5490","0.0210"
"","105.8670","2.5592","0.0214"
"","105.9670","2.5692","0.0218"
"","106.0670","2.5793","0.0222"
"","106.1670","2.5890","0.0226"
"","106.2670","2.5992","0.0230"
"","106.3670","2.6093","0.0234"
"","106.4670","2.6192","0.0237"
"","106.5670","2.6292","0.0241"
"","106.6670","2.6392","0.0246"
"","106.7670","2.6492","0.0250"
"","106.8670","2.6591","0.0254"
"","106.9670","2.6692","0.0258"
"","107.0670","2.6792","0.0262"
"","107.1670","2.6891","0.0267"
"","107.2670","2.6994","0.0271"
"","107.3670","2.7092","0.0276"
"","107.4670","2.7192","0.0280"
"","107.5670","2.7289","0.0285"
"","107.6670","2.7394","0.0289"
"","107.7670","2.7493","0.0294"
"","107.8670","2.7592","0.0299"
"","107.9670","2.7691","0.0304"
"","108.0670","2.7793","0.0309"
"","108.1670","2.7893","0.0314"
"","108.2670","2.7989","0.0319"
"","108.3670","2.8093","0.0324"
"","108.4670","2.8192","0.0329"
"","108.5670","2.8293","0.0334"
"","108.6670","2.8390","0.0335"
"","108.7670","2.8492","0.0335"
"","108.8670","2.8593","0.0335"
"","108.9670","2.8692","0.0335"
"","109.0670","2.8792","0.0336"
"","109.1670","2.8892","0.0335"
"","109.2670","2.8993","0.0335"
"","109.3670","2.9091","0.0336"
"","109.4670","2.9193","0.0336"
"","109.5670","2.9292","0.0336"
"","109.6670","2.9391","0.0336"
"","109.7670","2.9494","0.0337"
"","109.8670","2.9593","0.0337"
"","109.9670","2.9692","0.0337"
"","110.0670","2.9789","0.0337"
"","110.1670","2.9893","0.0337"
"","110.2670","2.9993","0.0337"
"","110.3670","3.0091","0.0337"
"","110.4670","3.0191","0.0339"
"","110.5670","3.0293","0.0341"
"","110.6670","3.0393","0.0346"
"","110.7670","3.0489","0.0352"
"","110.8670","3.0592","0.0358"
"","110.9670","3.0693","0.0365"
"","111.0670","3.0792","0.0371"
"","111.1670","3.0890","0.0377"
"","111.2670","3.0992","0.0384"
"","111.3670","3.1094","0.0390"
"","111.4670","3.1192","0.0396"
"","111.5670","3.1291","0.0402"
"","111.6670","3.1392","0.0409"
"","111.7670","3.1493","0.0416"
"","111.8670","3.1591","0.0422"
"","111.9670","3.1692","0.0429"
"","112.0670","3.1792","0.0437"
"","112.1670","3.1891","0.0444"
"","112.2670","3.1993","0.0451"
"","112.3670","3.2093","0.0459"
"","112.4670","3.2193","0.0467"
"","112.5670","3.2289","0.0474"
"","112.6670","3.2393","0.0482"
"","112.7670","3.2492","0.0491"
"","112.8670","3.2591","0.0499"
"","112.9670","3.2691","0.0508"
"","113.0670","3.2794","0.0517"
"","113.1670","3.2893","0.0525"
"","113.2670","3.2990","0.0534"
"","113.3670","3.3092","0.0544"
"","113.4670","3.3192","0.0552"
"","113.5670","3.3293","0.0562"
"","113.6670","3.3390","0.0571"
"","113.7670","3.3492","0.0581"
"","113.8670","3.3593","0.0591"
"","113.9670","3.3692","0.0600"
"","114.0670","3.3792","0.0610"
"","114.1670","3.3893","0.0621"
"","114.2670","3.3993","0.0631"
"","114.3670","3.4092","0.0641"
"","114.4670","3.4191","0.0651"
"","114.5670","3.4292","0.0662"
"","114.6670","3.4391","0.0672"
"","114.7670","3.4494","0.0683"
"","114.8670","3.4592","0.0694"
"","114.9670","3.4693","0.0705"
"","115.0670","3.4790","0.0715"
"","115.1670","3.4893","0.0727"
"","115.2670","3.4992","0.0738"
"","115.3670","3.5091","0.0749"
"","115.4670","3.5192","0.0761"
"","115.5670","3.5293","0.0772"
"","115.6670","3.5393","0.0784"
"","115.7670","3.5490","0.0795"
"","115.8670","3.5593","0.0807"
"","115.9670","3.5692","0.0819"
"","116.0670","3.5792","0.0830"
"","116.1670","3.5890","0.0842"
"","116.2670","3.5993","0.0854"
"","116.3670","3.6093","0.0866"
"","116.4670","3.6190","0.0878"
"","116.5670","3.6292","0.0891"
"","116.6670","3.6393","0.0903"
"","116.7670","3.6493","0.0916"
"","116.8670","3.6589","0.0928"
"","116.9670","3.6692","0.0941"
"","117.0670","3.6793","0.0953"
"","117.1670","3.6892","0.0966"
"","117.2670","3.6993","0.0979"
"","117.3670","3.7093","0.0991"
"","117.4670","3.7193","0.1004"
"","117.5670","3.7290","0.1016"
"","117.6670","3.7393","0.1030"
"","117.7670","3.7492","0.1043"
"","117.8670","3.7592","0.1056"
"","117.9670","3.7691","0.1069"
"","118.0670","3.7794","0.1082"
"","118.1670","3.7893","0.1095"
"","118.2670","3.7989","0.1107"
"","118.3670","3.8092","0.1121"
"","118.4670","3.8193","0.1134"
"","118.5670","3.8292","0.1146"
"","118.6670","3.8390","0.1158"
"","118.7670","3.8493","0.1172"
"","118.8670","3.8594","0.1185"
"","118.9670","3.8691","0.1197"
"","119.0670","3.8792","0.1210"
"","119.1670","3.8893","0.1222"
"","119.2670","3.8993","0.1234"
"","119.3670","3.9090","0.1246"
"","119.4670","3.9192","0.1258"
"","119.5670","3.9293","0.1265"
"","119.6670","3.9392","0.1275"
"","119.7670","3.9493","0.1286"
"","119.8670","3.9592","0.1296"
"","119.9670","3.9692","0.1306"
"","120.0670","3.9788","0.1315"
"","120.1670","3.9893","0.1326"
"","120.2670","3.9992","0.1336"
"","120.2750","4.0000","0.1337"
"","120.2760","4.0001","0.1337"
"","120.2770","4.0002","0.1337"
"","120.3770","4.0007","0.1327"
"","120.4770","3.9933","0.1302"
"","120.5770","3.9811","0.1268"
"","120.6770","3.9710","0.1241"
"","120.7770","3.9607","0.1214"
"","120.8770","3.9507","0.1189"
"","120.9770","3.9406","0.1164"
"","121.0770","3.9309","0.1141"
"","121.1770","3.9207","0.1116"
"","121.2770","3.9106","0.1093"
"","121.3770","3.9007","0.1071"
"","121.4770","3.8907","0.1049"
"","121.5770","3.8807","0.1027"
"","121.6770","3.8706","0.1006"
"","121.7770","3.8608","0.0985"
"","121.8770","3.8506","0.0964"
"","121.9770","3.8406","0.0943"
"","122.0770","3.8307","0.0923"
"","122.1770","3.8207","0.0904"
"","122.2770","3.8107","0.0884"
"","122.3770","3.8006","0.0865"
"","122.4770","3.7908","0.0846"
"","122.5770","3.7805","0.0827"
"","122.6770","3.7706","0.0809"
"","122.7770","3.7607","0.0792"
"","122.8770","3.7508","0.0774"
"","122.9770","3.7406","0.0756"
"","123.0770","3.7306","0.0739"
"","123.1770","3.7208","0.0723"
"","123.2770","3.7106","0.0706"
"","123.3770","3.7006","0.0690"
"","123.4770","3.6907","0.0674"
"","123.5770","3.6809","0.0659"
"","123.6770","3.6706","0.0643"
"","123.7770","3.6606","0.0627"
"","123.8770","3.6508","0.0613"
"","123.9770","3.6407","0.0598"
"","124.0770","3.6306","0.0583"
"","124.1770","3.6206","0.0570"
"","124.2770","3.6109","0.0556"
"","124.3770","3.6007","0.0542"
"","124.4770","3.5906","0.0529"
"","124.5770","3.5807","0.0517"
"","124.6770","3.5707","0.0504"
"","124.7770","3.5607","0.0492"
"","124.8770","3.5507","0.0479"
"","124.9770","3.5409","0.0468"
"","125.0770","3.5305","0.0456"
"","125.1770","3.5206","0.0445"
"","125.2770","3.5107","0.0434"
"","125.3770","3.5009","0.0423"
"","125.4770","3.4906","0.0412"
"","125.5770","3.4806","0.0402"
"","125.6770","3.4709","0.0392"
"","125.7770","3.4607","0.0382"
"","125.8770","3.4505","0.0372"
"","125.9770","3.4405","0.0363"
"","126.0770","3.4309","0.0354"
"","126.1770","3.4207","0.0346"
"","126.2770","3.4106","0.0338"
"","126.3770","3.4007","0.0334"
"","126.4770","3.3908","0.0332"
"","126.5770","3.3807","0.0331"
"","126.6770","3.3706","0.0330"
"","126.7770","3.3607","0.0330"
"","126.8770","3.3507","0.0329"
"","126.9770","3.3406","0.0329"
"","127.0770","3.3307","0.0329"
"","127.1770","3.3207","0.0329"
"","127.2770","3.3107","0.0329"
"","127.3770","3.3006","0.0329"
"","127.4770","3.2908","0.0329"
"","127.5770","3.2805","0.0329"
"","127.6770","3.2705","0.0329"
"","127.7770","3.2607","0.0329"
"","127.8770","3.2509","0.0329"
"","127.9770","3.2406","0.0329"
"","128.0770","3.2305","0.0329"
"","128.1770","3.2209","0.0328"
"","128.2770","3.2107","0.0327"
"","128.3770","3.2006","0.0325"
"","128.4770","3.1905","0.0323"
"","128.5770","3.1809","0.0317"
"","128.6770","3.1707","0.0309"
"","128.7770","3.1607","0.0301"
"","128.8770","3.1506","0.0293"
"","128.9770","3.1407","0.0285"
"","129.0770","3.1308","0.0277"
"","129.1770","3.1207","0.0270"
"","129.2770","3.1108","0.0264"
"","129.3770","3.1006","0.0258"
"","129.4770","3.0906","0.0253"
"","129.5770","3.0807","0.0248"
"","129.6770","3.0707","0.0243"
"","129.7770","3.0607","0.0238"
"","129.8770","3.0507","0.0233"
"","129.9770","3.0409","0.0228"
"","130.0770","3.0305","0.0224"
"","130.1770","3.0206","0.0219"
"","130.2770","3.0108","0.0215"
"","130.3770","3.0008","0.0211"
"","130.4770","2.9906","0.0207"
"","130.5770","2.9806","0.0203"
"","130.6770","2.9709","0.0199"
"","130.7770","2.9607","0.0195"
"","130.8770","2.9506","0.0192"
"","130.9770","2.9405","0.0188"
"","131.0770","2.9309","0.0185"
"","131.1770","2.9206","0.0181"
"","131.2770","2.9106","0.0178"
"","131.3770","2.9007","0.0175"
"","131.4770","2.8908","0.0172"
"","131.5770","2.8807","0.0169"
"","131.6770","2.8707","0.0166"
"","131.7770","2.8608","0.0163"
"","131.8770","2.8506","0.0160"
"","131.9770","2.8406","0.0157"
"","132.0770","2.8308","0.0154"
"","132.1770","2.8207","0.0151"
"","132.2770","2.8106","0.0149"
"","132.3770","2.8006","0.0146"
"","132.4770","2.7909","0.0144"
"","132.5770","2.7805","0.0141"
"","132.6770","2.7706","0.0139"
"","132.7770","2.7608","0.0137"
"","132.8770","2.7510","0.0135"
"","132.9770","2.7406","0.0133"
"","133.0770","2.7305","0.0130"
"","133.1770","2.7209","0.0128"
"","133.2770","2.7107","0.0126"
"","133.3770","2.7005","0.0124"
"","133.4770","2.6905","0.0122"
"","133.5770","2.6810","0.0120"
"","133.6770","2.6707","0.0117"
"","133.7770","2.6606","0.0115"
"","133.8770","2.6507","0.0113"
"","133.9770","2.6408","0.0111"
"","134.0770","2.6307","0.0109"
"","134.1770","2.6206","0.0107"
"","134.2770","2.6107","0.0105"
"","134.3770","2.6006","0.0103"
"","134.4770","2.5906","0.0102"
"","134.5770","2.5807","0.0100"
"","134.6770","2.5707","0.0099"
"","134.7770","2.5607","0.0097"
"","134.8770","2.5506","0.0096"
"","134.9770","2.5408","0.0094"
"","135.0770","2.5305","0.0092"
"","135.1770","2.5205","0.0091"
"","135.2770","2.5107","0.0089"
"","135.3770","2.5009","0.0088"
"","135.4770","2.4906","0.0086"
"","135.5770","2.4805","0.0085"
"","135.6770","2.4709","0.0084"
"","135.7770","2.4607","0.0083"
"","135.8770","2.4506","0.0082"
"","135.9770","2.4405","0.0080"
"","136.0770","2.4309","0.0079"
"","136.1770","2.4206","0.0078"
"","136.2770","2.4106","0.0077"
"","136.3770","2.4006","0.0076"
"","136.4770","2.3908","0.0075"
"","136.5770","2.3808","0.0074"
"","136.6770","2.3706","0.0073"
"","136.7770","2.3607","0.0072"
"","136.8770","2.3506","0.0071"
"","136.9770","2.3406","0.0070"
"","137.0770","2.3307","0.0069"
"","137.1770","2.3207","0.0068"
"","137.2770","2.3107","0.0067"
"","137.3770","2.3007","0.0066"
"","137.4770","2.2909","0.0065"
"","137.5770","2.2805","0.0064"
"","137.6770","2.2706","0.0063"
"","137.7770","2.2608","0.0062"
"","137.8770","2.2508","0.0061"
"","137.9770","2.2405","0.0061"
"","138.0770","2.2306","0.0060"
"","138.1770","2.2209","0.0059"
"","138.2770","2.2107","0.0058"
"","138.3770","2.2006","0.0057"
"","138.4770","2.1905","0.0057"
"","138.5770","2.1809","0.0056"
"","138.6770","2.1706","0.0055"
"","138.7770","2.1606","0.0054"
"","138.8770","2.1507","0.0054"
"","138.9770","2.1407","0.0053"
"","139.0770","2.1307","0.0052"
"","139.1770","2.1206","0.0051"
"","139.2770","2.1108","0.0051"
"","139.3770","2.1006","0.0050"
"","139.4770","2.0907","0.0049"
"","139.5770","2.0808","0.0049"
"","139.6770","2.0706","0.0048"
"","139.7770","2.0606","0.0047"
"","139.8770","2.0507","0.0047"
"","139.9770","2.0409","0.0046"
"","140.0770","2.0305","0.0045"
"","140.1770","2.0205","0.0045"
"","140.2770","2.0108","0.0044"
"","140.3770","2.0009","0.0044"
"","140.4770","1.9906","0.0043"
"","140.5770","1.9805","0.0043"
"","140.6770","1.9709","0.0042"
"","140.7770","1.9607","0.0042"
"","140.8770","1.9505","0.0041"
"","140.9770","1.9406","0.0041"
"","141.0770","1.9309","0.0040"
"","141.1770","1.9207","0.0040"
"","141.2770","1.9106","0.0039"
"","141.3770","1.9008","0.0038"
"","141.4770","1.8907","0.0038"
"","141.5770","1.8806","0.0037"
"","141.6770","1.8706","0.0037"
"","141.7770","1.8608","0.0036"
"","141.8770","1.8506","0.0036"
"","141.9770","1.8406","0.0035"
"","142.0770","1.8307","0.0035"
"","142.1770","1.8208","0.0034"
"","142.2770","1.8106","0.0034"
"","142.3770","1.8006","0.0033"
"","142.4770","1.7908","0.0033"
"","142.5770","1.7806","0.0032"
"","142.6770","1.7705","0.0032"
"","142.7770","1.7607","0.0031"
"","142.8770","1.7508","0.0031"
"","142.9770","1.7407","0.0031"
"","143.0770","1.7306","0.0030"
"","143.1770","1.7209","0.0030"
"","143.2770","1.7107","0.0029"
"","143.3770","1.7006","0.0029"
"","143.4770","1.6906","0.0029"
"","143.5770","1.6809","0.0028"
"","143.6770","1.6707","0.0028"
"","143.7770","1.6606","0.0027"
"","143.8770","1.6507","0.0027"
"","143.9770","1.6407","0.0027"
"","144.0770","1.6307","0.0026"
"","144.1770","1.6206","0.0026"
"","144.2770","1.6108","0.0026"
"","144.3770","1.6005","0.0025"
"","144.4770","1.5906","0.0025"
"","144.5770","1.5807","0.0025"
"","144.6770","1.5707","0.0024"
"","144.7770","1.5606","0.0024"
"","144.8770","1.5507","0.0024"
"","144.9770","1.5409","0.0023"
"","145.0770","1.5306","0.0023"
"","145.1770","1.5206","0.0023"
"","145.2770","1.5108","0.0023"
"","145.3770","1.5008","0.0022"
"","145.4770","1.4906","0.0022"
"","145.5770","1.4806","0.0022"
"","145.6770","1.4709","0.0021"
"","145.7770","1.4607","0.0021"
"","145.8770","1.4505","0.0021"
"","145.9770","1.4406","0.0021"
"","146.0770","1.4309","0.0020"
"","146.1770","1.4206","0.0020"
"","146.2770","1.4105","0.0020"
"","146.3770","1.4007","0.0020"
"","146.4770","1.3908","0.0019"
"","146.5770","1.3807","0.0019"
"","146.6770","1.3706","0.0019"
"","146.7770","1.3608","0.0019"
"","146.8770","1.3506","0.0018"
"","146.9770","1.3406","0.0018"
"","147.0770","1.3307","0.0018"
"","147.1770","1.3206","0.0018"
"","147.2770","1.3107","0.0018"
"","147.3770","1.3007","0.0017"
"","147.4770","1.2909","0.0017"
"","147.5770","1.2805","0.0017"
"","147.6770","1.2706","0.0017"
"","147.7770","1.2608","0.0016"
"","147.8770","1.2509","0.0016"
"","147.9770","1.2406","0.0016"
"","148.0770","1.2305","0.0016"
"","148.1770","1.2209","0.0016"
"","148.2770","1.2107","0.0016"
"","148.3770","1.2005","0.0015"
"","148.4770","1.1906","0.0015"
"","148.5770","1.1810","0.0015"
"","148.6770","1.1707","0.0015"
"","148.7770","1.1606","0.0015"
"","148.8770","1.1507","0.0014"
"","148.9770","1.1408","0.0014"
"","149.0770","1.1307","0.0014"
"","149.1770","1.1206","0.0014"
"","149.2770","1.1108","0.0014"
"","149.3770","1.1007","0.0014"
"","149.4770","1.0906","0.0013"
"","149.5770","1.0807","0.0013"
"","149.6770","1.0707","0.0013"
"","149.7770","1.0607","0.0013"
"","149.8770","1.0506","0.0013"
"","149.9770","1.0408","0.0013"
"","150.0770","1.0305","0.0012"
"","150.1770","1.0205","0.0012"
"","150.2770","1.0107","0.0012"
"","150.3770","1.0009","0.0012"
"","150.4770","0.9906","0.0012"
"","150.5770","0.9805","0.0012"
"","150.6770","0.9709","0.0012"
"","150.7770","0.9607","0.0011"
"","150.8770","0.9506","0.0011"
"","150.9770","0.9405","0.0011"
"","151.0770","0.9309","0.0011"
"","151.1770","0.9206","0.0011"
"","151.2770","0.9106","0.0011"
"","151.3770","0.9007","0.0011"
"","151.4770","0.8908","0.0011"
"","151.5770","0.8808","0.0010"
"","151.6770","0.8706","0.0010"
"","151.7770","0.8608","0.0010"
"","151.8770","0.8506","0.0010"
"","151.9770","0.8406","0.0010"
"","152.0770","0.8307","0.0010"
"","152.1770","0.8207","0.0010"
"","152.2770","0.8107","0.0009"
"","152.3770","0.8007","0.0009"
"","152.4770","0.7908","0.0009"
"","152.5770","0.7805","0.0009"
"","152.6770","0.7706","0.0009"
"","152.7770","0.7608","0.0009"
"","152.8770","0.7508","0.0009"
"","152.9770","0.7406","0.0009"
"","153.0770","0.7306","0.0009"
"","153.1770","0.7209","0.0008"
"","153.2770","0.7106","0.0008"
"","153.3770","0.7005","0.0008"
"","153.4770","0.6906","0.0008"
"","153.5770","0.6809","0.0008"
"","153.6770","0.6706","0.0008"
"","153.7770","0.6605","0.0008"
"","153.8770","0.6507","0.0008"
"","153.9770","0.6407","0.0007"
"","154.0770","0.6306","0.0007"
"","154.1770","0.6206","0.0007"
"","154.2770","0.6108","0.0007"
"","154.3770","0.6007","0.0007"
"","154.4770","0.5906","0.0007"
"","154.5770","0.5807","0.0007"
"","154.6770","0.5706","0.0007"
"","154.7770","0.5607","0.0007"
"","154.8770","0.5506","0.0006"
"","154.9770","0.5409","0.0006"
"","155.0770","0.5305","0.0006"
"","155.1770","0.5205","0.0006"
"","155.2770","0.5107","0.0006"
"","155.3770","0.5009","0.0006"
"","155.4770","0.4906","0.0006"
"","155.5770","0.4806","0.0006"
"","155.6770","0.4708","0.0006"
"","155.7770","0.4607","0.0005"
"","155.8770","0.4505","0.0006"
"","155.9770","0.4405","0.0005"
"","156.0770","0.4310","0.0005"
"","156.1770","0.4207","0.0005"
"","156.2770","0.4106","0.0005"
"","156.3770","0.4007","0.0005"
"","156.4770","0.3908","0.0005"
"","156.5770","0.3807","0.0005"
"","156.6770","0.3706","0.0005"
"","156.7770","0.3608","0.0005"
"","156.8770","0.3506","0.0004"
"","156.9770","0.3406","0.0004"
"","157.0770","0.3307","0.0004"
"","157.1770","0.3207","0.0004"
"","157.2770","0.3107","0.0004"
"","157.3770","0.3006","0.0004"
"","157.4770","0.2908","0.0004"
"","157.5770","0.2806","0.0004"
"","157.6770","0.2708","0.0004"
"","157.7770","0.2608","0.0004"
"","157.8770","0.2509","0.0004"
"","157.9770","0.2406","0.0003"
"","158.0770","0.2306","0.0003"
"","158.1770","0.2209","0.0003"
"","158.2770","0.2106","0.0003"
"","158.3770","0.2006","0.0003"
"","158.4770","0.1905","0.0003"
"","158.5770","0.1809","0.0003"
"","158.6770","0.1706","0.0003"
"","158.7770","0.1606","0.0003"
"","158.8770","0.1507","0.0003"
"","158.9770","0.1408","0.0003"
"","159.0770","0.1308","0.0002"
"","159.1770","0.1206","0.0002"
"","159.2770","0.1107","0.0002"
"","159.3770","0.1006","0.0002"
"","159.4770","0.0906","0.0002"
"","159.5770","0.0807","0.0002"
"","159.6770","0.0707","0.0002"
"","159.7770","0.0607","0.0002"
"","159.8770","0.0507","0.0002"
"","159.9770","0.0408","0.0002"
"","160.0770","0.0305","0.0002"
"","160.1770","0.0206","0.0002"
"","160.2770","0.0108","0.0001"
"","160.3770","0.0008","0.0001"
"","160.3860","-0.0001","0.0001"
"","160.3870","-0.0002","0.0001"
"","160.3880","-0.0003","0.0001"
"","160.4880","-0.0008","0.0001"
"","160.5880","0.0069","0.0002"
"","160.6880","0.0186","0.0002"
"","160.7880","0.0293","0.0002"
"","160.8880","0.0392","0.0002"
"","160.9880","0.0489","0.0002"
"","161.0880","0.0592","0.0003"
"","161.1880","0.0693","0.0003"
"","161.2880","0.0791","0.0003"
"","161.3880","0.0890","0.0003"
"","161.4880","0.0992","0.0003"
"","161.5880","0.1094","0.0003"
"","161.6880","0.1191","0.0003"
"","161.7880","0.1291","0.0004"
"","161.8880","0.1392","0.0004"
"","161.9880","0.1493","0.0004"
"","162.0880","0.1590","0.0004"
"","162.1880","0.1692","0.0004"
"","162.2880","0.1792","0.0004"
"","162.3880","0.1891","0.0004"
"","162.4880","0.1993","0.0005"
"","162.5880","0.2092","0.0005"
"","162.6880","0.2193","0.0005"
"","162.7880","0.2289","0.0005"
"","162.8880","0.2393","0.0005"
"","162.9880","0.2492","0.0005"
"","163.0880","0.2591","0.0005"
"","163.1880","0.2690","0.0006"
"","163.2880","0.2792","0.0006"
"","163.3880","0.2891","0.0006"
"","163.4880","0.2989","0.0006"
"","163.5880","0.3092","0.0006"
"","163.6880","0.3193","0.0006"
"","163.7880","0.3293","0.0006"
"","163.8880","0.3390","0.0007"
"","163.9880","0.3492","0.0007"
"","164.0880","0.3593","0.0007"
"","164.1880","0.3691","0.0007"
"","164.2880","0.3791","0.0007"
"","164.3880","0.3892","0.0007"
"","164.4880","0.3992","0.0007"
"","164.5880","0.4091","0.0008"
"","164.6880","0.4191","0.0008"
"","164.7880","0.4292","0.0008"
"","164.8880","0.4391","0.0008"
"","164.9880","0.4493","0.0008"
"","165.0880","0.4592","0.0008"
"","165.1880","0.4692","0.0008"
"","165.2880","0.4789","0.0009"
"","165.3880","0.4893","0.0009"
"","165.4880","0.4992","0.0009"
"","165.5880","0.5091","0.0009"
"","165.6880","0.5191","0.0009"
"","165.7880","0.5294","0.0009"
"","165.8880","0.5392","0.0009"
"","165.9880","0.5490","0.0010"
"","166.0880","0.5593","0.0010"
"","166.1880","0.5692","0.0010"
"","166.2880","0.5792","0.0010"
"","166.3880","0.5890","0.0010"
"","166.4880","0.5993","0.0010"
"","166.5880","0.6093","0.0011"
"","166.6880","0.6191","0.0011"
"","166.7880","0.6292","0.0011"
"","166.8880","0.6392","0.0011"
"","166.9880","0.6493","0.0011"
"","167.0880","0.6591","0.0011"
"","167.1880","0.6693","0.0011"
"","167.2880","0.6792","0.0011"
"","167.3880","0.6891","0.0012"
"","167.4880","0.6993","0.0012"
"","167.5880","0.7092","0.0012"
"","167.6880","0.7192","0.0012"
"","167.7880","0.7289","0.0012"
"","167.8880","0.7394","0.0012"
"","167.9880","0.7492","0.0013"
"","168.0880","0.7591","0.0013"
"","168.1880","0.7690","0.0013"
"","168.2880","0.7793","0.0013"
"","168.3880","0.7893","0.0013"
"","168.4880","0.7989","0.0014"
"","168.5880","0.8092","0.0014"
"","168.6880","0.8193","0.0014"
"","168.7880","0.8292","0.0014"
"","168.8880","0.8390","0.0014"
"","168.9880","0.8492","0.0014"
"","169.0880","0.8593","0.0015"
"","169.1880","0.8691","0.0015"
"","169.2880","0.8791","0.0015"
"","169.3880","0.8892","0.0015"
"","169.4880","0.8993","0.0015"
"","169.5880","0.9090","0.0016"
"","169.6880","0.9192","0.0016"
"","169.7880","0.9292","0.0016"
"","169.8880","0.9391","0.0016"
"","169.9880","0.9493","0.0016"
"","170.0880","0.9592","0.0017"
"","170.1880","0.9692","0.0017"
"","170.2880","0.9789","0.0017"
"","170.3880","0.9893","0.0017"
"","170.4880","0.9991","0.0018"
"","170.5880","1.0091","0.0018"
"","170.6880","1.0191","0.0018"
"","170.7880","1.0294","0.0018"
"","170.8880","1.0393","0.0018"
"","170.9880","1.0490","0.0019"
"","171.0880","1.0592","0.0019"
"","171.1880","1.0692","0.0019"
"","171.2880","1.0792","0.0019"
"","171.3880","1.0890","0.0020"
"","171.4880","1.0992","0.0020"
"","171.5880","1.1093","0.0020"
"","171.6880","1.1191","0.0021"
"","171.7880","1.1291","0.0021"
"","171.8880","1.1392","0.0021"
"","171.9880","1.1493","0.0021"
"","172.0880","1.1592","0.0022"
"","172.1880","1.1692","0.0022"
"","172.2880","1.1792","0.0022"
"","172.3880","1.1891","0.0022"
"","172.4880","1.1993","0.0023"
"","172.5880","1.2092","0.0023"
"","172.6880","1.2192","0.0023"
"","172.7880","1.2289","0.0024"
"","172.8880","1.2393","0.0024"
"","172.9880","1.2492","0.0024"
"","173.0880","1.2591","0.0025"
"","173.1880","1.2691","0.0025"
"","173.2880","1.2793","0.0025"
"","173.3880","1.2893","0.0026"
"","173.4880","1.2989","0.0026"
"","173.5880","1.3092","0.0026"
"","173.6880","1.3192","0.0027"
"","173.7880","1.3293","0.0027"
"","173.8880","1.3390","0.0027"
"","173.9880","1.3492","0.0028"
"","174.0880","1.3593","0.0028"
"","174.1880","1.3691","0.0028"
"","174.2880","1.3792","0.0028"
"","174.3880","1.3892","0.0029"
"","174.4880","1.3992","0.0029"
"","174.5880","1.4090","0.0030"
"","174.6880","1.4193","0.0030"
"","174.7880","1.4292","0.0031"
"","174.8880","1.4391","0.0031"
"","174.9880","1.4493","0.0032"
"","175.0880","1.4593","0.0032"
"","175.1880","1.4692","0.0033"
"","175.2880","1.4789","0.0033"
"","175.3880","1.4893","0.0034"
"","175.4880","1.4993","0.0034"
"","175.5880","1.5091","0.0035"
"","175.6880","1.5190","0.0035"
"","175.7880","1.5293","0.0036"
"","175.8880","1.5393","0.0036"
"","175.9880","1.5489","0.0037"
"","176.0880","1.5592","0.0037"
"","176.1880","1.5692","0.0038"
"","176.2880","1.5792","0.0038"
"","176.3880","1.5890","0.0039"
"","176.4880","1.5992","0.0039"
"","176.5880","1.6093","0.0040"
"","176.6880","1.6191","0.0040"
"","176.7880","1.6292","0.0041"
"","176.8880","1.6392","0.0041"
"","176.9880","1.6493","0.0042"
"","177.0880","1.6589","0.0042"
"","177.1880","1.6692","0.0043"
"","177.2880","1.6792","0.0044"
"","177.3880","1.6891","0.0044"
"","177.4880","1.6992","0.0045"
"","177.5880","1.7093","0.0046"
"","177.6880","1.7193","0.0046"
"","177.7880","1.7289","0.0047"
"","177.8880","1.7392","0.0047"
"","177.9880","1.7492","0.0048"
"","178.0880","1.7591","0.0049"
"","178.1880","1.7691","0.0050"
"","178.2880","1.7793","0.0051"
"","178.3880","1.7893","0.0051"
"","178.4880","1.7989","0.0052"
"","178.5880","1.8092","0.0053"
"","178.6880","1.8192","0.0053"
"","178.7880","1.8292","0.0054"
"","178.8880","1.8390","0.0054"
"","178.9880","1.8492","0.0056"
"","179.0880","1.8593","0.0056"
"","179.1880","1.8692","0.0057"
"","179.2880","1.8792","0.0058"
"","179.3880","1.8892","0.0059"
"","179.4880","1.8992","0.0060"
"","179.5880","1.9091","0.0061"
"","179.6880","1.9192","0.0061"
"","179.7880","1.9292","0.0062"
"","179.8880","1.9391","0.0063"
"","179.9880","1.9493","0.0064"
"","180.0880","1.9592","0.0065"
"","180.1880","1.9691","0.0066"
"","180.2880","1.9790","0.0067"
"","180.3880","1.9894","0.0068"
"","180.4880","1.9992","0.0069"
"","180.5880","2.0091","0.0069"
"","180.6880","2.0191","0.0070"
"","180.7880","2.0294","0.0071"
"","180.8880","2.0393","0.0072"
"","180.9880","2.0489","0.0073"
"","181.0880","2.0593","0.0075"
"","181.1880","2.0692","0.0076"
"","181.2880","2.0793","0.0077"
"","181.3880","2.0890","0.0078"
"","181.4880","2.0992","0.0080"
"","181.5880","2.1093","0.0081"
"","181.6880","2.1191","0.0082"
"","181.7880","2.1292","0.0084"
"","181.8880","2.1392","0.0085"
"","181.9880","2.1493","0.0087"
"","182.0880","2.1591","0.0088"
"","182.1880","2.1693","0.0090"
"","182.2880","2.1792","0.0091"
"","182.3880","2.1891","0.0093"
"","182.4880","2.1993","0.0095"
"","182.5880","2.2092","0.0096"
"","182.6880","2.2192","0.0098"
"","182.7880","2.2289","0.0100"
"","182.8880","2.2393","0.0102"
"","182.9880","2.2492","0.0104"
"","183.0880","2.2591","0.0106"
"","183.1880","2.2690","0.0108"
"","183.2880","2.2793","0.0110"
"","183.3880","2.2893","0.0112"
"","183.4880","2.2989","0.0114"
"","183.5880","2.3092","0.0116"
"","183.6880","2.3193","0.0118"
"","183.7880","2.3292","0.0120"
"","183.8880","2.3389","0.0123"
"","183.9880","2.3491","0.0125"
"","184.0880","2.3593","0.0127"
"","184.1880","2.3692","0.0130"
"","184.2880","2.3791","0.0132"
"","184.3880","2.3892","0.0135"
"","184.4880","2.3993","0.0138"
"","184.5880","2.4091","0.0140"
"","184.6880","2.4192","0.0143"
"","184.7880","2.4292","0.0145"
"","184.8880","2.4391","0.0148"
"","184.9880","2.4493","0.0151"
"","185.0880","2.4592","0.0154"
"","185.1880","2.4692","0.0156"
"","185.2880","2.4789","0.0159"
"","185.3880","2.4893","0.0163"
"","185.4880","2.4992","0.0165"
"","185.5880","2.5091","0.0169"
"","185.6880","2.5190","0.0172"
"","185.7880","2.5293","0.0175"
"","185.8880","2.5393","0.0178"
"","185.9880","2.5489","0.0181"
"","186.0880","2.5592","0.0184"
"","186.1880","2.5692","0.0187"
"","186.2880","2.5792","0.0191"
"","186.3880","2.5889","0.0194"
"","186.4880","2.5992","0.0198"
"","186.5880","2.6093","0.0201"
"","186.6880","2.6192","0.0204"
"","186.7880","2.6291","0.0208"
"","186.8880","2.6392","0.0211"
"","186.9880","2.6492","0.0215"
"","187.0880","2.6591","0.0218"
"","187.1880","2.6691","0.0222"
"","187.2880","2.6791","0.0226"
"","187.3880","2.6890","0.0229"
"","187.4880","2.6993","0.0233"
"","187.5880","2.7092","0.0237"
"","187.6880","2.7192","0.0242"
"","187.7880","2.7289","0.0245"
"","187.8880","2.7394","0.0250"
"","187.9880","2.7492","0.0254"
"","188.0880","2.7591","0.0258"
"","188.1880","2.7691","0.0262"
"","188.2880","2.7793","0.0266"
"","188.3880","2.7893","0.0271"
"","188.4880","2.7989","0.0275"
"","188.5880","2.8093","0.0280"
"","188.6880","2.8192","0.0284"
"","188.7880","2.8293","0.0289"
"","188.8880","2.8389","0.0294"
"","188.9880","2.8492","0.0299"
"","189.0880","2.8592","0.0304"
"","189.1880","2.8691","0.0309"
"","189.2880","2.8792","0.0314"
"","189.3880","2.8892","0.0319"
"","189.4880","2.8992","0.0325"
"","189.5880","2.9091","0.0330"
"","189.6880","2.9193","0.0334"
"","189.7880","2.9292","0.0334"
"","189.8880","2.9391","0.0335"
"","189.9880","2.9494","0.0335"
"","190.0880","2.9592","0.0335"
"","190.1880","2.9692","0.0336"
"","190.2880","2.9789","0.0335"
"","190.3880","2.9893","0.0335"
"","190.4880","2.9992","0.0336"
"","190.5880","3.0091","0.0336"
"","190.6880","3.0190","0.0336"
"","190.7880","3.0293","0.0336"
"","190.8880","3.0393","0.0336"
"","190.9880","3.0489","0.0336"
"","191.0880","3.0592","0.0337"
"","191.1880","3.0693","0.0337"
"","191.2880","3.0792","0.0337"
"","191.3880","3.0890","0.0337"
"","191.4880","3.0992","0.0338"
"","191.5880","3.1094","0.0340"
"","191.6880","3.1191","0.0342"
"","191.7880","3.1291","0.0348"
"","191.8880","3.1391","0.0353"
"","191.9880","3.1492","0.0359"
"","192.0880","3.1591","0.0365"
"","192.1880","3.1692","0.0372"
"","192.2880","3.1792","0.0377"
"","192.3880","3.1891","0.0383"
"","192.4880","3.1993","0.0390"
"","192.5880","3.2092","0.0396"
"","192.6880","3.2193","0.0403"
"","192.7880","3.2289","0.0409"
"","192.8880","3.2393","0.0417"
"","192.9880","3.2491","0.0423"
"","193.0880","3.2591","0.0431"
"","193.1880","3.2691","0.0438"
"","193.2880","3.2793","0.0446"
"","193.3880","3.2893","0.0453"
"","193.4880","3.2989","0.0461"
"","193.5880","3.3092","0.0469"
"","193.6880","3.3192","0.0478"
"","193.7880","3.3292","0.0486"
"","193.8880","3.3390","0.0494"
"","193.9880","3.3492","0.0503"
"","194.0880","3.3592","0.0512"
"","194.1880","3.3692","0.0521"
"","194.2880","3.3792","0.0530"
"","194.3880","3.3892","0.0539"
"","194.4880","3.3992","0.0549"
"","194.5880","3.4091","0.0559"
"","194.6880","3.4191","0.0568"
"","194.7880","3.4291","0.0578"
"","194.8880","3.4391","0.0589"
"","194.9880","3.4493","0.0599"
"","195.0880","3.4592","0.0609"
"","195.1880","3.4692","0.0620"
"","195.2880","3.4789","0.0630"
"","195.3880","3.4893","0.0641"
"","195.4880","3.4991","0.0652"
"","195.5880","3.5091","0.0663"
"","195.6880","3.5191","0.0674"
"","195.7880","3.5293","0.0684"
"","195.8880","3.5392","0.0695"
"","195.9880","3.5490","0.0707"
"","196.0880","3.5593","0.0719"
"","196.1880","3.5692","0.0730"
"","196.2880","3.5792","0.0742"
"","196.3880","3.5889","0.0753"
"","196.4880","3.5993","0.0766"
"","196.5880","3.6093","0.0778"
"","196.6880","3.6190","0.0790"
"","196.7880","3.6292","0.0802"
"","196.8880","3.6392","0.0815"
"","196.9880","3.6493","0.0828"
"","197.0880","3.6589","0.0840"
"","197.1880","3.6692","0.0852"
"","197.2880","3.6792","0.0865"
"","197.3880","3.6891","0.0878"
"","197.4880","3.6993","0.0892"
"","197.5880","3.7092","0.0905"
"","197.6880","3.7193","0.0918"
"","197.7880","3.7290","0.0931"
"","197.8880","3.7392","0.0945"
"","197.9880","3.7492","0.0959"
"","198.0880","3.7592","0.0972"
"","198.1880","3.7691","0.0986"
"","198.2880","3.7793","0.1000"
"","198.3880","3.7893","0.1014"
"","198.4880","3.7989","0.1027"
"","198.5880","3.8092","0.1041"
"","198.6880","3.8193","0.1056"
"","198.7880","3.8291","0.1069"
"","198.8880","3.8390","0.1083"
"","198.9880","3.8493","0.1098"
"","199.0880","3.8593","0.1112"
"","199.1880","3.8691","0.1125"
"","199.2880","3.8792","0.1139"
"","199.3880","3.8892","0.1154"
"","199.4880","3.8993","0.1168"
"","199.5880","3.9090","0.1181"
"","199.6880","3.9192","0.1195"
"","199.7880","3.9292","0.1209"
"","199.8880","3.9391","0.1223"
"","199.9880","3.9492","0.1236"
"","200.0880","3.9592","0.1250"
"","200.1880","3.9692","0.1264"
"","200.2880","3.9788","0.1276"
"","200.3880","3.9893","0.1290"
"","200.4880","3.9992","0.1302"
"","200.4970","4.0001","0.1303"
"","200.4980","4.0002","0.1303"
"","200.4990","4.0003","0.1303"
"","200.5990","4.0008","0.1296"
"","200.6990","3.9933","0.1273"
"","200.7990","3.9812","0.1239"
"","200.8990","3.9711","0.1212"
"","200.9990","3.9608","0.1186"
"","201.0990","3.9508","0.1161"
"","201.1990","3.9407","0.1136"
"","201.2990","3.9310","0.1113"
"","201.3990","3.9207","0.1089"
"","201.4990","3.9107","0.1066"
"","201.5990","3.9008","0.1044"
"","201.6990","3.8908","0.1022"
"","201.7990","3.8807","0.1000"
"","201.8990","3.8706","0.0978"
"","201.9990","3.8609","0.0958"
"","202.0990","3.8507","0.0936"
"","202.1990","3.8407","0.0916"
"","202.2990","3.8307","0.0896"
"","202.3990","3.8208","0.0877"
"","202.4990","3.8108","0.0857"
"","202.5990","3.8007","0.0838"
"","202.6990","3.7909","0.0820"
"","202.7990","3.7806","0.0801"
"","202.8990","3.7707","0.0782"
"","202.9990","3.7608","0.0765"
"","203.0990","3.7508","0.0747"
"","203.1990","3.7406","0.0730"
"","203.2990","3.7307","0.0713"
"","203.3990","3.7209","0.0697"
"","203.4990","3.7107","0.0680"
"","203.5990","3.7006","0.0664"
"","203.6990","3.6907","0.0649"
"","203.7990","3.6809","0.0633"
"","203.8990","3.6706","0.0617"
"","203.9990","3.6606","0.0602"
"","204.0990","3.6508","0.0588"
"","204.1990","3.6408","0.0573"
"","204.2990","3.6307","0.0559"
"","204.3990","3.6207","0.0545"
"","204.4990","3.6109","0.0532"
"","204.5990","3.6007","0.0519"
"","204.6990","3.5907","0.0506"
"","204.7990","3.5808","0.0493"
"","204.8990","3.5707","0.0481"
"","204.9990","3.5607","0.0469"
"","205.0990","3.5507","0.0457"
"","205.1990","3.5409","0.0446"
"","205.2990","3.5306","0.0434"
"","205.3990","3.5206","0.0423"
"","205.4990","3.5108","0.0412"
"","205.5990","3.5010","0.0402"
"","205.6990","3.4906","0.0392"
"","205.7990","3.4806","0.0382"
"","205.8990","3.4709","0.0372"
"","205.9990","3.4607","0.0362"
"","206.0990","3.4506","0.0353"
"","206.1990","3.4406","0.0345"
"","206.2990","3.4310","0.0337"
"","206.3990","3.4208","0.0334"
"","206.4990","3.4107","0.0332"
"","206.5990","3.4007","0.0331"
"","206.6990","3.3909","0.0330"
"","206.7990","3.3808","0.0330"
"","206.8990","3.3706","0.0329"
"","206.9990","3.3608","0.0330"
"","207.0990","3.3507","0.0329"
"","207.1990","3.3407","0.0330"
"","207.2990","3.3307","0.0329"
"","207.3990","3.3208","0.0329"
"","207.4990","3.3108","0.0329"
"","207.5990","3.3007","0.0329"
"","207.6990","3.2909","0.0329"
"","207.7990","3.2806","0.0329"
"","207.8990","3.2706","0.0329"
"","207.9990","3.2608","0.0329"
"","208.0990","3.2509","0.0329"
"","208.1990","3.2407","0.0328"
"","208.2990","3.2306","0.0327"
"","208.3990","3.2209","0.0323"
"","208.4990","3.2107","0.0322"
"","208.5990","3.2007","0.0313"
"","208.6990","3.1905","0.0306"
"","208.7990","3.1810","0.0298"
"","208.8990","3.1707","0.0290"
"","208.9990","3.1607","0.0282"
"","209.0990","3.1507","0.0276"
"","209.1990","3.1408","0.0269"
"","209.2990","3.1308","0.0263"
"","209.3990","3.1207","0.0258"
"","209.4990","3.1108","0.0253"
"","209.5990","3.1006","0.0247"
"","209.6990","3.0907","0.0242"
"","209.7990","3.0808","0.0237"
"","209.8990","3.0707","0.0233"
"","209.9990","3.0607","0.0229"
"","210.0990","3.0508","0.0225"
"","210.1990","3.0410","0.0221"
"","210.2990","3.0306","0.0216"
"","210.3990","3.0206","0.0213"
"","210.4990","3.0108","0.0209"
"","210.5990","3.0009","0.0205"
"","210.6990","2.9906","0.0201"
"","210.7990","2.9806","0.0197"
"","210.8990","2.9709","0.0194"
"","210.9990","2.9607","0.0190"
"","211.0990","2.9506","0.0187"
"","211.1990","2.9406","0.0183"
"","211.2990","2.9310","0.0180"
"","211.3990","2.9207","0.0176"
"","211.4990","2.9106","0.0173"
"","211.5990","2.9007","0.0170"
"","211.6990","2.8908","0.0167"
"","211.7990","2.8808","0.0163"
"","211.8990","2.8707","0.0161"
"","211.9990","2.8609","0.0159"
"","212.0990","2.8507","0.0155"
"","212.1990","2.8407","0.0153"
"","212.2990","2.8308","0.0150"
"","212.3990","2.8207","0.0147"
"","212.4990","2.8107","0.0145"
"","212.5990","2.8007","0.0143"
"","212.6990","2.7909","0.0140"
"","212.7990","2.7806","0.0138"
"","212.8990","2.7706","0.0135"
"","212.9990","2.7609","0.0133"
"","213.0990","2.7510","0.0130"
"","213.1990","2.7406","0.0128"
"","213.2990","2.7306","0.0126"
"","213.3990","2.7210","0.0124"
"","213.4990","2.7108","0.0122"
"","213.5990","2.7006","0.0119"
"","213.6990","2.6906","0.0117"
"","213.7990","2.6810","0.0115"
"","213.8990","2.6708","0.0113"
"","213.9990","2.6607","0.0111"
"","214.0990","2.6507","0.0109"
"","214.1990","2.6408","0.0107"
"","214.2990","2.6307","0.0105"
"","214.3990","2.6206","0.0103"
"","214.4990","2.6108","0.0102"
"","214.5990","2.6007","0.0100"
"","214.6990","2.5906","0.0098"
"","214.7990","2.5807","0.0097"
"","214.8990","2.5708","0.0095"
"","214.9990","2.5607","0.0093"
"","215.0990","2.5507","0.0092"
"","215.1990","2.5409","0.0090"
"","215.2990","2.5306","0.0089"
"","215.3990","2.5206","0.0087"
"","215.4990","2.5108","0.0086"
"","215.5990","2.5009","0.0085"
"","215.6990","2.4907","0.0083"
"","215.7990","2.4806","0.0082"
"","215.8990","2.4710","0.0081"
"","215.9990","2.4607","0.0080"
"","216.0990","2.4506","0.0079"
"","216.1990","2.4405","0.0078"
"","216.2990","2.4310","0.0077"
"","216.3990","2.4207","0.0075"
"","216.4990","2.4106","0.0075"
"","216.5990","2.4007","0.0073"
"","216.6990","2.3908","0.0072"
"","216.7990","2.3808","0.0071"
"","216.8990","2.3707","0.0070"
"","216.9990","2.3608","0.0069"
"","217.0990","2.3506","0.0068"
"","217.1990","2.3407","0.0068"
"","217.2990","2.3308","0.0067"
"","217.3990","2.3207","0.0066"
"","217.4990","2.3108","0.0065"
"","217.5990","2.3007","0.0064"
"","217.6990","2.2910","0.0063"
"","217.7990","2.2806","0.0062"
"","217.8990","2.2707","0.0061"
"","217.9990","2.2608","0.0061"
"","218.0990","2.2509","0.0059"
"","218.1990","2.2406","0.0059"
"","218.2990","2.2306","0.0058"
"","218.3990","2.2209","0.0057"
"","218.4990","2.2107","0.0056"
"","218.5990","2.2006","0.0056"
"","218.6990","2.1906","0.0055"
"","218.7990","2.1810","0.0054"
"","218.8990","2.1707","0.0053"
"","218.9990","2.1606","0.0053"
"","219.0990","2.1507","0.0052"
"","219.1990","2.1408","0.0052"
"","219.2990","2.1308","0.0051"
"","219.3990","2.1207","0.0050"
"","219.4990","2.1109","0.0050"
"","219.5990","2.1007","0.0049"
"","219.6990","2.0907","0.0049"
"","219.7990","2.0808","0.0048"
"","219.8990","2.0707","0.0047"
"","219.9990","2.0607","0.0047"
"","220.0990","2.0507","0.0046"
"","220.1990","2.0410","0.0045"
"","220.2990","2.0306","0.0045"
"","220.3990","2.0205","0.0045"
"","220.4990","2.0108","0.0044"
"","220.5990","2.0010","0.0043"
"","220.6990","1.9907","0.0043"
"","220.7990","1.9806","0.0042"
"","220.8990","1.9709","0.0041"
"","220.9990","1.9607","0.0041"
"","221.0990","1.9506","0.0040"
"","221.1990","1.9406","0.0040"
"","221.2990","1.9310","0.0039"
"","221.3990","1.9208","0.0039"
"","221.4990","1.9106","0.0038"
"","221.5990","1.9008","0.0037"
"","221.6990","1.8908","0.0037"
"","221.7990","1.8807","0.0036"
"","221.8990","1.8706","0.0036"
"","221.9990","1.8609","0.0035"
"","222.0990","1.8506","0.0035"
"","222.1990","1.8407","0.0034"
"","222.2990","1.8307","0.0034"
"","222.3990","1.8208","0.0033"
"","222.4990","1.8107","0.0033"
"","222.5990","1.8007","0.0033"
"","222.6990","1.7909","0.0032"
"","222.7990","1.7806","0.0031"
"","222.8990","1.7706","0.0031"
"","222.9990","1.7607","0.0030"
"","223.0990","1.7509","0.0030"
"","223.1990","1.7407","0.0030"
"","223.2990","1.7306","0.0029"
"","223.3990","1.7209","0.0029"
"","223.4990","1.7107","0.0029"
"","223.5990","1.7007","0.0028"
"","223.6990","1.6906","0.0028"
"","223.7990","1.6809","0.0028"
"","223.8990","1.6707","0.0027"
"","223.9990","1.6607","0.0026"
"","224.0990","1.6508","0.0026"
"","224.1990","1.6408","0.0026"
"","224.2990","1.6308","0.0025"
"","224.3990","1.6206","0.0026"
"","224.4990","1.6109","0.0025"
"","224.5990","1.6006","0.0024"
"","224.6990","1.5907","0.0025"
"","224.7990","1.5807","0.0024"
"","224.8990","1.5708","0.0023"
"","224.9990","1.5607","0.0024"
"","225.0990","1.5507","0.0023"
"","225.1990","1.5409","0.0022"
"","225.2990","1.5306","0.0023"
"","225.3990","1.5206","0.0022"
"","225.4990","1.5108","0.0021"
"","225.5990","1.5009","0.0022"
"","225.6990","1.4906","0.0021"
"","225.7990","1.4806","0.0021"
"","225.8990","1.4709","0.0021"
"","225.9990","1.4607","0.0020"
"","226.0990","1.4506","0.0020"
"","226.1990","1.4406","0.0020"
"","226.2990","1.4310","0.0019"
"","226.3990","1.4207","0.0019"
"","226.4990","1.4106","0.0019"
"","226.5990","1.4008","0.0019"
"","226.6990","1.3908","0.0019"
"","226.7990","1.3808","0.0018"
"","226.8990","1.3706","0.0018"
"","226.9990","1.3609","0.0018"
"","227.0990","1.3507","0.0018"
"","227.1990","1.3407","0.0017"
"","227.2990","1.3308","0.0017"
"","227.3990","1.3207","0.0017"
"","227.4990","1.3107","0.0017"
"","227.5990","1.3007","0.0016"
"","227.6990","1.2910","0.0016"
"","227.7990","1.2806","0.0016"
"","227.8990","1.2706","0.0016"
"","227.9990","1.2608","0.0016"
"","228.0990","1.2510","0.0016"
"","228.1990","1.2406","0.0015"
"","228.2990","1.2306","0.0015"
"","228.3990","1.2209","0.0015"
"","228.4990","1.2107","0.0015"
"","228.5990","1.2006","0.0015"
"","228.6990","1.1906","0.0015"
"","228.7990","1.1810","0.0014"
"","228.8990","1.1708","0.0014"
"","228.9990","1.1606","0.0014"
"","229.0990","1.1507","0.0014"
"","229.1990","1.1409","0.0014"
"","229.2990","1.1307","0.0013"
"","229.3990","1.1206","0.0013"
"","229.4990","1.1109","0.0013"
"","229.5990","1.1007","0.0013"
"","229.6990","1.0907","0.0013"
"","229.7990","1.0807","0.0013"
"","229.8990","1.0708","0.0012"
"","229.9990","1.0608","0.0012"
"","230.0990","1.0507","0.0012"
"","230.1990","1.0409","0.0012"
"","230.2990","1.0306","0.0012"
"","230.3990","1.0206","0.0012"
"","230.4990","1.0108","0.0012"
"","230.5990","1.0009","0.0011"
"","230.6990","0.9907","0.0011"
"","230.7990","0.9806","0.0011"
"","230.8990","0.9710","0.0011"
"","230.9990","0.9607","0.0011"
"","231.0990","0.9506","0.0011"
"","231.1990","0.9406","0.0011"
"","231.2990","0.9310","0.0011"
"","231.3990","0.9207","0.0010"
"","231.4990","0.9106","0.0010"
"","231.5990","0.9007","0.0010"
"","231.6990","0.8908","0.0010"
"","231.7990","0.8808","0.0010"
"","231.8990","0.8707","0.0010"
"","231.9990","0.8608","0.0010"
"","232.0990","0.8507","0.0010"
"","232.1990","0.8407","0.0009"
"","232.2990","0.8307","0.0009"
"","232.3990","0.8207","0.0009"
"","232.4990","0.8107","0.0009"
"","232.5990","0.8007","0.0009"
"","232.6990","0.7909","0.0009"
"","232.7990","0.7805","0.0009"
"","232.8990","0.7707","0.0008"
"","232.9990","0.7608","0.0009"
"","233.0990","0.7509","0.0008"
"","233.1990","0.7406","0.0008"
"","233.2990","0.7307","0.0008"
"","233.3990","0.7209","0.0008"
"","233.4990","0.7107","0.0008"
"","233.5990","0.7006","0.0008"
"","233.6990","0.6907","0.0008"
"","233.7990","0.6810","0.0008"
"","233.8990","0.6706","0.0007"
"","233.9990","0.6606","0.0007"
"","234.0990","0.6508","0.0007"
"","234.1990","0.6408","0.0007"
"","234.2990","0.6307","0.0007"
"","234.3990","0.6207","0.0007"
"","234.4990","0.6109","0.0007"
"","234.5990","0.6007","0.0006"
"","234.6990","0.5906","0.0006"
"","234.7990","0.5808","0.0007"
"","234.8990","0.5707","0.0006"
"","234.9990","0.5607","0.0006"
"","235.0990","0.5507","0.0006"
"","235.1990","0.5409","0.0006"
"","235.2990","0.5306","0.0006"
"","235.3990","0.5205","0.0006"
"","235.4990","0.5108","0.0006"
"","235.5990","0.5010","0.0006"
"","235.6990","0.4906","0.0005"
"","235.7990","0.4807","0.0005"
"","235.8990","0.4709","0.0005"
"","235.9990","0.4607","0.0005"
"","236.0990","0.4506","0.0005"
"","236.1990","0.4406","0.0005"
"","236.2990","0.4310","0.0005"
"","236.3990","0.4208","0.0005"
"","236.4990","0.4107","0.0005"
"","236.5990","0.4007","0.0005"
"","236.6990","0.3909","0.0004"
"","236.7990","0.3807","0.0005"
"","236.8990","0.3706","0.0004"
"","236.9990","0.3608","0.0004"
"","237.0990","0.3507","0.0004"
"","237.1990","0.3407","0.0004"
"","237.2990","0.3307","0.0004"
"","237.3990","0.3208","0.0004"
"","237.4990","0.3107","0.0004"
"","237.5990","0.3006","0.0004"
"","237.6990","0.2909","0.0004"
"","237.7990","0.2807","0.0003"
"","237.8990","0.2708","0.0003"
"","237.9990","0.2609","0.0003"
"","238.0990","0.2509","0.0003"
"","238.1990","0.2407","0.0003"
"","238.2990","0.2306","0.0003"
"","238.3990","0.2209","0.0003"
"","238.4990","0.2107","0.0003"
"","238.5990","0.2006","0.0003"
"","238.6990","0.1905","0.0003"
"","238.7990","0.1810","0.0003"
"","238.8990","0.1707","0.0003"
"","238.9990","0.1606","0.0002"
"","239.0990","0.1507","0.0002"
"","239.1990","0.1408","0.0002"
"","239.2990","0.1308","0.0002"
"","239.3990","0.1206","0.0002"
"","239.4990","0.1108","0.0002"
"","239.5990","0.1006","0.0002"
"","239.6990","0.0907","0.0002"
"","239.7990","0.0807","0.0002"
"","239.8990","0.0707","0.0002"
"","239.9990","0.0607","0.0002"
"","240.0990","0.0507","0.0002"
"","240.1990","0.0409","0.0001"
"","240.2990","0.0306","0.0001"
"","240.3990","0.0207","0.0001"
"","240.4990","0.0108","0.0001"
"","240.5990","0.0009","0.0001"
"","240.6080","0.0000","0.0001"
"","240.6090","-0.0001","0.0001"
"","240.6100","-0.0003","0.0001"
"","240.7100","-0.0008","0.0001"
"","240.8100","0.0069","0.0001"
"","240.9100","0.0186","0.0002"
"","241.0100","0.0293","0.0002"
"","241.1100","0.0393","0.0002"
"","241.2100","0.0489","0.0002"
"","241.3100","0.0592","0.0002"
"","241.4100","0.0693","0.0002"
"","241.5100","0.0791","0.0003"
"","241.6100","0.0890","0.0003"
"","241.7100","0.0992","0.0003"
"","241.8100","0.1094","0.0003"
"","241.9100","0.1191","0.0003"
"","242.0100","0.1291","0.0003"
"","242.1100","0.1392","0.0003"
"","242.2100","0.1493","0.0004"
"","242.3100","0.1590","0.0004"
"","242.4100","0.1692","0.0004"
"","242.5100","0.1792","0.0004"
"","242.6100","0.1891","0.0004"
"","242.7100","0.1993","0.0004"
"","242.8100","0.2092","0.0004"
"","242.9100","0.2193","0.0004"
"","243.0100","0.2289","0.0005"
"","243.1100","0.2393","0.0005"
"","243.2100","0.2492","0.0005"
"","243.3100","0.2591","0.0005"
"","243.4100","0.2690","0.0005"
"","243.5100","0.2792","0.0005"
"","243.6100","0.2891","0.0006"
"","243.7100","0.2989","0.0006"
"","243.8100","0.3093","0.0006"
"","243.9100","0.3193","0.0006"
"","244.0100","0.3293","0.0006"
"","244.1100","0.3390","0.0006"
"","244.2100","0.3492","0.0006"
"","244.3100","0.3594","0.0006"
"","244.4100","0.3692","0.0006"
"","244.5100","0.3792","0.0007"
"","244.6100","0.3893","0.0007"
"","244.7100","0.3993","0.0007"
"","244.8100","0.4091","0.0007"
"","244.9100","0.4191","0.0007"
"","245.0100","0.4292","0.0007"
"","245.1100","0.4391","0.0007"
"","245.2100","0.4494","0.0008"
"","245.3100","0.4592","0.0008"
"","245.4100","0.4692","0.0008"
"","245.5100","0.4790","0.0008"
"","245.6100","0.4893","0.0008"
"","245.7100","0.4992","0.0008"
"","245.8100","0.5092","0.0009"
"","245.9100","0.5191","0.0009"
"","246.0100","0.5294","0.0009"
"","246.1100","0.5392","0.0009"
"","246.2100","0.5490","0.0009"
"","246.3100","0.5593","0.0009"
"","246.4100","0.5692","0.0009"
"","246.5100","0.5792","0.0010"
"","246.6100","0.5890","0.0010"
"","246.7100","0.5993","0.0010"
"","246.8100","0.6093","0.0010"
"","246.9100","0.6191","0.0010"
"","247.0100","0.6292","0.0010"
"","247.1100","0.6392","0.0010"
"","247.2100","0.6493","0.0011"
"","247.3100","0.6591","0.0011"
"","247.4100","0.6693","0.0011"
"","247.5100","0.6792","0.0011"
"","247.6100","0.6891","0.0011"
"","247.7100","0.6993","0.0011"
"","247.8100","0.7093","0.0011"
"","247.9100","0.7192","0.0012"
"","248.0100","0.7290","0.0012"
"","248.1100","0.7394","0.0012"
"","248.2100","0.7492","0.0012"
"","248.3100","0.7591","0.0012"
"","248.4100","0.7691","0.0013"
"","248.5100","0.7794","0.0013"
"","248.6100","0.7893","0.0013"
"","248.7100","0.7989","0.0013"
"","248.8100","0.8092","0.0013"
"","248.9100","0.8193","0.0013"
"","249.0100","0.8292","0.0014"
"","249.1100","0.8390","0.0013"
"","249.2100","0.8492","0.0014"
"","249.3100","0.8593","0.0014"
"","249.4100","0.8691","0.0014"
"","249.5100","0.8791","0.0014"
"","249.6100","0.8892","0.0014"
"","249.7100","0.8993","0.0015"
"","249.8100","0.9091","0.0015"
"","249.9100","0.9192","0.0015"
"","250.0100","0.9292","0.0015"
"","250.1100","0.9391","0.0016"
"","250.2100","0.9493","0.0016"
"","250.3100","0.9592","0.0016"
"","250.4100","0.9693","0.0016"
"","250.5100","0.9789","0.0016"
"","250.6100","0.9893","0.0017"
"","250.7100","0.9992","0.0017"
"","250.8100","1.0091","0.0017"
"","250.9100","1.0191","0.0017"
"","251.0100","1.0294","0.0017"
"","251.1100","1.0393","0.0018"
"","251.2100","1.0490","0.0018"
"","251.3100","1.0592","0.0018"
"","251.4100","1.0693","0.0018"
"","251.5100","1.0793","0.0018"
"","251.6100","1.0890","0.0019"
"","251.7100","1.0992","0.0019"
"","251.8100","1.1093","0.0019"
"","251.9100","1.1192","0.0019"
"","252.0100","1.1291","0.0020"
"","252.1100","1.1392","0.0020"
"","252.2100","1.1493","0.0020"
"","252.3100","1.1592","0.0021"
"","252.4100","1.1692","0.0021"
"","252.5100","1.1792","0.0021"
"","252.6100","1.1891","0.0021"
"","252.7100","1.1993","0.0022"
"","252.8100","1.2092","0.0022"
"","252.9100","1.2192","0.0022"
"","253.0100","1.2289","0.0023"
"","253.1100","1.2394","0.0023"
"","253.2100","1.2492","0.0023"
"","253.3100","1.2591","0.0023"
"","253.4100","1.2691","0.0024"
"","253.5100","1.2794","0.0024"
"","253.6100","1.2893","0.0024"
"","253.7100","1.2989","0.0025"
"","253.8100","1.3092","0.0025"
"","253.9100","1.3192","0.0025"
"","254.0100","1.3293","0.0026"
"","254.1100","1.3390","0.0026"
"","254.2100","1.3493","0.0026"
"","254.3100","1.3593","0.0027"
"","254.4100","1.3692","0.0027"
"","254.5100","1.3793","0.0027"
"","254.6100","1.3892","0.0028"
"","254.7100","1.3992","0.0028"
"","254.8100","1.4090","0.0028"
"","254.9100","1.4193","0.0029"
"","255.0100","1.4292","0.0029"
"","255.1100","1.4391","0.0030"
"","255.2100","1.4493","0.0030"
"","255.3100","1.4593","0.0030"
"","255.4100","1.4692","0.0031"
"","255.5100","1.4789","0.0031"
"","255.6100","1.4893","0.0032"
"","255.7100","1.4993","0.0032"
"","255.8100","1.5091","0.0033"
"","255.9100","1.5190","0.0033"
"","256.0100","1.5293","0.0034"
"","256.1100","1.5393","0.0034"
"","256.2100","1.5489","0.0035"
"","256.3100","1.5592","0.0035"
"","256.4100","1.5693","0.0036"
"","256.5100","1.5792","0.0036"
"","256.6100","1.5890","0.0037"
"","256.7100","1.5992","0.0037"
"","256.8100","1.6093","0.0038"
"","256.9100","1.6191","0.0038"
"","257.0100","1.6292","0.0039"
"","257.1100","1.6393","0.0039"
"","257.2100","1.6493","0.0040"
"","257.3100","1.6590","0.0040"
"","257.4100","1.6693","0.0041"
"","257.5100","1.6792","0.0042"
"","257.6100","1.6891","0.0042"
"","257.7100","1.6992","0.0043"
"","257.8100","1.7093","0.0043"
"","257.9100","1.7193","0.0044"
"","258.0100","1.7289","0.0045"
"","258.1100","1.7393","0.0045"
"","258.2100","1.7492","0.0046"
"","258.3100","1.7592","0.0047"
"","258.4100","1.7691","0.0047"
"","258.5100","1.7793","0.0048"
"","258.6100","1.7894","0.0049"
"","258.7100","1.7990","0.0049"
"","258.8100","1.8093","0.0050"
"","258.9100","1.8192","0.0051"
"","259.0100","1.8293","0.0051"
"","259.1100","1.8390","0.0052"
"","259.2100","1.8492","0.0053"
"","259.3100","1.8593","0.0053"
"","259.4100","1.8692","0.0054"
"","259.5100","1.8792","0.0055"
"","259.6100","1.8892","0.0056"
"","259.7100","1.8992","0.0057"
"","259.8100","1.9091","0.0057"
"","259.9100","1.9192","0.0058"
"","260.0100","1.9292","0.0059"
"","260.1100","1.9391","0.0060"
"","260.2100","1.9493","0.0061"
"","260.3100","1.9592","0.0062"
"","260.4100","1.9691","0.0062"
"","260.5100","1.9790","0.0063"
"","260.6100","1.9894","0.0064"
"","260.7100","1.9992","0.0065"
"","260.8100","2.0091","0.0066"
"","260.9100","2.0191","0.0067"
"","261.0100","2.0294","0.0068"
"","261.1100","2.0394","0.0069"
"","261.2100","2.0489","0.0070"
"","261.3100","2.0593","0.0071"
"","261.4100","2.0692","0.0071"
"","261.5100","2.0793","0.0073"
"","261.6100","2.0890","0.0074"
"","261.7100","2.0993","0.0075"
"","261.8100","2.1093","0.0076"
"","261.9100","2.1192","0.0077"
"","262.0100","2.1292","0.0078"
"","262.1100","2.1392","0.0080"
"","262.2100","2.1493","0.0081"
"","262.3100","2.1591","0.0082"
"","262.4100","2.1693","0.0084"
"","262.5100","2.1792","0.0085"
"","262.6100","2.1891","0.0087"
"","262.7100","2.1994","0.0088"
"","262.8100","2.2092","0.0090"
"","262.9100","2.2192","0.0091"
"","263.0100","2.2289","0.0093"
"","263.1100","2.2394","0.0095"
"","263.2100","2.2492","0.0096"
"","263.3100","2.2591","0.0098"
"","263.4100","2.2691","0.0100"
"","263.5100","2.2793","0.0102"
"","263.6100","2.2893","0.0103"
"","263.7100","2.2989","0.0105"
"","263.8100","2.3092","0.0107"
"","263.9100","2.3193","0.0109"
"","264.0100","2.3292","0.0111"
"","264.1100","2.3390","0.0113"
"","264.2100","2.3492","0.0115"
"","264.3100","2.3594","0.0118"
"","264.4100","2.3692","0.0120"
"","264.5100","2.3791","0.0122"
"","264.6100","2.3892","0.0124"
"","264.7100","2.3993","0.0127"
"","264.8100","2.4091","0.0129"
"","264.9100","2.4192","0.0131"
"","265.0100","2.4292","0.0134"
"","265.1100","2.4391","0.0136"
"","265.2100","2.4493","0.0139"
"","265.3100","2.4592","0.0141"
"","265.4100","2.4692","0.0144"
"","265.5100","2.4789","0.0147"
"","265.6100","2.4893","0.0149"
"","265.7100","2.4992","0.0152"
"","265.8100","2.5092","0.0155"
"","265.9100","2.5191","0.0158"
"","266.0100","2.5294","0.0161"
"","266.1100","2.5393","0.0163"
"","266.2100","2.5490","0.0166"
"","266.3100","2.5592","0.0169"
"","266.4100","2.5692","0.0173"
"","266.5100","2.5792","0.0176"
"","266.6100","2.5890","0.0179"
"","266.7100","2.5992","0.0182"
"","266.8100","2.6093","0.0185"
"","266.9100","2.6192","0.0188"
"","267.0100","2.6292","0.0192"
"","267.1100","2.6392","0.0195"
"","267.2100","2.6492","0.0198"
"","267.3100","2.6591","0.0202"
"","267.4100","2.6692","0.0205"
"","267.5100","2.6792","0.0209"
"","267.6100","2.6891","0.0212"
"","267.7100","2.6993","0.0216"
"","267.8100","2.7092","0.0220"
"","267.9100","2.7192","0.0223"
"","268.0100","2.7289","0.0227"
"","268.1100","2.7394","0.0231"
"","268.2100","2.7493","0.0235"
"","268.3100","2.7591","0.0239"
"","268.4100","2.7691","0.0243"
"","268.5100","2.7793","0.0247"
"","268.6100","2.7893","0.0251"
"","268.7100","2.7989","0.0255"
"","268.8100","2.8093","0.0260"
"","268.9100","2.8192","0.0264"
"","269.0100","2.8293","0.0268"
"","269.1100","2.8389","0.0273"
"","269.2100","2.8492","0.0278"
"","269.3100","2.8593","0.0282"
"","269.4100","2.8692","0.0287"
"","269.5100","2.8792","0.0292"
"","269.6100","2.8892","0.0297"
"","269.7100","2.8993","0.0302"
"","269.8100","2.9091","0.0307"
"","269.9100","2.9193","0.0312"
"","270.0100","2.9292","0.0317"
"","270.1100","2.9391","0.0322"
"","270.2100","2.9494","0.0327"
"","270.3100","2.9592","0.0332"
"","270.4100","2.9692","0.0334"
"","270.5100","2.9789","0.0334"
"","270.6100","2.9893","0.0334"
"","270.7100","2.9992","0.0335"
"","270.8100","3.0091","0.0335"
"","270.9100","3.0190","0.0335"
"","271.0100","3.0293","0.0335"
"","271.1100","3.0393","0.0335"
"","271.2100","3.0489","0.0335"
"","271.3100","3.0592","0.0336"
"","271.4100","3.0693","0.0336"
"","271.5100","3.0792","0.0336"
"","271.6100","3.0890","0.0336"
"","271.7100","3.0992","0.0336"
"","271.8100","3.1094","0.0337"
"","271.9100","3.1192","0.0337"
"","272.0100","3.1291","0.0337"
"","272.1100","3.1392","0.0337"
"","272.2100","3.1492","0.0338"
"","272.3100","3.1591","0.0341"
"","272.4100","3.1692","0.0345"
"","272.5100","3.1792","0.0351"
"","272.6100","3.1891","0.0356"
"","272.7100","3.1993","0.0362"
"","272.8100","3.2092","0.0368"
"","272.9100","3.2193","0.0375"
"","273.0100","3.2289","0.0380"
"","273.1100","3.2393","0.0387"
"","273.2100","3.2491","0.0393"
"","273.3100","3.2591","0.0400"
"","273.4100","3.2691","0.0407"
"","273.5100","3.2794","0.0414"
"","273.6100","3.2893","0.0421"
"","273.7100","3.2990","0.0428"
"","273.8100","3.3092","0.0436"
"","273.9100","3.3192","0.0444"
"","274.0100","3.3293","0.0451"
"","274.1100","3.3390","0.0459"
"","274.2100","3.3492","0.0468"
"","274.3100","3.3593","0.0476"
"","274.4100","3.3692","0.0485"
"","274.5100","3.3792","0.0494"
"","274.6100","3.3892","0.0503"
"","274.7100","3.3993","0.0512"
"","274.8100","3.4091","0.0521"
"","274.9100","3.4191","0.0531"
"","275.0100","3.4292","0.0541"
"","275.1100","3.4391","0.0550"
"","275.2100","3.4494","0.0560"
"","275.3100","3.4592","0.0570"
"","275.4100","3.4692","0.0580"
"","275.5100","3.4790","0.0590"
"","275.6100","3.4893","0.0601"
"","275.7100","3.4992","0.0611"
"","275.8100","3.5091","0.0622"
"","275.9100","3.5191","0.0633"
"","276.0100","3.5293","0.0644"
"","276.1100","3.5392","0.0655"
"","276.2100","3.5490","0.0666"
"","276.3100","3.5593","0.0678"
"","276.4100","3.5692","0.0689"
"","276.5100","3.5792","0.0700"
"","276.6100","3.5890","0.0712"
"","276.7100","3.5993","0.0725"
"","276.8100","3.6093","0.0737"
"","276.9100","3.6190","0.0748"
"","277.0100","3.6292","0.0761"
"","277.1100","3.6392","0.0774"
"","277.2100","3.6493","0.0787"
"","277.3100","3.6590","0.0799"
"","277.4100","3.6692","0.0812"
"","277.5100","3.6793","0.0825"
"","277.6100","3.6892","0.0838"
"","277.7100","3.6993","0.0852"
"","277.8100","3.7093","0.0864"
"","277.9100","3.7193","0.0878"
"","278.0100","3.7290","0.0891"
"","278.1100","3.7392","0.0905"
"","278.2100","3.7492","0.0919"
"","278.3100","3.7592","0.0933"
"","278.4100","3.7691","0.0947"
"","278.5100","3.7793","0.0962"
"","278.6100","3.7893","0.0976"
"","278.7100","3.7990","0.0989"
"","278.8100","3.8092","0.1004"
"","278.9100","3.8193","0.1019"
"","279.0100","3.8292","0.1033"
"","279.1100","3.8390","0.1046"
"","279.2100","3.8493","0.1062"
"","279.3100","3.8593","0.1077"
"","279.4100","3.8691","0.1091"
"","279.5100","3.8792","0.1106"
"","279.6100","3.8893","0.1121"
"","279.7100","3.8993","0.1136"
"","279.8100","3.9090","0.1150"
"","279.9100","3.9192","0.1165"
"","280.0100","3.9293","0.1180"
"","280.1100","3.9391","0.1195"
"","280.2100","3.9493","0.1210"
"","280.3100","3.9592","0.1224"
"","280.4100","3.9692","0.1239"
"","280.5100","3.9788","0.1252"
"","280.6100","3.9893","0.1267"
"","280.7100","3.9992","0.1280"
"","280.7190","4.0001","0.1281"
"","280.7200","4.0002","0.1282"
"","280.7210","4.0003","0.1282"
"","280.8210","4.0008","0.1275"
"","280.9210","3.9933","0.1253"
"","281.0210","3.9812","0.1220"
"","281.1210","3.9711","0.1193"
"","281.2210","3.9608","0.1166"
"","281.3210","3.9508","0.1142"
"","281.4210","3.9407","0.1117"
"","281.5210","3.9310","0.1094"
"","281.6210","3.9207","0.1070"
"","281.7210","3.9107","0.1047"
"","281.8210","3.9008","0.1025"
"","281.9210","3.8908","0.1003"
"","282.0210","3.8808","0.0981"
"","282.1210","3.8707","0.0960"
"","282.2210","3.8609","0.0940"
"","282.3210","3.8507","0.0918"
"","282.4210","3.8407","0.0898"
"","282.5210","3.8308","0.0878"
"","282.6210","3.8208","0.0859"
"","282.7210","3.8108","0.0839"
"","282.8210","3.8007","0.0820"
"","282.9210","3.7909","0.0802"
"","283.0210","3.7806","0.0783"
"","283.1210","3.7707","0.0765"
"","283.2210","3.7608","0.0748"
"","283.3210","3.7509","0.0730"
"","283.4210","3.7406","0.0713"
"","283.5210","3.7307","0.0696"
"","283.6210","3.7209","0.0680"
"","283.7210","3.7107","0.0663"
"","283.8210","3.7006","0.0648"
"","283.9210","3.6907","0.0632"
"","284.0210","3.6810","0.0617"
"","284.1210","3.6707","0.0602"
"","284.2210","3.6606","0.0586"
"","284.3210","3.6509","0.0573"
"","284.4210","3.6408","0.0558"
"","284.5210","3.6307","0.0544"
"","284.6210","3.6207","0.0530"
"","284.7210","3.6109","0.0518"
"","284.8210","3.6007","0.0504"
"","284.9210","3.5907","0.0491"
"","285.0210","3.5808","0.0479"
"","285.1210","3.5707","0.0467"
"","285.2210","3.5607","0.0455"
"","285.3210","3.5507","0.0443"
"","285.4210","3.5409","0.0432"
"","285.5210","3.5306","0.0421"
"","285.6210","3.5207","0.0410"
"","285.7210","3.5108","0.0400"
"","285.8210","3.5010","0.0389"
"","285.9210","3.4907","0.0379"
"","286.0210","3.4806","0.0370"
"","286.1210","3.4709","0.0361"
"","286.2210","3.4608","0.0351"
"","286.3210","3.4506","0.0343"
"","286.4210","3.4406","0.0336"
"","286.5210","3.4310","0.0333"
"","286.6210","3.4208","0.0331"
"","286.7210","3.4107","0.0330"
"","286.8210","3.4007","0.0330"
"","286.9210","3.3909","0.0330"
"","287.0210","3.3808","0.0329"
"","287.1210","3.3707","0.0329"
"","287.2210","3.3608","0.0329"
"","287.3210","3.3507","0.0329"
"","287.4210","3.3407","0.0329"
"","287.5210","3.3308","0.0329"
"","287.6210","3.3208","0.0329"
"","287.7210","3.3108","0.0329"
"","287.8210","3.3007","0.0329"
"","287.9210","3.2909","0.0329"
"","288.0210","3.2806","0.0329"
"","288.1210","3.2706","0.0329"
"","288.2210","3.2608","0.0328"
"","288.3210","3.2510","0.0327"
"","288.4210","3.2407","0.0325"
"","288.5210","3.2306","0.0323"
"","288.6210","3.2210","0.0319"
"","288.7210","3.2108","0.0310"
"","288.8210","3.2007","0.0303"
"","288.9210","3.1906","0.0296"
"","289.0210","3.1810","0.0289"
"","289.1210","3.1707","0.0281"
"","289.2210","3.1607","0.0275"
"","289.3210","3.1507","0.0269"
"","289.4210","3.1408","0.0263"
"","289.5210","3.1309","0.0257"
"","289.6210","3.1207","0.0252"
"","289.7210","3.1109","0.0247"
"","289.8210","3.1006","0.0241"
"","289.9210","3.0907","0.0237"
"","290.0210","3.0808","0.0233"
"","290.1210","3.0708","0.0229"
"","290.2210","3.0607","0.0224"
"","290.3210","3.0508","0.0220"
"","290.4210","3.0410","0.0216"
"","290.5210","3.0306","0.0212"
"","290.6210","3.0207","0.0208"
"","290.7210","3.0109","0.0204"
"","290.8210","3.0009","0.0200"
"","290.9210","2.9906","0.0196"
"","291.0210","2.9806","0.0193"
"","291.1210","2.9709","0.0189"
"","291.2210","2.9608","0.0186"
"","291.3210","2.9507","0.0182"
"","291.4210","2.9406","0.0179"
"","291.5210","2.9310","0.0176"
"","291.6210","2.9207","0.0172"
"","291.7210","2.9106","0.0169"
"","291.8210","2.9008","0.0166"
"","291.9210","2.8908","0.0163"
"","292.0210","2.8808","0.0160"
"","292.1210","2.8707","0.0157"
"","292.2210","2.8609","0.0155"
"","292.3210","2.8507","0.0152"
"","292.4210","2.8407","0.0149"
"","292.5210","2.8309","0.0146"
"","292.6210","2.8207","0.0144"
"","292.7210","2.8107","0.0141"
"","292.8210","2.8007","0.0139"
"","292.9210","2.7909","0.0137"
"","293.0210","2.7806","0.0134"
"","293.1210","2.7707","0.0132"
"","293.2210","2.7609","0.0130"
"","293.3210","2.7510","0.0127"
"","293.4210","2.7406","0.0125"
"","293.5210","2.7306","0.0123"
"","293.6210","2.7210","0.0121"
"","293.7210","2.7108","0.0118"
"","293.8210","2.7006","0.0116"
"","293.9210","2.6906","0.0114"
"","294.0210","2.6810","0.0112"
"","294.1210","2.6708","0.0110"
"","294.2210","2.6607","0.0108"
"","294.3210","2.6508","0.0107"
"","294.4210","2.6409","0.0105"
"","294.5210","2.6308","0.0103"
"","294.6210","2.6207","0.0101"
"","294.7210","2.6108","0.0100"
"","294.8210","2.6007","0.0098"
"","294.9210","2.5907","0.0096"
"","295.0210","2.5808","0.0095"
"","295.1210","2.5708","0.0093"
"","295.2210","2.5608","0.0091"
"","295.3210","2.5507","0.0090"
"","295.4210","2.5409","0.0088"
"","295.5210","2.5306","0.0087"
"","295.6210","2.5206","0.0086"
"","295.7210","2.5108","0.0084"
"","295.8210","2.5010","0.0083"
"","295.9210","2.4907","0.0082"
"","296.0210","2.4806","0.0081"
"","296.1210","2.4710","0.0079"
"","296.2210","2.4607","0.0078"
"","296.3210","2.4506","0.0077"
"","296.4210","2.4406","0.0076"
"","296.5210","2.4310","0.0075"
"","296.6210","2.4207","0.0074"
"","296.7210","2.4107","0.0072"
"","296.8210","2.4007","0.0071"
"","296.9210","2.3908","0.0070"
"","297.0210","2.3809","0.0070"
"","297.1210","2.3707","0.0069"
"","297.2210","2.3608","0.0068"
"","297.3210","2.3506","0.0067"
"","297.4210","2.3407","0.0066"
"","297.5210","2.3308","0.0065"
"","297.6210","2.3207","0.0064"
"","297.7210","2.3108","0.0063"
"","297.8210","2.3008","0.0062"
"","297.9210","2.2910","0.0061"
"","298.0210","2.2806","0.0060"
"","298.1210","2.2707","0.0060"
"","298.2210","2.2609","0.0059"
"","298.3210","2.2509","0.0058"
"","298.4210","2.2406","0.0058"
"","298.5210","2.2306","0.0057"
"","298.6210","2.2210","0.0056"
"","298.7210","2.2108","0.0055"
"","298.8210","2.2006","0.0055"
"","298.9210","2.1906","0.0054"
"","299.0210","2.1810","0.0053"
"","299.1210","2.1707","0.0053"
"","299.2210","2.1606","0.0052"
"","299.3210","2.1507","0.0051"
"","299.4210","2.1408","0.0051"
"","299.5210","2.1308","0.0050"
"","299.6210","2.1207","0.0049"
"","299.7210","2.1109","0.0049"
"","299.8210","2.1007","0.0048"
"","299.9210","2.0907","0.0047"
"","300.0210","2.0809","0.0047"
"","300.1210","2.0707","0.0046"
"","300.2210","2.0607","0.0046"
"","300.3210","2.0508","0.0045"
"","300.4210","2.0410","0.0044"
"","300.5210","2.0306","0.0044"
"","300.6210","2.0206","0.0043"
"","300.7210","2.0108","0.0043"
"","300.8210","2.0010","0.0042"
"","300.9210","1.9907","0.0041"
"","301.0210","1.9806","0.0041"
"","301.1210","1.9709","0.0040"
"","301.2210","1.9608","0.0040"
"","301.3210","1.9506","0.0039"
"","301.4210","1.9407","0.0039"
"","301.5210","1.9310","0.0038"
"","301.6210","1.9208","0.0037"
"","301.7210","1.9107","0.0037"
"","301.8210","1.9008","0.0036"
"","301.9210","1.8908","0.0036"
"","302.0210","1.8807","0.0035"
"","302.1210","1.8707","0.0035"
"","302.2210","1.8609","0.0034"
"","302.3210","1.8506","0.0034"
"","302.4210","1.8407","0.0033"
"","302.5210","1.8308","0.0033"
"","302.6210","1.8209","0.0032"
"","302.7210","1.8107","0.0032"
"","302.8210","1.8007","0.0031"
"","302.9210","1.7909","0.0031"
"","303.0210","1.7806","0.0031"
"","303.1210","1.7706","0.0030"
"","303.2210","1.7607","0.0030"
"","303.3210","1.7509","0.0029"
"","303.4210","1.7407","0.0029"
"","303.5210","1.7306","0.0028"
"","303.6210","1.7210","0.0028"
"","303.7210","1.7108","0.0028"
"","303.8210","1.7007","0.0027"
"","303.9210","1.6906","0.0027"
"","304.0210","1.6810","0.0027"
"","304.1210","1.6707","0.0026"
"","304.2210","1.6607","0.0026"
"","304.3210","1.6508","0.0026"
"","304.4210","1.6408","0.0025"
"","304.5210","1.6308","0.0025"
"","304.6210","1.6207","0.0025"
"","304.7210","1.6109","0.0024"
"","304.8210","1.6006","0.0024"
"","304.9210","1.5907","0.0024"
"","305.0210","1.5808","0.0023"
"","305.1210","1.5708","0.0023"
"","305.2210","1.5607","0.0023"
"","305.3210","1.5508","0.0022"
"","305.4210","1.5410","0.0022"
"","305.5210","1.5306","0.0022"
"","305.6210","1.5206","0.0021"
"","305.7210","1.5109","0.0021"
"","305.8210","1.5009","0.0021"
"","305.9210","1.4906","0.0021"
"","306.0210","1.4806","0.0020"
"","306.1210","1.4710","0.0020"
"","306.2210","1.4607","0.0020"
"","306.3210","1.4506","0.0020"
"","306.4210","1.4407","0.0019"
"","306.5210","1.4310","0.0019"
"","306.6210","1.4207","0.0019"
"","306.7210","1.4106","0.0019"
"","306.8210","1.4008","0.0018"
"","306.9210","1.3909","0.0018"
"","307.0210","1.3808","0.0018"
"","307.1210","1.3707","0.0018"
"","307.2210","1.3609","0.0017"
"","307.3210","1.3507","0.0017"
"","307.4210","1.3407","0.0017"
"","307.5210","1.3308","0.0017"
"","307.6210","1.3207","0.0016"
"","307.7210","1.3107","0.0016"
"","307.8210","1.3008","0.0016"
"","307.9210","1.2910","0.0016"
"","308.0210","1.2806","0.0016"
"","308.1210","1.2706","0.0015"
"","308.2210","1.2608","0.0015"
"","308.3210","1.2510","0.0015"
"","308.4210","1.2406","0.0015"
"","308.5210","1.2306","0.0015"
"","308.6210","1.2210","0.0015"
"","308.7210","1.2108","0.0014"
"","308.8210","1.2006","0.0014"
"","308.9210","1.1906","0.0014"
"","309.0210","1.1811","0.0014"
"","309.1210","1.1708","0.0014"
"","309.2210","1.1607","0.0014"
"","309.3210","1.1507","0.0013"
"","309.4210","1.1409","0.0013"
"","309.5210","1.1307","0.0013"
"","309.6210","1.1207","0.0013"
"","309.7210","1.1109","0.0013"
"","309.8210","1.1007","0.0013"
"","309.9210","1.0907","0.0012"
"","310.0210","1.0808","0.0012"
"","310.1210","1.0708","0.0012"
"","310.2210","1.0608","0.0012"
"","310.3210","1.0507","0.0012"
"","310.4210","1.0409","0.0012"
"","310.5210","1.0306","0.0012"
"","310.6210","1.0206","0.0011"
"","310.7210","1.0108","0.0011"
"","310.8210","1.0010","0.0011"
"","310.9210","0.9907","0.0011"
"","311.0210","0.9806","0.0011"
"","311.1210","0.9710","0.0011"
"","311.2210","0.9607","0.0011"
"","311.3210","0.9507","0.0010"
"","311.4210","0.9406","0.0010"
"","311.5210","0.9310","0.0010"
"","311.6210","0.9207","0.0010"
"","311.7210","0.9106","0.0010"
"","311.8210","0.9008","0.0010"
"","311.9210","0.8909","0.0010"
"","312.0210","0.8808","0.0010"
"","312.1210","0.8707","0.0009"
"","312.2210","0.8608","0.0009"
"","312.3210","0.8507","0.0009"
"","312.4210","0.8407","0.0009"
"","312.5210","0.8307","0.0009"
"","312.6210","0.8208","0.0009"
"","312.7210","0.8108","0.0009"
"","312.8210","0.8007","0.0009"
"","312.9210","0.7909","0.0008"
"","313.0210","0.7806","0.0008"
"","313.1210","0.7707","0.0008"
"","313.2210","0.7608","0.0008"
"","313.3210","0.7509","0.0008"
"","313.4210","0.7406","0.0008"
"","313.5210","0.7307","0.0008"
"","313.6210","0.7209","0.0008"
"","313.7210","0.7107","0.0008"
"","313.8210","0.7006","0.0007"
"","313.9210","0.6907","0.0007"
"","314.0210","0.6810","0.0007"
"","314.1210","0.6707","0.0007"
"","314.2210","0.6606","0.0007"
"","314.3210","0.6508","0.0007"
"","314.4210","0.6408","0.0007"
"","314.5210","0.6307","0.0007"
"","314.6210","0.6207","0.0006"
"","314.7210","0.6109","0.0006"
"","314.8210","0.6007","0.0006"
"","314.9210","0.5907","0.0006"
"","315.0210","0.5808","0.0006"
"","315.1210","0.5707","0.0006"
"","315.2210","0.5608","0.0006"
"","315.3210","0.5507","0.0006"
"","315.4210","0.5409","0.0006"
"","315.5210","0.5306","0.0006"
"","315.6210","0.5206","0.0005"
"","315.7210","0.5108","0.0006"
"","315.8210","0.5010","0.0005"
"","315.9210","0.4906","0.0005"
"","316.0210","0.4807","0.0005"
"","316.1210","0.4709","0.0005"
"","316.2210","0.4607","0.0005"
"","316.3210","0.4506","0.0005"
"","316.4210","0.4406","0.0005"
"","316.5210","0.4311","0.0005"
"","316.6210","0.4208","0.0005"
"","316.7210","0.4107","0.0004"
"","316.8210","0.4007","0.0004"
"","316.9210","0.3909","0.0004"
"","317.0210","0.3808","0.0004"
"","317.1210","0.3707","0.0004"
"","317.2210","0.3608","0.0004"
"","317.3210","0.3507","0.0004"
"","317.4210","0.3407","0.0004"
"","317.5210","0.3308","0.0004"
"","317.6210","0.3208","0.0004"
"","317.7210","0.3108","0.0003"
"","317.8210","0.3007","0.0003"
"","317.9210","0.2909","0.0003"
"","318.0210","0.2807","0.0003"
"","318.1210","0.2708","0.0003"
"","318.2210","0.2609","0.0003"
"","318.3210","0.2509","0.0003"
"","318.4210","0.2407","0.0003"
"","318.5210","0.2307","0.0003"
"","318.6210","0.2210","0.0003"
"","318.7210","0.2107","0.0003"
"","318.8210","0.2006","0.0003"
"","318.9210","0.1906","0.0002"
"","319.0210","0.1810","0.0002"
"","319.1210","0.1707","0.0002"
"","319.2210","0.1606","0.0002"
"","319.3210","0.1508","0.0002"
"","319.4210","0.1409","0.0002"
"","319.5210","0.1309","0.0002"
"","319.6210","0.1207","0.0002"
"","319.7210","0.1108","0.0002"
"","319.8210","0.1007","0.0002"
"","319.9210","0.0907","0.0002"
"","320.0210","0.0808","0.0001"
"","320.1210","0.0708","0.0001"
"","320.2210","0.0608","0.0001"
"","320.3210","0.0507","0.0001"
"","320.4210","0.0409","0.0001"
"","320.5210","0.0306","0.0001"
"","320.6210","0.0207","0.0001"
"","320.7210","0.0109","0.0001"
"","320.8210","0.0009","0.0001"
"","320.8300","0.0000","0.0001"
"","320.8310","-0.0001","0.0001"
"","320.8320","-0.0002","0.0001"
"","320.9320","-0.0007","0.0001"
"","321.0320","0.0070","0.0001"
"","321.1320","0.0187","0.0001"
"","321.2320","0.0294","0.0001"
"","321.3320","0.0393","0.0002"
"","321.4320","0.0490","0.0002"
"","321.5320","0.0592","0.0002"
"","321.6320","0.0694","0.0002"
"","321.7320","0.0792","0.0002"
"","321.8320","0.0891","0.0002"
"","321.9320","0.0993","0.0003"
"","322.0320","0.1095","0.0003"
"","322.1320","0.1192","0.0003"
"","322.2320","0.1292","0.0003"
"","322.3320","0.1393","0.0003"
"","322.4320","0.1493","0.0003"
"","322.5320","0.1591","0.0003"
"","322.6320","0.1692","0.0004"
"","322.7320","0.1793","0.0004"
"","322.8320","0.1892","0.0004"
"","322.9320","0.1994","0.0004"
"","323.0320","0.2093","0.0004"
"","323.1320","0.2193","0.0004"
"","323.2320","0.2290","0.0004"
"","323.3320","0.2394","0.0004"
"","323.4320","0.2493","0.0005"
"","323.5320","0.2592","0.0005"
"","323.6320","0.2691","0.0005"
"","323.7320","0.2793","0.0005"
"","323.8320","0.2892","0.0005"
"","323.9320","0.2990","0.0005"
"","324.0320","0.3093","0.0005"
"","324.1320","0.3194","0.0006"
"","324.2320","0.3293","0.0006"
"","324.3320","0.3390","0.0006"
"","324.4320","0.3492","0.0006"
"","324.5320","0.3594","0.0006"
"","324.6320","0.3692","0.0006"
"","324.7320","0.3792","0.0006"
"","324.8320","0.3893","0.0007"
"","324.9320","0.3993","0.0007"
"","325.0320","0.4092","0.0007"
"","325.1320","0.4192","0.0007"
"","325.2320","0.4293","0.0007"
"","325.3320","0.4392","0.0007"
"","325.4320","0.4494","0.0007"
"","325.5320","0.4593","0.0007"
"","325.6320","0.4693","0.0008"
"","325.7320","0.4791","0.0008"
"","325.8320","0.4894","0.0008"
"","325.9320","0.4992","0.0008"
"","326.0320","0.5092","0.0008"
"","326.1320","0.5192","0.0008"
"","326.2320","0.5294","0.0008"
"","326.3320","0.5393","0.0009"
"","326.4320","0.5490","0.0009"
"","326.5320","0.5594","0.0009"
"","326.6320","0.5693","0.0009"
"","326.7320","0.5793","0.0009"
"","326.8320","0.5891","0.0009"
"","326.9320","0.5993","0.0009"
"","327.0320","0.6094","0.0010"
"","327.1320","0.6191","0.0010"
"","327.2320","0.6293","0.0010"
"","327.3320","0.6393","0.0010"
"","327.4320","0.6494","0.0010"
"","327.5320","0.6591","0.0010"
"","327.6320","0.6693","0.0010"
"","327.7320","0.6793","0.0011"
"","327.8320","0.6892","0.0011"
"","327.9320","0.6994","0.0011"
"","328.0320","0.7093","0.0011"
"","328.1320","0.7193","0.0011"
"","328.2320","0.7290","0.0011"
"","328.3320","0.7394","0.0012"
"","328.4320","0.7493","0.0012"
"","328.5320","0.7592","0.0012"
"","328.6320","0.7691","0.0012"
"","328.7320","0.7794","0.0012"
"","328.8320","0.7893","0.0012"
"","328.9320","0.7990","0.0013"
"","329.0320","0.8092","0.0013"
"","329.1320","0.8194","0.0013"
"","329.2320","0.8293","0.0013"
"","329.3320","0.8390","0.0013"
"","329.4320","0.8493","0.0013"
"","329.5320","0.8594","0.0014"
"","329.6320","0.8692","0.0014"
"","329.7320","0.8792","0.0014"
"","329.8320","0.8893","0.0014"
"","329.9320","0.8993","0.0014"
"","330.0320","0.9091","0.0014"
"","330.1320","0.9193","0.0015"
"","330.2320","0.9292","0.0015"
"","330.3320","0.9392","0.0015"
"","330.4320","0.9494","0.0015"
"","330.5320","0.9593","0.0015"
"","330.6320","0.9693","0.0016"
"","330.7320","0.9790","0.0016"
"","330.8320","0.9894","0.0016"
"","330.9320","0.9992","0.0016"
"","331.0320","1.0092","0.0016"
"","331.1320","1.0191","0.0017"
"","331.2320","1.0295","0.0017"
"","331.3320","1.0394","0.0017"
"","331.4320","1.0490","0.0017"
"","331.5320","1.0593","0.0017"
"","331.6320","1.0693","0.0018"
"","331.7320","1.0793","0.0018"
"","331.8320","1.0890","0.0018"
"","331.9320","1.0993","0.0018"
"","332.0320","1.1094","0.0019"
"","332.1320","1.1192","0.0019"
"","332.2320","1.1292","0.0019"
"","332.3320","1.1393","0.0019"
"","332.4320","1.1493","0.0019"
"","332.5320","1.1593","0.0020"
"","332.6320","1.1692","0.0020"
"","332.7320","1.1792","0.0020"
"","332.8320","1.1892","0.0021"
"","332.9320","1.1994","0.0021"
"","333.0320","1.2093","0.0021"
"","333.1320","1.2193","0.0021"
"","333.2320","1.2290","0.0022"
"","333.3320","1.2394","0.0022"
"","333.4320","1.2493","0.0022"
"","333.5320","1.2592","0.0023"
"","333.6320","1.2692","0.0023"
"","333.7320","1.2794","0.0023"
"","333.8320","1.2894","0.0023"
"","333.9320","1.2990","0.0024"
"","334.0320","1.3093","0.0024"
"","334.1320","1.3193","0.0024"
"","334.2320","1.3294","0.0025"
"","334.3320","1.3391","0.0025"
"","334.4320","1.3493","0.0025"
"","334.5320","1.3593","0.0026"
"","334.6320","1.3692","0.0026"
"","334.7320","1.3793","0.0026"
"","334.8320","1.3893","0.0027"
"","334.9320","1.3993","0.0027"
"","335.0320","1.4091","0.0027"
"","335.1320","1.4194","0.0028"
"","335.2320","1.4293","0.0028"
"","335.3320","1.4392","0.0029"
"","335.4320","1.4493","0.0029"
"","335.5320","1.4594","0.0029"
"","335.6320","1.4692","0.0030"
"","335.7320","1.4790","0.0030"
"","335.8320","1.4894","0.0031"
"","335.9320","1.4994","0.0031"
"","336.0320","1.5092","0.0031"
"","336.1320","1.5191","0.0032"
"","336.2320","1.5294","0.0032"
"","336.3320","1.5394","0.0033"
"","336.4320","1.5490","0.0033"
"","336.5320","1.5592","0.0034"
"","336.6320","1.5693","0.0034"
"","336.7320","1.5793","0.0035"
"","336.8320","1.5891","0.0035"
"","336.9320","1.5993","0.0036"
"","337.0320","1.6094","0.0036"
"","337.1320","1.6191","0.0037"
"","337.2320","1.6293","0.0037"
"","337.3320","1.6393","0.0038"
"","337.4320","1.6493","0.0038"
"","337.5320","1.6590","0.0039"
"","337.6320","1.6693","0.0039"
"","337.7320","1.6793","0.0040"
"","337.8320","1.6892","0.0040"
"","337.9320","1.6993","0.0041"
"","338.0320","1.7093","0.0042"
"","338.1320","1.7193","0.0042"
"","338.2320","1.7290","0.0043"
"","338.3320","1.7393","0.0044"
"","338.4320","1.7493","0.0044"
"","338.5320","1.7592","0.0045"
"","338.6320","1.7692","0.0046"
"","338.7320","1.7794","0.0046"
"","338.8320","1.7894","0.0047"
"","338.9320","1.7990","0.0047"
"","339.0320","1.8093","0.0048"
"","339.1320","1.8193","0.0049"
"","339.2320","1.8293","0.0050"
"","339.3320","1.8390","0.0050"
"","339.4320","1.8492","0.0051"
"","339.5320","1.8594","0.0052"
"","339.6320","1.8693","0.0053"
"","339.7320","1.8792","0.0053"
"","339.8320","1.8893","0.0054"
"","339.9320","1.8993","0.0055"
"","340.0320","1.9092","0.0056"
"","340.1320","1.9192","0.0057"
"","340.2320","1.9292","0.0057"
"","340.3320","1.9392","0.0058"
"","340.4320","1.9493","0.0059"
"","340.5320","1.9593","0.0060"
"","340.6320","1.9692","0.0060"
"","340.7320","1.9790","0.0061"
"","340.8320","1.9894","0.0062"
"","340.9320","1.9993","0.0063"
"","341.0320","2.0091","0.0064"
"","341.1320","2.0191","0.0065"
"","341.2320","2.0295","0.0066"
"","341.3320","2.0394","0.0066"
"","341.4320","2.0490","0.0067"
"","341.5320","2.0593","0.0068"
"","341.6320","2.0693","0.0069"
"","341.7320","2.0794","0.0070"
"","341.8320","2.0890","0.0071"
"","341.9320","2.0993","0.0072"
"","342.0320","2.1093","0.0073"
"","342.1320","2.1192","0.0074"
"","342.2320","2.1293","0.0076"
"","342.3320","2.1393","0.0077"
"","342.4320","2.1493","0.0078"
"","342.5320","2.1592","0.0079"
"","342.6320","2.1693","0.0081"
"","342.7320","2.1793","0.0082"
"","342.8320","2.1892","0.0083"
"","342.9320","2.1994","0.0085"
"","343.0320","2.2093","0.0086"
"","343.1320","2.2192","0.0087"
"","343.2320","2.2290","0.0089"
"","343.3320","2.2394","0.0090"
"","343.4320","2.2493","0.0092"
"","343.5320","2.2592","0.0094"
"","343.6320","2.2691","0.0095"
"","343.7320","2.2794","0.0097"
"","343.8320","2.2893","0.0099"
"","343.9320","2.2989","0.0100"
"","344.0320","2.3093","0.0102"
"","344.1320","2.3194","0.0104"
"","344.2320","2.3293","0.0106"
"","344.3320","2.3390","0.0108"
"","344.4320","2.3492","0.0110"
"","344.5320","2.3594","0.0112"
"","344.6320","2.3693","0.0114"
"","344.7320","2.3792","0.0116"
"","344.8320","2.3892","0.0118"
"","344.9320","2.3993","0.0121"
"","345.0320","2.4092","0.0123"
"","345.1320","2.4193","0.0125"
"","345.2320","2.4293","0.0128"
"","345.3320","2.4392","0.0130"
"","345.4320","2.4494","0.0132"
"","345.5320","2.4593","0.0135"
"","345.6320","2.4693","0.0137"
"","345.7320","2.4790","0.0140"
"","345.8320","2.4894","0.0142"
"","345.9320","2.4992","0.0145"
"","346.0320","2.5092","0.0147"
"","346.1320","2.5191","0.0150"
"","346.2320","2.5294","0.0153"
"","346.3320","2.5394","0.0156"
"","346.4320","2.5490","0.0158"
"","346.5320","2.5593","0.0161"
"","346.6320","2.5693","0.0164"
"","346.7320","2.5793","0.0167"
"","346.8320","2.5890","0.0170"
"","346.9320","2.5993","0.0173"
"","347.0320","2.6094","0.0176"
"","347.1320","2.6193","0.0179"
"","347.2320","2.6292","0.0182"
"","347.3320","2.6392","0.0186"
"","347.4320","2.6492","0.0189"
"","347.5320","2.6592","0.0192"
"","347.6320","2.6692","0.0196"
"","347.7320","2.6792","0.0199"
"","347.8320","2.6891","0.0203"
"","347.9320","2.6994","0.0206"
"","348.0320","2.7093","0.0210"
"","348.1320","2.7193","0.0213"
"","348.2320","2.7290","0.0217"
"","348.3320","2.7394","0.0220"
"","348.4320","2.7493","0.0224"
"","348.5320","2.7592","0.0228"
"","348.6320","2.7691","0.0232"
"","348.7320","2.7793","0.0236"
"","348.8320","2.7893","0.0240"
"","348.9320","2.7989","0.0244"
"","349.0320","2.8093","0.0248"
"","349.1320","2.8193","0.0252"
"","349.2320","2.8293","0.0256"
"","349.3320","2.8390","0.0261"
"","349.4320","2.8493","0.0265"
"","349.5320","2.8593","0.0270"
"","349.6320","2.8692","0.0274"
"","349.7320","2.8793","0.0279"
"","349.8320","2.8893","0.0283"
"","349.9320","2.8993","0.0288"
"","350.0320","2.9092","0.0293"
"","350.1320","2.9193","0.0298"
"","350.2320","2.9293","0.0303"
"","350.3320","2.9392","0.0308"
"","350.4320","2.9494","0.0313"
"","350.5320","2.9593","0.0318"
"","350.6320","2.9693","0.0323"
"","350.7320","2.9790","0.0329"
"","350.8320","2.9894","0.0333"
"","350.9320","2.9993","0.0334"
"","351.0320","3.0092","0.0334"
"","351.1320","3.0191","0.0335"
"","351.2320","3.0294","0.0335"
"","351.3320","3.0394","0.0335"
"","351.4320","3.0490","0.0335"
"","351.5320","3.0593","0.0335"
"","351.6320","3.0694","0.0335"
"","351.7320","3.0793","0.0335"
"","351.8320","3.0890","0.0335"
"","351.9320","3.0993","0.0335"
"","352.0320","3.1095","0.0335"
"","352.1320","3.1192","0.0335"
"","352.2320","3.1292","0.0336"
"","352.3320","3.1392","0.0336"
"","352.4320","3.1493","0.0336"
"","352.5320","3.1592","0.0336"
"","352.6320","3.1693","0.0337"
"","352.7320","3.1793","0.0339"
"","352.8320","3.1891","0.0341"
"","352.9320","3.1994","0.0346"
"","353.0320","3.2093","0.0352"
"","353.1320","3.2193","0.0357"
"","353.2320","3.2290","0.0363"
"","353.3320","3.2394","0.0370"
"","353.4320","3.2492","0.0376"
"","353.5320","3.2592","0.0382"
"","353.6320","3.2691","0.0389"
"","353.7320","3.2794","0.0396"
"","353.8320","3.2894","0.0402"
"","353.9320","3.2990","0.0409"
"","354.0320","3.3093","0.0416"
"","354.1320","3.3193","0.0424"
"","354.2320","3.3293","0.0431"
"","354.3320","3.3390","0.0439"
"","354.4320","3.3492","0.0447"
"","354.5320","3.3593","0.0455"
"","354.6320","3.3693","0.0463"
"","354.7320","3.3792","0.0472"
"","354.8320","3.3893","0.0481"
"","354.9320","3.3993","0.0490"
"","355.0320","3.4092","0.0498"
"","355.1320","3.4192","0.0507"
"","355.2320","3.4293","0.0517"
"","355.3320","3.4392","0.0526"
"","355.4320","3.4494","0.0536"
"","355.5320","3.4593","0.0546"
"","355.6320","3.4693","0.0556"
"","355.7320","3.4790","0.0566"
"","355.8320","3.4894","0.0577"
"","355.9320","3.4992","0.0587"
"","356.0320","3.5092","0.0597"
"","356.1320","3.5192","0.0608"
"","356.2320","3.5294","0.0620"
"","356.3320","3.5393","0.0631"
"","356.4320","3.5491","0.0641"
"","356.5320","3.5594","0.0653"
"","356.6320","3.5692","0.0664"
"","356.7320","3.5793","0.0675"
"","356.8320","3.5890","0.0687"
"","356.9320","3.5994","0.0699"
"","357.0320","3.6094","0.0711"
"","357.1320","3.6191","0.0723"
"","357.2320","3.6293","0.0736"
"","357.3320","3.6393","0.0749"
"","357.4320","3.6494","0.0761"
"","357.5320","3.6590","0.0774"
"","357.6320","3.6693","0.0787"
"","357.7320","3.6793","0.0800"
"","357.8320","3.6892","0.0813"
"","357.9320","3.6994","0.0827"
"","358.0320","3.7093","0.0840"
"","358.1320","3.7193","0.0853"
"","358.2320","3.7291","0.0867"
"","358.3320","3.7393","0.0881"
"","358.4320","3.7493","0.0895"
"","358.5320","3.7592","0.0909"
"","358.6320","3.7692","0.0923"
"","358.7320","3.7794","0.0938"
"","358.8320","3.7893","0.0952"
"","358.9320","3.7990","0.0966"
"","359.0320","3.8093","0.0981"
"","359.1320","3.8193","0.0995"
"","359.2320","3.8292","0.1010"
"","359.3320","3.8390","0.1024"
"","359.4320","3.8493","0.1039"
"","359.5320","3.8594","0.1054"
"","359.6320","3.8690","0.1068"
"","359.7320","3.8791","0.1084"
"","359.8320","3.8893","0.1099"
"","359.9320","3.8994","0.1114"
"","360.0320","3.9090","0.1129"
"","360.1320","3.9193","0.1145"
"","360.2320","3.9293","0.1160"
"","360.3320","3.9392","0.1175"
"","360.4320","3.9493","0.1191"
"","360.5320","3.9593","0.1206"
"","360.6320","3.9693","0.1222"
"","360.7320","3.9789","0.1236"
"","360.8320","3.9894","0.1251"
"","360.9320","3.9992","0.1265"
"","360.9400","4.0000","0.1266"
"","360.9410","4.0001","0.1266"
"","360.9420","4.0002","0.1266"
"","361.0420","4.0010","0.1261"
"","361.1420","3.9937","0.1240"
"","361.2420","3.9814","0.1207"
"","361.3420","3.9713","0.1180"
"","361.4420","3.9610","0.1153"
"","361.5420","3.9510","0.1129"
"","361.6420","3.9409","0.1104"
"","361.7420","3.9312","0.1081"
"","361.8420","3.9209","0.1057"
"","361.9420","3.9109","0.1034"
"","362.0420","3.9010","0.1012"
"","362.1420","3.8911","0.0990"
"","362.2420","3.8810","0.0969"
"","362.3420","3.8709","0.0947"
"","362.4420","3.8611","0.0927"
"","362.5420","3.8509","0.0906"
"","362.6420","3.8409","0.0885"
"","362.7420","3.8310","0.0866"
"","362.8420","3.8210","0.0846"
"","362.9420","3.8110","0.0827"
"","363.0420","3.8010","0.0808"
"","363.1420","3.7911","0.0790"
"","363.2420","3.7808","0.0771"
"","363.3420","3.7709","0.0753"
"","363.4420","3.7610","0.0736"
"","363.5420","3.7511","0.0718"
"","363.6420","3.7409","0.0701"
"","363.7420","3.7309","0.0685"
"","363.8420","3.7211","0.0668"
"","363.9420","3.7109","0.0652"
"","364.0420","3.7009","0.0636"
"","364.1420","3.6910","0.0621"
"","364.2420","3.6812","0.0606"
"","364.3420","3.6709","0.0590"
"","364.4420","3.6609","0.0575"
"","364.5420","3.6511","0.0562"
"","364.6420","3.6410","0.0547"
"","364.7420","3.6310","0.0533"
"","364.8420","3.6209","0.0520"
"","364.9420","3.6112","0.0507"
"","365.0420","3.6010","0.0494"
"","365.1420","3.5909","0.0481"
"","365.2420","3.5810","0.0469"
"","365.3420","3.5710","0.0457"
"","365.4420","3.5610","0.0445"
"","365.5420","3.5510","0.0433"
"","365.6420","3.5412","0.0422"
"","365.7420","3.5308","0.0411"
"","365.8420","3.5209","0.0401"
"","365.9420","3.5110","0.0390"
"","366.0420","3.5012","0.0381"
"","366.1420","3.4909","0.0371"
"","366.2420","3.4809","0.0361"
"","366.3420","3.4712","0.0352"
"","366.4420","3.4610","0.0344"
"","366.5420","3.4509","0.0336"
"","366.6420","3.4408","0.0333"
"","366.7420","3.4313","0.0331"
"","366.8420","3.4210","0.0330"
"","366.9420","3.4109","0.0330"
"","367.0420","3.4010","0.0330"
"","367.1420","3.3911","0.0330"
"","367.2420","3.3810","0.0330"
"","367.3420","3.3709","0.0330"
"","367.4420","3.3611","0.0330"
"","367.5420","3.3509","0.0329"
"","367.6420","3.3409","0.0329"
"","367.7420","3.3310","0.0329"
"","367.8420","3.3211","0.0329"
"","367.9420","3.3110","0.0329"
"","368.0420","3.3009","0.0329"
"","368.1420","3.2911","0.0329"
"","368.2420","3.2808","0.0329"
"","368.3420","3.2708","0.0328"
"","368.4420","3.2611","0.0327"
"","368.5420","3.2512","0.0325"
"","368.6420","3.2409","0.0323"
"","368.7420","3.2308","0.0319"
"","368.8420","3.2212","0.0311"
"","368.9420","3.2110","0.0303"
"","369.0420","3.2010","0.0297"
"","369.1420","3.1908","0.0289"
"","369.2420","3.1812","0.0282"
"","369.3420","3.1710","0.0275"
"","369.4420","3.1609","0.0269"
"","369.5420","3.1509","0.0263"
"","369.6420","3.1411","0.0258"
"","369.7420","3.1311","0.0252"
"","369.8420","3.1210","0.0247"
"","369.9420","3.1111","0.0242"
"","370.0420","3.1009","0.0237"
"","370.1420","3.0909","0.0233"
"","370.2420","3.0810","0.0229"
"","370.3420","3.0710","0.0224"
"","370.4420","3.0610","0.0220"
"","370.5420","3.0510","0.0215"
"","370.6420","3.0412","0.0212"
"","370.7420","3.0308","0.0207"
"","370.8420","3.0209","0.0204"
"","370.9420","3.0111","0.0200"
"","371.0420","3.0011","0.0196"
"","371.1420","2.9909","0.0193"
"","371.2420","2.9809","0.0189"
"","371.3420","2.9712","0.0185"
"","371.4420","2.9610","0.0182"
"","371.5420","2.9509","0.0178"
"","371.6420","2.9408","0.0175"
"","371.7420","2.9312","0.0172"
"","371.8420","2.9210","0.0169"
"","371.9420","2.9109","0.0166"
"","372.0420","2.9010","0.0163"
"","372.1420","2.8911","0.0160"
"","372.2420","2.8811","0.0157"
"","372.3420","2.8709","0.0154"
"","372.4420","2.8611","0.0151"
"","372.5420","2.8509","0.0148"
"","372.6420","2.8409","0.0146"
"","372.7420","2.8311","0.0143"
"","372.8420","2.8210","0.0141"
"","372.9420","2.8109","0.0138"
"","373.0420","2.8009","0.0136"
"","373.1420","2.7912","0.0134"
"","373.2420","2.7809","0.0131"
"","373.3420","2.7709","0.0129"
"","373.4420","2.7611","0.0127"
"","373.5420","2.7513","0.0125"
"","373.6420","2.7409","0.0122"
"","373.7420","2.7308","0.0120"
"","373.8420","2.7212","0.0118"
"","373.9420","2.7110","0.0116"
"","374.0420","2.7009","0.0113"
"","374.1420","2.6908","0.0112"
"","374.2420","2.6813","0.0110"
"","374.3420","2.6710","0.0108"
"","374.4420","2.6609","0.0106"
"","374.5420","2.6510","0.0105"
"","374.6420","2.6411","0.0102"
"","374.7420","2.6310","0.0101"
"","374.8420","2.6209","0.0099"
"","374.9420","2.6111","0.0097"
"","375.0420","2.6010","0.0095"
"","375.1420","2.5909","0.0094"
"","375.2420","2.5810","0.0092"
"","375.3420","2.5710","0.0091"
"","375.4420","2.5610","0.0090"
"","375.5420","2.5509","0.0088"
"","375.6420","2.5411","0.0086"
"","375.7420","2.5309","0.0085"
"","375.8420","2.5208","0.0084"
"","375.9420","2.5110","0.0082"
"","376.0420","2.5012","0.0081"
"","376.1420","2.4909","0.0080"
"","376.2420","2.4808","0.0079"
"","376.3420","2.4712","0.0078"
"","376.4420","2.4610","0.0076"
"","376.5420","2.4509","0.0075"
"","376.6420","2.4408","0.0074"
"","376.7420","2.4313","0.0073"
"","376.8420","2.4209","0.0072"
"","376.9420","2.4109","0.0071"
"","377.0420","2.4010","0.0070"
"","377.1420","2.3911","0.0069"
"","377.2420","2.3811","0.0068"
"","377.3420","2.3709","0.0067"
"","377.4420","2.3610","0.0066"
"","377.5420","2.3509","0.0066"
"","377.6420","2.3410","0.0065"
"","377.7420","2.3310","0.0064"
"","377.8420","2.3210","0.0063"
"","377.9420","2.3110","0.0062"
"","378.0420","2.3010","0.0061"
"","378.1420","2.2912","0.0060"
"","378.2420","2.2808","0.0060"
"","378.3420","2.2709","0.0059"
"","378.4420","2.2611","0.0058"
"","378.5420","2.2512","0.0058"
"","378.6420","2.2409","0.0057"
"","378.7420","2.2308","0.0056"
"","378.8420","2.2212","0.0055"
"","378.9420","2.2110","0.0054"
"","379.0420","2.2009","0.0054"
"","379.1420","2.1909","0.0053"
"","379.2420","2.1813","0.0052"
"","379.3420","2.1710","0.0052"
"","379.4420","2.1608","0.0051"
"","379.5420","2.1510","0.0050"
"","379.6420","2.1411","0.0050"
"","379.7420","2.1311","0.0049"
"","379.8420","2.1209","0.0048"
"","379.9420","2.1112","0.0048"
"","380.0420","2.1009","0.0047"
"","380.1420","2.0910","0.0047"
"","380.2420","2.0811","0.0046"
"","380.3420","2.0709","0.0045"
"","380.4420","2.0609","0.0045"
"","380.5420","2.0510","0.0044"
"","380.6420","2.0412","0.0044"
"","380.7420","2.0308","0.0043"
"","380.8420","2.0208","0.0042"
"","380.9420","2.0111","0.0042"
"","381.0420","2.0013","0.0041"
"","381.1420","1.9909","0.0041"
"","381.2420","1.9808","0.0040"
"","381.3420","1.9712","0.0040"
"","381.4420","1.9610","0.0039"
"","381.5420","1.9509","0.0039"
"","381.6420","1.9409","0.0038"
"","381.7420","1.9312","0.0037"
"","381.8420","1.9210","0.0037"
"","381.9420","1.9109","0.0036"
"","382.0420","1.9011","0.0036"
"","382.1420","1.8911","0.0035"
"","382.2420","1.8810","0.0035"
"","382.3420","1.8709","0.0034"
"","382.4420","1.8612","0.0034"
"","382.5420","1.8509","0.0033"
"","382.6420","1.8409","0.0033"
"","382.7420","1.8310","0.0032"
"","382.8420","1.8211","0.0032"
"","382.9420","1.8110","0.0031"
"","383.0420","1.8009","0.0031"
"","383.1420","1.7911","0.0030"
"","383.2420","1.7809","0.0030"
"","383.3420","1.7709","0.0029"
"","383.4420","1.7610","0.0029"
"","383.5420","1.7511","0.0029"
"","383.6420","1.7410","0.0028"
"","383.7420","1.7309","0.0028"
"","383.8420","1.7212","0.0028"
"","383.9420","1.7110","0.0027"
"","384.0420","1.7009","0.0027"
"","384.1420","1.6909","0.0026"
"","384.2420","1.6812","0.0026"
"","384.3420","1.6709","0.0026"
"","384.4420","1.6609","0.0025"
"","384.5420","1.6510","0.0025"
"","384.6420","1.6410","0.0025"
"","384.7420","1.6311","0.0024"
"","384.8420","1.6209","0.0024"
"","384.9420","1.6111","0.0024"
"","385.0420","1.6008","0.0023"
"","385.1420","1.5910","0.0023"
"","385.2420","1.5810","0.0023"
"","385.3420","1.5711","0.0023"
"","385.4420","1.5609","0.0022"
"","385.5420","1.5510","0.0022"
"","385.6420","1.5412","0.0022"
"","385.7420","1.5309","0.0021"
"","385.8420","1.5209","0.0021"
"","385.9420","1.5111","0.0021"
"","386.0420","1.5011","0.0021"
"","386.1420","1.4909","0.0020"
"","386.2420","1.4809","0.0020"
"","386.3420","1.4712","0.0020"
"","386.4420","1.4610","0.0019"
"","386.5420","1.4509","0.0019"
"","386.6420","1.4409","0.0019"
"","386.7420","1.4312","0.0019"
"","386.8420","1.4209","0.0018"
"","386.9420","1.4108","0.0018"
"","387.0420","1.4010","0.0018"
"","387.1420","1.3911","0.0018"
"","387.2420","1.3811","0.0017"
"","387.3420","1.3709","0.0017"
"","387.4420","1.3611","0.0017"
"","387.5420","1.3509","0.0017"
"","387.6420","1.3410","0.0017"
"","387.7420","1.3310","0.0016"
"","387.8420","1.3210","0.0016"
"","387.9420","1.3110","0.0016"
"","388.0420","1.3010","0.0016"
"","388.1420","1.2912","0.0015"
"","388.2420","1.2808","0.0015"
"","388.3420","1.2709","0.0015"
"","388.4420","1.2611","0.0015"
"","388.5420","1.2512","0.0015"
"","388.6420","1.2409","0.0015"
"","388.7420","1.2308","0.0014"
"","388.8420","1.2212","0.0014"
"","388.9420","1.2110","0.0014"
"","389.0420","1.2008","0.0014"
"","389.1420","1.1908","0.0014"
"","389.2420","1.1813","0.0014"
"","389.3420","1.1710","0.0013"
"","389.4420","1.1609","0.0013"
"","389.5420","1.1510","0.0013"
"","389.6420","1.1411","0.0013"
"","389.7420","1.1310","0.0013"
"","389.8420","1.1209","0.0012"
"","389.9420","1.1111","0.0012"
"","390.0420","1.1010","0.0012"
"","390.1420","1.0909","0.0012"
"","390.2420","1.0810","0.0012"
"","390.3420","1.0711","0.0012"
"","390.4420","1.0610","0.0012"
"","390.5420","1.0509","0.0012"
"","390.6420","1.0411","0.0011"
"","390.7420","1.0308","0.0011"
"","390.8420","1.0208","0.0011"
"","390.9420","1.0110","0.0011"
"","391.0420","1.0012","0.0011"
"","391.1420","0.9909","0.0011"
"","391.2420","0.9808","0.0010"
"","391.3420","0.9712","0.0010"
"","391.4420","0.9610","0.0010"
"","391.5420","0.9509","0.0010"
"","391.6420","0.9408","0.0010"
"","391.7420","0.9312","0.0010"
"","391.8420","0.9210","0.0010"
"","391.9420","0.9109","0.0010"
"","392.0420","0.9010","0.0009"
"","392.1420","0.8911","0.0009"
"","392.2420","0.8811","0.0009"
"","392.3420","0.8709","0.0009"
"","392.4420","0.8610","0.0009"
"","392.5420","0.8509","0.0009"
"","392.6420","0.8409","0.0009"
"","392.7420","0.8310","0.0009"
"","392.8420","0.8210","0.0009"
"","392.9420","0.8110","0.0008"
"","393.0420","0.8010","0.0008"
"","393.1420","0.7911","0.0008"
"","393.2420","0.7808","0.0008"
"","393.3420","0.7709","0.0008"
"","393.4420","0.7611","0.0008"
"","393.5420","0.7511","0.0008"
"","393.6420","0.7409","0.0008"
"","393.7420","0.7309","0.0007"
"","393.8420","0.7212","0.0007"
"","393.9420","0.7110","0.0007"
"","394.0420","0.7009","0.0007"
"","394.1420","0.6909","0.0007"
"","394.2420","0.6812","0.0007"
"","394.3420","0.6709","0.0007"
"","394.4420","0.6608","0.0007"
"","394.5420","0.6510","0.0007"
"","394.6420","0.6411","0.0007"
"","394.7420","0.6310","0.0006"
"","394.8420","0.6209","0.0006"
"","394.9420","0.6111","0.0006"
"","395.0420","0.6009","0.0006"
"","395.1420","0.5909","0.0006"
"","395.2420","0.5810","0.0006"
"","395.3420","0.5710","0.0006"
"","395.4420","0.5610","0.0006"
"","395.5420","0.5509","0.0006"
"","395.6420","0.5412","0.0005"
"","395.7420","0.5308","0.0005"
"","395.8420","0.5208","0.0005"
"","395.9420","0.5110","0.0005"
"","396.0420","0.5012","0.0005"
"","396.1420","0.4909","0.0005"
"","396.2420","0.4809","0.0005"
"","396.3420","0.4712","0.0005"
"","396.4420","0.4610","0.0005"
"","396.5420","0.4508","0.0005"
"","396.6420","0.4409","0.0005"
"","396.7420","0.4313","0.0004"
"","396.8420","0.4210","0.0004"
"","396.9420","0.4109","0.0004"
"","397.0420","0.4010","0.0004"
"","397.1420","0.3911","0.0004"
"","397.2420","0.3810","0.0004"
"","397.3420","0.3709","0.0004"
"","397.4420","0.3611","0.0004"
"","397.5420","0.3510","0.0004"
"","397.6420","0.3410","0.0004"
"","397.7420","0.3310","0.0003"
"","397.8420","0.3210","0.0003"
"","397.9420","0.3110","0.0003"
"","398.0420","0.3009","0.0003"
"","398.1420","0.2911","0.0003"
"","398.2420","0.2810","0.0003"
"","398.3420","0.2711","0.0003"
"","398.4420","0.2611","0.0003"
"","398.5420","0.2512","0.0003"
"","398.6420","0.2409","0.0003"
"","398.7420","0.2309","0.0003"
"","398.8420","0.2212","0.0003"
"","398.9420","0.2110","0.0002"
"","399.0420","0.2009","0.0002"
"","399.1420","0.1908","0.0002"
"","399.2420","0.1812","0.0002"
"","399.3420","0.1709","0.0002"
"","399.4420","0.1609","0.0002"
"","399.5420","0.1510","0.0002"
"","399.6420","0.1411","0.0002"
"","399.7420","0.1311","0.0002"
"","399.8420","0.1209","0.0002"
"","399.9420","0.1110","0.0002"
"","400.0420","0.1009","0.0002"
"","400.1420","0.0909","0.0001"
"","400.2420","0.0810","0.0001"
"","400.3420","0.0710","0.0001"
"","400.4420","0.0610","0.0001"
"","400.5420","0.0509","0.0001"
"","400.6420","0.0411","0.0001"
"","400.7420","0.0309","0.0001"
"","400.8420","0.0209","0.0001"
"","400.9420","0.0111","0.0001"
"","401.0420","0.0011","0.0001"
"","401.0540","-0.0001","0.0001"

