1,Time,Displacement,Force
,(s),(mm),(kN)
"","0.0000","0.0000","0.0000"
"","0.1000","0.0033","0.0000"
"","0.2000","0.0142","0.0000"
"","0.3000","0.0253","0.0001"
"","0.4000","0.0354","0.0001"
"","0.5000","0.0451","0.0001"
"","0.6000","0.0554","0.0001"
"","0.7000","0.0656","0.0002"
"","0.8000","0.0753","0.0002"
"","0.9000","0.0852","0.0002"
"","1.0000","0.0954","0.0002"
"","1.1000","0.1056","0.0002"
"","1.2000","0.1153","0.0003"
"","1.3000","0.1253","0.0003"
"","1.4000","0.1354","0.0003"
"","1.5000","0.1454","0.0003"
"","1.6000","0.1553","0.0003"
"","1.7000","0.1654","0.0004"
"","1.8000","0.1754","0.0004"
"","1.9000","0.1853","0.0004"
"","2.0000","0.1955","0.0004"
"","2.1000","0.2054","0.0005"
"","2.2000","0.2154","0.0005"
"","2.3000","0.2251","0.0005"
"","2.4000","0.2355","0.0005"
"","2.5000","0.2454","0.0005"
"","2.6000","0.2553","0.0006"
"","2.7000","0.2653","0.0006"
"","2.8000","0.2753","0.0006"
"","2.9000","0.2853","0.0006"
"","3.0000","0.2951","0.0006"
"","3.1000","0.3054","0.0006"
"","3.2000","0.3155","0.0007"
"","3.3000","0.3254","0.0007"
"","3.4000","0.3352","0.0007"
"","3.5000","0.3454","0.0007"
"","3.6000","0.3556","0.0007"
"","3.7000","0.3653","0.0007"
"","3.8000","0.3754","0.0008"
"","3.9000","0.3854","0.0008"
"","4.0000","0.3955","0.0008"
"","4.1000","0.4053","0.0008"
"","4.2000","0.4154","0.0008"
"","4.3000","0.4254","0.0009"
"","4.4000","0.4353","0.0009"
"","4.5000","0.4455","0.0009"
"","4.6000","0.4554","0.0009"
"","4.7000","0.4654","0.0009"
"","4.8000","0.4752","0.0009"
"","4.9000","0.4855","0.0010"
"","5.0000","0.4954","0.0010"
"","5.1000","0.5053","0.0010"
"","5.2000","0.5154","0.0010"
"","5.3000","0.5255","0.0010"
"","5.4000","0.5355","0.0010"
"","5.5000","0.5451","0.0011"
"","5.6000","0.5555","0.0011"
"","5.7000","0.5655","0.0011"
"","5.8000","0.5754","0.0011"
"","5.9000","0.5853","0.0012"
"","6.0000","0.5955","0.0012"
"","6.1000","0.6056","0.0012"
"","6.2000","0.6152","0.0012"
"","6.3000","0.6254","0.0013"
"","6.4000","0.6354","0.0013"
"","6.5000","0.6455","0.0013"
"","6.6000","0.6553","0.0013"
"","6.7000","0.6655","0.0013"
"","6.8000","0.6754","0.0014"
"","6.9000","0.6853","0.0014"
"","7.0000","0.6956","0.0014"
"","7.1000","0.7054","0.0015"
"","7.2000","0.7154","0.0015"
"","7.3000","0.7252","0.0015"
"","7.4000","0.7356","0.0015"
"","7.5000","0.7454","0.0015"
"","7.6000","0.7553","0.0016"
"","7.7000","0.7653","0.0016"
"","7.8000","0.7756","0.0016"
"","7.9000","0.7855","0.0017"
"","8.0000","0.7951","0.0017"
"","8.1000","0.8054","0.0017"
"","8.2000","0.8156","0.0017"
"","8.3000","0.8253","0.0017"
"","8.4000","0.8352","0.0018"
"","8.5000","0.8454","0.0018"
"","8.6000","0.8556","0.0018"
"","8.7000","0.8652","0.0019"
"","8.8000","0.8753","0.0019"
"","8.9000","0.8854","0.0019"
"","9.0000","0.8955","0.0020"
"","9.1000","0.9053","0.0020"
"","9.2000","0.9154","0.0020"
"","9.3000","0.9254","0.0021"
"","9.4000","0.9353","0.0021"
"","9.5000","0.9455","0.0021"
"","9.6000","0.9554","0.0022"
"","9.7000","0.9654","0.0022"
"","9.8000","0.9751","0.0022"
"","9.9000","0.9855","0.0023"
"","10.0000","0.9954","0.0023"
"","10.1000","1.0053","0.0024"
"","10.2000","1.0153","0.0024"
"","10.3000","1.0256","0.0024"
"","10.4000","1.0355","0.0025"
"","10.5000","1.0451","0.0025"
"","10.6000","1.0554","0.0025"
"","10.7000","1.0655","0.0026"
"","10.8000","1.0754","0.0026"
"","10.9000","1.0852","0.0027"
"","11.0000","1.0954","0.0027"
"","11.1000","1.1055","0.0028"
"","11.2000","1.1153","0.0028"
"","11.3000","1.1253","0.0028"
"","11.4000","1.1354","0.0028"
"","11.5000","1.1454","0.0029"
"","11.6000","1.1554","0.0030"
"","11.7000","1.1654","0.0030"
"","11.8000","1.1754","0.0031"
"","11.9000","1.1853","0.0031"
"","12.0000","1.1956","0.0032"
"","12.1000","1.2054","0.0032"
"","12.2000","1.2154","0.0033"
"","12.3000","1.2252","0.0033"
"","12.4000","1.2356","0.0034"
"","12.5000","1.2454","0.0034"
"","12.6000","1.2553","0.0034"
"","12.7000","1.2654","0.0035"
"","12.8000","1.2755","0.0035"
"","12.9000","1.2855","0.0036"
"","13.0000","1.2951","0.0037"
"","13.1000","1.3054","0.0037"
"","13.2000","1.3155","0.0037"
"","13.3000","1.3255","0.0038"
"","13.4000","1.3353","0.0038"
"","13.5000","1.3455","0.0039"
"","13.6000","1.3555","0.0040"
"","13.7000","1.3652","0.0040"
"","13.8000","1.3755","0.0041"
"","13.9000","1.3854","0.0041"
"","14.0000","1.3954","0.0041"
"","14.1000","1.4053","0.0042"
"","14.2000","1.4155","0.0043"
"","14.3000","1.4254","0.0043"
"","14.4000","1.4352","0.0044"
"","14.5000","1.4455","0.0045"
"","14.6000","1.4555","0.0045"
"","14.7000","1.4654","0.0046"
"","14.8000","1.4752","0.0047"
"","14.9000","1.4855","0.0047"
"","15.0000","1.4955","0.0048"
"","15.1000","1.5052","0.0049"
"","15.2000","1.5153","0.0050"
"","15.3000","1.5255","0.0050"
"","15.4000","1.5355","0.0051"
"","15.5000","1.5451","0.0052"
"","15.6000","1.5554","0.0053"
"","15.7000","1.5655","0.0054"
"","15.8000","1.5754","0.0055"
"","15.9000","1.5853","0.0056"
"","16.0000","1.5954","0.0057"
"","16.1000","1.6056","0.0058"
"","16.2000","1.6152","0.0059"
"","16.3000","1.6254","0.0060"
"","16.4000","1.6354","0.0061"
"","16.5000","1.6454","0.0062"
"","16.6000","1.6552","0.0063"
"","16.7000","1.6655","0.0064"
"","16.8000","1.6754","0.0066"
"","16.9000","1.6853","0.0067"
"","17.0000","1.6954","0.0068"
"","17.1000","1.7054","0.0069"
"","17.2000","1.7154","0.0071"
"","17.3000","1.7251","0.0072"
"","17.4000","1.7355","0.0073"
"","17.5000","1.7454","0.0074"
"","17.6000","1.7553","0.0076"
"","17.7000","1.7653","0.0077"
"","17.8000","1.7756","0.0079"
"","17.9000","1.7856","0.0080"
"","18.0000","1.7951","0.0081"
"","18.1000","1.8054","0.0083"
"","18.2000","1.8154","0.0084"
"","18.3000","1.8254","0.0086"
"","18.4000","1.8352","0.0088"
"","18.5000","1.8454","0.0089"
"","18.6000","1.8555","0.0091"
"","18.7000","1.8654","0.0092"
"","18.8000","1.8754","0.0094"
"","18.9000","1.8854","0.0095"
"","19.0000","1.8954","0.0097"
"","19.1000","1.9053","0.0099"
"","19.2000","1.9154","0.0100"
"","19.3000","1.9254","0.0102"
"","19.4000","1.9353","0.0104"
"","19.5000","1.9455","0.0106"
"","19.6000","1.9554","0.0108"
"","19.7000","1.9653","0.0109"
"","19.8000","1.9752","0.0111"
"","19.9000","1.9856","0.0114"
"","20.0000","1.9954","0.0116"
"","20.1000","2.0052","0.0118"
"","20.2000","2.0153","0.0120"
"","20.3000","2.0256","0.0122"
"","20.4000","2.0355","0.0125"
"","20.5000","2.0451","0.0127"
"","20.6000","2.0555","0.0129"
"","20.7000","2.0654","0.0132"
"","20.8000","2.0754","0.0134"
"","20.9000","2.0853","0.0137"
"","21.0000","2.0955","0.0139"
"","21.1000","2.1055","0.0142"
"","21.2000","2.1153","0.0144"
"","21.3000","2.1254","0.0147"
"","21.4000","2.1354","0.0150"
"","21.5000","2.1454","0.0153"
"","21.6000","2.1554","0.0156"
"","21.7000","2.1655","0.0159"
"","21.8000","2.1754","0.0162"
"","21.9000","2.1852","0.0165"
"","22.0000","2.1956","0.0168"
"","22.1000","2.2054","0.0171"
"","22.2000","2.2154","0.0175"
"","22.3000","2.2251","0.0178"
"","22.4000","2.2356","0.0182"
"","22.5000","2.2454","0.0185"
"","22.6000","2.2553","0.0189"
"","22.7000","2.2653","0.0192"
"","22.8000","2.2756","0.0196"
"","22.9000","2.2854","0.0199"
"","23.0000","2.2950","0.0203"
"","23.1000","2.3054","0.0207"
"","23.2000","2.3156","0.0211"
"","23.3000","2.3253","0.0215"
"","23.4000","2.3352","0.0219"
"","23.5000","2.3454","0.0223"
"","23.6000","2.3556","0.0227"
"","23.7000","2.3653","0.0231"
"","23.8000","2.3753","0.0235"
"","23.9000","2.3854","0.0239"
"","24.0000","2.3954","0.0243"
"","24.1000","2.4053","0.0247"
"","24.2000","2.4155","0.0252"
"","24.3000","2.4254","0.0256"
"","24.4000","2.4352","0.0260"
"","24.5000","2.4456","0.0265"
"","24.6000","2.4554","0.0269"
"","24.7000","2.4654","0.0273"
"","24.8000","2.4751","0.0278"
"","24.9000","2.4856","0.0282"
"","25.0000","2.4954","0.0286"
"","25.1000","2.5053","0.0291"
"","25.2000","2.5153","0.0295"
"","25.3000","2.5256","0.0300"
"","25.4000","2.5355","0.0305"
"","25.5000","2.5451","0.0309"
"","25.6000","2.5554","0.0314"
"","25.7000","2.5654","0.0318"
"","25.8000","2.5754","0.0322"
"","25.9000","2.5852","0.0327"
"","26.0000","2.5954","0.0331"
"","26.1000","2.6055","0.0332"
"","26.2000","2.6154","0.0332"
"","26.3000","2.6253","0.0332"
"","26.4000","2.6354","0.0332"
"","26.5000","2.6454","0.0332"
"","26.6000","2.6554","0.0332"
"","26.7000","2.6654","0.0332"
"","26.8000","2.6754","0.0332"
"","26.9000","2.6852","0.0332"
"","27.0000","2.6955","0.0332"
"","27.1000","2.7054","0.0333"
"","27.2000","2.7154","0.0333"
"","27.3000","2.7252","0.0333"
"","27.4000","2.7356","0.0334"
"","27.5000","2.7455","0.0334"
"","27.6000","2.7553","0.0336"
"","27.7000","2.7653","0.0342"
"","27.8000","2.7754","0.0347"
"","27.9000","2.7855","0.0352"
"","28.0000","2.7951","0.0358"
"","28.1000","2.8055","0.0364"
"","28.2000","2.8154","0.0369"
"","28.3000","2.8254","0.0375"
"","28.4000","2.8352","0.0380"
"","28.5000","2.8454","0.0385"
"","28.6000","2.8555","0.0391"
"","28.7000","2.8653","0.0395"
"","28.8000","2.8754","0.0400"
"","28.9000","2.8854","0.0406"
"","29.0000","2.8954","0.0411"
"","29.1000","2.9054","0.0416"
"","29.2000","2.9155","0.0421"
"","29.3000","2.9254","0.0426"
"","29.4000","2.9352","0.0432"
"","29.5000","2.9456","0.0437"
"","29.6000","2.9554","0.0442"
"","29.7000","2.9654","0.0448"
"","29.8000","2.9751","0.0453"
"","29.9000","2.9856","0.0458"
"","30.0000","2.9954","0.0463"
"","30.1000","3.0053","0.0469"
"","30.2000","3.0153","0.0474"
"","30.3000","3.0256","0.0480"
"","30.4000","3.0355","0.0485"
"","30.5000","3.0451","0.0490"
"","30.6000","3.0554","0.0496"
"","30.7000","3.0656","0.0502"
"","30.8000","3.0753","0.0507"
"","30.9000","3.0852","0.0513"
"","31.0000","3.0954","0.0518"
"","31.1000","3.1056","0.0524"
"","31.2000","3.1153","0.0529"
"","31.3000","3.1253","0.0535"
"","31.4000","3.1354","0.0541"
"","31.5000","3.1454","0.0547"
"","31.6000","3.1553","0.0552"
"","31.7000","3.1654","0.0558"
"","31.8000","3.1754","0.0564"
"","31.9000","3.1852","0.0570"
"","32.0000","3.1955","0.0576"
"","32.1000","3.2054","0.0581"
"","32.2000","3.2155","0.0587"
"","32.3000","3.2251","0.0593"
"","32.4000","3.2355","0.0599"
"","32.5000","3.2453","0.0604"
"","32.6000","3.2552","0.0610"
"","32.7000","3.2653","0.0617"
"","32.8000","3.2756","0.0623"
"","32.9000","3.2855","0.0629"
"","33.0000","3.2951","0.0634"
"","33.1000","3.3052","0.0641"
"","33.2000","3.3153","0.0647"
"","33.3000","3.3253","0.0653"
"","33.4000","3.3352","0.0659"
"","33.5000","3.3454","0.0665"
"","33.6000","3.3555","0.0671"
"","33.7000","3.3653","0.0677"
"","33.8000","3.3754","0.0683"
"","33.9000","3.3854","0.0689"
"","34.0000","3.3954","0.0696"
"","34.1000","3.4053","0.0701"
"","34.2000","3.4153","0.0707"
"","34.3000","3.4254","0.0713"
"","34.4000","3.4353","0.0719"
"","34.5000","3.4456","0.0725"
"","34.6000","3.4554","0.0731"
"","34.7000","3.4654","0.0738"
"","34.8000","3.4752","0.0744"
"","34.9000","3.4856","0.0750"
"","35.0000","3.4955","0.0756"
"","35.1000","3.5054","0.0762"
"","35.2000","3.5154","0.0769"
"","35.3000","3.5255","0.0775"
"","35.4000","3.5355","0.0781"
"","35.5000","3.5452","0.0786"
"","35.6000","3.5555","0.0793"
"","35.7000","3.5654","0.0799"
"","35.8000","3.5753","0.0805"
"","35.9000","3.5853","0.0811"
"","36.0000","3.5955","0.0818"
"","36.1000","3.6055","0.0824"
"","36.2000","3.6151","0.0830"
"","36.3000","3.6254","0.0836"
"","36.4000","3.6354","0.0843"
"","36.5000","3.6455","0.0849"
"","36.6000","3.6552","0.0855"
"","36.7000","3.6655","0.0862"
"","36.8000","3.6755","0.0868"
"","36.9000","3.6853","0.0874"
"","37.0000","3.6956","0.0880"
"","37.1000","3.7054","0.0885"
"","37.2000","3.7154","0.0891"
"","37.3000","3.7252","0.0896"
"","37.4000","3.7354","0.0903"
"","37.5000","3.7454","0.0909"
"","37.6000","3.7554","0.0915"
"","37.7000","3.7654","0.0921"
"","37.8000","3.7755","0.0927"
"","37.9000","3.7855","0.0933"
"","38.0000","3.7951","0.0939"
"","38.1000","3.8054","0.0945"
"","38.2000","3.8155","0.0952"
"","38.3000","3.8253","0.0957"
"","38.4000","3.8353","0.0964"
"","38.5000","3.8455","0.0970"
"","38.6000","3.8555","0.0976"
"","38.7000","3.8652","0.0982"
"","38.8000","3.8754","0.0988"
"","38.9000","3.8855","0.0995"
"","39.0000","3.8954","0.1001"
"","39.1000","3.9053","0.1006"
"","39.2000","3.9154","0.1013"
"","39.3000","3.9255","0.1019"
"","39.4000","3.9353","0.1025"
"","39.5000","3.9455","0.1032"
"","39.6000","3.9554","0.1038"
"","39.7000","3.9654","0.1044"
"","39.8000","3.9751","0.1050"
"","39.9000","3.9855","0.1057"
"","40.0000","3.9954","0.1063"
"","40.0460","4.0000","0.1066"
"","40.0470","4.0001","0.1066"
"","40.0480","4.0002","0.1066"
"","40.1480","4.0007","0.1059"
"","40.2480","3.9933","0.1043"
"","40.3480","3.9810","0.1021"
"","40.4480","3.9707","0.1003"
"","40.5480","3.9609","0.0986"
"","40.6480","3.9506","0.0969"
"","40.7480","3.9405","0.0953"
"","40.8480","3.9308","0.0938"
"","40.9480","3.9207","0.0923"
"","41.0480","3.9106","0.0907"
"","41.1480","3.9004","0.0893"
"","41.2480","3.8908","0.0879"
"","41.3480","3.8805","0.0864"
"","41.4480","3.8705","0.0849"
"","41.5480","3.8606","0.0836"
"","41.6480","3.8507","0.0822"
"","41.7480","3.8406","0.0808"
"","41.8480","3.8305","0.0795"
"","41.9480","3.8207","0.0782"
"","42.0480","3.8105","0.0768"
"","42.1480","3.8005","0.0755"
"","42.2480","3.7906","0.0742"
"","42.3480","3.7807","0.0730"
"","42.4480","3.7705","0.0717"
"","42.5480","3.7606","0.0705"
"","42.6480","3.7508","0.0693"
"","42.7480","3.7405","0.0680"
"","42.8480","3.7305","0.0668"
"","42.9480","3.7205","0.0657"
"","43.0480","3.7108","0.0645"
"","43.1480","3.7005","0.0633"
"","43.2480","3.6904","0.0622"
"","43.3480","3.6808","0.0611"
"","43.4480","3.6706","0.0599"
"","43.5480","3.6604","0.0588"
"","43.6480","3.6505","0.0577"
"","43.7480","3.6408","0.0567"
"","43.8480","3.6305","0.0555"
"","43.9480","3.6204","0.0545"
"","44.0480","3.6107","0.0534"
"","44.1480","3.6007","0.0524"
"","44.2480","3.5906","0.0514"
"","44.3480","3.5805","0.0504"
"","44.4480","3.5708","0.0494"
"","44.5480","3.5604","0.0484"
"","44.6480","3.5505","0.0474"
"","44.7480","3.5406","0.0465"
"","44.8480","3.5307","0.0455"
"","44.9480","3.5205","0.0446"
"","45.0480","3.5106","0.0437"
"","45.1480","3.5009","0.0428"
"","45.2480","3.4905","0.0419"
"","45.3480","3.4803","0.0410"
"","45.4480","3.4705","0.0402"
"","45.5480","3.4608","0.0394"
"","45.6480","3.4506","0.0385"
"","45.7480","3.4404","0.0377"
"","45.8480","3.4307","0.0370"
"","45.9480","3.4207","0.0363"
"","46.0480","3.4105","0.0355"
"","46.1480","3.4005","0.0349"
"","46.2480","3.3908","0.0343"
"","46.3480","3.3806","0.0336"
"","46.4480","3.3705","0.0331"
"","46.5480","3.3606","0.0328"
"","46.6480","3.3506","0.0324"
"","46.7480","3.3406","0.0319"
"","46.8480","3.3305","0.0316"
"","46.9480","3.3208","0.0314"
"","47.0480","3.3104","0.0315"
"","47.1480","3.3005","0.0315"
"","47.2480","3.2906","0.0315"
"","47.3480","3.2807","0.0314"
"","47.4480","3.2705","0.0314"
"","47.5480","3.2606","0.0314"
"","47.6480","3.2508","0.0314"
"","47.7480","3.2406","0.0314"
"","47.8480","3.2304","0.0314"
"","47.9480","3.2206","0.0313"
"","48.0480","3.2109","0.0312"
"","48.1480","3.2006","0.0310"
"","48.2480","3.1904","0.0307"
"","48.3480","3.1807","0.0302"
"","48.4480","3.1707","0.0299"
"","48.5480","3.1606","0.0297"
"","48.6480","3.1504","0.0292"
"","48.7480","3.1407","0.0286"
"","48.8480","3.1306","0.0281"
"","48.9480","3.1206","0.0274"
"","49.0480","3.1106","0.0269"
"","49.1480","3.1005","0.0263"
"","49.2480","3.0906","0.0256"
"","49.3480","3.0805","0.0250"
"","49.4480","3.0708","0.0244"
"","49.5480","3.0604","0.0238"
"","49.6480","3.0506","0.0232"
"","49.7480","3.0407","0.0227"
"","49.8480","3.0307","0.0221"
"","49.9480","3.0205","0.0216"
"","50.0480","3.0107","0.0211"
"","50.1480","3.0008","0.0206"
"","50.2480","2.9905","0.0201"
"","50.3480","2.9803","0.0196"
"","50.4480","2.9706","0.0191"
"","50.5480","2.9608","0.0187"
"","50.6480","2.9505","0.0182"
"","50.7480","2.9404","0.0178"
"","50.8480","2.9307","0.0174"
"","50.9480","2.9207","0.0170"
"","51.0480","2.9105","0.0166"
"","51.1480","2.9004","0.0162"
"","51.2480","2.8908","0.0158"
"","51.3480","2.8806","0.0155"
"","51.4480","2.8705","0.0151"
"","51.5480","2.8606","0.0148"
"","51.6480","2.8505","0.0144"
"","51.7480","2.8406","0.0141"
"","51.8480","2.8306","0.0138"
"","51.9480","2.8209","0.0135"
"","52.0480","2.8103","0.0132"
"","52.1480","2.8005","0.0129"
"","52.2480","2.7906","0.0126"
"","52.3480","2.7807","0.0123"
"","52.4480","2.7705","0.0121"
"","52.5480","2.7607","0.0118"
"","52.6480","2.7509","0.0116"
"","52.7480","2.7405","0.0114"
"","52.8480","2.7303","0.0111"
"","52.9480","2.7205","0.0109"
"","53.0480","2.7109","0.0107"
"","53.1480","2.7006","0.0105"
"","53.2480","2.6904","0.0103"
"","53.3480","2.6807","0.0101"
"","53.4480","2.6707","0.0098"
"","53.5480","2.6605","0.0096"
"","53.6480","2.6504","0.0094"
"","53.7480","2.6408","0.0093"
"","53.8480","2.6306","0.0091"
"","53.9480","2.6205","0.0089"
"","54.0480","2.6105","0.0087"
"","54.1480","2.6006","0.0085"
"","54.2480","2.5906","0.0083"
"","54.3480","2.5805","0.0081"
"","54.4480","2.5708","0.0080"
"","54.5480","2.5604","0.0078"
"","54.6480","2.5505","0.0076"
"","54.7480","2.5406","0.0075"
"","54.8480","2.5307","0.0073"
"","54.9480","2.5205","0.0071"
"","55.0480","2.5106","0.0070"
"","55.1480","2.5008","0.0069"
"","55.2480","2.4906","0.0067"
"","55.3480","2.4804","0.0066"
"","55.4480","2.4706","0.0065"
"","55.5480","2.4608","0.0063"
"","55.6480","2.4505","0.0062"
"","55.7480","2.4404","0.0061"
"","55.8480","2.4307","0.0060"
"","55.9480","2.4206","0.0058"
"","56.0480","2.4105","0.0057"
"","56.1480","2.4004","0.0056"
"","56.2480","2.3907","0.0055"
"","56.3480","2.3806","0.0054"
"","56.4480","2.3706","0.0053"
"","56.5480","2.3606","0.0052"
"","56.6480","2.3505","0.0051"
"","56.7480","2.3406","0.0050"
"","56.8480","2.3305","0.0049"
"","56.9480","2.3207","0.0048"
"","57.0480","2.3104","0.0047"
"","57.1480","2.3006","0.0046"
"","57.2480","2.2907","0.0045"
"","57.3480","2.2807","0.0044"
"","57.4480","2.2705","0.0043"
"","57.5480","2.2607","0.0043"
"","57.6480","2.2508","0.0042"
"","57.7480","2.2405","0.0041"
"","57.8480","2.2304","0.0040"
"","57.9480","2.2206","0.0040"
"","58.0480","2.2108","0.0039"
"","58.1480","2.2005","0.0038"
"","58.2480","2.1904","0.0038"
"","58.3480","2.1808","0.0037"
"","58.4480","2.1707","0.0036"
"","58.5480","2.1605","0.0036"
"","58.6480","2.1504","0.0035"
"","58.7480","2.1407","0.0035"
"","58.8480","2.1306","0.0034"
"","58.9480","2.1205","0.0034"
"","59.0480","2.1106","0.0033"
"","59.1480","2.1005","0.0033"
"","59.2480","2.0906","0.0032"
"","59.3480","2.0806","0.0032"
"","59.4480","2.0708","0.0031"
"","59.5480","2.0603","0.0031"
"","59.6480","2.0505","0.0031"
"","59.7480","2.0406","0.0030"
"","59.8480","2.0307","0.0030"
"","59.9480","2.0205","0.0029"
"","60.0480","2.0106","0.0029"
"","60.1480","2.0009","0.0029"
"","60.2480","1.9905","0.0028"
"","60.3480","1.9804","0.0028"
"","60.4480","1.9705","0.0027"
"","60.5480","1.9608","0.0027"
"","60.6480","1.9506","0.0026"
"","60.7480","1.9405","0.0026"
"","60.8480","1.9307","0.0026"
"","60.9480","1.9207","0.0025"
"","61.0480","1.9105","0.0025"
"","61.1480","1.9005","0.0024"
"","61.2480","1.8908","0.0024"
"","61.3480","1.8806","0.0024"
"","61.4480","1.8705","0.0024"
"","61.5480","1.8606","0.0023"
"","61.6480","1.8506","0.0023"
"","61.7480","1.8406","0.0023"
"","61.8480","1.8305","0.0022"
"","61.9480","1.8208","0.0022"
"","62.0480","1.8105","0.0021"
"","62.1480","1.8005","0.0021"
"","62.2480","1.7905","0.0021"
"","62.3480","1.7807","0.0021"
"","62.4480","1.7706","0.0020"
"","62.5480","1.7605","0.0020"
"","62.6480","1.7508","0.0020"
"","62.7480","1.7405","0.0019"
"","62.8480","1.7305","0.0019"
"","62.9480","1.7205","0.0019"
"","63.0480","1.7109","0.0018"
"","63.1480","1.7006","0.0018"
"","63.2480","1.6905","0.0018"
"","63.3480","1.6807","0.0018"
"","63.4480","1.6706","0.0017"
"","63.5480","1.6605","0.0017"
"","63.6480","1.6505","0.0017"
"","63.7480","1.6408","0.0016"
"","63.8480","1.6306","0.0016"
"","63.9480","1.6205","0.0016"
"","64.0480","1.6106","0.0015"
"","64.1480","1.6005","0.0015"
"","64.2480","1.5906","0.0015"
"","64.3480","1.5805","0.0015"
"","64.4480","1.5708","0.0014"
"","64.5480","1.5604","0.0014"
"","64.6480","1.5505","0.0014"
"","64.7480","1.5407","0.0014"
"","64.8480","1.5307","0.0013"
"","64.9480","1.5205","0.0013"
"","65.0480","1.5107","0.0013"
"","65.1480","1.5008","0.0013"
"","65.2480","1.4905","0.0013"
"","65.3480","1.4804","0.0012"
"","65.4480","1.4706","0.0012"
"","65.5480","1.4608","0.0012"
"","65.6480","1.4505","0.0012"
"","65.7480","1.4405","0.0011"
"","65.8480","1.4308","0.0011"
"","65.9480","1.4206","0.0011"
"","66.0480","1.4104","0.0011"
"","66.1480","1.4005","0.0011"
"","66.2480","1.3908","0.0010"
"","66.3480","1.3806","0.0010"
"","66.4480","1.3705","0.0010"
"","66.5480","1.3606","0.0010"
"","66.6480","1.3506","0.0010"
"","66.7480","1.3406","0.0010"
"","66.8480","1.3305","0.0009"
"","66.9480","1.3208","0.0009"
"","67.0480","1.3103","0.0009"
"","67.1480","1.3005","0.0009"
"","67.2480","1.2906","0.0009"
"","67.3480","1.2807","0.0009"
"","67.4480","1.2705","0.0008"
"","67.5480","1.2607","0.0008"
"","67.6480","1.2509","0.0008"
"","67.7480","1.2405","0.0008"
"","67.8480","1.2303","0.0008"
"","67.9480","1.2205","0.0007"
"","68.0480","1.2108","0.0007"
"","68.1480","1.2006","0.0007"
"","68.2480","1.1904","0.0007"
"","68.3480","1.1807","0.0007"
"","68.4480","1.1707","0.0007"
"","68.5480","1.1605","0.0007"
"","68.6480","1.1504","0.0006"
"","68.7480","1.1407","0.0006"
"","68.8480","1.1306","0.0006"
"","68.9480","1.1205","0.0006"
"","69.0480","1.1106","0.0006"
"","69.1480","1.1007","0.0006"
"","69.2480","1.0907","0.0005"
"","69.3480","1.0805","0.0005"
"","69.4480","1.0708","0.0005"
"","69.5480","1.0605","0.0005"
"","69.6480","1.0506","0.0005"
"","69.7480","1.0406","0.0005"
"","69.8480","1.0307","0.0005"
"","69.9480","1.0205","0.0004"
"","70.0480","1.0106","0.0004"
"","70.1480","1.0008","0.0004"
"","70.2480","0.9906","0.0004"
"","70.3480","0.9804","0.0004"
"","70.4480","0.9706","0.0004"
"","70.5480","0.9608","0.0004"
"","70.6480","0.9506","0.0004"
"","70.7480","0.9404","0.0003"
"","70.8480","0.9307","0.0003"
"","70.9480","0.9206","0.0003"
"","71.0480","0.9106","0.0003"
"","71.1480","0.9004","0.0003"
"","71.2480","0.8908","0.0003"
"","71.3480","0.8806","0.0003"
"","71.4480","0.8706","0.0002"
"","71.5480","0.8606","0.0002"
"","71.6480","0.8506","0.0002"
"","71.7480","0.8406","0.0002"
"","71.8480","0.8305","0.0002"
"","71.9480","0.8207","0.0002"
"","72.0480","0.8104","0.0002"
"","72.1480","0.8006","0.0001"
"","72.2480","0.7906","0.0001"
"","72.3480","0.7807","0.0001"
"","72.4480","0.7705","0.0001"
"","72.5480","0.7607","0.0001"
"","72.6480","0.7508","0.0001"
"","72.7480","0.7405","0.0001"
"","72.8480","0.7304","0.0000"
"","72.9480","0.7206","0.0000"
"","73.0480","0.7108","0.0000"
"","73.1480","0.7005","0.0000"
"","73.2480","0.6904","0.0000"
"","73.3480","0.6808","0.0000"
"","73.4480","0.6706","0.0000"
"","73.5480","0.6604","0.0000"
"","73.6480","0.6504","0.0000"
"","73.7480","0.6408","-0.0001"
"","73.8480","0.6306","-0.0001"
"","73.9480","0.6205","-0.0001"
"","74.0480","0.6106","-0.0001"
"","74.1480","0.6006","-0.0001"
"","74.2480","0.5906","-0.0001"
"","74.3480","0.5805","-0.0001"
"","74.4480","0.5708","-0.0001"
"","74.5480","0.5604","-0.0001"
"","74.6480","0.5505","-0.0002"
"","74.7480","0.5406","-0.0003"
"","74.8480","0.5307","-0.0002"
"","74.9480","0.5204","-0.0002"
"","75.0480","0.5106","-0.0002"
"","75.1480","0.5009","-0.0001"
"","75.2480","0.4905","-0.0002"
"","75.3480","0.4804","-0.0001"
"","75.4480","0.4705","-0.0002"
"","75.5480","0.4608","-0.0002"
"","75.6480","0.4506","-0.0002"
"","75.7480","0.4404","-0.0003"
"","75.8480","0.4307","-0.0002"
"","75.9480","0.4207","-0.0003"
"","76.0480","0.4106","-0.0003"
"","76.1480","0.4004","-0.0003"
"","76.2480","0.3907","-0.0003"
"","76.3480","0.3806","-0.0002"
"","76.4480","0.3705","-0.0004"
"","76.5480","0.3606","-0.0003"
"","76.6480","0.3506","-0.0004"
"","76.7480","0.3406","-0.0003"
"","76.8480","0.3306","-0.0003"
"","76.9480","0.3208","-0.0004"
"","77.0480","0.3104","-0.0003"
"","77.1480","0.3005","-0.0004"
"","77.2480","0.2906","-0.0004"
"","77.3480","0.2807","-0.0004"
"","77.4480","0.2707","-0.0004"
"","77.5480","0.2608","-0.0004"
"","77.6480","0.2509","-0.0005"
"","77.7480","0.2405","-0.0004"
"","77.8480","0.2304","-0.0005"
"","77.9480","0.2206","-0.0005"
"","78.0480","0.2108","-0.0004"
"","78.1480","0.2005","-0.0005"
"","78.2480","0.1904","-0.0004"
"","78.3480","0.1807","-0.0005"
"","78.4480","0.1706","-0.0005"
"","78.5480","0.1605","-0.0006"
"","78.6480","0.1504","-0.0005"
"","78.7480","0.1408","-0.0005"
"","78.8480","0.1306","-0.0006"
"","78.9480","0.1205","-0.0005"
"","79.0480","0.1105","-0.0005"
"","79.1480","0.1005","-0.0005"
"","79.2480","0.0906","-0.0004"
"","79.3480","0.0805","-0.0006"
"","79.4480","0.0707","-0.0006"
"","79.5480","0.0604","-0.0006"
"","79.6480","0.0506","-0.0005"
"","79.7480","0.0406","-0.0006"
"","79.8480","0.0307","-0.0006"
"","79.9480","0.0205","-0.0006"
"","80.0480","0.0107","-0.0007"
"","80.1480","0.0008","-0.0007"
"","80.1570","-0.0001","-0.0007"
"","80.1580","-0.0002","-0.0007"
"","80.1590","-0.0003","-0.0007"
"","80.2590","-0.0008","-0.0006"
"","80.3590","0.0066","-0.0006"
"","80.4590","0.0186","-0.0006"
"","80.5590","0.0291","-0.0006"
"","80.6590","0.0390","-0.0005"
"","80.7590","0.0489","-0.0006"
"","80.8590","0.0591","-0.0005"
"","80.9590","0.0692","-0.0005"
"","81.0590","0.0788","-0.0005"
"","81.1590","0.0890","-0.0003"
"","81.2590","0.0991","-0.0005"
"","81.3590","0.1092","-0.0004"
"","81.4590","0.1188","-0.0006"
"","81.5590","0.1290","-0.0004"
"","81.6590","0.1391","-0.0005"
"","81.7590","0.1490","-0.0005"
"","81.8590","0.1590","-0.0004"
"","81.9590","0.1691","-0.0004"
"","82.0590","0.1791","-0.0004"
"","82.1590","0.1889","-0.0004"
"","82.2590","0.1991","-0.0003"
"","82.3590","0.2090","-0.0003"
"","82.4590","0.2189","-0.0003"
"","82.5590","0.2290","-0.0003"
"","82.6590","0.2392","-0.0004"
"","82.7590","0.2491","-0.0002"
"","82.8590","0.2588","-0.0002"
"","82.9590","0.2689","-0.0003"
"","83.0590","0.2789","-0.0001"
"","83.1590","0.2888","-0.0003"
"","83.2590","0.2988","-0.0003"
"","83.3590","0.3092","-0.0002"
"","83.4590","0.3193","-0.0003"
"","83.5590","0.3289","-0.0002"
"","83.6590","0.3390","-0.0002"
"","83.7590","0.3491","-0.0001"
"","83.8590","0.3592","-0.0001"
"","83.9590","0.3689","-0.0001"
"","84.0590","0.3790","0.0000"
"","84.1590","0.3891","-0.0002"
"","84.2590","0.3991","-0.0001"
"","84.3590","0.4091","-0.0001"
"","84.4590","0.4190","-0.0001"
"","84.5590","0.4290","0.0000"
"","84.6590","0.4389","0.0000"
"","84.7590","0.4490","0.0000"
"","84.8590","0.4590","0.0000"
"","84.9590","0.4690","0.0000"
"","85.0590","0.4791","0.0000"
"","85.1590","0.4891","0.0000"
"","85.2590","0.4991","0.0001"
"","85.3590","0.5088","0.0000"
"","85.4590","0.5191","0.0001"
"","85.5590","0.5290","0.0001"
"","85.6590","0.5390","0.0001"
"","85.7590","0.5490","0.0002"
"","85.8590","0.5592","0.0001"
"","85.9590","0.5692","0.0002"
"","86.0590","0.5788","0.0001"
"","86.1590","0.5891","0.0002"
"","86.2590","0.5990","0.0002"
"","86.3590","0.6092","0.0002"
"","86.4590","0.6188","0.0003"
"","86.5590","0.6291","0.0003"
"","86.6590","0.6390","0.0003"
"","86.7590","0.6491","0.0003"
"","86.8590","0.6591","0.0003"
"","86.9590","0.6691","0.0003"
"","87.0590","0.6791","0.0004"
"","87.1590","0.6888","0.0004"
"","87.2590","0.6991","0.0004"
"","87.3590","0.7090","0.0004"
"","87.4590","0.7190","0.0004"
"","87.5590","0.7290","0.0004"
"","87.6590","0.7392","0.0002"
"","87.7590","0.7491","0.0004"
"","87.8590","0.7588","0.0003"
"","87.9590","0.7690","0.0005"
"","88.0590","0.7792","0.0005"
"","88.1590","0.7890","0.0005"
"","88.2590","0.7989","0.0006"
"","88.3590","0.8091","0.0005"
"","88.4590","0.8193","0.0005"
"","88.5590","0.8288","0.0005"
"","88.6590","0.8390","0.0006"
"","88.7590","0.8491","0.0006"
"","88.8590","0.8592","0.0005"
"","88.9590","0.8688","0.0007"
"","89.0590","0.8790","0.0007"
"","89.1590","0.8891","0.0007"
"","89.2590","0.8990","0.0007"
"","89.3590","0.9090","0.0007"
"","89.4590","0.9191","0.0007"
"","89.5590","0.9291","0.0007"
"","89.6590","0.9389","0.0008"
"","89.7590","0.9491","0.0008"
"","89.8590","0.9590","0.0008"
"","89.9590","0.9690","0.0008"
"","90.0590","0.9791","0.0009"
"","90.1590","0.9892","0.0008"
"","90.2590","0.9990","0.0009"
"","90.3590","1.0087","0.0009"
"","90.4590","1.0191","0.0009"
"","90.5590","1.0292","0.0010"
"","90.6590","1.0390","0.0010"
"","90.7590","1.0489","0.0010"
"","90.8590","1.0592","0.0010"
"","90.9590","1.0692","0.0010"
"","91.0590","1.0788","0.0011"
"","91.1590","1.0890","0.0011"
"","91.2590","1.0991","0.0011"
"","91.3590","1.1092","0.0011"
"","91.4590","1.1189","0.0011"
"","91.5590","1.1290","0.0011"
"","91.6590","1.1391","0.0012"
"","91.7590","1.1491","0.0012"
"","91.8590","1.1591","0.0012"
"","91.9590","1.1691","0.0013"
"","92.0590","1.1790","0.0013"
"","92.1590","1.1889","0.0013"
"","92.2590","1.1991","0.0013"
"","92.3590","1.2090","0.0013"
"","92.4590","1.2190","0.0013"
"","92.5590","1.2291","0.0014"
"","92.6590","1.2392","0.0014"
"","92.7590","1.2491","0.0014"
"","92.8590","1.2588","0.0014"
"","92.9590","1.2691","0.0015"
"","93.0590","1.2791","0.0015"
"","93.1590","1.2890","0.0015"
"","93.2590","1.2989","0.0015"
"","93.3590","1.3092","0.0016"
"","93.4590","1.3192","0.0016"
"","93.5590","1.3288","0.0016"
"","93.6590","1.3391","0.0016"
"","93.7590","1.3490","0.0017"
"","93.8590","1.3592","0.0017"
"","93.9590","1.3689","0.0017"
"","94.0590","1.3791","0.0017"
"","94.1590","1.3890","0.0018"
"","94.2590","1.3990","0.0018"
"","94.3590","1.4092","0.0019"
"","94.4590","1.4191","0.0019"
"","94.5590","1.4291","0.0019"
"","94.6590","1.4388","0.0019"
"","94.7590","1.4491","0.0020"
"","94.8590","1.4590","0.0020"
"","94.9590","1.4689","0.0020"
"","95.0590","1.4790","0.0021"
"","95.1590","1.4892","0.0021"
"","95.2590","1.4991","0.0021"
"","95.3590","1.5087","0.0022"
"","95.4590","1.5190","0.0022"
"","95.5590","1.5291","0.0022"
"","95.6590","1.5390","0.0023"
"","95.7590","1.5488","0.0023"
"","95.8590","1.5591","0.0023"
"","95.9590","1.5692","0.0023"
"","96.0590","1.5788","0.0024"
"","96.1590","1.5890","0.0024"
"","96.2590","1.5991","0.0025"
"","96.3590","1.6092","0.0025"
"","96.4590","1.6189","0.0025"
"","96.5590","1.6291","0.0026"
"","96.6590","1.6391","0.0026"
"","96.7590","1.6489","0.0027"
"","96.8590","1.6590","0.0027"
"","96.9590","1.6691","0.0028"
"","97.0590","1.6792","0.0028"
"","97.1590","1.6888","0.0028"
"","97.2590","1.6991","0.0029"
"","97.3590","1.7091","0.0029"
"","97.4590","1.7190","0.0030"
"","97.5590","1.7290","0.0030"
"","97.6590","1.7392","0.0031"
"","97.7590","1.7491","0.0031"
"","97.8590","1.7587","0.0032"
"","97.9590","1.7691","0.0032"
"","98.0590","1.7791","0.0033"
"","98.1590","1.7891","0.0033"
"","98.2590","1.7989","0.0033"
"","98.3590","1.8091","0.0034"
"","98.4590","1.8191","0.0034"
"","98.5590","1.8289","0.0035"
"","98.6590","1.8390","0.0036"
"","98.7590","1.8491","0.0036"
"","98.8590","1.8592","0.0037"
"","98.9590","1.8690","0.0037"
"","99.0590","1.8790","0.0038"
"","99.1590","1.8891","0.0039"
"","99.2590","1.8990","0.0039"
"","99.3590","1.9091","0.0040"
"","99.4590","1.9190","0.0041"
"","99.5590","1.9290","0.0042"
"","99.6590","1.9388","0.0042"
"","99.7590","1.9491","0.0043"
"","99.8590","1.9589","0.0044"
"","99.9590","1.9689","0.0045"
"","100.0590","1.9791","0.0046"
"","100.1590","1.9892","0.0047"
"","100.2590","1.9990","0.0048"
"","100.3590","2.0087","0.0049"
"","100.4590","2.0191","0.0050"
"","100.5590","2.0291","0.0051"
"","100.6590","2.0391","0.0052"
"","100.7590","2.0489","0.0053"
"","100.8590","2.0592","0.0054"
"","100.9590","2.0693","0.0055"
"","101.0590","2.0788","0.0056"
"","101.1590","2.0891","0.0058"
"","101.2590","2.0990","0.0059"
"","101.3590","2.1092","0.0060"
"","101.4590","2.1188","0.0061"
"","101.5590","2.1291","0.0062"
"","101.6590","2.1390","0.0064"
"","101.7590","2.1490","0.0065"
"","101.8590","2.1592","0.0066"
"","101.9590","2.1691","0.0067"
"","102.0590","2.1791","0.0069"
"","102.1590","2.1887","0.0070"
"","102.2590","2.1992","0.0071"
"","102.3590","2.2090","0.0073"
"","102.4590","2.2189","0.0074"
"","102.5590","2.2290","0.0075"
"","102.6590","2.2393","0.0077"
"","102.7590","2.2491","0.0078"
"","102.8590","2.2588","0.0079"
"","102.9590","2.2690","0.0081"
"","103.0590","2.2792","0.0082"
"","103.1590","2.2889","0.0083"
"","103.2590","2.2988","0.0085"
"","103.3590","2.3091","0.0086"
"","103.4590","2.3193","0.0088"
"","103.5590","2.3288","0.0089"
"","103.6590","2.3390","0.0091"
"","103.7590","2.3491","0.0092"
"","103.8590","2.3592","0.0093"
"","103.9590","2.3689","0.0095"
"","104.0590","2.3790","0.0097"
"","104.1590","2.3890","0.0098"
"","104.2590","2.3990","0.0100"
"","104.3590","2.4091","0.0101"
"","104.4590","2.4191","0.0103"
"","104.5590","2.4292","0.0104"
"","104.6590","2.4388","0.0106"
"","104.7590","2.4492","0.0108"
"","104.8590","2.4590","0.0110"
"","104.9590","2.4689","0.0111"
"","105.0590","2.4790","0.0113"
"","105.1590","2.4893","0.0115"
"","105.2590","2.4991","0.0117"
"","105.3590","2.5087","0.0119"
"","105.4590","2.5190","0.0121"
"","105.5590","2.5292","0.0123"
"","105.6590","2.5390","0.0125"
"","105.7590","2.5489","0.0127"
"","105.8590","2.5591","0.0130"
"","105.9590","2.5692","0.0132"
"","106.0590","2.5788","0.0135"
"","106.1590","2.5890","0.0138"
"","106.2590","2.5990","0.0140"
"","106.3590","2.6092","0.0143"
"","106.4590","2.6189","0.0146"
"","106.5590","2.6290","0.0149"
"","106.6590","2.6390","0.0152"
"","106.7590","2.6490","0.0155"
"","106.8590","2.6591","0.0159"
"","106.9590","2.6691","0.0162"
"","107.0590","2.6790","0.0165"
"","107.1590","2.6888","0.0169"
"","107.2590","2.6990","0.0172"
"","107.3590","2.7090","0.0176"
"","107.4590","2.7190","0.0180"
"","107.5590","2.7290","0.0184"
"","107.6590","2.7393","0.0188"
"","107.7590","2.7491","0.0192"
"","107.8590","2.7587","0.0196"
"","107.9590","2.7690","0.0200"
"","108.0590","2.7790","0.0204"
"","108.1590","2.7890","0.0209"
"","108.2590","2.7989","0.0213"
"","108.3590","2.8092","0.0218"
"","108.4590","2.8193","0.0222"
"","108.5590","2.8287","0.0226"
"","108.6590","2.8390","0.0231"
"","108.7590","2.8490","0.0236"
"","108.8590","2.8592","0.0241"
"","108.9590","2.8688","0.0246"
"","109.0590","2.8791","0.0251"
"","109.1590","2.8890","0.0256"
"","109.2590","2.8990","0.0262"
"","109.3590","2.9091","0.0267"
"","109.4590","2.9191","0.0273"
"","109.5590","2.9292","0.0278"
"","109.6590","2.9388","0.0284"
"","109.7590","2.9491","0.0289"
"","109.8590","2.9590","0.0295"
"","109.9590","2.9689","0.0300"
"","110.0590","2.9790","0.0305"
"","110.1590","2.9893","0.0310"
"","110.2590","2.9991","0.0315"
"","110.3590","3.0088","0.0319"
"","110.4590","3.0190","0.0322"
"","110.5590","3.0292","0.0324"
"","110.6590","3.0390","0.0326"
"","110.7590","3.0489","0.0327"
"","110.8590","3.0591","0.0328"
"","110.9590","3.0693","0.0329"
"","111.0590","3.0788","0.0329"
"","111.1590","3.0890","0.0329"
"","111.2590","3.0991","0.0330"
"","111.3590","3.1092","0.0330"
"","111.4590","3.1188","0.0330"
"","111.5590","3.1290","0.0330"
"","111.6590","3.1390","0.0330"
"","111.7590","3.1490","0.0329"
"","111.8590","3.1591","0.0328"
"","111.9590","3.1691","0.0334"
"","112.0590","3.1791","0.0337"
"","112.1590","3.1888","0.0339"
"","112.2590","3.1991","0.0347"
"","112.3590","3.2090","0.0351"
"","112.4590","3.2190","0.0357"
"","112.5590","3.2290","0.0362"
"","112.6590","3.2392","0.0370"
"","112.7590","3.2490","0.0377"
"","112.8590","3.2587","0.0384"
"","112.9590","3.2690","0.0391"
"","113.0590","3.2792","0.0398"
"","113.1590","3.2890","0.0405"
"","113.2590","3.2989","0.0412"
"","113.3590","3.3091","0.0420"
"","113.4590","3.3192","0.0428"
"","113.5590","3.3288","0.0434"
"","113.6590","3.3390","0.0443"
"","113.7590","3.3490","0.0450"
"","113.8590","3.3592","0.0458"
"","113.9590","3.3689","0.0466"
"","114.0590","3.3790","0.0474"
"","114.1590","3.3890","0.0482"
"","114.2590","3.3990","0.0490"
"","114.3590","3.4090","0.0498"
"","114.4590","3.4190","0.0505"
"","114.5590","3.4290","0.0514"
"","114.6590","3.4388","0.0521"
"","114.7590","3.4490","0.0530"
"","114.8590","3.4590","0.0538"
"","114.9590","3.4690","0.0547"
"","115.0590","3.4791","0.0555"
"","115.1590","3.4892","0.0563"
"","115.2590","3.4991","0.0572"
"","115.3590","3.5088","0.0580"
"","115.4590","3.5191","0.0588"
"","115.5590","3.5290","0.0597"
"","115.6590","3.5391","0.0605"
"","115.7590","3.5490","0.0614"
"","115.8590","3.5592","0.0623"
"","115.9590","3.5692","0.0631"
"","116.0590","3.5787","0.0639"
"","116.1590","3.5891","0.0649"
"","116.2590","3.5991","0.0657"
"","116.3590","3.6091","0.0666"
"","116.4590","3.6187","0.0675"
"","116.5590","3.6291","0.0684"
"","116.6590","3.6391","0.0693"
"","116.7590","3.6490","0.0702"
"","116.8590","3.6590","0.0711"
"","116.9590","3.6691","0.0720"
"","117.0590","3.6792","0.0729"
"","117.1590","3.6888","0.0738"
"","117.2590","3.6991","0.0748"
"","117.3590","3.7090","0.0757"
"","117.4590","3.7190","0.0766"
"","117.5590","3.7291","0.0775"
"","117.6590","3.7391","0.0784"
"","117.7590","3.7491","0.0794"
"","117.8590","3.7587","0.0803"
"","117.9590","3.7690","0.0813"
"","118.0590","3.7791","0.0822"
"","118.1590","3.7890","0.0831"
"","118.2590","3.7989","0.0840"
"","118.3590","3.8091","0.0850"
"","118.4590","3.8193","0.0859"
"","118.5590","3.8288","0.0868"
"","118.6590","3.8390","0.0878"
"","118.7590","3.8492","0.0888"
"","118.8590","3.8592","0.0897"
"","118.9590","3.8688","0.0906"
"","119.0590","3.8791","0.0916"
"","119.1590","3.8891","0.0925"
"","119.2590","3.8991","0.0935"
"","119.3590","3.9091","0.0944"
"","119.4590","3.9191","0.0954"
"","119.5590","3.9292","0.0963"
"","119.6590","3.9388","0.0972"
"","119.7590","3.9491","0.0981"
"","119.8590","3.9590","0.0990"
"","119.9590","3.9689","0.0999"
"","120.0590","3.9790","0.1008"
"","120.1590","3.9892","0.1017"
"","120.2590","3.9991","0.1026"
"","120.2680","4.0000","0.1027"
"","120.2690","4.0001","0.1027"
"","120.2700","4.0002","0.1027"
"","120.3700","4.0005","0.1023"
"","120.4700","3.9933","0.1008"
"","120.5700","3.9809","0.0987"
"","120.6700","3.9707","0.0969"
"","120.7700","3.9608","0.0953"
"","120.8700","3.9506","0.0936"
"","120.9700","3.9404","0.0920"
"","121.0700","3.9307","0.0905"
"","121.1700","3.9206","0.0890"
"","121.2700","3.9105","0.0875"
"","121.3700","3.9003","0.0860"
"","121.4700","3.8907","0.0846"
"","121.5700","3.8805","0.0831"
"","121.6700","3.8705","0.0817"
"","121.7700","3.8605","0.0803"
"","121.8700","3.8506","0.0789"
"","121.9700","3.8405","0.0775"
"","122.0700","3.8304","0.0762"
"","122.1700","3.8207","0.0749"
"","122.2700","3.8104","0.0735"
"","122.3700","3.8005","0.0722"
"","122.4700","3.7905","0.0710"
"","122.5700","3.7806","0.0697"
"","122.6700","3.7705","0.0684"
"","122.7700","3.7606","0.0672"
"","122.8700","3.7507","0.0660"
"","122.9700","3.7404","0.0647"
"","123.0700","3.7304","0.0635"
"","123.1700","3.7205","0.0624"
"","123.2700","3.7107","0.0612"
"","123.3700","3.7004","0.0601"
"","123.4700","3.6904","0.0589"
"","123.5700","3.6807","0.0578"
"","123.6700","3.6705","0.0567"
"","123.7700","3.6604","0.0555"
"","123.8700","3.6504","0.0544"
"","123.9700","3.6407","0.0534"
"","124.0700","3.6305","0.0523"
"","124.1700","3.6204","0.0512"
"","124.2700","3.6106","0.0502"
"","124.3700","3.6006","0.0492"
"","124.4700","3.5905","0.0481"
"","124.5700","3.5804","0.0471"
"","124.6700","3.5708","0.0462"
"","124.7700","3.5603","0.0452"
"","124.8700","3.5504","0.0442"
"","124.9700","3.5405","0.0433"
"","125.0700","3.5306","0.0424"
"","125.1700","3.5204","0.0414"
"","125.2700","3.5105","0.0405"
"","125.3700","3.5008","0.0397"
"","125.4700","3.4904","0.0388"
"","125.5700","3.4802","0.0379"
"","125.6700","3.4705","0.0371"
"","125.7700","3.4608","0.0363"
"","125.8700","3.4505","0.0358"
"","125.9700","3.4404","0.0349"
"","126.0700","3.4307","0.0343"
"","126.1700","3.4206","0.0337"
"","126.2700","3.4105","0.0331"
"","126.3700","3.4004","0.0326"
"","126.4700","3.3907","0.0322"
"","126.5700","3.3806","0.0321"
"","126.6700","3.3705","0.0318"
"","126.7700","3.3605","0.0316"
"","126.8700","3.3505","0.0315"
"","126.9700","3.3405","0.0314"
"","127.0700","3.3305","0.0314"
"","127.1700","3.3207","0.0314"
"","127.2700","3.3103","0.0313"
"","127.3700","3.3005","0.0313"
"","127.4700","3.2905","0.0313"
"","127.5700","3.2806","0.0313"
"","127.6700","3.2704","0.0312"
"","127.7700","3.2605","0.0310"
"","127.8700","3.2508","0.0310"
"","127.9700","3.2405","0.0309"
"","128.0700","3.2304","0.0305"
"","128.1700","3.2205","0.0302"
"","128.2700","3.2108","0.0299"
"","128.3700","3.2005","0.0295"
"","128.4700","3.1903","0.0289"
"","128.5700","3.1806","0.0282"
"","128.6700","3.1706","0.0275"
"","128.7700","3.1605","0.0269"
"","128.8700","3.1504","0.0263"
"","128.9700","3.1407","0.0257"
"","129.0700","3.1305","0.0251"
"","129.1700","3.1205","0.0245"
"","129.2700","3.1106","0.0239"
"","129.3700","3.1004","0.0233"
"","129.4700","3.0905","0.0227"
"","129.5700","3.0804","0.0222"
"","129.6700","3.0707","0.0216"
"","129.7700","3.0603","0.0211"
"","129.8700","3.0505","0.0206"
"","129.9700","3.0406","0.0201"
"","130.0700","3.0306","0.0196"
"","130.1700","3.0204","0.0192"
"","130.2700","3.0106","0.0187"
"","130.3700","3.0007","0.0183"
"","130.4700","2.9904","0.0178"
"","130.5700","2.9803","0.0174"
"","130.6700","2.9705","0.0170"
"","130.7700","2.9607","0.0166"
"","130.8700","2.9505","0.0162"
"","130.9700","2.9403","0.0159"
"","131.0700","2.9307","0.0155"
"","131.1700","2.9206","0.0152"
"","131.2700","2.9104","0.0148"
"","131.3700","2.9004","0.0145"
"","131.4700","2.8907","0.0142"
"","131.5700","2.8806","0.0139"
"","131.6700","2.8705","0.0136"
"","131.7700","2.8605","0.0133"
"","131.8700","2.8504","0.0130"
"","131.9700","2.8405","0.0127"
"","132.0700","2.8305","0.0125"
"","132.1700","2.8208","0.0123"
"","132.2700","2.8103","0.0120"
"","132.3700","2.8004","0.0118"
"","132.4700","2.7905","0.0116"
"","132.5700","2.7806","0.0113"
"","132.6700","2.7705","0.0111"
"","132.7700","2.7606","0.0109"
"","132.8700","2.7509","0.0107"
"","132.9700","2.7404","0.0105"
"","133.0700","2.7302","0.0103"
"","133.1700","2.7205","0.0101"
"","133.2700","2.7108","0.0100"
"","133.3700","2.7006","0.0098"
"","133.4700","2.6903","0.0097"
"","133.5700","2.6806","0.0094"
"","133.6700","2.6706","0.0093"
"","133.7700","2.6605","0.0092"
"","133.8700","2.6504","0.0089"
"","133.9700","2.6407","0.0088"
"","134.0700","2.6306","0.0088"
"","134.1700","2.6205","0.0084"
"","134.2700","2.6105","0.0084"
"","134.3700","2.6005","0.0082"
"","134.4700","2.5905","0.0080"
"","134.5700","2.5805","0.0079"
"","134.6700","2.5707","0.0078"
"","134.7700","2.5603","0.0075"
"","134.8700","2.5505","0.0074"
"","134.9700","2.5405","0.0073"
"","135.0700","2.5306","0.0071"
"","135.1700","2.5204","0.0070"
"","135.2700","2.5105","0.0068"
"","135.3700","2.5008","0.0067"
"","135.4700","2.4905","0.0066"
"","135.5700","2.4803","0.0064"
"","135.6700","2.4705","0.0063"
"","135.7700","2.4608","0.0062"
"","135.8700","2.4505","0.0061"
"","135.9700","2.4403","0.0060"
"","136.0700","2.4307","0.0059"
"","136.1700","2.4206","0.0058"
"","136.2700","2.4105","0.0057"
"","136.3700","2.4004","0.0055"
"","136.4700","2.3907","0.0054"
"","136.5700","2.3805","0.0053"
"","136.6700","2.3705","0.0052"
"","136.7700","2.3605","0.0052"
"","136.8700","2.3504","0.0050"
"","136.9700","2.3405","0.0049"
"","137.0700","2.3305","0.0048"
"","137.1700","2.3207","0.0047"
"","137.2700","2.3103","0.0046"
"","137.3700","2.3005","0.0045"
"","137.4700","2.2906","0.0045"
"","137.5700","2.2806","0.0043"
"","137.6700","2.2704","0.0043"
"","137.7700","2.2606","0.0042"
"","137.8700","2.2507","0.0041"
"","137.9700","2.2404","0.0040"
"","138.0700","2.2303","0.0039"
"","138.1700","2.2205","0.0039"
"","138.2700","2.2108","0.0038"
"","138.3700","2.2005","0.0037"
"","138.4700","2.1903","0.0037"
"","138.5700","2.1807","0.0036"
"","138.6700","2.1706","0.0035"
"","138.7700","2.1604","0.0034"
"","138.8700","2.1504","0.0034"
"","138.9700","2.1407","0.0033"
"","139.0700","2.1306","0.0032"
"","139.1700","2.1204","0.0032"
"","139.2700","2.1106","0.0031"
"","139.3700","2.1004","0.0031"
"","139.4700","2.0906","0.0030"
"","139.5700","2.0805","0.0030"
"","139.6700","2.0708","0.0030"
"","139.7700","2.0602","0.0029"
"","139.8700","2.0504","0.0029"
"","139.9700","2.0406","0.0028"
"","140.0700","2.0306","0.0028"
"","140.1700","2.0204","0.0027"
"","140.2700","2.0105","0.0027"
"","140.3700","2.0008","0.0026"
"","140.4700","1.9904","0.0026"
"","140.5700","1.9803","0.0026"
"","140.6700","1.9704","0.0025"
"","140.7700","1.9608","0.0025"
"","140.8700","1.9505","0.0025"
"","140.9700","1.9404","0.0024"
"","141.0700","1.9306","0.0024"
"","141.1700","1.9206","0.0023"
"","141.2700","1.9105","0.0023"
"","141.3700","1.9004","0.0023"
"","141.4700","1.8907","0.0022"
"","141.5700","1.8805","0.0022"
"","141.6700","1.8704","0.0022"
"","141.7700","1.8606","0.0021"
"","141.8700","1.8505","0.0021"
"","141.9700","1.8405","0.0021"
"","142.0700","1.8305","0.0020"
"","142.1700","1.8208","0.0020"
"","142.2700","1.8104","0.0020"
"","142.3700","1.8004","0.0019"
"","142.4700","1.7905","0.0019"
"","142.5700","1.7806","0.0019"
"","142.6700","1.7705","0.0018"
"","142.7700","1.7604","0.0018"
"","142.8700","1.7507","0.0018"
"","142.9700","1.7405","0.0017"
"","143.0700","1.7304","0.0017"
"","143.1700","1.7205","0.0017"
"","143.2700","1.7108","0.0017"
"","143.3700","1.7005","0.0016"
"","143.4700","1.6904","0.0016"
"","143.5700","1.6806","0.0016"
"","143.6700","1.6705","0.0015"
"","143.7700","1.6605","0.0015"
"","143.8700","1.6504","0.0015"
"","143.9700","1.6407","0.0015"
"","144.0700","1.6305","0.0014"
"","144.1700","1.6205","0.0014"
"","144.2700","1.6105","0.0014"
"","144.3700","1.6005","0.0014"
"","144.4700","1.5905","0.0013"
"","144.5700","1.5804","0.0013"
"","144.6700","1.5707","0.0013"
"","144.7700","1.5603","0.0013"
"","144.8700","1.5505","0.0012"
"","144.9700","1.5406","0.0012"
"","145.0700","1.5306","0.0012"
"","145.1700","1.5204","0.0012"
"","145.2700","1.5106","0.0011"
"","145.3700","1.5007","0.0011"
"","145.4700","1.4904","0.0011"
"","145.5700","1.4803","0.0011"
"","145.6700","1.4705","0.0011"
"","145.7700","1.4607","0.0010"
"","145.8700","1.4504","0.0010"
"","145.9700","1.4404","0.0010"
"","146.0700","1.4307","0.0010"
"","146.1700","1.4206","0.0010"
"","146.2700","1.4104","0.0010"
"","146.3700","1.4004","0.0009"
"","146.4700","1.3907","0.0009"
"","146.5700","1.3806","0.0009"
"","146.6700","1.3704","0.0009"
"","146.7700","1.3606","0.0009"
"","146.8700","1.3505","0.0008"
"","146.9700","1.3406","0.0008"
"","147.0700","1.3305","0.0008"
"","147.1700","1.3207","0.0008"
"","147.2700","1.3103","0.0008"
"","147.3700","1.3004","0.0008"
"","147.4700","1.2906","0.0007"
"","147.5700","1.2806","0.0007"
"","147.6700","1.2704","0.0007"
"","147.7700","1.2606","0.0007"
"","147.8700","1.2508","0.0007"
"","147.9700","1.2405","0.0007"
"","148.0700","1.2302","0.0006"
"","148.1700","1.2205","0.0006"
"","148.2700","1.2108","0.0006"
"","148.3700","1.2005","0.0006"
"","148.4700","1.1903","0.0006"
"","148.5700","1.1807","0.0006"
"","148.6700","1.1706","0.0006"
"","148.7700","1.1605","0.0005"
"","148.8700","1.1504","0.0005"
"","148.9700","1.1407","0.0005"
"","149.0700","1.1305","0.0005"
"","149.1700","1.1204","0.0005"
"","149.2700","1.1105","0.0005"
"","149.3700","1.1006","0.0004"
"","149.4700","1.0906","0.0004"
"","149.5700","1.0804","0.0004"
"","149.6700","1.0707","0.0004"
"","149.7700","1.0604","0.0004"
"","149.8700","1.0505","0.0004"
"","149.9700","1.0405","0.0004"
"","150.0700","1.0306","0.0003"
"","150.1700","1.0204","0.0003"
"","150.2700","1.0105","0.0003"
"","150.3700","1.0008","0.0003"
"","150.4700","0.9905","0.0003"
"","150.5700","0.9803","0.0003"
"","150.6700","0.9705","0.0003"
"","150.7700","0.9608","0.0002"
"","150.8700","0.9505","0.0002"
"","150.9700","0.9403","0.0002"
"","151.0700","0.9307","0.0002"
"","151.1700","0.9205","0.0002"
"","151.2700","0.9105","0.0002"
"","151.3700","0.9004","0.0002"
"","151.4700","0.8908","0.0001"
"","151.5700","0.8805","0.0001"
"","151.6700","0.8705","0.0001"
"","151.7700","0.8605","0.0001"
"","151.8700","0.8506","0.0001"
"","151.9700","0.8405","0.0001"
"","152.0700","0.8304","0.0001"
"","152.1700","0.8207","0.0001"
"","152.2700","0.8103","0.0000"
"","152.3700","0.8005","0.0000"
"","152.4700","0.7905","0.0000"
"","152.5700","0.7806","0.0000"
"","152.6700","0.7704","0.0000"
"","152.7700","0.7606","0.0000"
"","152.8700","0.7507","0.0000"
"","152.9700","0.7404","0.0000"
"","153.0700","0.7303","0.0000"
"","153.1700","0.7206","-0.0001"
"","153.2700","0.7107","-0.0001"
"","153.3700","0.7004","-0.0001"
"","153.4700","0.6903","-0.0001"
"","153.5700","0.6807","-0.0001"
"","153.6700","0.6706","-0.0001"
"","153.7700","0.6604","-0.0001"
"","153.8700","0.6504","-0.0001"
"","153.9700","0.6407","-0.0002"
"","154.0700","0.6305","-0.0002"
"","154.1700","0.6204","-0.0002"
"","154.2700","0.6105","-0.0002"
"","154.3700","0.6005","-0.0002"
"","154.4700","0.5905","-0.0002"
"","154.5700","0.5804","-0.0002"
"","154.6700","0.5708","-0.0002"
"","154.7700","0.5603","-0.0002"
"","154.8700","0.5504","-0.0002"
"","154.9700","0.5405","-0.0003"
"","155.0700","0.5306","-0.0003"
"","155.1700","0.5204","-0.0003"
"","155.2700","0.5105","-0.0003"
"","155.3700","0.5008","-0.0003"
"","155.4700","0.4905","-0.0003"
"","155.5700","0.4803","-0.0003"
"","155.6700","0.4705","-0.0003"
"","155.7700","0.4607","-0.0003"
"","155.8700","0.4505","-0.0003"
"","155.9700","0.4404","-0.0004"
"","156.0700","0.4307","-0.0004"
"","156.1700","0.4206","-0.0004"
"","156.2700","0.4105","-0.0004"
"","156.3700","0.4004","-0.0004"
"","156.4700","0.3907","-0.0004"
"","156.5700","0.3806","-0.0004"
"","156.6700","0.3704","-0.0004"
"","156.7700","0.3605","-0.0004"
"","156.8700","0.3505","-0.0004"
"","156.9700","0.3405","-0.0004"
"","157.0700","0.3305","-0.0005"
"","157.1700","0.3207","-0.0005"
"","157.2700","0.3104","-0.0005"
"","157.3700","0.3004","-0.0005"
"","157.4700","0.2905","-0.0005"
"","157.5700","0.2807","-0.0005"
"","157.6700","0.2707","-0.0005"
"","157.7700","0.2607","-0.0005"
"","157.8700","0.2508","-0.0005"
"","157.9700","0.2404","-0.0005"
"","158.0700","0.2304","-0.0005"
"","158.1700","0.2205","-0.0006"
"","158.2700","0.2108","-0.0006"
"","158.3700","0.2005","-0.0006"
"","158.4700","0.1903","-0.0006"
"","158.5700","0.1806","-0.0006"
"","158.6700","0.1705","-0.0006"
"","158.7700","0.1605","-0.0006"
"","158.8700","0.1504","-0.0006"
"","158.9700","0.1407","-0.0006"
"","159.0700","0.1305","-0.0006"
"","159.1700","0.1205","-0.0006"
"","159.2700","0.1105","-0.0006"
"","159.3700","0.1005","-0.0007"
"","159.4700","0.0905","-0.0007"
"","159.5700","0.0804","-0.0007"
"","159.6700","0.0707","-0.0007"
"","159.7700","0.0603","-0.0007"
"","159.8700","0.0505","-0.0007"
"","159.9700","0.0405","-0.0007"
"","160.0700","0.0306","-0.0007"
"","160.1700","0.0204","-0.0007"
"","160.2700","0.0106","-0.0007"
"","160.3700","0.0007","-0.0007"
"","160.3780","-0.0001","-0.0007"
"","160.3790","-0.0002","-0.0007"
"","160.3800","-0.0003","-0.0007"
"","160.4800","-0.0008","-0.0007"
"","160.5800","0.0067","-0.0007"
"","160.6800","0.0187","-0.0007"
"","160.7800","0.0292","-0.0007"
"","160.8800","0.0391","-0.0007"
"","160.9800","0.0490","-0.0006"
"","161.0800","0.0592","-0.0006"
"","161.1800","0.0693","-0.0006"
"","161.2800","0.0788","-0.0006"
"","161.3800","0.0891","-0.0006"
"","161.4800","0.0992","-0.0006"
"","161.5800","0.1093","-0.0005"
"","161.6800","0.1189","-0.0005"
"","161.7800","0.1291","-0.0005"
"","161.8800","0.1392","-0.0005"
"","161.9800","0.1491","-0.0005"
"","162.0800","0.1591","-0.0005"
"","162.1800","0.1692","-0.0005"
"","162.2800","0.1792","-0.0005"
"","162.3800","0.1890","-0.0004"
"","162.4800","0.1992","-0.0004"
"","162.5800","0.2091","-0.0004"
"","162.6800","0.2190","-0.0004"
"","162.7800","0.2291","-0.0004"
"","162.8800","0.2393","-0.0004"
"","162.9800","0.2492","-0.0004"
"","163.0800","0.2589","-0.0004"
"","163.1800","0.2690","-0.0004"
"","163.2800","0.2790","-0.0003"
"","163.3800","0.2890","-0.0003"
"","163.4800","0.2989","-0.0003"
"","163.5800","0.3093","-0.0003"
"","163.6800","0.3193","-0.0003"
"","163.7800","0.3290","-0.0003"
"","163.8800","0.3391","-0.0003"
"","163.9800","0.3492","-0.0002"
"","164.0800","0.3593","-0.0002"
"","164.1800","0.3690","-0.0002"
"","164.2800","0.3791","-0.0002"
"","164.3800","0.3892","-0.0002"
"","164.4800","0.3992","-0.0002"
"","164.5800","0.4091","-0.0002"
"","164.6800","0.4191","-0.0002"
"","164.7800","0.4291","-0.0001"
"","164.8800","0.4390","-0.0001"
"","164.9800","0.4491","-0.0001"
"","165.0800","0.4591","-0.0001"
"","165.1800","0.4691","-0.0001"
"","165.2800","0.4792","-0.0001"
"","165.3800","0.4892","-0.0001"
"","165.4800","0.4992","0.0000"
"","165.5800","0.5089","0.0000"
"","165.6800","0.5192","0.0000"
"","165.7800","0.5291","0.0000"
"","165.8800","0.5392","0.0000"
"","165.9800","0.5491","0.0000"
"","166.0800","0.5593","0.0000"
"","166.1800","0.5694","0.0000"
"","166.2800","0.5789","0.0001"
"","166.3800","0.5892","0.0001"
"","166.4800","0.5991","0.0001"
"","166.5800","0.6093","0.0001"
"","166.6800","0.6189","0.0001"
"","166.7800","0.6292","0.0001"
"","166.8800","0.6392","0.0002"
"","166.9800","0.6491","0.0002"
"","167.0800","0.6592","0.0002"
"","167.1800","0.6692","0.0002"
"","167.2800","0.6792","0.0002"
"","167.3800","0.6889","0.0002"
"","167.4800","0.6992","0.0003"
"","167.5800","0.7091","0.0003"
"","167.6800","0.7191","0.0003"
"","167.7800","0.7291","0.0003"
"","167.8800","0.7393","0.0003"
"","167.9800","0.7492","0.0003"
"","168.0800","0.7589","0.0003"
"","168.1800","0.7691","0.0004"
"","168.2800","0.7793","0.0004"
"","168.3800","0.7891","0.0004"
"","168.4800","0.7990","0.0004"
"","168.5800","0.8092","0.0004"
"","168.6800","0.8194","0.0004"
"","168.7800","0.8289","0.0005"
"","168.8800","0.8391","0.0005"
"","168.9800","0.8492","0.0005"
"","169.0800","0.8593","0.0005"
"","169.1800","0.8689","0.0005"
"","169.2800","0.8791","0.0005"
"","169.3800","0.8892","0.0006"
"","169.4800","0.8991","0.0006"
"","169.5800","0.9091","0.0006"
"","169.6800","0.9192","0.0006"
"","169.7800","0.9292","0.0006"
"","169.8800","0.9390","0.0006"
"","169.9800","0.9492","0.0007"
"","170.0800","0.9591","0.0007"
"","170.1800","0.9691","0.0007"
"","170.2800","0.9792","0.0007"
"","170.3800","0.9893","0.0007"
"","170.4800","0.9992","0.0008"
"","170.5800","1.0088","0.0008"
"","170.6800","1.0192","0.0008"
"","170.7800","1.0293","0.0008"
"","170.8800","1.0391","0.0008"
"","170.9800","1.0490","0.0009"
"","171.0800","1.0593","0.0009"
"","171.1800","1.0693","0.0009"
"","171.2800","1.0789","0.0009"
"","171.3800","1.0891","0.0009"
"","171.4800","1.0991","0.0010"
"","171.5800","1.1093","0.0010"
"","171.6800","1.1190","0.0010"
"","171.7800","1.1291","0.0010"
"","171.8800","1.1391","0.0010"
"","171.9800","1.1492","0.0010"
"","172.0800","1.1592","0.0011"
"","172.1800","1.1692","0.0011"
"","172.2800","1.1792","0.0011"
"","172.3800","1.1890","0.0011"
"","172.4800","1.1992","0.0011"
"","172.5800","1.2091","0.0012"
"","172.6800","1.2191","0.0012"
"","172.7800","1.2292","0.0012"
"","172.8800","1.2393","0.0012"
"","172.9800","1.2492","0.0013"
"","173.0800","1.2589","0.0013"
"","173.1800","1.2692","0.0013"
"","173.2800","1.2792","0.0013"
"","173.3800","1.2891","0.0013"
"","173.4800","1.2990","0.0014"
"","173.5800","1.3093","0.0014"
"","173.6800","1.3194","0.0014"
"","173.7800","1.3289","0.0014"
"","173.8800","1.3392","0.0014"
"","173.9800","1.3491","0.0015"
"","174.0800","1.3593","0.0015"
"","174.1800","1.3690","0.0015"
"","174.2800","1.3792","0.0016"
"","174.3800","1.3891","0.0016"
"","174.4800","1.3991","0.0016"
"","174.5800","1.4092","0.0016"
"","174.6800","1.4192","0.0017"
"","174.7800","1.4292","0.0017"
"","174.8800","1.4389","0.0017"
"","174.9800","1.4492","0.0017"
"","175.0800","1.4591","0.0018"
"","175.1800","1.4690","0.0018"
"","175.2800","1.4792","0.0018"
"","175.3800","1.4893","0.0019"
"","175.4800","1.4992","0.0019"
"","175.5800","1.5088","0.0019"
"","175.6800","1.5191","0.0019"
"","175.7800","1.5292","0.0020"
"","175.8800","1.5391","0.0020"
"","175.9800","1.5489","0.0020"
"","176.0800","1.5592","0.0021"
"","176.1800","1.5693","0.0021"
"","176.2800","1.5789","0.0021"
"","176.3800","1.5891","0.0022"
"","176.4800","1.5992","0.0022"
"","176.5800","1.6093","0.0022"
"","176.6800","1.6190","0.0023"
"","176.7800","1.6292","0.0023"
"","176.8800","1.6392","0.0023"
"","176.9800","1.6490","0.0024"
"","177.0800","1.6592","0.0024"
"","177.1800","1.6692","0.0025"
"","177.2800","1.6793","0.0025"
"","177.3800","1.6889","0.0026"
"","177.4800","1.6992","0.0026"
"","177.5800","1.7092","0.0026"
"","177.6800","1.7191","0.0027"
"","177.7800","1.7291","0.0027"
"","177.8800","1.7392","0.0027"
"","177.9800","1.7492","0.0028"
"","178.0800","1.7589","0.0028"
"","178.1800","1.7692","0.0029"
"","178.2800","1.7792","0.0029"
"","178.3800","1.7891","0.0030"
"","178.4800","1.7990","0.0030"
"","178.5800","1.8093","0.0031"
"","178.6800","1.8192","0.0031"
"","178.7800","1.8290","0.0032"
"","178.8800","1.8390","0.0032"
"","178.9800","1.8492","0.0032"
"","179.0800","1.8592","0.0033"
"","179.1800","1.8691","0.0034"
"","179.2800","1.8791","0.0034"
"","179.3800","1.8892","0.0035"
"","179.4800","1.8991","0.0035"
"","179.5800","1.9092","0.0036"
"","179.6800","1.9192","0.0037"
"","179.7800","1.9292","0.0037"
"","179.8800","1.9389","0.0038"
"","179.9800","1.9492","0.0038"
"","180.0800","1.9591","0.0039"
"","180.1800","1.9690","0.0040"
"","180.2800","1.9792","0.0041"
"","180.3800","1.9893","0.0042"
"","180.4800","1.9991","0.0043"
"","180.5800","2.0088","0.0043"
"","180.6800","2.0192","0.0044"
"","180.7800","2.0292","0.0045"
"","180.8800","2.0391","0.0046"
"","180.9800","2.0490","0.0047"
"","181.0800","2.0593","0.0048"
"","181.1800","2.0694","0.0049"
"","181.2800","2.0789","0.0050"
"","181.3800","2.0892","0.0051"
"","181.4800","2.0991","0.0052"
"","181.5800","2.1093","0.0053"
"","181.6800","2.1189","0.0054"
"","181.7800","2.1292","0.0055"
"","181.8800","2.1391","0.0056"
"","181.9800","2.1491","0.0058"
"","182.0800","2.1593","0.0059"
"","182.1800","2.1692","0.0060"
"","182.2800","2.1792","0.0061"
"","182.3800","2.1888","0.0062"
"","182.4800","2.1993","0.0064"
"","182.5800","2.2091","0.0065"
"","182.6800","2.2190","0.0066"
"","182.7800","2.2291","0.0067"
"","182.8800","2.2394","0.0068"
"","182.9800","2.2492","0.0069"
"","183.0800","2.2589","0.0071"
"","183.1800","2.2691","0.0072"
"","183.2800","2.2793","0.0073"
"","183.3800","2.2890","0.0074"
"","183.4800","2.2989","0.0075"
"","183.5800","2.3092","0.0077"
"","183.6800","2.3194","0.0078"
"","183.7800","2.3289","0.0079"
"","183.8800","2.3391","0.0081"
"","183.9800","2.3492","0.0082"
"","184.0800","2.3593","0.0083"
"","184.1800","2.3690","0.0085"
"","184.2800","2.3791","0.0086"
"","184.3800","2.3891","0.0087"
"","184.4800","2.3991","0.0089"
"","184.5800","2.4092","0.0090"
"","184.6800","2.4192","0.0092"
"","184.7800","2.4292","0.0093"
"","184.8800","2.4389","0.0095"
"","184.9800","2.4492","0.0096"
"","185.0800","2.4591","0.0098"
"","185.1800","2.4690","0.0099"
"","185.2800","2.4791","0.0101"
"","185.3800","2.4894","0.0103"
"","185.4800","2.4992","0.0104"
"","185.5800","2.5088","0.0106"
"","185.6800","2.5191","0.0108"
"","185.7800","2.5292","0.0109"
"","185.8800","2.5391","0.0111"
"","185.9800","2.5490","0.0113"
"","186.0800","2.5592","0.0115"
"","186.1800","2.5693","0.0116"
"","186.2800","2.5789","0.0118"
"","186.3800","2.5891","0.0120"
"","186.4800","2.5991","0.0122"
"","186.5800","2.6093","0.0125"
"","186.6800","2.6190","0.0126"
"","186.7800","2.6291","0.0129"
"","186.8800","2.6391","0.0131"
"","186.9800","2.6491","0.0133"
"","187.0800","2.6592","0.0136"
"","187.1800","2.6692","0.0138"
"","187.2800","2.6791","0.0141"
"","187.3800","2.6889","0.0143"
"","187.4800","2.6991","0.0146"
"","187.5800","2.7091","0.0149"
"","187.6800","2.7190","0.0153"
"","187.7800","2.7292","0.0156"
"","187.8800","2.7394","0.0159"
"","187.9800","2.7492","0.0163"
"","188.0800","2.7589","0.0166"
"","188.1800","2.7691","0.0170"
"","188.2800","2.7792","0.0174"
"","188.3800","2.7891","0.0177"
"","188.4800","2.7990","0.0181"
"","188.5800","2.8093","0.0186"
"","188.6800","2.8193","0.0189"
"","188.7800","2.8288","0.0194"
"","188.8800","2.8391","0.0198"
"","188.9800","2.8491","0.0202"
"","189.0800","2.8593","0.0207"
"","189.1800","2.8689","0.0211"
"","189.2800","2.8792","0.0216"
"","189.3800","2.8891","0.0220"
"","189.4800","2.8991","0.0225"
"","189.5800","2.9093","0.0230"
"","189.6800","2.9192","0.0235"
"","189.7800","2.9293","0.0240"
"","189.8800","2.9389","0.0245"
"","189.9800","2.9492","0.0250"
"","190.0800","2.9591","0.0255"
"","190.1800","2.9690","0.0260"
"","190.2800","2.9791","0.0266"
"","190.3800","2.9894","0.0271"
"","190.4800","2.9992","0.0276"
"","190.5800","3.0089","0.0281"
"","190.6800","3.0191","0.0286"
"","190.7800","3.0293","0.0292"
"","190.8800","3.0391","0.0297"
"","190.9800","3.0490","0.0303"
"","191.0800","3.0592","0.0307"
"","191.1800","3.0694","0.0312"
"","191.2800","3.0789","0.0315"
"","191.3800","3.0891","0.0317"
"","191.4800","3.0992","0.0321"
"","191.5800","3.1093","0.0323"
"","191.6800","3.1189","0.0325"
"","191.7800","3.1291","0.0326"
"","191.8800","3.1391","0.0326"
"","191.9800","3.1491","0.0327"
"","192.0800","3.1592","0.0327"
"","192.1800","3.1692","0.0327"
"","192.2800","3.1792","0.0327"
"","192.3800","3.1889","0.0328"
"","192.4800","3.1992","0.0328"
"","192.5800","3.2091","0.0328"
"","192.6800","3.2191","0.0328"
"","192.7800","3.2291","0.0329"
"","192.8800","3.2393","0.0331"
"","192.9800","3.2491","0.0334"
"","193.0800","3.2588","0.0337"
"","193.1800","3.2691","0.0342"
"","193.2800","3.2793","0.0348"
"","193.3800","3.2891","0.0355"
"","193.4800","3.2990","0.0362"
"","193.5800","3.3092","0.0369"
"","193.6800","3.3194","0.0374"
"","193.7800","3.3289","0.0380"
"","193.8800","3.3391","0.0388"
"","193.9800","3.3491","0.0395"
"","194.0800","3.3593","0.0403"
"","194.1800","3.3690","0.0411"
"","194.2800","3.3791","0.0419"
"","194.3800","3.3892","0.0426"
"","194.4800","3.3991","0.0434"
"","194.5800","3.4092","0.0442"
"","194.6800","3.4192","0.0450"
"","194.7800","3.4292","0.0459"
"","194.8800","3.4390","0.0467"
"","194.9800","3.4491","0.0475"
"","195.0800","3.4591","0.0483"
"","195.1800","3.4691","0.0492"
"","195.2800","3.4792","0.0500"
"","195.3800","3.4893","0.0509"
"","195.4800","3.4991","0.0517"
"","195.5800","3.5089","0.0525"
"","195.6800","3.5192","0.0534"
"","195.7800","3.5291","0.0542"
"","195.8800","3.5392","0.0551"
"","195.9800","3.5491","0.0560"
"","196.0800","3.5593","0.0569"
"","196.1800","3.5693","0.0578"
"","196.2800","3.5788","0.0586"
"","196.3800","3.5892","0.0595"
"","196.4800","3.5991","0.0604"
"","196.5800","3.6092","0.0613"
"","196.6800","3.6188","0.0622"
"","196.7800","3.6292","0.0631"
"","196.8800","3.6392","0.0641"
"","196.9800","3.6491","0.0650"
"","197.0800","3.6590","0.0659"
"","197.1800","3.6692","0.0669"
"","197.2800","3.6793","0.0678"
"","197.3800","3.6889","0.0687"
"","197.4800","3.6992","0.0697"
"","197.5800","3.7092","0.0706"
"","197.6800","3.7191","0.0716"
"","197.7800","3.7292","0.0725"
"","197.8800","3.7392","0.0735"
"","197.9800","3.7492","0.0745"
"","198.0800","3.7590","0.0754"
"","198.1800","3.7691","0.0764"
"","198.2800","3.7792","0.0774"
"","198.3800","3.7891","0.0784"
"","198.4800","3.7991","0.0794"
"","198.5800","3.8093","0.0804"
"","198.6800","3.8194","0.0814"
"","198.7800","3.8289","0.0824"
"","198.8800","3.8391","0.0834"
"","198.9800","3.8492","0.0844"
"","199.0800","3.8593","0.0854"
"","199.1800","3.8689","0.0864"
"","199.2800","3.8792","0.0875"
"","199.3800","3.8892","0.0885"
"","199.4800","3.8990","0.0895"
"","199.5800","3.9091","0.0905"
"","199.6800","3.9192","0.0915"
"","199.7800","3.9293","0.0926"
"","199.8800","3.9389","0.0936"
"","199.9800","3.9492","0.0946"
"","200.0800","3.9591","0.0956"
"","200.1800","3.9690","0.0966"
"","200.2800","3.9791","0.0977"
"","200.3800","3.9893","0.0987"
"","200.4800","3.9992","0.0997"
"","200.4890","4.0001","0.0998"
"","200.4900","4.0002","0.0998"
"","200.4910","4.0003","0.0998"
"","200.5910","4.0007","0.0995"
"","200.6910","3.9933","0.0980"
"","200.7910","3.9810","0.0959"
"","200.8910","3.9708","0.0942"
"","200.9910","3.9609","0.0926"
"","201.0910","3.9507","0.0909"
"","201.1910","3.9405","0.0894"
"","201.2910","3.9308","0.0878"
"","201.3910","3.9206","0.0863"
"","201.4910","3.9106","0.0848"
"","201.5910","3.9004","0.0833"
"","201.6910","3.8908","0.0819"
"","201.7910","3.8806","0.0805"
"","201.8910","3.8706","0.0791"
"","201.9910","3.8606","0.0777"
"","202.0910","3.8507","0.0763"
"","202.1910","3.8406","0.0749"
"","202.2910","3.8305","0.0736"
"","202.3910","3.8208","0.0723"
"","202.4910","3.8105","0.0709"
"","202.5910","3.8006","0.0696"
"","202.6910","3.7906","0.0684"
"","202.7910","3.7807","0.0671"
"","202.8910","3.7706","0.0659"
"","202.9910","3.7606","0.0646"
"","203.0910","3.7507","0.0634"
"","203.1910","3.7405","0.0622"
"","203.2910","3.7305","0.0610"
"","203.3910","3.7206","0.0599"
"","203.4910","3.7108","0.0587"
"","203.5910","3.7005","0.0575"
"","203.6910","3.6905","0.0564"
"","203.7910","3.6808","0.0553"
"","203.8910","3.6706","0.0542"
"","203.9910","3.6605","0.0531"
"","204.0910","3.6505","0.0520"
"","204.1910","3.6408","0.0510"
"","204.2910","3.6306","0.0499"
"","204.3910","3.6205","0.0488"
"","204.4910","3.6107","0.0478"
"","204.5910","3.6007","0.0468"
"","204.6910","3.5906","0.0458"
"","204.7910","3.5805","0.0448"
"","204.8910","3.5708","0.0439"
"","204.9910","3.5604","0.0429"
"","205.0910","3.5505","0.0419"
"","205.1910","3.5406","0.0410"
"","205.2910","3.5307","0.0401"
"","205.3910","3.5205","0.0392"
"","205.4910","3.5106","0.0383"
"","205.5910","3.5009","0.0375"
"","205.6910","3.4905","0.0366"
"","205.7910","3.4803","0.0358"
"","205.8910","3.4706","0.0350"
"","205.9910","3.4608","0.0343"
"","206.0910","3.4506","0.0338"
"","206.1910","3.4404","0.0332"
"","206.2910","3.4307","0.0328"
"","206.3910","3.4207","0.0323"
"","206.4910","3.4105","0.0319"
"","206.5910","3.4005","0.0318"
"","206.6910","3.3908","0.0317"
"","206.7910","3.3806","0.0317"
"","206.8910","3.3705","0.0317"
"","206.9910","3.3606","0.0317"
"","207.0910","3.3506","0.0316"
"","207.1910","3.3406","0.0316"
"","207.2910","3.3306","0.0316"
"","207.3910","3.3208","0.0316"
"","207.4910","3.3104","0.0315"
"","207.5910","3.3006","0.0314"
"","207.6910","3.2906","0.0313"
"","207.7910","3.2807","0.0312"
"","207.8910","3.2705","0.0310"
"","207.9910","3.2606","0.0306"
"","208.0910","3.2509","0.0302"
"","208.1910","3.2406","0.0299"
"","208.2910","3.2304","0.0297"
"","208.3910","3.2206","0.0292"
"","208.4910","3.2109","0.0286"
"","208.5910","3.2006","0.0279"
"","208.6910","3.1904","0.0272"
"","208.7910","3.1807","0.0266"
"","208.8910","3.1707","0.0259"
"","208.9910","3.1606","0.0253"
"","209.0910","3.1505","0.0247"
"","209.1910","3.1407","0.0241"
"","209.2910","3.1306","0.0235"
"","209.3910","3.1206","0.0230"
"","209.4910","3.1107","0.0224"
"","209.5910","3.1005","0.0219"
"","209.6910","3.0906","0.0214"
"","209.7910","3.0805","0.0209"
"","209.8910","3.0708","0.0205"
"","209.9910","3.0604","0.0200"
"","210.0910","3.0506","0.0195"
"","210.1910","3.0407","0.0190"
"","210.2910","3.0307","0.0186"
"","210.3910","3.0205","0.0182"
"","210.4910","3.0107","0.0177"
"","210.5910","3.0008","0.0173"
"","210.6910","2.9905","0.0169"
"","210.7910","2.9804","0.0165"
"","210.8910","2.9706","0.0162"
"","210.9910","2.9608","0.0158"
"","211.0910","2.9505","0.0154"
"","211.1910","2.9404","0.0151"
"","211.2910","2.9308","0.0148"
"","211.3910","2.9207","0.0145"
"","211.4910","2.9105","0.0141"
"","211.5910","2.9004","0.0138"
"","211.6910","2.8908","0.0135"
"","211.7910","2.8806","0.0133"
"","211.8910","2.8705","0.0130"
"","211.9910","2.8606","0.0127"
"","212.0910","2.8505","0.0125"
"","212.1910","2.8406","0.0122"
"","212.2910","2.8306","0.0120"
"","212.3910","2.8209","0.0118"
"","212.4910","2.8103","0.0115"
"","212.5910","2.8005","0.0113"
"","212.6910","2.7906","0.0111"
"","212.7910","2.7807","0.0109"
"","212.8910","2.7705","0.0107"
"","212.9910","2.7607","0.0105"
"","213.0910","2.7509","0.0103"
"","213.1910","2.7405","0.0101"
"","213.2910","2.7303","0.0099"
"","213.3910","2.7206","0.0098"
"","213.4910","2.7109","0.0096"
"","213.5910","2.7006","0.0094"
"","213.6910","2.6904","0.0092"
"","213.7910","2.6807","0.0091"
"","213.8910","2.6707","0.0089"
"","213.9910","2.6606","0.0087"
"","214.0910","2.6504","0.0086"
"","214.1910","2.6408","0.0084"
"","214.2910","2.6306","0.0083"
"","214.3910","2.6205","0.0081"
"","214.4910","2.6106","0.0080"
"","214.5910","2.6006","0.0078"
"","214.6910","2.5906","0.0077"
"","214.7910","2.5805","0.0075"
"","214.8910","2.5708","0.0074"
"","214.9910","2.5604","0.0072"
"","215.0910","2.5505","0.0071"
"","215.1910","2.5406","0.0070"
"","215.2910","2.5307","0.0068"
"","215.3910","2.5205","0.0067"
"","215.4910","2.5106","0.0066"
"","215.5910","2.5008","0.0065"
"","215.6910","2.4906","0.0063"
"","215.7910","2.4804","0.0062"
"","215.8910","2.4706","0.0061"
"","215.9910","2.4608","0.0060"
"","216.0910","2.4506","0.0059"
"","216.1910","2.4404","0.0058"
"","216.2910","2.4307","0.0057"
"","216.3910","2.4207","0.0056"
"","216.4910","2.4106","0.0055"
"","216.5910","2.4005","0.0054"
"","216.6910","2.3907","0.0053"
"","216.7910","2.3806","0.0052"
"","216.8910","2.3706","0.0051"
"","216.9910","2.3606","0.0050"
"","217.0910","2.3505","0.0049"
"","217.1910","2.3406","0.0048"
"","217.2910","2.3305","0.0047"
"","217.3910","2.3208","0.0046"
"","217.4910","2.3104","0.0045"
"","217.5910","2.3006","0.0044"
"","217.6910","2.2907","0.0043"
"","217.7910","2.2807","0.0042"
"","217.8910","2.2705","0.0041"
"","217.9910","2.2607","0.0041"
"","218.0910","2.2508","0.0040"
"","218.1910","2.2405","0.0039"
"","218.2910","2.2304","0.0038"
"","218.3910","2.2206","0.0038"
"","218.4910","2.2108","0.0037"
"","218.5910","2.2005","0.0036"
"","218.6910","2.1904","0.0035"
"","218.7910","2.1808","0.0035"
"","218.8910","2.1707","0.0034"
"","218.9910","2.1605","0.0033"
"","219.0910","2.1505","0.0033"
"","219.1910","2.1407","0.0032"
"","219.2910","2.1307","0.0031"
"","219.3910","2.1205","0.0031"
"","219.4910","2.1106","0.0031"
"","219.5910","2.1005","0.0030"
"","219.6910","2.0907","0.0029"
"","219.7910","2.0806","0.0029"
"","219.8910","2.0709","0.0028"
"","219.9910","2.0603","0.0028"
"","220.0910","2.0505","0.0028"
"","220.1910","2.0407","0.0027"
"","220.2910","2.0307","0.0027"
"","220.3910","2.0205","0.0026"
"","220.4910","2.0106","0.0026"
"","220.5910","2.0009","0.0026"
"","220.6910","1.9906","0.0025"
"","220.7910","1.9804","0.0025"
"","220.8910","1.9705","0.0024"
"","220.9910","1.9608","0.0024"
"","221.0910","1.9506","0.0023"
"","221.1910","1.9405","0.0023"
"","221.2910","1.9307","0.0023"
"","221.3910","1.9207","0.0022"
"","221.4910","1.9105","0.0022"
"","221.5910","1.9005","0.0022"
"","221.6910","1.8908","0.0021"
"","221.7910","1.8806","0.0021"
"","221.8910","1.8705","0.0021"
"","221.9910","1.8606","0.0020"
"","222.0910","1.8506","0.0020"
"","222.1910","1.8406","0.0020"
"","222.2910","1.8305","0.0019"
"","222.3910","1.8208","0.0019"
"","222.4910","1.8105","0.0019"
"","222.5910","1.8005","0.0018"
"","222.6910","1.7906","0.0018"
"","222.7910","1.7807","0.0018"
"","222.8910","1.7706","0.0017"
"","222.9910","1.7605","0.0017"
"","223.0910","1.7508","0.0017"
"","223.1910","1.7405","0.0016"
"","223.2910","1.7305","0.0016"
"","223.3910","1.7206","0.0016"
"","223.4910","1.7109","0.0016"
"","223.5910","1.7006","0.0015"
"","223.6910","1.6905","0.0015"
"","223.7910","1.6807","0.0015"
"","223.8910","1.6706","0.0014"
"","223.9910","1.6606","0.0014"
"","224.0910","1.6505","0.0014"
"","224.1910","1.6408","0.0014"
"","224.2910","1.6306","0.0013"
"","224.3910","1.6206","0.0013"
"","224.4910","1.6106","0.0013"
"","224.5910","1.6005","0.0013"
"","224.6910","1.5906","0.0012"
"","224.7910","1.5805","0.0012"
"","224.8910","1.5708","0.0012"
"","224.9910","1.5604","0.0012"
"","225.0910","1.5505","0.0012"
"","225.1910","1.5407","0.0011"
"","225.2910","1.5307","0.0011"
"","225.3910","1.5205","0.0011"
"","225.4910","1.5107","0.0011"
"","225.5910","1.5008","0.0011"
"","225.6910","1.4905","0.0010"
"","225.7910","1.4804","0.0010"
"","225.8910","1.4706","0.0010"
"","225.9910","1.4608","0.0010"
"","226.0910","1.4505","0.0010"
"","226.1910","1.4405","0.0009"
"","226.2910","1.4308","0.0009"
"","226.3910","1.4207","0.0009"
"","226.4910","1.4105","0.0009"
"","226.5910","1.4005","0.0009"
"","226.6910","1.3908","0.0009"
"","226.7910","1.3806","0.0008"
"","226.8910","1.3705","0.0008"
"","226.9910","1.3606","0.0008"
"","227.0910","1.3506","0.0008"
"","227.1910","1.3406","0.0008"
"","227.2910","1.3305","0.0007"
"","227.3910","1.3208","0.0007"
"","227.4910","1.3104","0.0007"
"","227.5910","1.3005","0.0007"
"","227.6910","1.2907","0.0007"
"","227.7910","1.2807","0.0007"
"","227.8910","1.2705","0.0006"
"","227.9910","1.2607","0.0006"
"","228.0910","1.2509","0.0006"
"","228.1910","1.2405","0.0006"
"","228.2910","1.2303","0.0006"
"","228.3910","1.2206","0.0006"
"","228.4910","1.2109","0.0006"
"","228.5910","1.2006","0.0005"
"","228.6910","1.1904","0.0005"
"","228.7910","1.1807","0.0005"
"","228.8910","1.1707","0.0005"
"","228.9910","1.1606","0.0005"
"","229.0910","1.1504","0.0005"
"","229.1910","1.1408","0.0004"
"","229.2910","1.1306","0.0004"
"","229.3910","1.1205","0.0004"
"","229.4910","1.1106","0.0004"
"","229.5910","1.1007","0.0004"
"","229.6910","1.0907","0.0004"
"","229.7910","1.0805","0.0003"
"","229.8910","1.0708","0.0003"
"","229.9910","1.0605","0.0003"
"","230.0910","1.0506","0.0003"
"","230.1910","1.0406","0.0003"
"","230.2910","1.0307","0.0003"
"","230.3910","1.0205","0.0003"
"","230.4910","1.0106","0.0002"
"","230.5910","1.0008","0.0002"
"","230.6910","0.9906","0.0002"
"","230.7910","0.9804","0.0002"
"","230.8910","0.9706","0.0002"
"","230.9910","0.9609","0.0002"
"","231.0910","0.9506","0.0002"
"","231.1910","0.9404","0.0002"
"","231.2910","0.9308","0.0001"
"","231.3910","0.9206","0.0001"
"","231.4910","0.9106","0.0001"
"","231.5910","0.9004","0.0001"
"","231.6910","0.8908","0.0001"
"","231.7910","0.8806","0.0001"
"","231.8910","0.8706","0.0001"
"","231.9910","0.8606","0.0000"
"","232.0910","0.8507","0.0000"
"","232.1910","0.8406","0.0000"
"","232.2910","0.8305","0.0000"
"","232.3910","0.8207","0.0000"
"","232.4910","0.8104","0.0000"
"","232.5910","0.8006","0.0000"
"","232.6910","0.7906","0.0000"
"","232.7910","0.7807","0.0000"
"","232.8910","0.7705","-0.0001"
"","232.9910","0.7607","-0.0001"
"","233.0910","0.7508","-0.0001"
"","233.1910","0.7405","-0.0001"
"","233.2910","0.7304","-0.0001"
"","233.3910","0.7206","-0.0001"
"","233.4910","0.7108","-0.0001"
"","233.5910","0.7005","-0.0001"
"","233.6910","0.6904","-0.0001"
"","233.7910","0.6808","-0.0002"
"","233.8910","0.6706","-0.0002"
"","233.9910","0.6605","-0.0002"
"","234.0910","0.6504","-0.0002"
"","234.1910","0.6408","-0.0002"
"","234.2910","0.6306","-0.0002"
"","234.3910","0.6205","-0.0002"
"","234.4910","0.6107","-0.0002"
"","234.5910","0.6006","-0.0002"
"","234.6910","0.5906","-0.0003"
"","234.7910","0.5805","-0.0003"
"","234.8910","0.5708","-0.0003"
"","234.9910","0.5604","-0.0003"
"","235.0910","0.5505","-0.0003"
"","235.1910","0.5406","-0.0003"
"","235.2910","0.5307","-0.0003"
"","235.3910","0.5204","-0.0003"
"","235.4910","0.5106","-0.0003"
"","235.5910","0.5009","-0.0003"
"","235.6910","0.4906","-0.0003"
"","235.7910","0.4804","-0.0004"
"","235.8910","0.4705","-0.0004"
"","235.9910","0.4608","-0.0004"
"","236.0910","0.4506","-0.0004"
"","236.1910","0.4404","-0.0004"
"","236.2910","0.4307","-0.0004"
"","236.3910","0.4207","-0.0004"
"","236.4910","0.4106","-0.0004"
"","236.5910","0.4005","-0.0004"
"","236.6910","0.3907","-0.0004"
"","236.7910","0.3806","-0.0005"
"","236.8910","0.3705","-0.0005"
"","236.9910","0.3606","-0.0005"
"","237.0910","0.3506","-0.0005"
"","237.1910","0.3406","-0.0005"
"","237.2910","0.3305","-0.0005"
"","237.3910","0.3208","-0.0005"
"","237.4910","0.3104","-0.0005"
"","237.5910","0.3005","-0.0005"
"","237.6910","0.2906","-0.0005"
"","237.7910","0.2807","-0.0005"
"","237.8910","0.2707","-0.0006"
"","237.9910","0.2608","-0.0006"
"","238.0910","0.2509","-0.0006"
"","238.1910","0.2405","-0.0006"
"","238.2910","0.2304","-0.0006"
"","238.3910","0.2206","-0.0006"
"","238.4910","0.2109","-0.0006"
"","238.5910","0.2006","-0.0006"
"","238.6910","0.1904","-0.0006"
"","238.7910","0.1807","-0.0006"
"","238.8910","0.1706","-0.0006"
"","238.9910","0.1606","-0.0007"
"","239.0910","0.1505","-0.0007"
"","239.1910","0.1408","-0.0007"
"","239.2910","0.1306","-0.0007"
"","239.3910","0.1205","-0.0007"
"","239.4910","0.1106","-0.0007"
"","239.5910","0.1006","-0.0007"
"","239.6910","0.0906","-0.0007"
"","239.7910","0.0805","-0.0007"
"","239.8910","0.0708","-0.0007"
"","239.9910","0.0604","-0.0007"
"","240.0910","0.0506","-0.0007"
"","240.1910","0.0406","-0.0008"
"","240.2910","0.0307","-0.0008"
"","240.3910","0.0205","-0.0008"
"","240.4910","0.0107","-0.0008"
"","240.5910","0.0008","-0.0008"
"","240.6000","-0.0001","-0.0008"
"","240.6010","-0.0002","-0.0008"
"","240.6020","-0.0003","-0.0008"
"","240.7020","-0.0008","-0.0008"
"","240.8020","0.0068","-0.0008"
"","240.9020","0.0187","-0.0007"
"","241.0020","0.0292","-0.0007"
"","241.1020","0.0391","-0.0007"
"","241.2020","0.0489","-0.0007"
"","241.3020","0.0592","-0.0007"
"","241.4020","0.0693","-0.0007"
"","241.5020","0.0788","-0.0006"
"","241.6020","0.0891","-0.0006"
"","241.7020","0.0992","-0.0006"
"","241.8020","0.1093","-0.0006"
"","241.9020","0.1189","-0.0006"
"","242.0020","0.1291","-0.0006"
"","242.1020","0.1392","-0.0006"
"","242.2020","0.1491","-0.0006"
"","242.3020","0.1591","-0.0005"
"","242.4020","0.1692","-0.0005"
"","242.5020","0.1792","-0.0005"
"","242.6020","0.1890","-0.0005"
"","242.7020","0.1992","-0.0005"
"","242.8020","0.2091","-0.0005"
"","242.9020","0.2190","-0.0005"
"","243.0020","0.2291","-0.0004"
"","243.1020","0.2393","-0.0005"
"","243.2020","0.2492","-0.0004"
"","243.3020","0.2589","-0.0004"
"","243.4020","0.2690","-0.0004"
"","243.5020","0.2790","-0.0004"
"","243.6020","0.2889","-0.0004"
"","243.7020","0.2990","-0.0004"
"","243.8020","0.3093","-0.0004"
"","243.9020","0.3193","-0.0003"
"","244.0020","0.3289","-0.0003"
"","244.1020","0.3391","-0.0003"
"","244.2020","0.3491","-0.0003"
"","244.3020","0.3593","-0.0003"
"","244.4020","0.3690","-0.0003"
"","244.5020","0.3791","-0.0003"
"","244.6020","0.3891","-0.0003"
"","244.7020","0.3992","-0.0002"
"","244.8020","0.4091","-0.0002"
"","244.9020","0.4191","-0.0002"
"","245.0020","0.4291","-0.0002"
"","245.1020","0.4390","-0.0002"
"","245.2020","0.4491","-0.0002"
"","245.3020","0.4591","-0.0002"
"","245.4020","0.4691","-0.0001"
"","245.5020","0.4792","-0.0001"
"","245.6020","0.4892","-0.0001"
"","245.7020","0.4992","-0.0001"
"","245.8020","0.5089","-0.0001"
"","245.9020","0.5192","-0.0001"
"","246.0020","0.5291","-0.0001"
"","246.1020","0.5391","0.0000"
"","246.2020","0.5491","0.0000"
"","246.3020","0.5593","0.0000"
"","246.4020","0.5694","0.0000"
"","246.5020","0.5788","0.0000"
"","246.6020","0.5892","0.0000"
"","246.7020","0.5991","0.0000"
"","246.8020","0.6093","0.0001"
"","246.9020","0.6189","0.0001"
"","247.0020","0.6292","0.0001"
"","247.1020","0.6391","0.0001"
"","247.2020","0.6491","0.0001"
"","247.3020","0.6592","0.0001"
"","247.4020","0.6692","0.0001"
"","247.5020","0.6792","0.0002"
"","247.6020","0.6889","0.0002"
"","247.7020","0.6992","0.0002"
"","247.8020","0.7091","0.0002"
"","247.9020","0.7191","0.0002"
"","248.0020","0.7291","0.0002"
"","248.1020","0.7393","0.0002"
"","248.2020","0.7492","0.0003"
"","248.3020","0.7589","0.0003"
"","248.4020","0.7691","0.0003"
"","248.5020","0.7793","0.0003"
"","248.6020","0.7891","0.0003"
"","248.7020","0.7990","0.0003"
"","248.8020","0.8092","0.0004"
"","248.9020","0.8194","0.0004"
"","249.0020","0.8289","0.0004"
"","249.1020","0.8391","0.0004"
"","249.2020","0.8491","0.0004"
"","249.3020","0.8593","0.0004"
"","249.4020","0.8689","0.0004"
"","249.5020","0.8791","0.0005"
"","249.6020","0.8891","0.0005"
"","249.7020","0.8991","0.0005"
"","249.8020","0.9091","0.0005"
"","249.9020","0.9192","0.0005"
"","250.0020","0.9292","0.0006"
"","250.1020","0.9390","0.0006"
"","250.2020","0.9492","0.0006"
"","250.3020","0.9591","0.0006"
"","250.4020","0.9691","0.0006"
"","250.5020","0.9791","0.0007"
"","250.6020","0.9893","0.0007"
"","250.7020","0.9991","0.0007"
"","250.8020","1.0088","0.0007"
"","250.9020","1.0192","0.0007"
"","251.0020","1.0293","0.0007"
"","251.1020","1.0391","0.0008"
"","251.2020","1.0490","0.0008"
"","251.3020","1.0593","0.0008"
"","251.4020","1.0693","0.0008"
"","251.5020","1.0789","0.0008"
"","251.6020","1.0891","0.0009"
"","251.7020","1.0991","0.0009"
"","251.8020","1.1092","0.0009"
"","251.9020","1.1190","0.0009"
"","252.0020","1.1291","0.0009"
"","252.1020","1.1391","0.0010"
"","252.2020","1.1492","0.0010"
"","252.3020","1.1592","0.0010"
"","252.4020","1.1692","0.0010"
"","252.5020","1.1791","0.0010"
"","252.6020","1.1890","0.0011"
"","252.7020","1.1992","0.0011"
"","252.8020","1.2091","0.0011"
"","252.9020","1.2190","0.0011"
"","253.0020","1.2292","0.0012"
"","253.1020","1.2393","0.0012"
"","253.2020","1.2492","0.0012"
"","253.3020","1.2589","0.0012"
"","253.4020","1.2692","0.0012"
"","253.5020","1.2792","0.0012"
"","253.6020","1.2891","0.0013"
"","253.7020","1.2990","0.0013"
"","253.8020","1.3093","0.0013"
"","253.9020","1.3193","0.0013"
"","254.0020","1.3289","0.0014"
"","254.1020","1.3392","0.0014"
"","254.2020","1.3491","0.0014"
"","254.3020","1.3593","0.0014"
"","254.4020","1.3690","0.0015"
"","254.5020","1.3792","0.0015"
"","254.6020","1.3891","0.0015"
"","254.7020","1.3991","0.0015"
"","254.8020","1.4093","0.0015"
"","254.9020","1.4192","0.0016"
"","255.0020","1.4292","0.0016"
"","255.1020","1.4389","0.0016"
"","255.2020","1.4492","0.0016"
"","255.3020","1.4591","0.0017"
"","255.4020","1.4690","0.0017"
"","255.5020","1.4791","0.0017"
"","255.6020","1.4893","0.0018"
"","255.7020","1.4992","0.0018"
"","255.8020","1.5088","0.0018"
"","255.9020","1.5191","0.0018"
"","256.0020","1.5292","0.0019"
"","256.1020","1.5391","0.0019"
"","256.2020","1.5489","0.0019"
"","256.3020","1.5592","0.0020"
"","256.4020","1.5693","0.0020"
"","256.5020","1.5789","0.0020"
"","256.6020","1.5891","0.0021"
"","256.7020","1.5992","0.0021"
"","256.8020","1.6092","0.0021"
"","256.9020","1.6190","0.0022"
"","257.0020","1.6291","0.0022"
"","257.1020","1.6392","0.0022"
"","257.2020","1.6490","0.0023"
"","257.3020","1.6591","0.0023"
"","257.4020","1.6692","0.0023"
"","257.5020","1.6792","0.0024"
"","257.6020","1.6889","0.0024"
"","257.7020","1.6992","0.0025"
"","257.8020","1.7091","0.0025"
"","257.9020","1.7191","0.0025"
"","258.0020","1.7291","0.0026"
"","258.1020","1.7392","0.0026"
"","258.2020","1.7492","0.0027"
"","258.3020","1.7588","0.0027"
"","258.4020","1.7692","0.0027"
"","258.5020","1.7792","0.0028"
"","258.6020","1.7891","0.0028"
"","258.7020","1.7990","0.0029"
"","258.8020","1.8093","0.0029"
"","258.9020","1.8193","0.0030"
"","259.0020","1.8290","0.0030"
"","259.1020","1.8391","0.0031"
"","259.2020","1.8492","0.0031"
"","259.3020","1.8592","0.0032"
"","259.4020","1.8691","0.0032"
"","259.5020","1.8791","0.0033"
"","259.6020","1.8892","0.0033"
"","259.7020","1.8991","0.0034"
"","259.8020","1.9092","0.0034"
"","259.9020","1.9191","0.0035"
"","260.0020","1.9291","0.0036"
"","260.1020","1.9389","0.0036"
"","260.2020","1.9492","0.0037"
"","260.3020","1.9590","0.0038"
"","260.4020","1.9690","0.0038"
"","260.5020","1.9792","0.0039"
"","260.6020","1.9893","0.0040"
"","260.7020","1.9991","0.0041"
"","260.8020","2.0088","0.0042"
"","260.9020","2.0192","0.0042"
"","261.0020","2.0292","0.0043"
"","261.1020","2.0391","0.0044"
"","261.2020","2.0490","0.0045"
"","261.3020","2.0593","0.0046"
"","261.4020","2.0694","0.0047"
"","261.5020","2.0789","0.0048"
"","261.6020","2.0892","0.0049"
"","261.7020","2.0991","0.0050"
"","261.8020","2.1093","0.0051"
"","261.9020","2.1189","0.0052"
"","262.0020","2.1292","0.0053"
"","262.1020","2.1391","0.0054"
"","262.2020","2.1491","0.0055"
"","262.3020","2.1593","0.0056"
"","262.4020","2.1692","0.0057"
"","262.5020","2.1792","0.0058"
"","262.6020","2.1888","0.0059"
"","262.7020","2.1993","0.0060"
"","262.8020","2.2091","0.0061"
"","262.9020","2.2190","0.0063"
"","263.0020","2.2291","0.0064"
"","263.1020","2.2394","0.0065"
"","263.2020","2.2492","0.0066"
"","263.3020","2.2589","0.0067"
"","263.4020","2.2691","0.0068"
"","263.5020","2.2793","0.0069"
"","263.6020","2.2890","0.0071"
"","263.7020","2.2989","0.0072"
"","263.8020","2.3092","0.0073"
"","263.9020","2.3194","0.0074"
"","264.0020","2.3289","0.0075"
"","264.1020","2.3391","0.0077"
"","264.2020","2.3492","0.0078"
"","264.3020","2.3593","0.0079"
"","264.4020","2.3690","0.0080"
"","264.5020","2.3791","0.0082"
"","264.6020","2.3891","0.0083"
"","264.7020","2.3991","0.0084"
"","264.8020","2.4092","0.0086"
"","264.9020","2.4192","0.0087"
"","265.0020","2.4292","0.0089"
"","265.1020","2.4389","0.0090"
"","265.2020","2.4492","0.0092"
"","265.3020","2.4591","0.0093"
"","265.4020","2.4690","0.0095"
"","265.5020","2.4791","0.0096"
"","265.6020","2.4894","0.0098"
"","265.7020","2.4992","0.0099"
"","265.8020","2.5088","0.0101"
"","265.9020","2.5191","0.0102"
"","266.0020","2.5293","0.0104"
"","266.1020","2.5391","0.0106"
"","266.2020","2.5490","0.0107"
"","266.3020","2.5592","0.0109"
"","266.4020","2.5693","0.0111"
"","266.5020","2.5789","0.0113"
"","266.6020","2.5891","0.0115"
"","266.7020","2.5991","0.0117"
"","266.8020","2.6093","0.0119"
"","266.9020","2.6190","0.0120"
"","267.0020","2.6291","0.0123"
"","267.1020","2.6392","0.0125"
"","267.2020","2.6491","0.0127"
"","267.3020","2.6592","0.0129"
"","267.4020","2.6691","0.0131"
"","267.5020","2.6791","0.0134"
"","267.6020","2.6889","0.0136"
"","267.7020","2.6991","0.0138"
"","267.8020","2.7091","0.0141"
"","267.9020","2.7190","0.0144"
"","268.0020","2.7292","0.0146"
"","268.1020","2.7394","0.0150"
"","268.2020","2.7492","0.0152"
"","268.3020","2.7589","0.0155"
"","268.4020","2.7691","0.0159"
"","268.5020","2.7792","0.0162"
"","268.6020","2.7891","0.0165"
"","268.7020","2.7990","0.0169"
"","268.8020","2.8093","0.0173"
"","268.9020","2.8193","0.0176"
"","269.0020","2.8288","0.0180"
"","269.1020","2.8391","0.0184"
"","269.2020","2.8491","0.0188"
"","269.3020","2.8593","0.0193"
"","269.4020","2.8689","0.0197"
"","269.5020","2.8792","0.0202"
"","269.6020","2.8891","0.0206"
"","269.7020","2.8991","0.0211"
"","269.8020","2.9092","0.0215"
"","269.9020","2.9192","0.0220"
"","270.0020","2.9292","0.0225"
"","270.1020","2.9389","0.0229"
"","270.2020","2.9492","0.0234"
"","270.3020","2.9591","0.0239"
"","270.4020","2.9690","0.0244"
"","270.5020","2.9791","0.0250"
"","270.6020","2.9894","0.0255"
"","270.7020","2.9992","0.0260"
"","270.8020","3.0089","0.0265"
"","270.9020","3.0191","0.0271"
"","271.0020","3.0293","0.0276"
"","271.1020","3.0391","0.0281"
"","271.2020","3.0490","0.0286"
"","271.3020","3.0592","0.0292"
"","271.4020","3.0694","0.0297"
"","271.5020","3.0788","0.0301"
"","271.6020","3.0891","0.0305"
"","271.7020","3.0992","0.0310"
"","271.8020","3.1093","0.0314"
"","271.9020","3.1189","0.0315"
"","272.0020","3.1291","0.0318"
"","272.1020","3.1391","0.0319"
"","272.2020","3.1491","0.0321"
"","272.3020","3.1592","0.0323"
"","272.4020","3.1692","0.0324"
"","272.5020","3.1792","0.0325"
"","272.6020","3.1889","0.0326"
"","272.7020","3.1992","0.0326"
"","272.8020","3.2091","0.0326"
"","272.9020","3.2191","0.0327"
"","273.0020","3.2291","0.0327"
"","273.1020","3.2393","0.0326"
"","273.2020","3.2492","0.0326"
"","273.3020","3.2588","0.0327"
"","273.4020","3.2691","0.0327"
"","273.5020","3.2793","0.0329"
"","273.6020","3.2891","0.0332"
"","273.7020","3.2990","0.0336"
"","273.8020","3.3092","0.0342"
"","273.9020","3.3194","0.0348"
"","274.0020","3.3289","0.0354"
"","274.1020","3.3390","0.0361"
"","274.2020","3.3491","0.0367"
"","274.3020","3.3593","0.0374"
"","274.4020","3.3690","0.0382"
"","274.5020","3.3791","0.0390"
"","274.6020","3.3892","0.0397"
"","274.7020","3.3991","0.0405"
"","274.8020","3.4091","0.0413"
"","274.9020","3.4191","0.0421"
"","275.0020","3.4292","0.0429"
"","275.1020","3.4390","0.0437"
"","275.2020","3.4491","0.0446"
"","275.3020","3.4591","0.0454"
"","275.4020","3.4691","0.0462"
"","275.5020","3.4792","0.0470"
"","275.6020","3.4893","0.0479"
"","275.7020","3.4992","0.0487"
"","275.8020","3.5089","0.0495"
"","275.9020","3.5192","0.0504"
"","276.0020","3.5291","0.0513"
"","276.1020","3.5392","0.0521"
"","276.2020","3.5491","0.0530"
"","276.3020","3.5593","0.0539"
"","276.4020","3.5693","0.0547"
"","276.5020","3.5788","0.0556"
"","276.6020","3.5892","0.0565"
"","276.7020","3.5992","0.0575"
"","276.8020","3.6092","0.0584"
"","276.9020","3.6188","0.0593"
"","277.0020","3.6292","0.0602"
"","277.1020","3.6392","0.0612"
"","277.2020","3.6491","0.0621"
"","277.3020","3.6591","0.0631"
"","277.4020","3.6692","0.0640"
"","277.5020","3.6793","0.0650"
"","277.6020","3.6889","0.0659"
"","277.7020","3.6992","0.0669"
"","277.8020","3.7092","0.0678"
"","277.9020","3.7191","0.0688"
"","278.0020","3.7291","0.0698"
"","278.1020","3.7392","0.0708"
"","278.2020","3.7492","0.0718"
"","278.3020","3.7589","0.0727"
"","278.4020","3.7691","0.0738"
"","278.5020","3.7792","0.0748"
"","278.6020","3.7891","0.0758"
"","278.7020","3.7990","0.0768"
"","278.8020","3.8093","0.0778"
"","278.9020","3.8193","0.0789"
"","279.0020","3.8289","0.0798"
"","279.1020","3.8391","0.0809"
"","279.2020","3.8492","0.0820"
"","279.3020","3.8593","0.0830"
"","279.4020","3.8689","0.0840"
"","279.5020","3.8791","0.0851"
"","279.6020","3.8892","0.0862"
"","279.7020","3.8990","0.0872"
"","279.8020","3.9091","0.0882"
"","279.9020","3.9192","0.0893"
"","280.0020","3.9293","0.0904"
"","280.1020","3.9389","0.0914"
"","280.2020","3.9492","0.0925"
"","280.3020","3.9590","0.0936"
"","280.4020","3.9690","0.0946"
"","280.5020","3.9791","0.0957"
"","280.6020","3.9893","0.0968"
"","280.7020","3.9992","0.0978"
"","280.7110","4.0001","0.0979"
"","280.7120","4.0002","0.0979"
"","280.7130","4.0003","0.0979"
"","280.8130","4.0007","0.0976"
"","280.9130","3.9933","0.0962"
"","281.0130","3.9810","0.0941"
"","281.1130","3.9708","0.0924"
"","281.2130","3.9609","0.0907"
"","281.3130","3.9507","0.0891"
"","281.4130","3.9405","0.0875"
"","281.5130","3.9308","0.0860"
"","281.6130","3.9207","0.0844"
"","281.7130","3.9106","0.0829"
"","281.8130","3.9004","0.0814"
"","281.9130","3.8908","0.0800"
"","282.0130","3.8806","0.0786"
"","282.1130","3.8705","0.0771"
"","282.2130","3.8606","0.0758"
"","282.3130","3.8507","0.0744"
"","282.4130","3.8406","0.0730"
"","282.5130","3.8305","0.0717"
"","282.6130","3.8208","0.0704"
"","282.7130","3.8105","0.0690"
"","282.8130","3.8005","0.0677"
"","282.9130","3.7906","0.0665"
"","283.0130","3.7807","0.0652"
"","283.1130","3.7706","0.0639"
"","283.2130","3.7606","0.0627"
"","283.3130","3.7508","0.0615"
"","283.4130","3.7405","0.0603"
"","283.5130","3.7305","0.0591"
"","283.6130","3.7206","0.0579"
"","283.7130","3.7108","0.0568"
"","283.8130","3.7005","0.0556"
"","283.9130","3.6905","0.0545"
"","284.0130","3.6808","0.0534"
"","284.1130","3.6706","0.0523"
"","284.2130","3.6605","0.0512"
"","284.3130","3.6505","0.0502"
"","284.4130","3.6408","0.0491"
"","284.5130","3.6306","0.0481"
"","284.6130","3.6205","0.0470"
"","284.7130","3.6107","0.0460"
"","284.8130","3.6007","0.0450"
"","284.9130","3.5906","0.0440"
"","285.0130","3.5805","0.0430"
"","285.1130","3.5708","0.0421"
"","285.2130","3.5604","0.0412"
"","285.3130","3.5505","0.0403"
"","285.4130","3.5406","0.0393"
"","285.5130","3.5307","0.0384"
"","285.6130","3.5205","0.0376"
"","285.7130","3.5106","0.0367"
"","285.8130","3.5009","0.0359"
"","285.9130","3.4905","0.0350"
"","286.0130","3.4803","0.0342"
"","286.1130","3.4706","0.0335"
"","286.2130","3.4609","0.0330"
"","286.3130","3.4506","0.0324"
"","286.4130","3.4405","0.0322"
"","286.5130","3.4307","0.0320"
"","286.6130","3.4207","0.0319"
"","286.7130","3.4106","0.0318"
"","286.8130","3.4005","0.0318"
"","286.9130","3.3908","0.0317"
"","287.0130","3.3806","0.0317"
"","287.1130","3.3705","0.0316"
"","287.2130","3.3606","0.0316"
"","287.3130","3.3506","0.0316"
"","287.4130","3.3406","0.0315"
"","287.5130","3.3305","0.0315"
"","287.6130","3.3208","0.0314"
"","287.7130","3.3104","0.0313"
"","287.8130","3.3006","0.0311"
"","287.9130","3.2906","0.0309"
"","288.0130","3.2807","0.0307"
"","288.1130","3.2705","0.0302"
"","288.2130","3.2606","0.0298"
"","288.3130","3.2509","0.0292"
"","288.4130","3.2406","0.0286"
"","288.5130","3.2304","0.0281"
"","288.6130","3.2206","0.0278"
"","288.7130","3.2108","0.0273"
"","288.8130","3.2006","0.0266"
"","288.9130","3.1904","0.0260"
"","289.0130","3.1807","0.0254"
"","289.1130","3.1707","0.0248"
"","289.2130","3.1607","0.0242"
"","289.3130","3.1505","0.0237"
"","289.4130","3.1407","0.0232"
"","289.5130","3.1306","0.0226"
"","289.6130","3.1206","0.0221"
"","289.7130","3.1107","0.0216"
"","289.8130","3.1005","0.0211"
"","289.9130","3.0906","0.0207"
"","290.0130","3.0805","0.0202"
"","290.1130","3.0708","0.0198"
"","290.2130","3.0604","0.0193"
"","290.3130","3.0506","0.0189"
"","290.4130","3.0408","0.0184"
"","290.5130","3.0307","0.0180"
"","290.6130","3.0205","0.0176"
"","290.7130","3.0107","0.0172"
"","290.8130","3.0008","0.0168"
"","290.9130","2.9905","0.0164"
"","291.0130","2.9804","0.0160"
"","291.1130","2.9706","0.0157"
"","291.2130","2.9608","0.0153"
"","291.3130","2.9506","0.0150"
"","291.4130","2.9404","0.0147"
"","291.5130","2.9308","0.0144"
"","291.6130","2.9207","0.0141"
"","291.7130","2.9105","0.0137"
"","291.8130","2.9004","0.0135"
"","291.9130","2.8908","0.0132"
"","292.0130","2.8807","0.0129"
"","292.1130","2.8706","0.0127"
"","292.2130","2.8607","0.0124"
"","292.3130","2.8505","0.0122"
"","292.4130","2.8406","0.0119"
"","292.5130","2.8306","0.0117"
"","292.6130","2.8209","0.0115"
"","292.7130","2.8103","0.0113"
"","292.8130","2.8005","0.0111"
"","292.9130","2.7906","0.0108"
"","293.0130","2.7807","0.0106"
"","293.1130","2.7706","0.0104"
"","293.2130","2.7607","0.0102"
"","293.3130","2.7509","0.0101"
"","293.4130","2.7405","0.0099"
"","293.5130","2.7303","0.0097"
"","293.6130","2.7206","0.0095"
"","293.7130","2.7109","0.0093"
"","293.8130","2.7006","0.0092"
"","293.9130","2.6904","0.0090"
"","294.0130","2.6807","0.0088"
"","294.1130","2.6707","0.0087"
"","294.2130","2.6606","0.0085"
"","294.3130","2.6505","0.0084"
"","294.4130","2.6408","0.0082"
"","294.5130","2.6306","0.0081"
"","294.6130","2.6205","0.0079"
"","294.7130","2.6106","0.0078"
"","294.8130","2.6006","0.0076"
"","294.9130","2.5906","0.0075"
"","295.0130","2.5805","0.0073"
"","295.1130","2.5708","0.0072"
"","295.2130","2.5604","0.0071"
"","295.3130","2.5505","0.0069"
"","295.4130","2.5406","0.0068"
"","295.5130","2.5307","0.0067"
"","295.6130","2.5205","0.0065"
"","295.7130","2.5106","0.0064"
"","295.8130","2.5008","0.0063"
"","295.9130","2.4906","0.0062"
"","296.0130","2.4804","0.0061"
"","296.1130","2.4706","0.0060"
"","296.2130","2.4609","0.0058"
"","296.3130","2.4506","0.0058"
"","296.4130","2.4404","0.0056"
"","296.5130","2.4307","0.0055"
"","296.6130","2.4207","0.0054"
"","296.7130","2.4106","0.0053"
"","296.8130","2.4004","0.0052"
"","296.9130","2.3907","0.0051"
"","297.0130","2.3806","0.0051"
"","297.1130","2.3706","0.0050"
"","297.2130","2.3606","0.0049"
"","297.3130","2.3505","0.0048"
"","297.4130","2.3406","0.0047"
"","297.5130","2.3305","0.0046"
"","297.6130","2.3208","0.0045"
"","297.7130","2.3104","0.0044"
"","297.8130","2.3006","0.0043"
"","297.9130","2.2907","0.0043"
"","298.0130","2.2807","0.0042"
"","298.1130","2.2705","0.0041"
"","298.2130","2.2607","0.0040"
"","298.3130","2.2508","0.0039"
"","298.4130","2.2405","0.0039"
"","298.5130","2.2304","0.0038"
"","298.6130","2.2206","0.0037"
"","298.7130","2.2109","0.0036"
"","298.8130","2.2005","0.0036"
"","298.9130","2.1904","0.0035"
"","299.0130","2.1808","0.0034"
"","299.1130","2.1707","0.0034"
"","299.2130","2.1605","0.0033"
"","299.3130","2.1505","0.0032"
"","299.4130","2.1407","0.0032"
"","299.5130","2.1306","0.0031"
"","299.6130","2.1205","0.0030"
"","299.7130","2.1107","0.0030"
"","299.8130","2.1005","0.0029"
"","299.9130","2.0906","0.0029"
"","300.0130","2.0806","0.0028"
"","300.1130","2.0709","0.0028"
"","300.2130","2.0603","0.0027"
"","300.3130","2.0505","0.0027"
"","300.4130","2.0407","0.0027"
"","300.5130","2.0307","0.0026"
"","300.6130","2.0205","0.0026"
"","300.7130","2.0106","0.0025"
"","300.8130","2.0009","0.0025"
"","300.9130","1.9905","0.0024"
"","301.0130","1.9804","0.0024"
"","301.1130","1.9705","0.0024"
"","301.2130","1.9608","0.0023"
"","301.3130","1.9506","0.0023"
"","301.4130","1.9405","0.0023"
"","301.5130","1.9307","0.0022"
"","301.6130","1.9207","0.0022"
"","301.7130","1.9105","0.0021"
"","301.8130","1.9005","0.0021"
"","301.9130","1.8908","0.0021"
"","302.0130","1.8806","0.0020"
"","302.1130","1.8705","0.0020"
"","302.2130","1.8606","0.0020"
"","302.3130","1.8506","0.0019"
"","302.4130","1.8406","0.0019"
"","302.5130","1.8305","0.0019"
"","302.6130","1.8208","0.0018"
"","302.7130","1.8105","0.0018"
"","302.8130","1.8005","0.0018"
"","302.9130","1.7906","0.0017"
"","303.0130","1.7807","0.0017"
"","303.1130","1.7706","0.0017"
"","303.2130","1.7605","0.0016"
"","303.3130","1.7508","0.0016"
"","303.4130","1.7405","0.0016"
"","303.5130","1.7305","0.0016"
"","303.6130","1.7206","0.0015"
"","303.7130","1.7109","0.0015"
"","303.8130","1.7006","0.0015"
"","303.9130","1.6905","0.0014"
"","304.0130","1.6807","0.0014"
"","304.1130","1.6706","0.0014"
"","304.2130","1.6606","0.0014"
"","304.3130","1.6505","0.0013"
"","304.4130","1.6408","0.0013"
"","304.5130","1.6306","0.0013"
"","304.6130","1.6206","0.0013"
"","304.7130","1.6106","0.0013"
"","304.8130","1.6006","0.0012"
"","304.9130","1.5906","0.0012"
"","305.0130","1.5805","0.0012"
"","305.1130","1.5708","0.0011"
"","305.2130","1.5604","0.0012"
"","305.3130","1.5506","0.0011"
"","305.4130","1.5407","0.0011"
"","305.5130","1.5307","0.0011"
"","305.6130","1.5205","0.0011"
"","305.7130","1.5107","0.0010"
"","305.8130","1.5008","0.0010"
"","305.9130","1.4905","0.0010"
"","306.0130","1.4804","0.0010"
"","306.1130","1.4706","0.0009"
"","306.2130","1.4608","0.0010"
"","306.3130","1.4505","0.0009"
"","306.4130","1.4405","0.0009"
"","306.5130","1.4308","0.0009"
"","306.6130","1.4207","0.0009"
"","306.7130","1.4105","0.0008"
"","306.8130","1.4005","0.0008"
"","306.9130","1.3908","0.0008"
"","307.0130","1.3806","0.0008"
"","307.1130","1.3705","0.0008"
"","307.2130","1.3606","0.0008"
"","307.3130","1.3506","0.0007"
"","307.4130","1.3406","0.0007"
"","307.5130","1.3306","0.0007"
"","307.6130","1.3208","0.0007"
"","307.7130","1.3104","0.0007"
"","307.8130","1.3005","0.0006"
"","307.9130","1.2907","0.0006"
"","308.0130","1.2807","0.0006"
"","308.1130","1.2705","0.0006"
"","308.2130","1.2607","0.0006"
"","308.3130","1.2509","0.0006"
"","308.4130","1.2405","0.0006"
"","308.5130","1.2303","0.0005"
"","308.6130","1.2206","0.0005"
"","308.7130","1.2109","0.0005"
"","308.8130","1.2006","0.0005"
"","308.9130","1.1904","0.0005"
"","309.0130","1.1807","0.0005"
"","309.1130","1.1707","0.0005"
"","309.2130","1.1605","0.0004"
"","309.3130","1.1505","0.0004"
"","309.4130","1.1408","0.0004"
"","309.5130","1.1306","0.0004"
"","309.6130","1.1205","0.0004"
"","309.7130","1.1106","0.0003"
"","309.8130","1.1007","0.0003"
"","309.9130","1.0907","0.0003"
"","310.0130","1.0805","0.0003"
"","310.1130","1.0708","0.0003"
"","310.2130","1.0605","0.0003"
"","310.3130","1.0506","0.0003"
"","310.4130","1.0406","0.0003"
"","310.5130","1.0307","0.0002"
"","310.6130","1.0205","0.0002"
"","310.7130","1.0106","0.0002"
"","310.8130","1.0008","0.0002"
"","310.9130","0.9906","0.0002"
"","311.0130","0.9804","0.0002"
"","311.1130","0.9706","0.0002"
"","311.2130","0.9608","0.0001"
"","311.3130","0.9506","0.0001"
"","311.4130","0.9404","0.0001"
"","311.5130","0.9307","0.0001"
"","311.6130","0.9207","0.0001"
"","311.7130","0.9106","0.0001"
"","311.8130","0.9004","0.0001"
"","311.9130","0.8908","0.0001"
"","312.0130","0.8806","0.0000"
"","312.1130","0.8706","0.0000"
"","312.2130","0.8606","0.0000"
"","312.3130","0.8507","0.0000"
"","312.4130","0.8406","0.0000"
"","312.5130","0.8305","0.0000"
"","312.6130","0.8208","0.0000"
"","312.7130","0.8104","0.0000"
"","312.8130","0.8006","-0.0001"
"","312.9130","0.7906","-0.0001"
"","313.0130","0.7807","-0.0001"
"","313.1130","0.7705","-0.0001"
"","313.2130","0.7607","-0.0001"
"","313.3130","0.7508","-0.0001"
"","313.4130","0.7405","-0.0001"
"","313.5130","0.7304","-0.0001"
"","313.6130","0.7206","-0.0001"
"","313.7130","0.7108","-0.0002"
"","313.8130","0.7005","-0.0002"
"","313.9130","0.6904","-0.0002"
"","314.0130","0.6808","-0.0002"
"","314.1130","0.6706","-0.0002"
"","314.2130","0.6605","-0.0002"
"","314.3130","0.6505","-0.0002"
"","314.4130","0.6408","-0.0002"
"","314.5130","0.6306","-0.0002"
"","314.6130","0.6205","-0.0002"
"","314.7130","0.6106","-0.0003"
"","314.8130","0.6006","-0.0003"
"","314.9130","0.5906","-0.0003"
"","315.0130","0.5805","-0.0003"
"","315.1130","0.5708","-0.0003"
"","315.2130","0.5604","-0.0003"
"","315.3130","0.5505","-0.0003"
"","315.4130","0.5406","-0.0003"
"","315.5130","0.5307","-0.0003"
"","315.6130","0.5205","-0.0004"
"","315.7130","0.5106","-0.0004"
"","315.8130","0.5009","-0.0004"
"","315.9130","0.4905","-0.0004"
"","316.0130","0.4804","-0.0004"
"","316.1130","0.4705","-0.0004"
"","316.2130","0.4609","-0.0004"
"","316.3130","0.4506","-0.0004"
"","316.4130","0.4404","-0.0004"
"","316.5130","0.4308","-0.0004"
"","316.6130","0.4207","-0.0005"
"","316.7130","0.4106","-0.0005"
"","316.8130","0.4005","-0.0005"
"","316.9130","0.3907","-0.0005"
"","317.0130","0.3806","-0.0005"
"","317.1130","0.3705","-0.0005"
"","317.2130","0.3606","-0.0005"
"","317.3130","0.3506","-0.0005"
"","317.4130","0.3406","-0.0005"
"","317.5130","0.3305","-0.0005"
"","317.6130","0.3208","-0.0006"
"","317.7130","0.3105","-0.0006"
"","317.8130","0.3005","-0.0006"
"","317.9130","0.2906","-0.0006"
"","318.0130","0.2808","-0.0006"
"","318.1130","0.2707","-0.0006"
"","318.2130","0.2608","-0.0006"
"","318.3130","0.2509","-0.0006"
"","318.4130","0.2405","-0.0006"
"","318.5130","0.2305","-0.0006"
"","318.6130","0.2206","-0.0006"
"","318.7130","0.2108","-0.0007"
"","318.8130","0.2005","-0.0007"
"","318.9130","0.1904","-0.0007"
"","319.0130","0.1807","-0.0007"
"","319.1130","0.1706","-0.0007"
"","319.2130","0.1606","-0.0007"
"","319.3130","0.1505","-0.0007"
"","319.4130","0.1408","-0.0007"
"","319.5130","0.1306","-0.0007"
"","319.6130","0.1206","-0.0007"
"","319.7130","0.1106","-0.0007"
"","319.8130","0.1005","-0.0007"
"","319.9130","0.0906","-0.0007"
"","320.0130","0.0805","-0.0008"
"","320.1130","0.0708","-0.0008"
"","320.2130","0.0604","-0.0008"
"","320.3130","0.0506","-0.0008"
"","320.4130","0.0406","-0.0008"
"","320.5130","0.0307","-0.0008"
"","320.6130","0.0205","-0.0008"
"","320.7130","0.0107","-0.0008"
"","320.8130","0.0008","-0.0008"
"","320.8220","-0.0001","-0.0008"
"","320.8230","-0.0002","-0.0008"
"","320.8240","-0.0003","-0.0008"
"","320.9240","-0.0008","-0.0008"
"","321.0240","0.0068","-0.0008"
"","321.1240","0.0187","-0.0008"
"","321.2240","0.0292","-0.0008"
"","321.3240","0.0391","-0.0007"
"","321.4240","0.0490","-0.0007"
"","321.5240","0.0592","-0.0007"
"","321.6240","0.0693","-0.0007"
"","321.7240","0.0788","-0.0007"
"","321.8240","0.0891","-0.0007"
"","321.9240","0.0992","-0.0007"
"","322.0240","0.1093","-0.0006"
"","322.1240","0.1189","-0.0006"
"","322.2240","0.1291","-0.0006"
"","322.3240","0.1392","-0.0006"
"","322.4240","0.1491","-0.0006"
"","322.5240","0.1591","-0.0006"
"","322.6240","0.1692","-0.0006"
"","322.7240","0.1792","-0.0006"
"","322.8240","0.1890","-0.0005"
"","322.9240","0.1992","-0.0005"
"","323.0240","0.2091","-0.0005"
"","323.1240","0.2191","-0.0005"
"","323.2240","0.2291","-0.0005"
"","323.3240","0.2393","-0.0005"
"","323.4240","0.2492","-0.0005"
"","323.5240","0.2589","-0.0005"
"","323.6240","0.2690","-0.0005"
"","323.7240","0.2790","-0.0004"
"","323.8240","0.2889","-0.0004"
"","323.9240","0.2990","-0.0004"
"","324.0240","0.3093","-0.0004"
"","324.1240","0.3193","-0.0004"
"","324.2240","0.3290","-0.0004"
"","324.3240","0.3391","-0.0004"
"","324.4240","0.3492","-0.0003"
"","324.5240","0.3593","-0.0003"
"","324.6240","0.3690","-0.0003"
"","324.7240","0.3791","-0.0003"
"","324.8240","0.3892","-0.0003"
"","324.9240","0.3992","-0.0003"
"","325.0240","0.4091","-0.0003"
"","325.1240","0.4191","-0.0003"
"","325.2240","0.4292","-0.0002"
"","325.3240","0.4390","-0.0002"
"","325.4240","0.4491","-0.0002"
"","325.5240","0.4591","-0.0002"
"","325.6240","0.4691","-0.0002"
"","325.7240","0.4792","-0.0002"
"","325.8240","0.4892","-0.0002"
"","325.9240","0.4992","-0.0001"
"","326.0240","0.5089","-0.0001"
"","326.1240","0.5192","-0.0001"
"","326.2240","0.5291","-0.0001"
"","326.3240","0.5392","-0.0001"
"","326.4240","0.5491","-0.0001"
"","326.5240","0.5593","-0.0001"
"","326.6240","0.5694","-0.0001"
"","326.7240","0.5789","0.0000"
"","326.8240","0.5892","0.0000"
"","326.9240","0.5991","0.0000"
"","327.0240","0.6093","0.0000"
"","327.1240","0.6189","0.0000"
"","327.2240","0.6292","0.0000"
"","327.3240","0.6392","0.0000"
"","327.4240","0.6491","0.0001"
"","327.5240","0.6592","0.0001"
"","327.6240","0.6692","0.0001"
"","327.7240","0.6792","0.0001"
"","327.8240","0.6889","0.0001"
"","327.9240","0.6992","0.0001"
"","328.0240","0.7091","0.0002"
"","328.1240","0.7191","0.0002"
"","328.2240","0.7291","0.0002"
"","328.3240","0.7393","0.0002"
"","328.4240","0.7492","0.0002"
"","328.5240","0.7589","0.0002"
"","328.6240","0.7691","0.0003"
"","328.7240","0.7793","0.0003"
"","328.8240","0.7891","0.0003"
"","328.9240","0.7990","0.0003"
"","329.0240","0.8092","0.0003"
"","329.1240","0.8194","0.0003"
"","329.2240","0.8289","0.0004"
"","329.3240","0.8391","0.0004"
"","329.4240","0.8492","0.0004"
"","329.5240","0.8593","0.0004"
"","329.6240","0.8689","0.0004"
"","329.7240","0.8791","0.0004"
"","329.8240","0.8891","0.0004"
"","329.9240","0.8991","0.0005"
"","330.0240","0.9091","0.0005"
"","330.1240","0.9192","0.0005"
"","330.2240","0.9292","0.0005"
"","330.3240","0.9390","0.0005"
"","330.4240","0.9492","0.0006"
"","330.5240","0.9591","0.0006"
"","330.6240","0.9691","0.0006"
"","330.7240","0.9791","0.0006"
"","330.8240","0.9893","0.0006"
"","330.9240","0.9992","0.0006"
"","331.0240","1.0088","0.0007"
"","331.1240","1.0192","0.0007"
"","331.2240","1.0293","0.0007"
"","331.3240","1.0391","0.0007"
"","331.4240","1.0490","0.0007"
"","331.5240","1.0592","0.0008"
"","331.6240","1.0693","0.0008"
"","331.7240","1.0789","0.0008"
"","331.8240","1.0891","0.0008"
"","331.9240","1.0992","0.0008"
"","332.0240","1.1093","0.0009"
"","332.1240","1.1190","0.0009"
"","332.2240","1.1291","0.0009"
"","332.3240","1.1392","0.0009"
"","332.4240","1.1492","0.0009"
"","332.5240","1.1592","0.0009"
"","332.6240","1.1692","0.0010"
"","332.7240","1.1792","0.0010"
"","332.8240","1.1890","0.0010"
"","332.9240","1.1992","0.0010"
"","333.0240","1.2091","0.0010"
"","333.1240","1.2190","0.0011"
"","333.2240","1.2292","0.0011"
"","333.3240","1.2393","0.0011"
"","333.4240","1.2492","0.0011"
"","333.5240","1.2589","0.0012"
"","333.6240","1.2692","0.0012"
"","333.7240","1.2792","0.0012"
"","333.8240","1.2891","0.0012"
"","333.9240","1.2990","0.0012"
"","334.0240","1.3093","0.0013"
"","334.1240","1.3194","0.0013"
"","334.2240","1.3289","0.0013"
"","334.3240","1.3392","0.0013"
"","334.4240","1.3491","0.0014"
"","334.5240","1.3593","0.0014"
"","334.6240","1.3690","0.0014"
"","334.7240","1.3792","0.0014"
"","334.8240","1.3891","0.0014"
"","334.9240","1.3991","0.0015"
"","335.0240","1.4092","0.0015"
"","335.1240","1.4192","0.0015"
"","335.2240","1.4292","0.0015"
"","335.3240","1.4389","0.0016"
"","335.4240","1.4492","0.0016"
"","335.5240","1.4591","0.0016"
"","335.6240","1.4690","0.0016"
"","335.7240","1.4791","0.0017"
"","335.8240","1.4893","0.0017"
"","335.9240","1.4992","0.0017"
"","336.0240","1.5089","0.0017"
"","336.1240","1.5191","0.0018"
"","336.2240","1.5292","0.0018"
"","336.3240","1.5391","0.0018"
"","336.4240","1.5489","0.0019"
"","336.5240","1.5592","0.0019"
"","336.6240","1.5693","0.0019"
"","336.7240","1.5789","0.0020"
"","336.8240","1.5891","0.0020"
"","336.9240","1.5992","0.0020"
"","337.0240","1.6093","0.0020"
"","337.1240","1.6190","0.0021"
"","337.2240","1.6291","0.0021"
"","337.3240","1.6392","0.0021"
"","337.4240","1.6490","0.0022"
"","337.5240","1.6591","0.0022"
"","337.6240","1.6692","0.0023"
"","337.7240","1.6792","0.0023"
"","337.8240","1.6889","0.0023"
"","337.9240","1.6992","0.0024"
"","338.0240","1.7091","0.0024"
"","338.1240","1.7191","0.0025"
"","338.2240","1.7291","0.0025"
"","338.3240","1.7393","0.0025"
"","338.4240","1.7492","0.0026"
"","338.5240","1.7588","0.0026"
"","338.6240","1.7692","0.0027"
"","338.7240","1.7792","0.0027"
"","338.8240","1.7892","0.0027"
"","338.9240","1.7990","0.0028"
"","339.0240","1.8093","0.0028"
"","339.1240","1.8193","0.0029"
"","339.2240","1.8290","0.0029"
"","339.3240","1.8390","0.0030"
"","339.4240","1.8492","0.0030"
"","339.5240","1.8592","0.0031"
"","339.6240","1.8691","0.0031"
"","339.7240","1.8791","0.0032"
"","339.8240","1.8892","0.0032"
"","339.9240","1.8991","0.0033"
"","340.0240","1.9092","0.0033"
"","340.1240","1.9191","0.0034"
"","340.2240","1.9291","0.0034"
"","340.3240","1.9389","0.0035"
"","340.4240","1.9492","0.0036"
"","340.5240","1.9590","0.0036"
"","340.6240","1.9690","0.0037"
"","340.7240","1.9792","0.0038"
"","340.8240","1.9893","0.0039"
"","340.9240","1.9991","0.0040"
"","341.0240","2.0088","0.0040"
"","341.1240","2.0192","0.0041"
"","341.2240","2.0292","0.0042"
"","341.3240","2.0391","0.0043"
"","341.4240","2.0490","0.0044"
"","341.5240","2.0593","0.0044"
"","341.6240","2.0694","0.0045"
"","341.7240","2.0789","0.0046"
"","341.8240","2.0892","0.0047"
"","341.9240","2.0991","0.0048"
"","342.0240","2.1093","0.0049"
"","342.1240","2.1189","0.0050"
"","342.2240","2.1292","0.0051"
"","342.3240","2.1391","0.0052"
"","342.4240","2.1491","0.0053"
"","342.5240","2.1593","0.0054"
"","342.6240","2.1692","0.0055"
"","342.7240","2.1792","0.0056"
"","342.8240","2.1888","0.0057"
"","342.9240","2.1992","0.0058"
"","343.0240","2.2091","0.0059"
"","343.1240","2.2190","0.0061"
"","343.2240","2.2291","0.0062"
"","343.3240","2.2394","0.0063"
"","343.4240","2.2492","0.0064"
"","343.5240","2.2589","0.0065"
"","343.6240","2.2691","0.0066"
"","343.7240","2.2793","0.0067"
"","343.8240","2.2891","0.0068"
"","343.9240","2.2989","0.0069"
"","344.0240","2.3092","0.0071"
"","344.1240","2.3194","0.0072"
"","344.2240","2.3289","0.0073"
"","344.3240","2.3391","0.0074"
"","344.4240","2.3492","0.0075"
"","344.5240","2.3593","0.0076"
"","344.6240","2.3690","0.0078"
"","344.7240","2.3791","0.0079"
"","344.8240","2.3891","0.0080"
"","344.9240","2.3991","0.0082"
"","345.0240","2.4092","0.0083"
"","345.1240","2.4192","0.0084"
"","345.2240","2.4292","0.0086"
"","345.3240","2.4389","0.0087"
"","345.4240","2.4493","0.0088"
"","345.5240","2.4591","0.0090"
"","345.6240","2.4690","0.0091"
"","345.7240","2.4791","0.0093"
"","345.8240","2.4894","0.0094"
"","345.9240","2.4992","0.0096"
"","346.0240","2.5089","0.0098"
"","346.1240","2.5191","0.0099"
"","346.2240","2.5293","0.0101"
"","346.3240","2.5391","0.0102"
"","346.4240","2.5490","0.0104"
"","346.5240","2.5592","0.0106"
"","346.6240","2.5693","0.0108"
"","346.7240","2.5789","0.0109"
"","346.8240","2.5891","0.0111"
"","346.9240","2.5992","0.0113"
"","347.0240","2.6093","0.0115"
"","347.1240","2.6190","0.0117"
"","347.2240","2.6291","0.0118"
"","347.3240","2.6391","0.0121"
"","347.4240","2.6491","0.0123"
"","347.5240","2.6592","0.0125"
"","347.6240","2.6691","0.0127"
"","347.7240","2.6791","0.0129"
"","347.8240","2.6889","0.0131"
"","347.9240","2.6991","0.0134"
"","348.0240","2.7091","0.0136"
"","348.1240","2.7190","0.0139"
"","348.2240","2.7292","0.0141"
"","348.3240","2.7394","0.0144"
"","348.4240","2.7492","0.0147"
"","348.5240","2.7589","0.0149"
"","348.6240","2.7691","0.0153"
"","348.7240","2.7791","0.0156"
"","348.8240","2.7891","0.0159"
"","348.9240","2.7990","0.0162"
"","349.0240","2.8093","0.0166"
"","349.1240","2.8194","0.0169"
"","349.2240","2.8288","0.0172"
"","349.3240","2.8391","0.0176"
"","349.4240","2.8491","0.0180"
"","349.5240","2.8593","0.0184"
"","349.6240","2.8689","0.0188"
"","349.7240","2.8792","0.0192"
"","349.8240","2.8891","0.0196"
"","349.9240","2.8991","0.0200"
"","350.0240","2.9093","0.0205"
"","350.1240","2.9192","0.0210"
"","350.2240","2.9292","0.0214"
"","350.3240","2.9389","0.0219"
"","350.4240","2.9492","0.0224"
"","350.5240","2.9591","0.0229"
"","350.6240","2.9690","0.0233"
"","350.7240","2.9791","0.0239"
"","350.8240","2.9894","0.0244"
"","350.9240","2.9992","0.0249"
"","351.0240","3.0089","0.0254"
"","351.1240","3.0191","0.0260"
"","351.2240","3.0293","0.0265"
"","351.3240","3.0391","0.0270"
"","351.4240","3.0490","0.0276"
"","351.5240","3.0592","0.0281"
"","351.6240","3.0694","0.0286"
"","351.7240","3.0789","0.0291"
"","351.8240","3.0891","0.0297"
"","351.9240","3.0992","0.0301"
"","352.0240","3.1093","0.0306"
"","352.1240","3.1189","0.0310"
"","352.2240","3.1291","0.0313"
"","352.3240","3.1391","0.0316"
"","352.4240","3.1491","0.0318"
"","352.5240","3.1592","0.0318"
"","352.6240","3.1692","0.0320"
"","352.7240","3.1792","0.0322"
"","352.8240","3.1889","0.0323"
"","352.9240","3.1992","0.0324"
"","353.0240","3.2091","0.0325"
"","353.1240","3.2191","0.0325"
"","353.2240","3.2291","0.0326"
"","353.3240","3.2393","0.0326"
"","353.4240","3.2492","0.0326"
"","353.5240","3.2588","0.0326"
"","353.6240","3.2691","0.0327"
"","353.7240","3.2793","0.0327"
"","353.8240","3.2891","0.0327"
"","353.9240","3.2990","0.0328"
"","354.0240","3.3092","0.0331"
"","354.1240","3.3194","0.0335"
"","354.2240","3.3289","0.0338"
"","354.3240","3.3391","0.0344"
"","354.4240","3.3491","0.0350"
"","354.5240","3.3593","0.0357"
"","354.6240","3.3690","0.0364"
"","354.7240","3.3791","0.0372"
"","354.8240","3.3891","0.0381"
"","354.9240","3.3991","0.0388"
"","355.0240","3.4091","0.0396"
"","355.1240","3.4191","0.0404"
"","355.2240","3.4292","0.0412"
"","355.3240","3.4390","0.0420"
"","355.4240","3.4492","0.0429"
"","355.5240","3.4591","0.0437"
"","355.6240","3.4691","0.0445"
"","355.7240","3.4792","0.0454"
"","355.8240","3.4893","0.0462"
"","355.9240","3.4991","0.0470"
"","356.0240","3.5089","0.0479"
"","356.1240","3.5192","0.0488"
"","356.2240","3.5290","0.0496"
"","356.3240","3.5389","0.0504"
"","356.4240","3.5491","0.0513"
"","356.5240","3.5594","0.0522"
"","356.6240","3.5693","0.0531"
"","356.7240","3.5790","0.0539"
"","356.8240","3.5893","0.0549"
"","356.9240","3.5992","0.0558"
"","357.0240","3.6092","0.0567"
"","357.1240","3.6188","0.0576"
"","357.2240","3.6292","0.0585"
"","357.3240","3.6392","0.0595"
"","357.4240","3.6491","0.0604"
"","357.5240","3.6591","0.0613"
"","357.6240","3.6692","0.0623"
"","357.7240","3.6793","0.0632"
"","357.8240","3.6889","0.0642"
"","357.9240","3.6992","0.0652"
"","358.0240","3.7092","0.0661"
"","358.1240","3.7191","0.0671"
"","358.2240","3.7292","0.0681"
"","358.3240","3.7392","0.0691"
"","358.4240","3.7492","0.0701"
"","358.5240","3.7590","0.0711"
"","358.6240","3.7691","0.0721"
"","358.7240","3.7792","0.0731"
"","358.8240","3.7891","0.0741"
"","358.9240","3.7990","0.0751"
"","359.0240","3.8092","0.0762"
"","359.1240","3.8193","0.0772"
"","359.2240","3.8289","0.0782"
"","359.3240","3.8391","0.0793"
"","359.4240","3.8492","0.0804"
"","359.5240","3.8593","0.0814"
"","359.6240","3.8689","0.0824"
"","359.7240","3.8792","0.0835"
"","359.8240","3.8892","0.0846"
"","359.9240","3.8990","0.0856"
"","360.0240","3.9091","0.0867"
"","360.1240","3.9192","0.0878"
"","360.2240","3.9293","0.0889"
"","360.3240","3.9389","0.0899"
"","360.4240","3.9492","0.0910"
"","360.5240","3.9591","0.0921"
"","360.6240","3.9690","0.0932"
"","360.7240","3.9791","0.0943"
"","360.8240","3.9893","0.0954"
"","360.9240","3.9992","0.0965"
"","360.9320","4.0000","0.0965"
"","360.9330","4.0001","0.0966"
"","360.9340","4.0002","0.0966"
"","361.0340","4.0005","0.0963"
"","361.1340","3.9933","0.0949"
"","361.2340","3.9809","0.0928"
"","361.3340","3.9707","0.0911"
"","361.4340","3.9608","0.0895"
"","361.5340","3.9506","0.0878"
"","361.6340","3.9404","0.0862"
"","361.7340","3.9307","0.0847"
"","361.8340","3.9205","0.0832"
"","361.9340","3.9105","0.0817"
"","362.0340","3.9003","0.0802"
"","362.1340","3.8907","0.0788"
"","362.2340","3.8805","0.0773"
"","362.3340","3.8705","0.0759"
"","362.4340","3.8605","0.0745"
"","362.5340","3.8506","0.0732"
"","362.6340","3.8405","0.0718"
"","362.7340","3.8304","0.0705"
"","362.8340","3.8207","0.0692"
"","362.9340","3.8104","0.0678"
"","363.0340","3.8005","0.0665"
"","363.1340","3.7906","0.0653"
"","363.2340","3.7806","0.0640"
"","363.3340","3.7705","0.0628"
"","363.4340","3.7606","0.0615"
"","363.5340","3.7507","0.0603"
"","363.6340","3.7404","0.0591"
"","363.7340","3.7304","0.0579"
"","363.8340","3.7205","0.0568"
"","363.9340","3.7107","0.0556"
"","364.0340","3.7004","0.0545"
"","364.1340","3.6904","0.0534"
"","364.2340","3.6807","0.0523"
"","364.3340","3.6705","0.0512"
"","364.4340","3.6604","0.0501"
"","364.5340","3.6504","0.0490"
"","364.6340","3.6407","0.0480"
"","364.7340","3.6304","0.0469"
"","364.8340","3.6204","0.0459"
"","364.9340","3.6106","0.0449"
"","365.0340","3.6006","0.0439"
"","365.1340","3.5905","0.0429"
"","365.2340","3.5804","0.0420"
"","365.3340","3.5708","0.0411"
"","365.4340","3.5603","0.0401"
"","365.5340","3.5504","0.0392"
"","365.6340","3.5405","0.0383"
"","365.7340","3.5306","0.0374"
"","365.8340","3.5204","0.0365"
"","365.9340","3.5105","0.0357"
"","366.0340","3.5008","0.0349"
"","366.1340","3.4904","0.0340"
"","366.2340","3.4802","0.0333"
"","366.3340","3.4705","0.0326"
"","366.4340","3.4608","0.0323"
"","366.5340","3.4505","0.0321"
"","366.6340","3.4404","0.0320"
"","366.7340","3.4306","0.0320"
"","366.8340","3.4206","0.0319"
"","366.9340","3.4104","0.0318"
"","367.0340","3.4004","0.0318"
"","367.1340","3.3907","0.0318"
"","367.2340","3.3806","0.0317"
"","367.3340","3.3705","0.0316"
"","367.4340","3.3605","0.0316"
"","367.5340","3.3505","0.0316"
"","367.6340","3.3405","0.0316"
"","367.7340","3.3305","0.0313"
"","367.8340","3.3207","0.0312"
"","367.9340","3.3103","0.0311"
"","368.0340","3.3005","0.0309"
"","368.1340","3.2905","0.0305"
"","368.2340","3.2806","0.0299"
"","368.3340","3.2704","0.0292"
"","368.4340","3.2605","0.0287"
"","368.5340","3.2508","0.0283"
"","368.6340","3.2405","0.0279"
"","368.7340","3.2303","0.0276"
"","368.8340","3.2205","0.0270"
"","368.9340","3.2107","0.0265"
"","369.0340","3.2005","0.0260"
"","369.1340","3.1903","0.0254"
"","369.2340","3.1806","0.0248"
"","369.3340","3.1706","0.0243"
"","369.4340","3.1605","0.0237"
"","369.5340","3.1504","0.0232"
"","369.6340","3.1407","0.0227"
"","369.7340","3.1305","0.0221"
"","369.8340","3.1205","0.0217"
"","369.9340","3.1106","0.0212"
"","370.0340","3.1004","0.0207"
"","370.1340","3.0905","0.0202"
"","370.2340","3.0804","0.0198"
"","370.3340","3.0707","0.0194"
"","370.4340","3.0603","0.0190"
"","370.5340","3.0505","0.0184"
"","370.6340","3.0407","0.0181"
"","370.7340","3.0306","0.0177"
"","370.8340","3.0204","0.0172"
"","370.9340","3.0106","0.0169"
"","371.0340","3.0007","0.0164"
"","371.1340","2.9905","0.0161"
"","371.2340","2.9803","0.0157"
"","371.3340","2.9705","0.0154"
"","371.4340","2.9607","0.0151"
"","371.5340","2.9505","0.0147"
"","371.6340","2.9404","0.0144"
"","371.7340","2.9307","0.0141"
"","371.8340","2.9206","0.0138"
"","371.9340","2.9104","0.0135"
"","372.0340","2.9003","0.0132"
"","372.1340","2.8907","0.0129"
"","372.2340","2.8806","0.0127"
"","372.3340","2.8705","0.0124"
"","372.4340","2.8606","0.0122"
"","372.5340","2.8504","0.0119"
"","372.6340","2.8405","0.0118"
"","372.7340","2.8305","0.0114"
"","372.8340","2.8208","0.0113"
"","372.9340","2.8102","0.0111"
"","373.0340","2.8004","0.0109"
"","373.1340","2.7905","0.0107"
"","373.2340","2.7806","0.0104"
"","373.3340","2.7705","0.0103"
"","373.4340","2.7606","0.0101"
"","373.5340","2.7509","0.0099"
"","373.6340","2.7404","0.0097"
"","373.7340","2.7302","0.0095"
"","373.8340","2.7205","0.0094"
"","373.9340","2.7108","0.0092"
"","374.0340","2.7005","0.0090"
"","374.1340","2.6904","0.0088"
"","374.2340","2.6806","0.0087"
"","374.3340","2.6706","0.0085"
"","374.4340","2.6605","0.0084"
"","374.5340","2.6504","0.0082"
"","374.6340","2.6407","0.0081"
"","374.7340","2.6305","0.0079"
"","374.8340","2.6204","0.0078"
"","374.9340","2.6105","0.0076"
"","375.0340","2.6005","0.0075"
"","375.1340","2.5905","0.0073"
"","375.2340","2.5805","0.0072"
"","375.3340","2.5707","0.0071"
"","375.4340","2.5603","0.0069"
"","375.5340","2.5504","0.0068"
"","375.6340","2.5405","0.0066"
"","375.7340","2.5306","0.0065"
"","375.8340","2.5204","0.0064"
"","375.9340","2.5105","0.0063"
"","376.0340","2.5008","0.0062"
"","376.1340","2.4905","0.0061"
"","376.2340","2.4803","0.0059"
"","376.3340","2.4705","0.0058"
"","376.4340","2.4608","0.0057"
"","376.5340","2.4505","0.0056"
"","376.6340","2.4403","0.0055"
"","376.7340","2.4306","0.0054"
"","376.8340","2.4206","0.0053"
"","376.9340","2.4105","0.0052"
"","377.0340","2.4004","0.0051"
"","377.1340","2.3906","0.0050"
"","377.2340","2.3805","0.0049"
"","377.3340","2.3705","0.0049"
"","377.4340","2.3605","0.0047"
"","377.5340","2.3504","0.0047"
"","377.6340","2.3405","0.0046"
"","377.7340","2.3305","0.0045"
"","377.8340","2.3207","0.0044"
"","377.9340","2.3103","0.0044"
"","378.0340","2.3005","0.0041"
"","378.1340","2.2906","0.0043"
"","378.2340","2.2806","0.0042"
"","378.3340","2.2704","0.0041"
"","378.4340","2.2606","0.0039"
"","378.5340","2.2507","0.0039"
"","378.6340","2.2404","0.0038"
"","378.7340","2.2303","0.0038"
"","378.8340","2.2205","0.0038"
"","378.9340","2.2108","0.0036"
"","379.0340","2.2004","0.0035"
"","379.1340","2.1903","0.0035"
"","379.2340","2.1807","0.0034"
"","379.3340","2.1706","0.0034"
"","379.4340","2.1604","0.0033"
"","379.5340","2.1504","0.0032"
"","379.6340","2.1406","0.0032"
"","379.7340","2.1306","0.0031"
"","379.8340","2.1204","0.0030"
"","379.9340","2.1106","0.0030"
"","380.0340","2.1004","0.0029"
"","380.1340","2.0905","0.0029"
"","380.2340","2.0805","0.0028"
"","380.3340","2.0708","0.0027"
"","380.4340","2.0602","0.0027"
"","380.5340","2.0504","0.0027"
"","380.6340","2.0406","0.0026"
"","380.7340","2.0306","0.0026"
"","380.8340","2.0204","0.0025"
"","380.9340","2.0105","0.0025"
"","381.0340","2.0009","0.0024"
"","381.1340","1.9905","0.0024"
"","381.2340","1.9803","0.0024"
"","381.3340","1.9704","0.0023"
"","381.4340","1.9608","0.0023"
"","381.5340","1.9505","0.0022"
"","381.6340","1.9404","0.0022"
"","381.7340","1.9306","0.0022"
"","381.8340","1.9206","0.0022"
"","381.9340","1.9104","0.0021"
"","382.0340","1.9004","0.0020"
"","382.1340","1.8907","0.0020"
"","382.2340","1.8805","0.0020"
"","382.3340","1.8704","0.0019"
"","382.4340","1.8605","0.0019"
"","382.5340","1.8505","0.0019"
"","382.6340","1.8405","0.0018"
"","382.7340","1.8305","0.0019"
"","382.8340","1.8207","0.0018"
"","382.9340","1.8104","0.0018"
"","383.0340","1.8004","0.0017"
"","383.1340","1.7905","0.0017"
"","383.2340","1.7806","0.0016"
"","383.3340","1.7705","0.0017"
"","383.4340","1.7604","0.0017"
"","383.5340","1.7507","0.0016"
"","383.6340","1.7404","0.0016"
"","383.7340","1.7304","0.0015"
"","383.8340","1.7205","0.0015"
"","383.9340","1.7108","0.0015"
"","384.0340","1.7005","0.0014"
"","384.1340","1.6904","0.0014"
"","384.2340","1.6806","0.0014"
"","384.3340","1.6706","0.0014"
"","384.4340","1.6605","0.0014"
"","384.5340","1.6504","0.0014"
"","384.6340","1.6407","0.0013"
"","384.7340","1.6305","0.0013"
"","384.8340","1.6205","0.0013"
"","384.9340","1.6106","0.0012"
"","385.0340","1.6005","0.0012"
"","385.1340","1.5905","0.0012"
"","385.2340","1.5805","0.0012"
"","385.3340","1.5707","0.0012"
"","385.4340","1.5603","0.0011"
"","385.5340","1.5504","0.0011"
"","385.6340","1.5406","0.0011"
"","385.7340","1.5306","0.0011"
"","385.8340","1.5204","0.0010"
"","385.9340","1.5106","0.0010"
"","386.0340","1.5007","0.0010"
"","386.1340","1.4904","0.0010"
"","386.2340","1.4803","0.0009"
"","386.3340","1.4705","0.0009"
"","386.4340","1.4607","0.0009"
"","386.5340","1.4504","0.0009"
"","386.6340","1.4404","0.0009"
"","386.7340","1.4307","0.0009"
"","386.8340","1.4206","0.0008"
"","386.9340","1.4104","0.0008"
"","387.0340","1.4004","0.0008"
"","387.1340","1.3907","0.0008"
"","387.2340","1.3806","0.0008"
"","387.3340","1.3704","0.0007"
"","387.4340","1.3605","0.0007"
"","387.5340","1.3505","0.0007"
"","387.6340","1.3405","0.0007"
"","387.7340","1.3305","0.0007"
"","387.8340","1.3207","0.0006"
"","387.9340","1.3103","0.0006"
"","388.0340","1.3004","0.0006"
"","388.1340","1.2906","0.0006"
"","388.2340","1.2806","0.0006"
"","388.3340","1.2704","0.0006"
"","388.4340","1.2606","0.0006"
"","388.5340","1.2508","0.0005"
"","388.6340","1.2404","0.0005"
"","388.7340","1.2302","0.0005"
"","388.8340","1.2205","0.0005"
"","388.9340","1.2108","0.0005"
"","389.0340","1.2005","0.0005"
"","389.1340","1.1904","0.0005"
"","389.2340","1.1806","0.0004"
"","389.3340","1.1706","0.0004"
"","389.4340","1.1604","0.0004"
"","389.5340","1.1504","0.0004"
"","389.6340","1.1407","0.0004"
"","389.7340","1.1305","0.0004"
"","389.8340","1.1204","0.0004"
"","389.9340","1.1105","0.0003"
"","390.0340","1.1006","0.0003"
"","390.1340","1.0906","0.0003"
"","390.2340","1.0804","0.0003"
"","390.3340","1.0707","0.0003"
"","390.4340","1.0604","0.0003"
"","390.5340","1.0505","0.0003"
"","390.6340","1.0405","0.0002"
"","390.7340","1.0306","0.0002"
"","390.8340","1.0204","0.0002"
"","390.9340","1.0105","0.0002"
"","391.0340","1.0008","0.0002"
"","391.1340","0.9905","0.0002"
"","391.2340","0.9803","0.0001"
"","391.3340","0.9705","0.0001"
"","391.4340","0.9608","0.0001"
"","391.5340","0.9505","0.0001"
"","391.6340","0.9403","0.0001"
"","391.7340","0.9307","0.0001"
"","391.8340","0.9206","0.0000"
"","391.9340","0.9105","0.0001"
"","392.0340","0.9003","0.0000"
"","392.1340","0.8907","0.0000"
"","392.2340","0.8805","0.0000"
"","392.3340","0.8705","0.0000"
"","392.4340","0.8605","0.0000"
"","392.5340","0.8506","0.0000"
"","392.6340","0.8405","0.0000"
"","392.7340","0.8304","-0.0001"
"","392.8340","0.8206","-0.0001"
"","392.9340","0.8103","-0.0001"
"","393.0340","0.8005","-0.0001"
"","393.1340","0.7905","-0.0001"
"","393.2340","0.7806","-0.0001"
"","393.3340","0.7704","-0.0001"
"","393.4340","0.7606","-0.0001"
"","393.5340","0.7507","-0.0002"
"","393.6340","0.7404","-0.0002"
"","393.7340","0.7303","-0.0002"
"","393.8340","0.7205","-0.0002"
"","393.9340","0.7107","-0.0002"
"","394.0340","0.7004","-0.0002"
"","394.1340","0.6903","-0.0002"
"","394.2340","0.6807","-0.0002"
"","394.3340","0.6705","-0.0003"
"","394.4340","0.6604","-0.0003"
"","394.5340","0.6504","-0.0003"
"","394.6340","0.6407","-0.0003"
"","394.7340","0.6305","-0.0003"
"","394.8340","0.6204","-0.0003"
"","394.9340","0.6106","-0.0003"
"","395.0340","0.6005","-0.0003"
"","395.1340","0.5905","-0.0003"
"","395.2340","0.5805","-0.0003"
"","395.3340","0.5708","-0.0004"
"","395.4340","0.5603","-0.0004"
"","395.5340","0.5504","-0.0004"
"","395.6340","0.5405","-0.0004"
"","395.7340","0.5306","-0.0004"
"","395.8340","0.5204","-0.0004"
"","395.9340","0.5105","-0.0003"
"","396.0340","0.5008","-0.0005"
"","396.1340","0.4904","-0.0004"
"","396.2340","0.4803","-0.0005"
"","396.3340","0.4705","-0.0005"
"","396.4340","0.4608","-0.0004"
"","396.5340","0.4505","-0.0004"
"","396.6340","0.4404","-0.0005"
"","396.7340","0.4307","-0.0005"
"","396.8340","0.4206","-0.0004"
"","396.9340","0.4105","-0.0005"
"","397.0340","0.4004","-0.0006"
"","397.1340","0.3907","-0.0005"
"","397.2340","0.3806","-0.0006"
"","397.3340","0.3704","-0.0006"
"","397.4340","0.3605","-0.0005"
"","397.5340","0.3505","-0.0006"
"","397.6340","0.3405","-0.0006"
"","397.7340","0.3305","-0.0006"
"","397.8340","0.3207","-0.0006"
"","397.9340","0.3104","-0.0006"
"","398.0340","0.3004","-0.0006"
"","398.1340","0.2905","-0.0006"
"","398.2340","0.2807","-0.0006"
"","398.3340","0.2706","-0.0006"
"","398.4340","0.2607","-0.0006"
"","398.5340","0.2508","-0.0006"
"","398.6340","0.2404","-0.0007"
"","398.7340","0.2304","-0.0007"
"","398.8340","0.2205","-0.0007"
"","398.9340","0.2108","-0.0007"
"","399.0340","0.2005","-0.0007"
"","399.1340","0.1903","-0.0007"
"","399.2340","0.1806","-0.0007"
"","399.3340","0.1705","-0.0007"
"","399.4340","0.1605","-0.0007"
"","399.5340","0.1504","-0.0007"
"","399.6340","0.1407","-0.0008"
"","399.7340","0.1305","-0.0007"
"","399.8340","0.1205","-0.0008"
"","399.9340","0.1105","-0.0008"
"","400.0340","0.1004","-0.0008"
"","400.1340","0.0905","-0.0008"
"","400.2340","0.0804","-0.0008"
"","400.3340","0.0707","-0.0008"
"","400.4340","0.0603","-0.0008"
"","400.5340","0.0505","-0.0008"
"","400.6340","0.0405","-0.0008"
"","400.7340","0.0306","-0.0008"
"","400.8340","0.0204","-0.0008"
"","400.9340","0.0106","-0.0008"
"","401.0340","0.0007","-0.0008"
"","401.0420","-0.0001","-0.0009"

