1,Time,Displacement,Force
,(s),(mm),(kN)
"","0.0000","0.0000","0.0000"
"","0.1000","0.0039","0.0000"
"","0.2000","0.0127","0.0000"
"","0.3000","0.0242","0.0001"
"","0.4000","0.0348","0.0001"
"","0.5000","0.0447","0.0001"
"","0.6000","0.0543","0.0001"
"","0.7000","0.0646","0.0001"
"","0.8000","0.0748","0.0002"
"","0.9000","0.0845","0.0002"
"","1.0000","0.0944","0.0002"
"","1.1000","0.1046","0.0002"
"","1.2000","0.1148","0.0002"
"","1.3000","0.1245","0.0003"
"","1.4000","0.1346","0.0003"
"","1.5000","0.1446","0.0003"
"","1.6000","0.1547","0.0003"
"","1.7000","0.1644","0.0003"
"","1.8000","0.1745","0.0004"
"","1.9000","0.1846","0.0004"
"","2.0000","0.1945","0.0004"
"","2.1000","0.2048","0.0004"
"","2.2000","0.2146","0.0004"
"","2.3000","0.2247","0.0005"
"","2.4000","0.2343","0.0005"
"","2.5000","0.2447","0.0005"
"","2.6000","0.2546","0.0005"
"","2.7000","0.2645","0.0006"
"","2.8000","0.2745","0.0006"
"","2.9000","0.2846","0.0006"
"","3.0000","0.2945","0.0006"
"","3.1000","0.3043","0.0006"
"","3.2000","0.3147","0.0006"
"","3.3000","0.3247","0.0007"
"","3.4000","0.3346","0.0007"
"","3.5000","0.3444","0.0007"
"","3.6000","0.3546","0.0007"
"","3.7000","0.3648","0.0007"
"","3.8000","0.3745","0.0008"
"","3.9000","0.3846","0.0008"
"","4.0000","0.3946","0.0008"
"","4.1000","0.4046","0.0008"
"","4.2000","0.4145","0.0008"
"","4.3000","0.4245","0.0009"
"","4.4000","0.4346","0.0009"
"","4.5000","0.4445","0.0009"
"","4.6000","0.4547","0.0009"
"","4.7000","0.4646","0.0009"
"","4.8000","0.4746","0.0010"
"","4.9000","0.4843","0.0010"
"","5.0000","0.4947","0.0010"
"","5.1000","0.5046","0.0010"
"","5.2000","0.5145","0.0010"
"","5.3000","0.5245","0.0011"
"","5.4000","0.5348","0.0011"
"","5.5000","0.5446","0.0011"
"","5.6000","0.5544","0.0011"
"","5.7000","0.5647","0.0011"
"","5.8000","0.5746","0.0012"
"","5.9000","0.5846","0.0012"
"","6.0000","0.5944","0.0012"
"","6.1000","0.6047","0.0012"
"","6.2000","0.6147","0.0012"
"","6.3000","0.6244","0.0012"
"","6.4000","0.6346","0.0013"
"","6.5000","0.6446","0.0013"
"","6.6000","0.6547","0.0013"
"","6.7000","0.6644","0.0014"
"","6.8000","0.6747","0.0014"
"","6.9000","0.6846","0.0014"
"","7.0000","0.6945","0.0015"
"","7.1000","0.7047","0.0015"
"","7.2000","0.7146","0.0015"
"","7.3000","0.7246","0.0016"
"","7.4000","0.7344","0.0016"
"","7.5000","0.7447","0.0016"
"","7.6000","0.7546","0.0016"
"","7.7000","0.7645","0.0017"
"","7.8000","0.7745","0.0017"
"","7.9000","0.7848","0.0018"
"","8.0000","0.7947","0.0018"
"","8.1000","0.8043","0.0019"
"","8.2000","0.8146","0.0019"
"","8.3000","0.8247","0.0019"
"","8.4000","0.8345","0.0019"
"","8.5000","0.8444","0.0020"
"","8.6000","0.8546","0.0020"
"","8.7000","0.8648","0.0021"
"","8.8000","0.8745","0.0021"
"","8.9000","0.8845","0.0021"
"","9.0000","0.8946","0.0022"
"","9.1000","0.9046","0.0022"
"","9.2000","0.9145","0.0023"
"","9.3000","0.9246","0.0022"
"","9.4000","0.9346","0.0023"
"","9.5000","0.9445","0.0024"
"","9.6000","0.9547","0.0024"
"","9.7000","0.9646","0.0025"
"","9.8000","0.9746","0.0025"
"","9.9000","0.9843","0.0026"
"","10.0000","0.9947","0.0026"
"","10.1000","1.0045","0.0026"
"","10.2000","1.0145","0.0026"
"","10.3000","1.0245","0.0027"
"","10.4000","1.0348","0.0028"
"","10.5000","1.0447","0.0028"
"","10.6000","1.0543","0.0028"
"","10.7000","1.0646","0.0029"
"","10.8000","1.0746","0.0029"
"","10.9000","1.0846","0.0030"
"","11.0000","1.0944","0.0031"
"","11.1000","1.1046","0.0030"
"","11.2000","1.1147","0.0031"
"","11.3000","1.1245","0.0032"
"","11.4000","1.1345","0.0033"
"","11.5000","1.1446","0.0033"
"","11.6000","1.1547","0.0034"
"","11.7000","1.1646","0.0035"
"","11.8000","1.1746","0.0035"
"","11.9000","1.1846","0.0036"
"","12.0000","1.1945","0.0036"
"","12.1000","1.2048","0.0037"
"","12.2000","1.2146","0.0038"
"","12.3000","1.2246","0.0039"
"","12.4000","1.2343","0.0039"
"","12.5000","1.2448","0.0040"
"","12.6000","1.2546","0.0041"
"","12.7000","1.2645","0.0042"
"","12.8000","1.2745","0.0043"
"","12.9000","1.2848","0.0043"
"","13.0000","1.2947","0.0044"
"","13.1000","1.3043","0.0045"
"","13.2000","1.3146","0.0046"
"","13.3000","1.3246","0.0047"
"","13.4000","1.3347","0.0048"
"","13.5000","1.3444","0.0048"
"","13.6000","1.3547","0.0050"
"","13.7000","1.3647","0.0050"
"","13.8000","1.3745","0.0051"
"","13.9000","1.3847","0.0053"
"","14.0000","1.3946","0.0054"
"","14.1000","1.4046","0.0054"
"","14.2000","1.4144","0.0056"
"","14.3000","1.4247","0.0057"
"","14.4000","1.4346","0.0058"
"","14.5000","1.4445","0.0059"
"","14.6000","1.4547","0.0061"
"","14.7000","1.4647","0.0062"
"","14.8000","1.4746","0.0063"
"","14.9000","1.4843","0.0064"
"","15.0000","1.4947","0.0066"
"","15.1000","1.5047","0.0067"
"","15.2000","1.5145","0.0069"
"","15.3000","1.5245","0.0070"
"","15.4000","1.5347","0.0072"
"","15.5000","1.5447","0.0073"
"","15.6000","1.5543","0.0075"
"","15.7000","1.5646","0.0077"
"","15.8000","1.5747","0.0078"
"","15.9000","1.5846","0.0080"
"","16.0000","1.5945","0.0082"
"","16.1000","1.6046","0.0083"
"","16.2000","1.6147","0.0085"
"","16.3000","1.6244","0.0087"
"","16.4000","1.6346","0.0089"
"","16.5000","1.6446","0.0091"
"","16.6000","1.6546","0.0093"
"","16.7000","1.6644","0.0094"
"","16.8000","1.6747","0.0097"
"","16.9000","1.6846","0.0099"
"","17.0000","1.6945","0.0100"
"","17.1000","1.7046","0.0103"
"","17.2000","1.7146","0.0105"
"","17.3000","1.7247","0.0107"
"","17.4000","1.7343","0.0109"
"","17.5000","1.7446","0.0111"
"","17.6000","1.7546","0.0113"
"","17.7000","1.7645","0.0115"
"","17.8000","1.7745","0.0118"
"","17.9000","1.7847","0.0120"
"","18.0000","1.7947","0.0122"
"","18.1000","1.8043","0.0124"
"","18.2000","1.8146","0.0126"
"","18.3000","1.8246","0.0128"
"","18.4000","1.8346","0.0131"
"","18.5000","1.8444","0.0133"
"","18.6000","1.8546","0.0135"
"","18.7000","1.8647","0.0138"
"","18.8000","1.8746","0.0140"
"","18.9000","1.8845","0.0143"
"","19.0000","1.8946","0.0145"
"","19.1000","1.9046","0.0147"
"","19.2000","1.9145","0.0150"
"","19.3000","1.9245","0.0153"
"","19.4000","1.9345","0.0155"
"","19.5000","1.9445","0.0158"
"","19.6000","1.9547","0.0160"
"","19.7000","1.9646","0.0163"
"","19.8000","1.9745","0.0166"
"","19.9000","1.9844","0.0169"
"","20.0000","1.9948","0.0172"
"","20.1000","2.0046","0.0175"
"","20.2000","2.0144","0.0178"
"","20.3000","2.0245","0.0182"
"","20.4000","2.0348","0.0185"
"","20.5000","2.0447","0.0188"
"","20.6000","2.0543","0.0192"
"","20.7000","2.0646","0.0195"
"","20.8000","2.0746","0.0199"
"","20.9000","2.0847","0.0202"
"","21.0000","2.0944","0.0205"
"","21.1000","2.1047","0.0209"
"","21.2000","2.1147","0.0213"
"","21.3000","2.1245","0.0217"
"","21.4000","2.1346","0.0221"
"","21.5000","2.1446","0.0225"
"","21.6000","2.1547","0.0229"
"","21.7000","2.1645","0.0232"
"","21.8000","2.1746","0.0237"
"","21.9000","2.1846","0.0241"
"","22.0000","2.1945","0.0245"
"","22.1000","2.2048","0.0249"
"","22.2000","2.2146","0.0253"
"","22.3000","2.2246","0.0258"
"","22.4000","2.2343","0.0262"
"","22.5000","2.2447","0.0267"
"","22.6000","2.2546","0.0272"
"","22.7000","2.2645","0.0277"
"","22.8000","2.2745","0.0281"
"","22.9000","2.2848","0.0286"
"","23.0000","2.2947","0.0291"
"","23.1000","2.3042","0.0295"
"","23.2000","2.3146","0.0301"
"","23.3000","2.3247","0.0306"
"","23.4000","2.3346","0.0310"
"","23.5000","2.3444","0.0315"
"","23.6000","2.3546","0.0319"
"","23.7000","2.3648","0.0323"
"","23.8000","2.3746","0.0325"
"","23.9000","2.3845","0.0327"
"","24.0000","2.3946","0.0327"
"","24.1000","2.4047","0.0327"
"","24.2000","2.4145","0.0327"
"","24.3000","2.4246","0.0327"
"","24.4000","2.4346","0.0327"
"","24.5000","2.4445","0.0327"
"","24.6000","2.4548","0.0327"
"","24.7000","2.4646","0.0327"
"","24.8000","2.4746","0.0327"
"","24.9000","2.4843","0.0327"
"","25.0000","2.4947","0.0328"
"","25.1000","2.5046","0.0328"
"","25.2000","2.5145","0.0328"
"","25.3000","2.5245","0.0328"
"","25.4000","2.5347","0.0328"
"","25.5000","2.5447","0.0328"
"","25.6000","2.5543","0.0328"
"","25.7000","2.5646","0.0329"
"","25.8000","2.5746","0.0333"
"","25.9000","2.5846","0.0338"
"","26.0000","2.5944","0.0345"
"","26.1000","2.6046","0.0353"
"","26.2000","2.6147","0.0360"
"","26.3000","2.6246","0.0367"
"","26.4000","2.6345","0.0373"
"","26.5000","2.6446","0.0379"
"","26.6000","2.6546","0.0386"
"","26.7000","2.6645","0.0392"
"","26.8000","2.6745","0.0398"
"","26.9000","2.6845","0.0405"
"","27.0000","2.6944","0.0411"
"","27.1000","2.7047","0.0417"
"","27.2000","2.7146","0.0423"
"","27.3000","2.7246","0.0430"
"","27.4000","2.7343","0.0436"
"","27.5000","2.7447","0.0444"
"","27.6000","2.7546","0.0450"
"","27.7000","2.7645","0.0457"
"","27.8000","2.7745","0.0465"
"","27.9000","2.7847","0.0472"
"","28.0000","2.7947","0.0479"
"","28.1000","2.8043","0.0486"
"","28.2000","2.8147","0.0495"
"","28.3000","2.8246","0.0502"
"","28.4000","2.8347","0.0510"
"","28.5000","2.8444","0.0518"
"","28.6000","2.8546","0.0526"
"","28.7000","2.8647","0.0534"
"","28.8000","2.8745","0.0542"
"","28.9000","2.8846","0.0550"
"","29.0000","2.8945","0.0558"
"","29.1000","2.9046","0.0567"
"","29.2000","2.9145","0.0574"
"","29.3000","2.9247","0.0583"
"","29.4000","2.9346","0.0591"
"","29.5000","2.9445","0.0599"
"","29.6000","2.9548","0.0608"
"","29.7000","2.9646","0.0616"
"","29.8000","2.9746","0.0624"
"","29.9000","2.9843","0.0632"
"","30.0000","2.9947","0.0641"
"","30.1000","3.0046","0.0650"
"","30.2000","3.0145","0.0658"
"","30.3000","3.0245","0.0667"
"","30.4000","3.0347","0.0676"
"","30.5000","3.0447","0.0685"
"","30.6000","3.0543","0.0693"
"","30.7000","3.0646","0.0702"
"","30.8000","3.0747","0.0711"
"","30.9000","3.0846","0.0719"
"","31.0000","3.0944","0.0728"
"","31.1000","3.1046","0.0737"
"","31.2000","3.1148","0.0746"
"","31.3000","3.1245","0.0754"
"","31.4000","3.1345","0.0763"
"","31.5000","3.1445","0.0773"
"","31.6000","3.1546","0.0781"
"","31.7000","3.1645","0.0790"
"","31.8000","3.1746","0.0799"
"","31.9000","3.1846","0.0808"
"","32.0000","3.1945","0.0817"
"","32.1000","3.2048","0.0827"
"","32.2000","3.2146","0.0835"
"","32.3000","3.2246","0.0845"
"","32.4000","3.2342","0.0853"
"","32.5000","3.2447","0.0863"
"","32.6000","3.2546","0.0872"
"","32.7000","3.2645","0.0881"
"","32.8000","3.2745","0.0891"
"","32.9000","3.2848","0.0900"
"","33.0000","3.2947","0.0909"
"","33.1000","3.3043","0.0918"
"","33.2000","3.3146","0.0928"
"","33.3000","3.3246","0.0937"
"","33.4000","3.3346","0.0946"
"","33.5000","3.3443","0.0955"
"","33.6000","3.3545","0.0965"
"","33.7000","3.3646","0.0975"
"","33.8000","3.3746","0.0984"
"","33.9000","3.3846","0.0994"
"","34.0000","3.3947","0.1003"
"","34.1000","3.4046","0.1013"
"","34.2000","3.4145","0.1022"
"","34.3000","3.4245","0.1032"
"","34.4000","3.4346","0.1041"
"","34.5000","3.4445","0.1050"
"","34.6000","3.4548","0.1061"
"","34.7000","3.4646","0.1070"
"","34.8000","3.4746","0.1079"
"","34.9000","3.4843","0.1088"
"","35.0000","3.4947","0.1098"
"","35.1000","3.5045","0.1107"
"","35.2000","3.5145","0.1117"
"","35.3000","3.5245","0.1126"
"","35.4000","3.5348","0.1136"
"","35.5000","3.5447","0.1145"
"","35.6000","3.5543","0.1154"
"","35.7000","3.5647","0.1164"
"","35.8000","3.5746","0.1173"
"","35.9000","3.5846","0.1182"
"","36.0000","3.5944","0.1192"
"","36.1000","3.6047","0.1202"
"","36.2000","3.6147","0.1211"
"","36.3000","3.6243","0.1220"
"","36.4000","3.6346","0.1230"
"","36.5000","3.6446","0.1240"
"","36.6000","3.6548","0.1249"
"","36.7000","3.6643","0.1258"
"","36.8000","3.6746","0.1269"
"","36.9000","3.6846","0.1278"
"","37.0000","3.6945","0.1287"
"","37.1000","3.7047","0.1296"
"","37.2000","3.7146","0.1305"
"","37.3000","3.7247","0.1315"
"","37.4000","3.7344","0.1324"
"","37.5000","3.7446","0.1335"
"","37.6000","3.7546","0.1344"
"","37.7000","3.7645","0.1354"
"","37.8000","3.7745","0.1364"
"","37.9000","3.7848","0.1374"
"","38.0000","3.7947","0.1384"
"","38.1000","3.8043","0.1392"
"","38.2000","3.8146","0.1403"
"","38.3000","3.8247","0.1412"
"","38.4000","3.8345","0.1421"
"","38.5000","3.8444","0.1430"
"","38.6000","3.8546","0.1440"
"","38.7000","3.8648","0.1450"
"","38.8000","3.8744","0.1458"
"","38.9000","3.8846","0.1468"
"","39.0000","3.8947","0.1478"
"","39.1000","3.9047","0.1486"
"","39.2000","3.9143","0.1495"
"","39.3000","3.9246","0.1503"
"","39.4000","3.9346","0.1512"
"","39.5000","3.9445","0.1520"
"","39.6000","3.9547","0.1530"
"","39.7000","3.9645","0.1538"
"","39.8000","3.9746","0.1548"
"","39.9000","3.9843","0.1556"
"","40.0000","3.9947","0.1565"
"","40.0530","4.0000","0.1569"
"","40.0540","4.0001","0.1569"
"","40.0550","4.0002","0.1569"
"","40.1550","4.0007","0.1554"
"","40.2550","3.9931","0.1520"
"","40.3550","3.9811","0.1476"
"","40.4550","3.9710","0.1440"
"","40.5550","3.9607","0.1405"
"","40.6550","3.9505","0.1373"
"","40.7550","3.9408","0.1343"
"","40.8550","3.9306","0.1312"
"","40.9550","3.9206","0.1282"
"","41.0550","3.9105","0.1253"
"","41.1550","3.9009","0.1226"
"","41.2550","3.8906","0.1197"
"","41.3550","3.8806","0.1170"
"","41.4550","3.8706","0.1144"
"","41.5550","3.8607","0.1118"
"","41.6550","3.8506","0.1092"
"","41.7550","3.8405","0.1066"
"","41.8550","3.8308","0.1042"
"","41.9550","3.8205","0.1017"
"","42.0550","3.8106","0.0993"
"","42.1550","3.8006","0.0970"
"","42.2550","3.7907","0.0947"
"","42.3550","3.7806","0.0924"
"","42.4550","3.7706","0.0901"
"","42.5550","3.7608","0.0880"
"","42.6550","3.7505","0.0858"
"","42.7550","3.7405","0.0837"
"","42.8550","3.7306","0.0816"
"","42.9550","3.7208","0.0797"
"","43.0550","3.7105","0.0776"
"","43.1550","3.7005","0.0757"
"","43.2550","3.6908","0.0739"
"","43.3550","3.6806","0.0719"
"","43.4550","3.6705","0.0701"
"","43.5550","3.6605","0.0683"
"","43.6550","3.6508","0.0666"
"","43.7550","3.6406","0.0648"
"","43.8550","3.6305","0.0632"
"","43.9550","3.6207","0.0616"
"","44.0550","3.6107","0.0599"
"","44.1550","3.6007","0.0584"
"","44.2550","3.5905","0.0568"
"","44.3550","3.5809","0.0554"
"","44.4550","3.5704","0.0538"
"","44.5550","3.5605","0.0524"
"","44.6550","3.5506","0.0510"
"","44.7550","3.5407","0.0496"
"","44.8550","3.5306","0.0483"
"","44.9550","3.5206","0.0469"
"","45.0550","3.5109","0.0457"
"","45.1550","3.5006","0.0443"
"","45.2550","3.4904","0.0431"
"","45.3550","3.4806","0.0419"
"","45.4550","3.4709","0.0408"
"","45.5550","3.4606","0.0396"
"","45.6550","3.4505","0.0385"
"","45.7550","3.4407","0.0374"
"","45.8550","3.4307","0.0363"
"","45.9550","3.4206","0.0353"
"","46.0550","3.4105","0.0343"
"","46.1550","3.4008","0.0334"
"","46.2550","3.3907","0.0328"
"","46.3550","3.3805","0.0321"
"","46.4550","3.3706","0.0321"
"","46.5550","3.3607","0.0319"
"","46.6550","3.3506","0.0318"
"","46.7550","3.3405","0.0318"
"","46.8550","3.3308","0.0318"
"","46.9550","3.3204","0.0318"
"","47.0550","3.3106","0.0318"
"","47.1550","3.3006","0.0318"
"","47.2550","3.2907","0.0317"
"","47.3550","3.2805","0.0317"
"","47.4550","3.2706","0.0317"
"","47.5550","3.2609","0.0317"
"","47.6550","3.2506","0.0317"
"","47.7550","3.2404","0.0317"
"","47.8550","3.2306","0.0317"
"","47.9550","3.2208","0.0316"
"","48.0550","3.2106","0.0315"
"","48.1550","3.2004","0.0314"
"","48.2550","3.1907","0.0312"
"","48.3550","3.1807","0.0309"
"","48.4550","3.1706","0.0303"
"","48.5550","3.1605","0.0296"
"","48.6550","3.1507","0.0289"
"","48.7550","3.1406","0.0281"
"","48.8550","3.1306","0.0275"
"","48.9550","3.1207","0.0269"
"","49.0550","3.1106","0.0260"
"","49.1550","3.1006","0.0253"
"","49.2550","3.0905","0.0245"
"","49.3550","3.0808","0.0238"
"","49.4550","3.0704","0.0231"
"","49.5550","3.0606","0.0225"
"","49.6550","3.0508","0.0218"
"","49.7550","3.0407","0.0213"
"","49.8550","3.0305","0.0207"
"","49.9550","3.0207","0.0201"
"","50.0550","3.0108","0.0196"
"","50.1550","3.0006","0.0191"
"","50.2550","2.9904","0.0186"
"","50.3550","2.9806","0.0182"
"","50.4550","2.9708","0.0178"
"","50.5550","2.9606","0.0174"
"","50.6550","2.9505","0.0170"
"","50.7550","2.9408","0.0166"
"","50.8550","2.9307","0.0162"
"","50.9550","2.9206","0.0158"
"","51.0550","2.9105","0.0154"
"","51.1550","2.9008","0.0151"
"","51.2550","2.8906","0.0148"
"","51.3550","2.8806","0.0145"
"","51.4550","2.8707","0.0142"
"","51.5550","2.8605","0.0139"
"","51.6550","2.8506","0.0136"
"","51.7550","2.8405","0.0133"
"","51.8550","2.8309","0.0130"
"","51.9550","2.8203","0.0127"
"","52.0550","2.8105","0.0125"
"","52.1550","2.8006","0.0122"
"","52.2550","2.7907","0.0120"
"","52.3550","2.7806","0.0117"
"","52.4550","2.7707","0.0115"
"","52.5550","2.7609","0.0113"
"","52.6550","2.7505","0.0110"
"","52.7550","2.7403","0.0108"
"","52.8550","2.7305","0.0106"
"","52.9550","2.7209","0.0104"
"","53.0550","2.7106","0.0102"
"","53.1550","2.7005","0.0100"
"","53.2550","2.6907","0.0098"
"","53.3550","2.6807","0.0096"
"","53.4550","2.6706","0.0094"
"","53.5550","2.6605","0.0092"
"","53.6550","2.6508","0.0091"
"","53.7550","2.6407","0.0089"
"","53.8550","2.6305","0.0087"
"","53.9550","2.6206","0.0086"
"","54.0550","2.6107","0.0084"
"","54.1550","2.6006","0.0082"
"","54.2550","2.5906","0.0081"
"","54.3550","2.5808","0.0079"
"","54.4550","2.5704","0.0078"
"","54.5550","2.5605","0.0076"
"","54.6550","2.5506","0.0075"
"","54.7550","2.5407","0.0074"
"","54.8550","2.5305","0.0072"
"","54.9550","2.5206","0.0071"
"","55.0550","2.5109","0.0069"
"","55.1550","2.5006","0.0068"
"","55.2550","2.4904","0.0067"
"","55.3550","2.4806","0.0065"
"","55.4550","2.4709","0.0064"
"","55.5550","2.4606","0.0063"
"","55.6550","2.4504","0.0061"
"","55.7550","2.4407","0.0060"
"","55.8550","2.4307","0.0059"
"","55.9550","2.4206","0.0057"
"","56.0550","2.4105","0.0056"
"","56.1550","2.4007","0.0055"
"","56.2550","2.3906","0.0054"
"","56.3550","2.3806","0.0053"
"","56.4550","2.3706","0.0052"
"","56.5550","2.3606","0.0051"
"","56.6550","2.3506","0.0050"
"","56.7550","2.3406","0.0049"
"","56.8550","2.3308","0.0048"
"","56.9550","2.3204","0.0047"
"","57.0550","2.3106","0.0046"
"","57.1550","2.3007","0.0045"
"","57.2550","2.2907","0.0044"
"","57.3550","2.2805","0.0043"
"","57.4550","2.2707","0.0043"
"","57.5550","2.2608","0.0042"
"","57.6550","2.2506","0.0041"
"","57.7550","2.2404","0.0040"
"","57.8550","2.2306","0.0039"
"","57.9550","2.2209","0.0038"
"","58.0550","2.2105","0.0038"
"","58.1550","2.2004","0.0037"
"","58.2550","2.1908","0.0036"
"","58.3550","2.1807","0.0035"
"","58.4550","2.1705","0.0034"
"","58.5550","2.1605","0.0034"
"","58.6550","2.1507","0.0033"
"","58.7550","2.1406","0.0033"
"","58.8550","2.1305","0.0032"
"","58.9550","2.1207","0.0031"
"","59.0550","2.1105","0.0031"
"","59.1550","2.1007","0.0030"
"","59.2550","2.0906","0.0030"
"","59.3550","2.0809","0.0029"
"","59.4550","2.0703","0.0028"
"","59.5550","2.0605","0.0028"
"","59.6550","2.0507","0.0027"
"","59.7550","2.0407","0.0027"
"","59.8550","2.0305","0.0026"
"","59.9550","2.0206","0.0026"
"","60.0550","2.0109","0.0025"
"","60.1550","2.0006","0.0025"
"","60.2550","1.9904","0.0024"
"","60.3550","1.9806","0.0024"
"","60.4550","1.9709","0.0024"
"","60.5550","1.9606","0.0023"
"","60.6550","1.9505","0.0023"
"","60.7550","1.9406","0.0022"
"","60.8550","1.9307","0.0022"
"","60.9550","1.9206","0.0021"
"","61.0550","1.9105","0.0021"
"","61.1550","1.9008","0.0021"
"","61.2550","1.8906","0.0020"
"","61.3550","1.8805","0.0020"
"","61.4550","1.8706","0.0019"
"","61.5550","1.8606","0.0019"
"","61.6550","1.8506","0.0018"
"","61.7550","1.8405","0.0018"
"","61.8550","1.8308","0.0018"
"","61.9550","1.8205","0.0017"
"","62.0550","1.8105","0.0017"
"","62.1550","1.8006","0.0017"
"","62.2550","1.7907","0.0016"
"","62.3550","1.7806","0.0016"
"","62.4550","1.7705","0.0015"
"","62.5550","1.7608","0.0015"
"","62.6550","1.7506","0.0015"
"","62.7550","1.7405","0.0014"
"","62.8550","1.7306","0.0014"
"","62.9550","1.7209","0.0014"
"","63.0550","1.7106","0.0013"
"","63.1550","1.7005","0.0013"
"","63.2550","1.6907","0.0013"
"","63.3550","1.6807","0.0012"
"","63.4550","1.6706","0.0012"
"","63.5550","1.6605","0.0012"
"","63.6550","1.6508","0.0012"
"","63.7550","1.6406","0.0011"
"","63.8550","1.6306","0.0011"
"","63.9550","1.6206","0.0011"
"","64.0550","1.6106","0.0011"
"","64.1550","1.6006","0.0010"
"","64.2550","1.5906","0.0010"
"","64.3550","1.5808","0.0010"
"","64.4550","1.5704","0.0010"
"","64.5550","1.5606","0.0009"
"","64.6550","1.5507","0.0009"
"","64.7550","1.5407","0.0009"
"","64.8550","1.5306","0.0009"
"","64.9550","1.5207","0.0009"
"","65.0550","1.5108","0.0008"
"","65.1550","1.5005","0.0008"
"","65.2550","1.4904","0.0008"
"","65.3550","1.4806","0.0008"
"","65.4550","1.4708","0.0007"
"","65.5550","1.4605","0.0008"
"","65.6550","1.4505","0.0007"
"","65.7550","1.4408","0.0007"
"","65.8550","1.4307","0.0007"
"","65.9550","1.4205","0.0007"
"","66.0550","1.4105","0.0006"
"","66.1550","1.4008","0.0006"
"","66.2550","1.3907","0.0006"
"","66.3550","1.3805","0.0006"
"","66.4550","1.3706","0.0006"
"","66.5550","1.3606","0.0006"
"","66.6550","1.3507","0.0005"
"","66.7550","1.3406","0.0005"
"","66.8550","1.3308","0.0005"
"","66.9550","1.3204","0.0005"
"","67.0550","1.3105","0.0005"
"","67.1550","1.3007","0.0004"
"","67.2550","1.2907","0.0004"
"","67.3550","1.2805","0.0004"
"","67.4550","1.2707","0.0004"
"","67.5550","1.2609","0.0004"
"","67.6550","1.2505","0.0004"
"","67.7550","1.2403","0.0003"
"","67.8550","1.2306","0.0003"
"","67.9550","1.2209","0.0003"
"","68.0550","1.2106","0.0003"
"","68.1550","1.2004","0.0003"
"","68.2550","1.1907","0.0003"
"","68.3550","1.1807","0.0003"
"","68.4550","1.1706","0.0002"
"","68.5550","1.1605","0.0002"
"","68.6550","1.1508","0.0002"
"","68.7550","1.1406","0.0002"
"","68.8550","1.1305","0.0002"
"","68.9550","1.1206","0.0002"
"","69.0550","1.1107","0.0002"
"","69.1550","1.1007","0.0002"
"","69.2550","1.0906","0.0001"
"","69.3550","1.0808","0.0001"
"","69.4550","1.0705","0.0001"
"","69.5550","1.0606","0.0001"
"","69.6550","1.0506","0.0001"
"","69.7550","1.0407","0.0001"
"","69.8550","1.0305","0.0001"
"","69.9550","1.0206","0.0000"
"","70.0550","1.0109","0.0001"
"","70.1550","1.0006","0.0000"
"","70.2550","0.9904","0.0000"
"","70.3550","0.9806","0.0000"
"","70.4550","0.9708","0.0000"
"","70.5550","0.9606","0.0000"
"","70.6550","0.9505","0.0000"
"","70.7550","0.9408","0.0000"
"","70.8550","0.9307","-0.0001"
"","70.9550","0.9206","0.0000"
"","71.0550","0.9104","-0.0001"
"","71.1550","0.9008","-0.0001"
"","71.2550","0.8906","-0.0001"
"","71.3550","0.8806","-0.0001"
"","71.4550","0.8706","-0.0001"
"","71.5550","0.8607","-0.0001"
"","71.6550","0.8506","-0.0001"
"","71.7550","0.8405","-0.0001"
"","71.8550","0.8308","-0.0001"
"","71.9550","0.8204","-0.0002"
"","72.0550","0.8106","-0.0002"
"","72.1550","0.8007","-0.0002"
"","72.2550","0.7907","-0.0002"
"","72.3550","0.7805","-0.0002"
"","72.4550","0.7707","-0.0002"
"","72.5550","0.7608","-0.0002"
"","72.6550","0.7505","-0.0002"
"","72.7550","0.7404","-0.0002"
"","72.8550","0.7306","-0.0003"
"","72.9550","0.7208","-0.0003"
"","73.0550","0.7105","-0.0003"
"","73.1550","0.7004","-0.0003"
"","73.2550","0.6908","-0.0003"
"","73.3550","0.6806","-0.0003"
"","73.4550","0.6705","-0.0003"
"","73.5550","0.6605","-0.0003"
"","73.6550","0.6508","-0.0004"
"","73.7550","0.6406","-0.0004"
"","73.8550","0.6305","-0.0004"
"","73.9550","0.6207","-0.0004"
"","74.0550","0.6106","-0.0004"
"","74.1550","0.6006","-0.0004"
"","74.2550","0.5905","-0.0004"
"","74.3550","0.5809","-0.0004"
"","74.4550","0.5705","-0.0004"
"","74.5550","0.5605","-0.0004"
"","74.6550","0.5506","-0.0004"
"","74.7550","0.5407","-0.0005"
"","74.8550","0.5304","-0.0005"
"","74.9550","0.5206","-0.0005"
"","75.0550","0.5109","-0.0005"
"","75.1550","0.5005","-0.0005"
"","75.2550","0.4904","-0.0005"
"","75.3550","0.4806","-0.0005"
"","75.4550","0.4709","-0.0005"
"","75.5550","0.4606","-0.0005"
"","75.6550","0.4505","-0.0005"
"","75.7550","0.4407","-0.0006"
"","75.8550","0.4307","-0.0006"
"","75.9550","0.4206","-0.0006"
"","76.0550","0.4105","-0.0006"
"","76.1550","0.4008","-0.0006"
"","76.2550","0.3906","-0.0006"
"","76.3550","0.3805","-0.0006"
"","76.4550","0.3706","-0.0006"
"","76.5550","0.3607","-0.0006"
"","76.6550","0.3507","-0.0006"
"","76.7550","0.3406","-0.0006"
"","76.8550","0.3308","-0.0007"
"","76.9550","0.3204","-0.0007"
"","77.0550","0.3105","-0.0007"
"","77.1550","0.3006","-0.0007"
"","77.2550","0.2908","-0.0007"
"","77.3550","0.2806","-0.0007"
"","77.4550","0.2708","-0.0007"
"","77.5550","0.2609","-0.0007"
"","77.6550","0.2506","-0.0007"
"","77.7550","0.2404","-0.0007"
"","77.8550","0.2306","-0.0007"
"","77.9550","0.2208","-0.0007"
"","78.0550","0.2106","-0.0008"
"","78.1550","0.2004","-0.0008"
"","78.2550","0.1907","-0.0008"
"","78.3550","0.1807","-0.0008"
"","78.4550","0.1706","-0.0008"
"","78.5550","0.1605","-0.0008"
"","78.6550","0.1508","-0.0008"
"","78.7550","0.1406","-0.0008"
"","78.8550","0.1306","-0.0008"
"","78.9550","0.1206","-0.0008"
"","79.0550","0.1106","-0.0008"
"","79.1550","0.1006","-0.0008"
"","79.2550","0.0906","-0.0008"
"","79.3550","0.0808","-0.0008"
"","79.4550","0.0704","-0.0009"
"","79.5550","0.0606","-0.0009"
"","79.6550","0.0507","-0.0009"
"","79.7550","0.0407","-0.0009"
"","79.8550","0.0305","-0.0009"
"","79.9550","0.0207","-0.0009"
"","80.0550","0.0108","-0.0009"
"","80.1550","0.0006","-0.0009"
"","80.1610","0.0000","-0.0009"
"","80.1620","-0.0001","-0.0009"
"","80.1630","-0.0002","-0.0009"
"","80.2630","-0.0005","-0.0009"
"","80.3630","0.0073","-0.0009"
"","80.4630","0.0188","-0.0009"
"","80.5630","0.0294","-0.0008"
"","80.6630","0.0395","-0.0008"
"","80.7630","0.0494","-0.0008"
"","80.8630","0.0593","-0.0008"
"","80.9630","0.0695","-0.0008"
"","81.0630","0.0796","-0.0008"
"","81.1630","0.0892","-0.0008"
"","81.2630","0.0994","-0.0008"
"","81.3630","0.1095","-0.0007"
"","81.4630","0.1196","-0.0007"
"","81.5630","0.1293","-0.0007"
"","81.6630","0.1394","-0.0007"
"","81.7630","0.1495","-0.0007"
"","81.8630","0.1594","-0.0007"
"","81.9630","0.1694","-0.0007"
"","82.0630","0.1795","-0.0006"
"","82.1630","0.1895","-0.0006"
"","82.2630","0.1993","-0.0006"
"","82.3630","0.2095","-0.0006"
"","82.4630","0.2194","-0.0006"
"","82.5630","0.2294","-0.0006"
"","82.6630","0.2395","-0.0006"
"","82.7630","0.2496","-0.0005"
"","82.8630","0.2595","-0.0005"
"","82.9630","0.2692","-0.0005"
"","83.0630","0.2794","-0.0005"
"","83.1630","0.2894","-0.0005"
"","83.2630","0.2993","-0.0005"
"","83.3630","0.3094","-0.0005"
"","83.4630","0.3196","-0.0005"
"","83.5630","0.3297","-0.0005"
"","83.6630","0.3392","-0.0004"
"","83.7630","0.3494","-0.0004"
"","83.8630","0.3595","-0.0004"
"","83.9630","0.3696","-0.0004"
"","84.0630","0.3793","-0.0004"
"","84.1630","0.3894","-0.0004"
"","84.2630","0.3995","-0.0004"
"","84.3630","0.4095","-0.0003"
"","84.4630","0.4195","-0.0003"
"","84.5630","0.4295","-0.0003"
"","84.6630","0.4395","-0.0003"
"","84.7630","0.4493","-0.0003"
"","84.8630","0.4595","-0.0003"
"","84.9630","0.4694","-0.0003"
"","85.0630","0.4794","-0.0003"
"","85.1630","0.4895","-0.0002"
"","85.2630","0.4995","-0.0002"
"","85.3630","0.5095","-0.0002"
"","85.4630","0.5192","-0.0002"
"","85.5630","0.5295","-0.0002"
"","85.6630","0.5394","-0.0002"
"","85.7630","0.5495","-0.0002"
"","85.8630","0.5594","-0.0002"
"","85.9630","0.5696","-0.0001"
"","86.0630","0.5796","-0.0001"
"","86.1630","0.5891","-0.0001"
"","86.2630","0.5995","-0.0001"
"","86.3630","0.6095","-0.0001"
"","86.4630","0.6196","-0.0001"
"","86.5630","0.6293","-0.0001"
"","86.6630","0.6396","0.0000"
"","86.7630","0.6495","0.0000"
"","86.8630","0.6594","0.0000"
"","86.9630","0.6695","0.0000"
"","87.0630","0.6795","0.0000"
"","87.1630","0.6895","0.0000"
"","87.2630","0.6992","0.0000"
"","87.3630","0.7095","0.0001"
"","87.4630","0.7195","0.0001"
"","87.5630","0.7294","0.0001"
"","87.6630","0.7395","0.0001"
"","87.7630","0.7496","0.0001"
"","87.8630","0.7595","0.0001"
"","87.9630","0.7692","0.0001"
"","88.0630","0.7794","0.0001"
"","88.1630","0.7896","0.0002"
"","88.2630","0.7994","0.0002"
"","88.3630","0.8093","0.0002"
"","88.4630","0.8195","0.0002"
"","88.5630","0.8297","0.0002"
"","88.6630","0.8392","0.0002"
"","88.7630","0.8494","0.0002"
"","88.8630","0.8595","0.0003"
"","88.9630","0.8696","0.0003"
"","89.0630","0.8793","0.0003"
"","89.1630","0.8894","0.0003"
"","89.2630","0.8995","0.0003"
"","89.3630","0.9094","0.0004"
"","89.4630","0.9195","0.0004"
"","89.5630","0.9295","0.0004"
"","89.6630","0.9395","0.0004"
"","89.7630","0.9493","0.0004"
"","89.8630","0.9595","0.0004"
"","89.9630","0.9694","0.0004"
"","90.0630","0.9794","0.0005"
"","90.1630","0.9895","0.0005"
"","90.2630","0.9996","0.0005"
"","90.3630","1.0095","0.0005"
"","90.4630","1.0191","0.0005"
"","90.5630","1.0295","0.0006"
"","90.6630","1.0396","0.0006"
"","90.7630","1.0494","0.0006"
"","90.8630","1.0593","0.0006"
"","90.9630","1.0696","0.0006"
"","91.0630","1.0796","0.0007"
"","91.1630","1.0892","0.0007"
"","91.2630","1.0994","0.0007"
"","91.3630","1.1095","0.0007"
"","91.4630","1.1196","0.0007"
"","91.5630","1.1293","0.0008"
"","91.6630","1.1394","0.0008"
"","91.7630","1.1495","0.0008"
"","91.8630","1.1595","0.0008"
"","91.9630","1.1695","0.0008"
"","92.0630","1.1795","0.0008"
"","92.1630","1.1895","0.0009"
"","92.2630","1.1993","0.0009"
"","92.3630","1.2095","0.0009"
"","92.4630","1.2194","0.0010"
"","92.5630","1.2294","0.0010"
"","92.6630","1.2396","0.0010"
"","92.7630","1.2496","0.0010"
"","92.8630","1.2595","0.0011"
"","92.9630","1.2692","0.0011"
"","93.0630","1.2795","0.0011"
"","93.1630","1.2895","0.0011"
"","93.2630","1.2994","0.0011"
"","93.3630","1.3094","0.0012"
"","93.4630","1.3196","0.0012"
"","93.5630","1.3297","0.0012"
"","93.6630","1.3392","0.0012"
"","93.7630","1.3495","0.0013"
"","93.8630","1.3594","0.0013"
"","93.9630","1.3696","0.0014"
"","94.0630","1.3793","0.0014"
"","94.1630","1.3895","0.0014"
"","94.2630","1.3994","0.0015"
"","94.3630","1.4094","0.0015"
"","94.4630","1.4196","0.0015"
"","94.5630","1.4295","0.0016"
"","94.6630","1.4395","0.0016"
"","94.7630","1.4492","0.0016"
"","94.8630","1.4596","0.0016"
"","94.9630","1.4695","0.0017"
"","95.0630","1.4793","0.0017"
"","95.1630","1.4895","0.0018"
"","95.2630","1.4997","0.0018"
"","95.3630","1.5096","0.0019"
"","95.4630","1.5192","0.0019"
"","95.5630","1.5294","0.0019"
"","95.6630","1.5395","0.0020"
"","95.7630","1.5494","0.0020"
"","95.8630","1.5593","0.0020"
"","95.9630","1.5695","0.0021"
"","96.0630","1.5796","0.0022"
"","96.1630","1.5893","0.0022"
"","96.2630","1.5994","0.0023"
"","96.3630","1.6095","0.0023"
"","96.4630","1.6195","0.0024"
"","96.5630","1.6293","0.0024"
"","96.6630","1.6394","0.0025"
"","96.7630","1.6495","0.0026"
"","96.8630","1.6593","0.0026"
"","96.9630","1.6695","0.0027"
"","97.0630","1.6795","0.0027"
"","97.1630","1.6896","0.0028"
"","97.2630","1.6992","0.0028"
"","97.3630","1.7095","0.0029"
"","97.4630","1.7195","0.0030"
"","97.5630","1.7294","0.0031"
"","97.6630","1.7395","0.0031"
"","97.7630","1.7496","0.0032"
"","97.8630","1.7595","0.0033"
"","97.9630","1.7692","0.0033"
"","98.0630","1.7795","0.0034"
"","98.1630","1.7895","0.0035"
"","98.2630","1.7994","0.0036"
"","98.3630","1.8093","0.0036"
"","98.4630","1.8196","0.0037"
"","98.5630","1.8296","0.0038"
"","98.6630","1.8393","0.0039"
"","98.7630","1.8494","0.0040"
"","98.8630","1.8595","0.0041"
"","98.9630","1.8696","0.0041"
"","99.0630","1.8794","0.0042"
"","99.1630","1.8895","0.0043"
"","99.2630","1.8995","0.0044"
"","99.3630","1.9094","0.0045"
"","99.4630","1.9196","0.0046"
"","99.5630","1.9294","0.0047"
"","99.6630","1.9395","0.0047"
"","99.7630","1.9492","0.0048"
"","99.8630","1.9595","0.0049"
"","99.9630","1.9694","0.0050"
"","100.0630","1.9793","0.0051"
"","100.1630","1.9896","0.0052"
"","100.2630","1.9996","0.0053"
"","100.3630","2.0094","0.0054"
"","100.4630","2.0191","0.0056"
"","100.5630","2.0295","0.0057"
"","100.6630","2.0396","0.0058"
"","100.7630","2.0494","0.0059"
"","100.8630","2.0593","0.0060"
"","100.9630","2.0696","0.0062"
"","101.0630","2.0797","0.0063"
"","101.1630","2.0892","0.0064"
"","101.2630","2.0995","0.0065"
"","101.3630","2.1094","0.0067"
"","101.4630","2.1196","0.0068"
"","101.5630","2.1292","0.0069"
"","101.6630","2.1395","0.0070"
"","101.7630","2.1495","0.0072"
"","101.8630","2.1594","0.0073"
"","101.9630","2.1696","0.0075"
"","102.0630","2.1795","0.0076"
"","102.1630","2.1895","0.0077"
"","102.2630","2.1992","0.0079"
"","102.3630","2.2096","0.0080"
"","102.4630","2.2194","0.0082"
"","102.5630","2.2293","0.0083"
"","102.6630","2.2395","0.0085"
"","102.7630","2.2497","0.0086"
"","102.8630","2.2595","0.0088"
"","102.9630","2.2692","0.0090"
"","103.0630","2.2794","0.0091"
"","103.1630","2.2896","0.0093"
"","103.2630","2.2994","0.0095"
"","103.3630","2.3093","0.0097"
"","103.4630","2.3195","0.0098"
"","103.5630","2.3297","0.0100"
"","103.6630","2.3392","0.0102"
"","103.7630","2.3494","0.0104"
"","103.8630","2.3595","0.0106"
"","103.9630","2.3696","0.0108"
"","104.0630","2.3793","0.0110"
"","104.1630","2.3894","0.0112"
"","104.2630","2.3994","0.0114"
"","104.3630","2.4094","0.0116"
"","104.4630","2.4196","0.0118"
"","104.5630","2.4295","0.0120"
"","104.6630","2.4395","0.0123"
"","104.7630","2.4493","0.0125"
"","104.8630","2.4596","0.0127"
"","104.9630","2.4694","0.0130"
"","105.0630","2.4793","0.0132"
"","105.1630","2.4895","0.0135"
"","105.2630","2.4996","0.0138"
"","105.3630","2.5095","0.0140"
"","105.4630","2.5191","0.0143"
"","105.5630","2.5295","0.0145"
"","105.6630","2.5396","0.0148"
"","105.7630","2.5494","0.0151"
"","105.8630","2.5594","0.0154"
"","105.9630","2.5696","0.0157"
"","106.0630","2.5796","0.0161"
"","106.1630","2.5892","0.0164"
"","106.2630","2.5994","0.0167"
"","106.3630","2.6095","0.0170"
"","106.4630","2.6196","0.0174"
"","106.5630","2.6293","0.0177"
"","106.6630","2.6394","0.0180"
"","106.7630","2.6494","0.0184"
"","106.8630","2.6594","0.0188"
"","106.9630","2.6695","0.0192"
"","107.0630","2.6795","0.0195"
"","107.1630","2.6895","0.0199"
"","107.2630","2.6992","0.0203"
"","107.3630","2.7095","0.0207"
"","107.4630","2.7194","0.0211"
"","107.5630","2.7294","0.0216"
"","107.6630","2.7395","0.0220"
"","107.7630","2.7497","0.0225"
"","107.8630","2.7595","0.0229"
"","107.9630","2.7691","0.0234"
"","108.0630","2.7794","0.0238"
"","108.1630","2.7895","0.0243"
"","108.2630","2.7994","0.0249"
"","108.3630","2.8094","0.0254"
"","108.4630","2.8196","0.0260"
"","108.5630","2.8297","0.0266"
"","108.6630","2.8391","0.0271"
"","108.7630","2.8494","0.0278"
"","108.8630","2.8594","0.0284"
"","108.9630","2.8696","0.0290"
"","109.0630","2.8792","0.0296"
"","109.1630","2.8895","0.0303"
"","109.2630","2.8994","0.0309"
"","109.3630","2.9094","0.0315"
"","109.4630","2.9196","0.0319"
"","109.5630","2.9295","0.0322"
"","109.6630","2.9396","0.0325"
"","109.7630","2.9492","0.0326"
"","109.8630","2.9595","0.0327"
"","109.9630","2.9694","0.0327"
"","110.0630","2.9793","0.0327"
"","110.1630","2.9895","0.0327"
"","110.2630","2.9997","0.0327"
"","110.3630","3.0095","0.0327"
"","110.4630","3.0192","0.0327"
"","110.5630","3.0294","0.0327"
"","110.6630","3.0396","0.0327"
"","110.7630","3.0494","0.0328"
"","110.8630","3.0593","0.0328"
"","110.9630","3.0695","0.0328"
"","111.0630","3.0797","0.0329"
"","111.1630","3.0892","0.0329"
"","111.2630","3.0994","0.0331"
"","111.3630","3.1095","0.0333"
"","111.4630","3.1196","0.0338"
"","111.5630","3.1293","0.0342"
"","111.6630","3.1394","0.0348"
"","111.7630","3.1494","0.0356"
"","111.8630","3.1594","0.0364"
"","111.9630","3.1695","0.0372"
"","112.0630","3.1795","0.0381"
"","112.1630","3.1895","0.0389"
"","112.2630","3.1993","0.0398"
"","112.3630","3.2095","0.0407"
"","112.4630","3.2194","0.0416"
"","112.5630","3.2294","0.0425"
"","112.6630","3.2395","0.0434"
"","112.7630","3.2496","0.0444"
"","112.8630","3.2594","0.0455"
"","112.9630","3.2691","0.0465"
"","113.0630","3.2795","0.0476"
"","113.1630","3.2896","0.0487"
"","113.2630","3.2994","0.0498"
"","113.3630","3.3093","0.0510"
"","113.4630","3.3196","0.0521"
"","113.5630","3.3297","0.0533"
"","113.6630","3.3392","0.0544"
"","113.7630","3.3494","0.0556"
"","113.8630","3.3594","0.0568"
"","113.9630","3.3696","0.0580"
"","114.0630","3.3793","0.0592"
"","114.1630","3.3894","0.0605"
"","114.2630","3.3995","0.0617"
"","114.3630","3.4094","0.0629"
"","114.4630","3.4195","0.0642"
"","114.5630","3.4294","0.0655"
"","114.6630","3.4395","0.0668"
"","114.7630","3.4493","0.0681"
"","114.8630","3.4595","0.0694"
"","114.9630","3.4694","0.0707"
"","115.0630","3.4793","0.0721"
"","115.1630","3.4895","0.0735"
"","115.2630","3.4996","0.0748"
"","115.3630","3.5095","0.0761"
"","115.4630","3.5192","0.0775"
"","115.5630","3.5295","0.0789"
"","115.6630","3.5394","0.0802"
"","115.7630","3.5495","0.0816"
"","115.8630","3.5594","0.0830"
"","115.9630","3.5696","0.0845"
"","116.0630","3.5796","0.0859"
"","116.1630","3.5891","0.0872"
"","116.2630","3.5996","0.0888"
"","116.3630","3.6095","0.0902"
"","116.4630","3.6195","0.0917"
"","116.5630","3.6291","0.0931"
"","116.6630","3.6395","0.0947"
"","116.7630","3.6496","0.0962"
"","116.8630","3.6594","0.0977"
"","116.9630","3.6694","0.0992"
"","117.0630","3.6795","0.1007"
"","117.1630","3.6896","0.1023"
"","117.2630","3.6992","0.1036"
"","117.3630","3.7094","0.1052"
"","117.4630","3.7195","0.1067"
"","117.5630","3.7294","0.1083"
"","117.6630","3.7396","0.1099"
"","117.7630","3.7495","0.1115"
"","117.8630","3.7596","0.1131"
"","117.9630","3.7692","0.1146"
"","118.0630","3.7795","0.1163"
"","118.1630","3.7895","0.1178"
"","118.2630","3.7994","0.1194"
"","118.3630","3.8093","0.1210"
"","118.4630","3.8196","0.1227"
"","118.5630","3.8296","0.1243"
"","118.6630","3.8392","0.1258"
"","118.7630","3.8494","0.1275"
"","118.8630","3.8595","0.1291"
"","118.9630","3.8696","0.1307"
"","119.0630","3.8792","0.1322"
"","119.1630","3.8894","0.1338"
"","119.2630","3.8996","0.1354"
"","119.3630","3.9093","0.1369"
"","119.4630","3.9195","0.1385"
"","119.5630","3.9296","0.1401"
"","119.6630","3.9396","0.1416"
"","119.7630","3.9492","0.1430"
"","119.8630","3.9595","0.1446"
"","119.9630","3.9694","0.1460"
"","120.0630","3.9793","0.1475"
"","120.1630","3.9895","0.1489"
"","120.2630","3.9997","0.1503"
"","120.2670","4.0000","0.1503"
"","120.2680","4.0001","0.1504"
"","120.2690","4.0002","0.1504"
"","120.3690","4.0005","0.1492"
"","120.4690","3.9930","0.1461"
"","120.5690","3.9811","0.1419"
"","120.6690","3.9709","0.1384"
"","120.7690","3.9606","0.1350"
"","120.8690","3.9504","0.1318"
"","120.9690","3.9407","0.1288"
"","121.0690","3.9305","0.1257"
"","121.1690","3.9205","0.1228"
"","121.2690","3.9104","0.1199"
"","121.3690","3.9007","0.1171"
"","121.4690","3.8905","0.1143"
"","121.5690","3.8804","0.1115"
"","121.6690","3.8705","0.1089"
"","121.7690","3.8606","0.1063"
"","121.8690","3.8505","0.1037"
"","121.9690","3.8404","0.1011"
"","122.0690","3.8307","0.0987"
"","122.1690","3.8204","0.0962"
"","122.2690","3.8105","0.0938"
"","122.3690","3.8005","0.0914"
"","122.4690","3.7906","0.0891"
"","122.5690","3.7805","0.0869"
"","122.6690","3.7705","0.0846"
"","122.7690","3.7607","0.0825"
"","122.8690","3.7504","0.0803"
"","122.9690","3.7404","0.0782"
"","123.0690","3.7305","0.0762"
"","123.1690","3.7206","0.0742"
"","123.2690","3.7104","0.0722"
"","123.3690","3.7004","0.0703"
"","123.4690","3.6907","0.0685"
"","123.5690","3.6805","0.0666"
"","123.6690","3.6704","0.0648"
"","123.7690","3.6604","0.0631"
"","123.8690","3.6507","0.0614"
"","123.9690","3.6404","0.0597"
"","124.0690","3.6304","0.0580"
"","124.1690","3.6206","0.0564"
"","124.2690","3.6106","0.0549"
"","124.3690","3.6006","0.0533"
"","124.4690","3.5904","0.0518"
"","124.5690","3.5808","0.0504"
"","124.6690","3.5703","0.0489"
"","124.7690","3.5604","0.0475"
"","124.8690","3.5505","0.0461"
"","124.9690","3.5406","0.0448"
"","125.0690","3.5304","0.0435"
"","125.1690","3.5205","0.0422"
"","125.2690","3.5107","0.0411"
"","125.3690","3.5004","0.0398"
"","125.4690","3.4902","0.0387"
"","125.5690","3.4805","0.0376"
"","125.6690","3.4707","0.0365"
"","125.7690","3.4605","0.0355"
"","125.8690","3.4504","0.0345"
"","125.9690","3.4406","0.0336"
"","126.0690","3.4306","0.0330"
"","126.1690","3.4204","0.0324"
"","126.2690","3.4104","0.0320"
"","126.3690","3.4007","0.0319"
"","126.4690","3.3905","0.0318"
"","126.5690","3.3804","0.0317"
"","126.6690","3.3705","0.0317"
"","126.7690","3.3605","0.0317"
"","126.8690","3.3505","0.0316"
"","126.9690","3.3404","0.0316"
"","127.0690","3.3308","0.0316"
"","127.1690","3.3203","0.0316"
"","127.2690","3.3104","0.0316"
"","127.3690","3.3004","0.0315"
"","127.4690","3.2906","0.0316"
"","127.5690","3.2804","0.0315"
"","127.6690","3.2705","0.0315"
"","127.7690","3.2607","0.0315"
"","127.8690","3.2505","0.0314"
"","127.9690","3.2403","0.0313"
"","128.0690","3.2305","0.0311"
"","128.1690","3.2208","0.0308"
"","128.2690","3.2105","0.0303"
"","128.3690","3.2003","0.0296"
"","128.4690","3.1906","0.0289"
"","128.5690","3.1805","0.0282"
"","128.6690","3.1705","0.0275"
"","128.7690","3.1603","0.0267"
"","128.8690","3.1506","0.0260"
"","128.9690","3.1405","0.0252"
"","129.0690","3.1305","0.0244"
"","129.1690","3.1206","0.0236"
"","129.2690","3.1105","0.0230"
"","129.3690","3.1005","0.0223"
"","129.4690","3.0904","0.0216"
"","129.5690","3.0807","0.0211"
"","129.6690","3.0703","0.0206"
"","129.7690","3.0605","0.0200"
"","129.8690","3.0507","0.0195"
"","129.9690","3.0406","0.0190"
"","130.0690","3.0304","0.0185"
"","130.1690","3.0206","0.0181"
"","130.2690","3.0107","0.0176"
"","130.3690","3.0005","0.0172"
"","130.4690","2.9903","0.0167"
"","130.5690","2.9805","0.0163"
"","130.6690","2.9707","0.0159"
"","130.7690","2.9605","0.0156"
"","130.8690","2.9504","0.0152"
"","130.9690","2.9407","0.0149"
"","131.0690","2.9306","0.0146"
"","131.1690","2.9204","0.0142"
"","131.2690","2.9103","0.0139"
"","131.3690","2.9007","0.0136"
"","131.4690","2.8905","0.0133"
"","131.5690","2.8804","0.0130"
"","131.6690","2.8706","0.0127"
"","131.7690","2.8604","0.0125"
"","131.8690","2.8505","0.0122"
"","131.9690","2.8405","0.0119"
"","132.0690","2.8308","0.0117"
"","132.1690","2.8202","0.0114"
"","132.2690","2.8104","0.0112"
"","132.3690","2.8005","0.0110"
"","132.4690","2.7906","0.0107"
"","132.5690","2.7805","0.0105"
"","132.6690","2.7705","0.0103"
"","132.7690","2.7608","0.0101"
"","132.8690","2.7504","0.0099"
"","132.9690","2.7402","0.0097"
"","133.0690","2.7304","0.0095"
"","133.1690","2.7208","0.0094"
"","133.2690","2.7105","0.0092"
"","133.3690","2.7003","0.0090"
"","133.4690","2.6906","0.0088"
"","133.5690","2.6806","0.0087"
"","133.6690","2.6705","0.0085"
"","133.7690","2.6603","0.0083"
"","133.8690","2.6507","0.0082"
"","133.9690","2.6405","0.0080"
"","134.0690","2.6304","0.0079"
"","134.1690","2.6205","0.0077"
"","134.2690","2.6105","0.0076"
"","134.3690","2.6005","0.0074"
"","134.4690","2.5904","0.0073"
"","134.5690","2.5807","0.0072"
"","134.6690","2.5703","0.0070"
"","134.7690","2.5604","0.0069"
"","134.8690","2.5505","0.0068"
"","134.9690","2.5406","0.0066"
"","135.0690","2.5304","0.0065"
"","135.1690","2.5205","0.0064"
"","135.2690","2.5108","0.0063"
"","135.3690","2.5005","0.0062"
"","135.4690","2.4903","0.0060"
"","135.5690","2.4805","0.0059"
"","135.6690","2.4707","0.0058"
"","135.7690","2.4604","0.0057"
"","135.8690","2.4503","0.0056"
"","135.9690","2.4406","0.0055"
"","136.0690","2.4305","0.0054"
"","136.1690","2.4205","0.0053"
"","136.2690","2.4104","0.0052"
"","136.3690","2.4006","0.0051"
"","136.4690","2.3905","0.0050"
"","136.5690","2.3805","0.0049"
"","136.6690","2.3705","0.0048"
"","136.7690","2.3604","0.0047"
"","136.8690","2.3505","0.0046"
"","136.9690","2.3405","0.0045"
"","137.0690","2.3307","0.0044"
"","137.1690","2.3203","0.0043"
"","137.2690","2.3105","0.0042"
"","137.3690","2.3006","0.0042"
"","137.4690","2.2906","0.0041"
"","137.5690","2.2804","0.0040"
"","137.6690","2.2706","0.0039"
"","137.7690","2.2607","0.0038"
"","137.8690","2.2504","0.0037"
"","137.9690","2.2403","0.0037"
"","138.0690","2.2305","0.0036"
"","138.1690","2.2207","0.0035"
"","138.2690","2.2104","0.0035"
"","138.3690","2.2003","0.0034"
"","138.4690","2.1907","0.0033"
"","138.5690","2.1806","0.0033"
"","138.6690","2.1704","0.0032"
"","138.7690","2.1603","0.0032"
"","138.8690","2.1506","0.0031"
"","138.9690","2.1405","0.0030"
"","139.0690","2.1304","0.0030"
"","139.1690","2.1205","0.0029"
"","139.2690","2.1104","0.0029"
"","139.3690","2.1005","0.0028"
"","139.4690","2.0905","0.0028"
"","139.5690","2.0807","0.0027"
"","139.6690","2.0702","0.0026"
"","139.7690","2.0604","0.0026"
"","139.8690","2.0506","0.0025"
"","139.9690","2.0406","0.0025"
"","140.0690","2.0304","0.0024"
"","140.1690","2.0205","0.0024"
"","140.2690","2.0108","0.0024"
"","140.3690","2.0005","0.0023"
"","140.4690","1.9903","0.0023"
"","140.5690","1.9804","0.0022"
"","140.6690","1.9708","0.0021"
"","140.7690","1.9605","0.0021"
"","140.8690","1.9504","0.0021"
"","140.9690","1.9406","0.0020"
"","141.0690","1.9306","0.0020"
"","141.1690","1.9204","0.0019"
"","141.2690","1.9104","0.0019"
"","141.3690","1.9007","0.0018"
"","141.4690","1.8905","0.0018"
"","141.5690","1.8804","0.0018"
"","141.6690","1.8705","0.0017"
"","141.7690","1.8605","0.0017"
"","141.8690","1.8505","0.0016"
"","141.9690","1.8404","0.0016"
"","142.0690","1.8307","0.0016"
"","142.1690","1.8204","0.0015"
"","142.2690","1.8104","0.0015"
"","142.3690","1.8005","0.0014"
"","142.4690","1.7906","0.0014"
"","142.5690","1.7805","0.0014"
"","142.6690","1.7704","0.0013"
"","142.7690","1.7607","0.0013"
"","142.8690","1.7504","0.0013"
"","142.9690","1.7404","0.0012"
"","143.0690","1.7304","0.0012"
"","143.1690","1.7208","0.0012"
"","143.2690","1.7105","0.0012"
"","143.3690","1.7004","0.0011"
"","143.4690","1.6906","0.0011"
"","143.5690","1.6805","0.0011"
"","143.6690","1.6705","0.0011"
"","143.7690","1.6604","0.0010"
"","143.8690","1.6507","0.0010"
"","143.9690","1.6405","0.0010"
"","144.0690","1.6305","0.0009"
"","144.1690","1.6205","0.0009"
"","144.2690","1.6105","0.0009"
"","144.3690","1.6005","0.0009"
"","144.4690","1.5905","0.0009"
"","144.5690","1.5807","0.0008"
"","144.6690","1.5703","0.0008"
"","144.7690","1.5604","0.0008"
"","144.8690","1.5506","0.0008"
"","144.9690","1.5406","0.0008"
"","145.0690","1.5304","0.0007"
"","145.1690","1.5206","0.0007"
"","145.2690","1.5107","0.0007"
"","145.3690","1.5004","0.0007"
"","145.4690","1.4903","0.0007"
"","145.5690","1.4805","0.0006"
"","145.6690","1.4707","0.0006"
"","145.7690","1.4604","0.0006"
"","145.8690","1.4504","0.0006"
"","145.9690","1.4407","0.0006"
"","146.0690","1.4305","0.0005"
"","146.1690","1.4204","0.0005"
"","146.2690","1.4104","0.0005"
"","146.3690","1.4007","0.0005"
"","146.4690","1.3905","0.0005"
"","146.5690","1.3804","0.0005"
"","146.6690","1.3705","0.0004"
"","146.7690","1.3605","0.0004"
"","146.8690","1.3505","0.0004"
"","146.9690","1.3405","0.0004"
"","147.0690","1.3307","0.0004"
"","147.1690","1.3202","0.0003"
"","147.2690","1.3104","0.0003"
"","147.3690","1.3006","0.0003"
"","147.4690","1.2906","0.0003"
"","147.5690","1.2804","0.0003"
"","147.6690","1.2706","0.0003"
"","147.7690","1.2608","0.0003"
"","147.8690","1.2504","0.0002"
"","147.9690","1.2402","0.0002"
"","148.0690","1.2305","0.0002"
"","148.1690","1.2208","0.0002"
"","148.2690","1.2105","0.0002"
"","148.3690","1.2003","0.0002"
"","148.4690","1.1906","0.0002"
"","148.5690","1.1806","0.0002"
"","148.6690","1.1704","0.0001"
"","148.7690","1.1604","0.0001"
"","148.8690","1.1507","0.0001"
"","148.9690","1.1405","0.0001"
"","149.0690","1.1304","0.0001"
"","149.1690","1.1205","0.0001"
"","149.2690","1.1106","0.0000"
"","149.3690","1.1006","0.0001"
"","149.4690","1.0904","0.0000"
"","149.5690","1.0807","0.0000"
"","149.6690","1.0704","0.0000"
"","149.7690","1.0605","0.0000"
"","149.8690","1.0505","0.0000"
"","149.9690","1.0406","0.0000"
"","150.0690","1.0304","-0.0001"
"","150.1690","1.0205","-0.0001"
"","150.2690","1.0108","0.0000"
"","150.3690","1.0005","-0.0001"
"","150.4690","0.9903","-0.0001"
"","150.5690","0.9805","-0.0001"
"","150.6690","0.9708","-0.0001"
"","150.7690","0.9605","-0.0001"
"","150.8690","0.9503","-0.0001"
"","150.9690","0.9406","-0.0002"
"","151.0690","0.9305","-0.0002"
"","151.1690","0.9205","-0.0002"
"","151.2690","0.9103","-0.0002"
"","151.3690","0.9007","-0.0002"
"","151.4690","0.8905","-0.0002"
"","151.5690","0.8805","-0.0002"
"","151.6690","0.8705","-0.0002"
"","151.7690","0.8606","-0.0002"
"","151.8690","0.8505","-0.0003"
"","151.9690","0.8404","-0.0002"
"","152.0690","0.8307","-0.0003"
"","152.1690","0.8203","-0.0003"
"","152.2690","0.8106","-0.0003"
"","152.3690","0.8007","-0.0003"
"","152.4690","0.7906","-0.0003"
"","152.5690","0.7804","-0.0003"
"","152.6690","0.7705","-0.0003"
"","152.7690","0.7607","-0.0003"
"","152.8690","0.7505","-0.0003"
"","152.9690","0.7404","-0.0004"
"","153.0690","0.7306","-0.0004"
"","153.1690","0.7207","-0.0004"
"","153.2690","0.7104","-0.0004"
"","153.3690","0.7003","-0.0004"
"","153.4690","0.6907","-0.0004"
"","153.5690","0.6804","-0.0004"
"","153.6690","0.6703","-0.0004"
"","153.7690","0.6604","-0.0004"
"","153.8690","0.6507","-0.0005"
"","153.9690","0.6405","-0.0005"
"","154.0690","0.6304","-0.0005"
"","154.1690","0.6205","-0.0005"
"","154.2690","0.6105","-0.0005"
"","154.3690","0.6005","-0.0005"
"","154.4690","0.5904","-0.0005"
"","154.5690","0.5808","-0.0005"
"","154.6690","0.5703","-0.0005"
"","154.7690","0.5604","-0.0005"
"","154.8690","0.5505","-0.0005"
"","154.9690","0.5406","-0.0005"
"","155.0690","0.5303","-0.0006"
"","155.1690","0.5205","-0.0006"
"","155.2690","0.5108","-0.0006"
"","155.3690","0.5005","-0.0006"
"","155.4690","0.4903","-0.0006"
"","155.5690","0.4804","-0.0006"
"","155.6690","0.4707","-0.0006"
"","155.7690","0.4605","-0.0006"
"","155.8690","0.4503","-0.0006"
"","155.9690","0.4406","-0.0006"
"","156.0690","0.4306","-0.0006"
"","156.1690","0.4204","-0.0006"
"","156.2690","0.4103","-0.0007"
"","156.3690","0.4007","-0.0007"
"","156.4690","0.3905","-0.0007"
"","156.5690","0.3804","-0.0007"
"","156.6690","0.3705","-0.0007"
"","156.7690","0.3605","-0.0007"
"","156.8690","0.3506","-0.0007"
"","156.9690","0.3404","-0.0007"
"","157.0690","0.3307","-0.0007"
"","157.1690","0.3203","-0.0007"
"","157.2690","0.3104","-0.0007"
"","157.3690","0.3005","-0.0008"
"","157.4690","0.2906","-0.0007"
"","157.5690","0.2805","-0.0008"
"","157.6690","0.2706","-0.0008"
"","157.7690","0.2608","-0.0008"
"","157.8690","0.2504","-0.0008"
"","157.9690","0.2403","-0.0008"
"","158.0690","0.2305","-0.0008"
"","158.1690","0.2207","-0.0008"
"","158.2690","0.2104","-0.0008"
"","158.3690","0.2003","-0.0008"
"","158.4690","0.1906","-0.0008"
"","158.5690","0.1805","-0.0008"
"","158.6690","0.1705","-0.0008"
"","158.7690","0.1604","-0.0008"
"","158.8690","0.1507","-0.0009"
"","158.9690","0.1405","-0.0009"
"","159.0690","0.1305","-0.0009"
"","159.1690","0.1205","-0.0009"
"","159.2690","0.1104","-0.0009"
"","159.3690","0.1005","-0.0009"
"","159.4690","0.0905","-0.0009"
"","159.5690","0.0807","-0.0009"
"","159.6690","0.0703","-0.0009"
"","159.7690","0.0605","-0.0009"
"","159.8690","0.0505","-0.0009"
"","159.9690","0.0406","-0.0009"
"","160.0690","0.0304","-0.0009"
"","160.1690","0.0206","-0.0009"
"","160.2690","0.0107","-0.0010"
"","160.3690","0.0005","-0.0010"
"","160.3740","-0.0001","-0.0010"
"","160.3750","-0.0002","-0.0010"
"","160.3760","-0.0003","-0.0010"
"","160.4760","-0.0006","-0.0010"
"","160.5760","0.0073","-0.0009"
"","160.6760","0.0188","-0.0009"
"","160.7760","0.0294","-0.0009"
"","160.8760","0.0395","-0.0009"
"","160.9760","0.0494","-0.0009"
"","161.0760","0.0593","-0.0009"
"","161.1760","0.0695","-0.0008"
"","161.2760","0.0796","-0.0008"
"","161.3760","0.0892","-0.0008"
"","161.4760","0.0994","-0.0008"
"","161.5760","0.1095","-0.0008"
"","161.6760","0.1196","-0.0008"
"","161.7760","0.1293","-0.0008"
"","161.8760","0.1395","-0.0008"
"","161.9760","0.1495","-0.0007"
"","162.0760","0.1594","-0.0007"
"","162.1760","0.1694","-0.0007"
"","162.2760","0.1795","-0.0007"
"","162.3760","0.1895","-0.0007"
"","162.4760","0.1993","-0.0007"
"","162.5760","0.2095","-0.0007"
"","162.6760","0.2194","-0.0007"
"","162.7760","0.2294","-0.0006"
"","162.8760","0.2395","-0.0006"
"","162.9760","0.2496","-0.0006"
"","163.0760","0.2595","-0.0006"
"","163.1760","0.2691","-0.0006"
"","163.2760","0.2794","-0.0006"
"","163.3760","0.2893","-0.0006"
"","163.4760","0.2993","-0.0006"
"","163.5760","0.3093","-0.0005"
"","163.6760","0.3196","-0.0005"
"","163.7760","0.3297","-0.0005"
"","163.8760","0.3392","-0.0005"
"","163.9760","0.3494","-0.0005"
"","164.0760","0.3595","-0.0005"
"","164.1760","0.3696","-0.0005"
"","164.2760","0.3793","-0.0005"
"","164.3760","0.3894","-0.0004"
"","164.4760","0.3995","-0.0004"
"","164.5760","0.4095","-0.0004"
"","164.6760","0.4195","-0.0004"
"","164.7760","0.4295","-0.0004"
"","164.8760","0.4395","-0.0004"
"","164.9760","0.4493","-0.0004"
"","165.0760","0.4594","-0.0004"
"","165.1760","0.4694","-0.0004"
"","165.2760","0.4794","-0.0003"
"","165.3760","0.4895","-0.0003"
"","165.4760","0.4995","-0.0003"
"","165.5760","0.5095","-0.0003"
"","165.6760","0.5191","-0.0003"
"","165.7760","0.5295","-0.0003"
"","165.8760","0.5395","-0.0003"
"","165.9760","0.5495","-0.0002"
"","166.0760","0.5594","-0.0002"
"","166.1760","0.5696","-0.0002"
"","166.2760","0.5797","-0.0002"
"","166.3760","0.5891","-0.0002"
"","166.4760","0.5995","-0.0002"
"","166.5760","0.6094","-0.0002"
"","166.6760","0.6196","-0.0002"
"","166.7760","0.6292","-0.0001"
"","166.8760","0.6395","-0.0001"
"","166.9760","0.6495","-0.0001"
"","167.0760","0.6594","-0.0001"
"","167.1760","0.6695","-0.0001"
"","167.2760","0.6795","-0.0001"
"","167.3760","0.6895","-0.0001"
"","167.4760","0.6992","-0.0001"
"","167.5760","0.7095","0.0000"
"","167.6760","0.7195","0.0000"
"","167.7760","0.7294","0.0000"
"","167.8760","0.7395","0.0000"
"","167.9760","0.7496","0.0000"
"","168.0760","0.7595","0.0000"
"","168.1760","0.7692","0.0000"
"","168.2760","0.7794","0.0001"
"","168.3760","0.7896","0.0001"
"","168.4760","0.7994","0.0001"
"","168.5760","0.8093","0.0001"
"","168.6760","0.8195","0.0001"
"","168.7760","0.8297","0.0001"
"","168.8760","0.8392","0.0001"
"","168.9760","0.8494","0.0001"
"","169.0760","0.8595","0.0002"
"","169.1760","0.8696","0.0002"
"","169.2760","0.8793","0.0002"
"","169.3760","0.8894","0.0002"
"","169.4760","0.8995","0.0002"
"","169.5760","0.9094","0.0002"
"","169.6760","0.9195","0.0002"
"","169.7760","0.9295","0.0003"
"","169.8760","0.9395","0.0003"
"","169.9760","0.9493","0.0002"
"","170.0760","0.9595","0.0003"
"","170.1760","0.9694","0.0003"
"","170.2760","0.9794","0.0003"
"","170.3760","0.9895","0.0003"
"","170.4760","0.9996","0.0004"
"","170.5760","1.0095","0.0004"
"","170.6760","1.0191","0.0004"
"","170.7760","1.0295","0.0004"
"","170.8760","1.0396","0.0004"
"","170.9760","1.0494","0.0004"
"","171.0760","1.0593","0.0005"
"","171.1760","1.0696","0.0005"
"","171.2760","1.0796","0.0005"
"","171.3760","1.0892","0.0005"
"","171.4760","1.0994","0.0005"
"","171.5760","1.1095","0.0006"
"","171.6760","1.1196","0.0005"
"","171.7760","1.1293","0.0006"
"","171.8760","1.1394","0.0006"
"","171.9760","1.1495","0.0006"
"","172.0760","1.1595","0.0006"
"","172.1760","1.1695","0.0007"
"","172.2760","1.1795","0.0007"
"","172.3760","1.1894","0.0007"
"","172.4760","1.1993","0.0007"
"","172.5760","1.2095","0.0008"
"","172.6760","1.2194","0.0008"
"","172.7760","1.2294","0.0008"
"","172.8760","1.2396","0.0008"
"","172.9760","1.2496","0.0008"
"","173.0760","1.2595","0.0009"
"","173.1760","1.2692","0.0009"
"","173.2760","1.2795","0.0009"
"","173.3760","1.2895","0.0009"
"","173.4760","1.2994","0.0009"
"","173.5760","1.3093","0.0009"
"","173.6760","1.3196","0.0010"
"","173.7760","1.3297","0.0010"
"","173.8760","1.3392","0.0010"
"","173.9760","1.3495","0.0011"
"","174.0760","1.3594","0.0011"
"","174.1760","1.3696","0.0011"
"","174.2760","1.3793","0.0011"
"","174.3760","1.3895","0.0012"
"","174.4760","1.3994","0.0012"
"","174.5760","1.4094","0.0012"
"","174.6760","1.4196","0.0013"
"","174.7760","1.4295","0.0013"
"","174.8760","1.4395","0.0013"
"","174.9760","1.4492","0.0014"
"","175.0760","1.4595","0.0013"
"","175.1760","1.4695","0.0014"
"","175.2760","1.4793","0.0014"
"","175.3760","1.4895","0.0015"
"","175.4760","1.4997","0.0015"
"","175.5760","1.5095","0.0015"
"","175.6760","1.5192","0.0016"
"","175.7760","1.5294","0.0016"
"","175.8760","1.5395","0.0017"
"","175.9760","1.5494","0.0017"
"","176.0760","1.5593","0.0017"
"","176.1760","1.5695","0.0018"
"","176.2760","1.5796","0.0018"
"","176.3760","1.5892","0.0018"
"","176.4760","1.5994","0.0019"
"","176.5760","1.6095","0.0019"
"","176.6760","1.6195","0.0020"
"","176.7760","1.6293","0.0020"
"","176.8760","1.6395","0.0021"
"","176.9760","1.6495","0.0021"
"","177.0760","1.6593","0.0022"
"","177.1760","1.6695","0.0022"
"","177.2760","1.6795","0.0023"
"","177.3760","1.6895","0.0024"
"","177.4760","1.6992","0.0024"
"","177.5760","1.7095","0.0025"
"","177.6760","1.7195","0.0025"
"","177.7760","1.7294","0.0025"
"","177.8760","1.7394","0.0026"
"","177.9760","1.7496","0.0027"
"","178.0760","1.7595","0.0028"
"","178.1760","1.7692","0.0028"
"","178.2760","1.7795","0.0029"
"","178.3760","1.7895","0.0030"
"","178.4760","1.7994","0.0030"
"","178.5760","1.8093","0.0031"
"","178.6760","1.8196","0.0032"
"","178.7760","1.8296","0.0032"
"","178.8760","1.8392","0.0033"
"","178.9760","1.8494","0.0034"
"","179.0760","1.8595","0.0035"
"","179.1760","1.8696","0.0035"
"","179.2760","1.8794","0.0036"
"","179.3760","1.8894","0.0037"
"","179.4760","1.8995","0.0037"
"","179.5760","1.9094","0.0038"
"","179.6760","1.9195","0.0039"
"","179.7760","1.9294","0.0040"
"","179.8760","1.9395","0.0041"
"","179.9760","1.9492","0.0041"
"","180.0760","1.9595","0.0042"
"","180.1760","1.9693","0.0043"
"","180.2760","1.9793","0.0044"
"","180.3760","1.9896","0.0045"
"","180.4760","1.9996","0.0046"
"","180.5760","2.0095","0.0047"
"","180.6760","2.0191","0.0048"
"","180.7760","2.0295","0.0048"
"","180.8760","2.0396","0.0049"
"","180.9760","2.0494","0.0050"
"","181.0760","2.0594","0.0051"
"","181.1760","2.0696","0.0052"
"","181.2760","2.0797","0.0053"
"","181.3760","2.0892","0.0054"
"","181.4760","2.0995","0.0056"
"","181.5760","2.1094","0.0057"
"","181.6760","2.1196","0.0058"
"","181.7760","2.1292","0.0059"
"","181.8760","2.1395","0.0060"
"","181.9760","2.1494","0.0061"
"","182.0760","2.1594","0.0062"
"","182.1760","2.1696","0.0064"
"","182.2760","2.1795","0.0064"
"","182.3760","2.1895","0.0066"
"","182.4760","2.1992","0.0067"
"","182.5760","2.2095","0.0068"
"","182.6760","2.2194","0.0069"
"","182.7760","2.2293","0.0071"
"","182.8760","2.2395","0.0072"
"","182.9760","2.2497","0.0073"
"","183.0760","2.2595","0.0075"
"","183.1760","2.2692","0.0076"
"","183.2760","2.2795","0.0078"
"","183.3760","2.2896","0.0079"
"","183.4760","2.2994","0.0080"
"","183.5760","2.3093","0.0082"
"","183.6760","2.3195","0.0083"
"","183.7760","2.3297","0.0085"
"","183.8760","2.3392","0.0087"
"","183.9760","2.3494","0.0088"
"","184.0760","2.3595","0.0090"
"","184.1760","2.3696","0.0092"
"","184.2760","2.3793","0.0093"
"","184.3760","2.3894","0.0095"
"","184.4760","2.3995","0.0097"
"","184.5760","2.4094","0.0099"
"","184.6760","2.4196","0.0101"
"","184.7760","2.4295","0.0102"
"","184.8760","2.4396","0.0104"
"","184.9760","2.4493","0.0106"
"","185.0760","2.4595","0.0108"
"","185.1760","2.4694","0.0110"
"","185.2760","2.4793","0.0112"
"","185.3760","2.4895","0.0114"
"","185.4760","2.4996","0.0117"
"","185.5760","2.5095","0.0119"
"","185.6760","2.5191","0.0121"
"","185.7760","2.5295","0.0123"
"","185.8760","2.5396","0.0125"
"","185.9760","2.5494","0.0128"
"","186.0760","2.5594","0.0130"
"","186.1760","2.5696","0.0133"
"","186.2760","2.5796","0.0135"
"","186.3760","2.5892","0.0138"
"","186.4760","2.5994","0.0141"
"","186.5760","2.6095","0.0144"
"","186.6760","2.6196","0.0146"
"","186.7760","2.6293","0.0149"
"","186.8760","2.6394","0.0152"
"","186.9760","2.6494","0.0154"
"","187.0760","2.6594","0.0157"
"","187.1760","2.6695","0.0161"
"","187.2760","2.6794","0.0164"
"","187.3760","2.6894","0.0167"
"","187.4760","2.6992","0.0170"
"","187.5760","2.7095","0.0174"
"","187.6760","2.7194","0.0177"
"","187.7760","2.7293","0.0181"
"","187.8760","2.7395","0.0185"
"","187.9760","2.7497","0.0188"
"","188.0760","2.7595","0.0192"
"","188.1760","2.7691","0.0196"
"","188.2760","2.7794","0.0200"
"","188.3760","2.7895","0.0205"
"","188.4760","2.7994","0.0209"
"","188.5760","2.8094","0.0213"
"","188.6760","2.8196","0.0218"
"","188.7760","2.8297","0.0223"
"","188.8760","2.8391","0.0227"
"","188.9760","2.8494","0.0233"
"","189.0760","2.8594","0.0238"
"","189.1760","2.8696","0.0243"
"","189.2760","2.8792","0.0248"
"","189.3760","2.8894","0.0254"
"","189.4760","2.8994","0.0259"
"","189.5760","2.9093","0.0265"
"","189.6760","2.9196","0.0271"
"","189.7760","2.9295","0.0278"
"","189.8760","2.9396","0.0284"
"","189.9760","2.9492","0.0291"
"","190.0760","2.9595","0.0297"
"","190.1760","2.9694","0.0304"
"","190.2760","2.9793","0.0311"
"","190.3760","2.9895","0.0317"
"","190.4760","2.9997","0.0321"
"","190.5760","3.0095","0.0323"
"","190.6760","3.0192","0.0325"
"","190.7760","3.0294","0.0326"
"","190.8760","3.0396","0.0327"
"","190.9760","3.0494","0.0327"
"","191.0760","3.0593","0.0327"
"","191.1760","3.0695","0.0327"
"","191.2760","3.0797","0.0326"
"","191.3760","3.0891","0.0326"
"","191.4760","3.0994","0.0326"
"","191.5760","3.1095","0.0327"
"","191.6760","3.1196","0.0327"
"","191.7760","3.1293","0.0328"
"","191.8760","3.1394","0.0329"
"","191.9760","3.1494","0.0329"
"","192.0760","3.1594","0.0330"
"","192.1760","3.1695","0.0332"
"","192.2760","3.1795","0.0333"
"","192.3760","3.1895","0.0336"
"","192.4760","3.1993","0.0342"
"","192.5760","3.2095","0.0346"
"","192.6760","3.2194","0.0353"
"","192.7760","3.2294","0.0361"
"","192.8760","3.2395","0.0370"
"","192.9760","3.2496","0.0379"
"","193.0760","3.2595","0.0387"
"","193.1760","3.2691","0.0395"
"","193.2760","3.2794","0.0405"
"","193.3760","3.2896","0.0414"
"","193.4760","3.2994","0.0423"
"","193.5760","3.3093","0.0433"
"","193.6760","3.3195","0.0444"
"","193.7760","3.3297","0.0455"
"","193.8760","3.3392","0.0465"
"","193.9760","3.3494","0.0477"
"","194.0760","3.3594","0.0488"
"","194.1760","3.3696","0.0500"
"","194.2760","3.3793","0.0511"
"","194.3760","3.3894","0.0523"
"","194.4760","3.3995","0.0536"
"","194.5760","3.4094","0.0548"
"","194.6760","3.4195","0.0560"
"","194.7760","3.4295","0.0573"
"","194.8760","3.4395","0.0586"
"","194.9760","3.4493","0.0598"
"","195.0760","3.4594","0.0611"
"","195.1760","3.4694","0.0624"
"","195.2760","3.4794","0.0638"
"","195.3760","3.4895","0.0652"
"","195.4760","3.4995","0.0664"
"","195.5760","3.5095","0.0678"
"","195.6760","3.5191","0.0692"
"","195.7760","3.5295","0.0706"
"","195.8760","3.5393","0.0719"
"","195.9760","3.5494","0.0734"
"","196.0760","3.5594","0.0748"
"","196.1760","3.5696","0.0763"
"","196.2760","3.5795","0.0778"
"","196.3760","3.5891","0.0791"
"","196.4760","3.5996","0.0807"
"","196.5760","3.6094","0.0822"
"","196.6760","3.6195","0.0837"
"","196.7760","3.6291","0.0852"
"","196.8760","3.6394","0.0867"
"","196.9760","3.6495","0.0883"
"","197.0760","3.6594","0.0898"
"","197.1760","3.6695","0.0914"
"","197.2760","3.6796","0.0930"
"","197.3760","3.6896","0.0946"
"","197.4760","3.6994","0.0962"
"","197.5760","3.7095","0.0978"
"","197.6760","3.7195","0.0994"
"","197.7760","3.7294","0.1010"
"","197.8760","3.7396","0.1027"
"","197.9760","3.7495","0.1043"
"","198.0760","3.7595","0.1059"
"","198.1760","3.7692","0.1075"
"","198.2760","3.7795","0.1093"
"","198.3760","3.7895","0.1109"
"","198.4760","3.7994","0.1126"
"","198.5760","3.8093","0.1143"
"","198.6760","3.8196","0.1161"
"","198.7760","3.8296","0.1178"
"","198.8760","3.8391","0.1194"
"","198.9760","3.8495","0.1213"
"","199.0760","3.8596","0.1230"
"","199.1760","3.8696","0.1248"
"","199.2760","3.8793","0.1265"
"","199.3760","3.8895","0.1283"
"","199.4760","3.8995","0.1301"
"","199.5760","3.9093","0.1317"
"","199.6760","3.9195","0.1335"
"","199.7760","3.9295","0.1353"
"","199.8760","3.9396","0.1371"
"","199.9760","3.9492","0.1387"
"","200.0760","3.9595","0.1405"
"","200.1760","3.9694","0.1422"
"","200.2760","3.9793","0.1439"
"","200.3760","3.9895","0.1456"
"","200.4760","3.9996","0.1472"
"","200.4800","4.0000","0.1472"
"","200.4810","4.0001","0.1473"
"","200.4820","4.0002","0.1473"
"","200.5820","4.0005","0.1463"
"","200.6820","3.9930","0.1433"
"","200.7820","3.9810","0.1391"
"","200.8820","3.9708","0.1356"
"","200.9820","3.9606","0.1323"
"","201.0820","3.9504","0.1291"
"","201.1820","3.9406","0.1261"
"","201.2820","3.9304","0.1231"
"","201.3820","3.9205","0.1201"
"","201.4820","3.9103","0.1172"
"","201.5820","3.9007","0.1145"
"","201.6820","3.8904","0.1117"
"","201.7820","3.8804","0.1089"
"","201.8820","3.8704","0.1063"
"","201.9820","3.8605","0.1037"
"","202.0820","3.8504","0.1010"
"","202.1820","3.8404","0.0985"
"","202.2820","3.8306","0.0961"
"","202.3820","3.8203","0.0936"
"","202.4820","3.8104","0.0912"
"","202.5820","3.8005","0.0888"
"","202.6820","3.7905","0.0865"
"","202.7820","3.7804","0.0843"
"","202.8820","3.7705","0.0821"
"","202.9820","3.7606","0.0800"
"","203.0820","3.7503","0.0778"
"","203.1820","3.7403","0.0757"
"","203.2820","3.7304","0.0737"
"","203.3820","3.7205","0.0717"
"","203.4820","3.7103","0.0697"
"","203.5820","3.7003","0.0679"
"","203.6820","3.6907","0.0661"
"","203.7820","3.6804","0.0642"
"","203.8820","3.6703","0.0624"
"","203.9820","3.6603","0.0607"
"","204.0820","3.6507","0.0590"
"","204.1820","3.6404","0.0572"
"","204.2820","3.6303","0.0556"
"","204.3820","3.6205","0.0541"
"","204.4820","3.6105","0.0525"
"","204.5820","3.6005","0.0510"
"","204.6820","3.5904","0.0495"
"","204.7820","3.5807","0.0481"
"","204.8820","3.5702","0.0467"
"","204.9820","3.5603","0.0453"
"","205.0820","3.5504","0.0440"
"","205.1820","3.5405","0.0427"
"","205.2820","3.5304","0.0415"
"","205.3820","3.5205","0.0403"
"","205.4820","3.5107","0.0391"
"","205.5820","3.5004","0.0379"
"","205.6820","3.4902","0.0368"
"","205.7820","3.4804","0.0358"
"","205.8820","3.4707","0.0348"
"","205.9820","3.4604","0.0339"
"","206.0820","3.4503","0.0331"
"","206.1820","3.4406","0.0327"
"","206.2820","3.4305","0.0320"
"","206.3820","3.4203","0.0319"
"","206.4820","3.4103","0.0318"
"","206.5820","3.4006","0.0317"
"","206.6820","3.3905","0.0317"
"","206.7820","3.3804","0.0316"
"","206.8820","3.3704","0.0316"
"","206.9820","3.3605","0.0315"
"","207.0820","3.3505","0.0315"
"","207.1820","3.3404","0.0315"
"","207.2820","3.3307","0.0315"
"","207.3820","3.3203","0.0315"
"","207.4820","3.3104","0.0314"
"","207.5820","3.3004","0.0314"
"","207.6820","3.2905","0.0314"
"","207.7820","3.2804","0.0314"
"","207.8820","3.2704","0.0313"
"","207.9820","3.2607","0.0312"
"","208.0820","3.2504","0.0311"
"","208.1820","3.2402","0.0308"
"","208.2820","3.2304","0.0305"
"","208.3820","3.2207","0.0298"
"","208.4820","3.2104","0.0290"
"","208.5820","3.2003","0.0281"
"","208.6820","3.1905","0.0273"
"","208.7820","3.1805","0.0266"
"","208.8820","3.1704","0.0258"
"","208.9820","3.1603","0.0250"
"","209.0820","3.1506","0.0243"
"","209.1820","3.1405","0.0235"
"","209.2820","3.1304","0.0228"
"","209.3820","3.1205","0.0222"
"","209.4820","3.1104","0.0216"
"","209.5820","3.1004","0.0211"
"","209.6820","3.0903","0.0205"
"","209.7820","3.0806","0.0200"
"","209.8820","3.0702","0.0194"
"","209.9820","3.0605","0.0189"
"","210.0820","3.0506","0.0184"
"","210.1820","3.0405","0.0180"
"","210.2820","3.0303","0.0175"
"","210.3820","3.0205","0.0171"
"","210.4820","3.0106","0.0167"
"","210.5820","3.0004","0.0162"
"","210.6820","2.9902","0.0158"
"","210.7820","2.9804","0.0155"
"","210.8820","2.9707","0.0152"
"","210.9820","2.9604","0.0148"
"","211.0820","2.9503","0.0144"
"","211.1820","2.9406","0.0141"
"","211.2820","2.9305","0.0138"
"","211.3820","2.9203","0.0135"
"","211.4820","2.9103","0.0132"
"","211.5820","2.9006","0.0129"
"","211.6820","2.8905","0.0126"
"","211.7820","2.8804","0.0123"
"","211.8820","2.8705","0.0121"
"","211.9820","2.8604","0.0118"
"","212.0820","2.8505","0.0116"
"","212.1820","2.8404","0.0113"
"","212.2820","2.8307","0.0111"
"","212.3820","2.8202","0.0109"
"","212.4820","2.8103","0.0106"
"","212.5820","2.8005","0.0104"
"","212.6820","2.7905","0.0102"
"","212.7820","2.7804","0.0100"
"","212.8820","2.7705","0.0098"
"","212.9820","2.7608","0.0097"
"","213.0820","2.7504","0.0095"
"","213.1820","2.7402","0.0093"
"","213.2820","2.7304","0.0091"
"","213.3820","2.7207","0.0089"
"","213.4820","2.7104","0.0088"
"","213.5820","2.7003","0.0086"
"","213.6820","2.6906","0.0084"
"","213.7820","2.6805","0.0083"
"","213.8820","2.6704","0.0081"
"","213.9820","2.6603","0.0080"
"","214.0820","2.6506","0.0078"
"","214.1820","2.6405","0.0077"
"","214.2820","2.6304","0.0075"
"","214.3820","2.6204","0.0074"
"","214.4820","2.6105","0.0073"
"","214.5820","2.6005","0.0071"
"","214.6820","2.5904","0.0070"
"","214.7820","2.5807","0.0069"
"","214.8820","2.5702","0.0067"
"","214.9820","2.5604","0.0066"
"","215.0820","2.5504","0.0065"
"","215.1820","2.5405","0.0063"
"","215.2820","2.5303","0.0062"
"","215.3820","2.5204","0.0061"
"","215.4820","2.5107","0.0060"
"","215.5820","2.5004","0.0059"
"","215.6820","2.4902","0.0058"
"","215.7820","2.4804","0.0057"
"","215.8820","2.4707","0.0055"
"","215.9820","2.4604","0.0054"
"","216.0820","2.4503","0.0053"
"","216.1820","2.4406","0.0052"
"","216.2820","2.4305","0.0051"
"","216.3820","2.4204","0.0050"
"","216.4820","2.4103","0.0049"
"","216.5820","2.4006","0.0048"
"","216.6820","2.3905","0.0047"
"","216.7820","2.3804","0.0046"
"","216.8820","2.3704","0.0046"
"","216.9820","2.3604","0.0045"
"","217.0820","2.3505","0.0044"
"","217.1820","2.3404","0.0043"
"","217.2820","2.3306","0.0042"
"","217.3820","2.3203","0.0042"
"","217.4820","2.3104","0.0041"
"","217.5820","2.3006","0.0040"
"","217.6820","2.2905","0.0040"
"","217.7820","2.2803","0.0039"
"","217.8820","2.2705","0.0038"
"","217.9820","2.2606","0.0037"
"","218.0820","2.2504","0.0037"
"","218.1820","2.2402","0.0036"
"","218.2820","2.2304","0.0035"
"","218.3820","2.2207","0.0035"
"","218.4820","2.2104","0.0034"
"","218.5820","2.2003","0.0033"
"","218.6820","2.1907","0.0033"
"","218.7820","2.1805","0.0032"
"","218.8820","2.1703","0.0031"
"","218.9820","2.1603","0.0031"
"","219.0820","2.1506","0.0030"
"","219.1820","2.1405","0.0030"
"","219.2820","2.1304","0.0029"
"","219.3820","2.1205","0.0028"
"","219.4820","2.1104","0.0028"
"","219.5820","2.1005","0.0027"
"","219.6820","2.0904","0.0027"
"","219.7820","2.0807","0.0026"
"","219.8820","2.0702","0.0026"
"","219.9820","2.0603","0.0025"
"","220.0820","2.0505","0.0025"
"","220.1820","2.0405","0.0024"
"","220.2820","2.0303","0.0024"
"","220.3820","2.0205","0.0023"
"","220.4820","2.0108","0.0023"
"","220.5820","2.0004","0.0022"
"","220.6820","1.9902","0.0022"
"","220.7820","1.9804","0.0021"
"","220.8820","1.9707","0.0021"
"","220.9820","1.9604","0.0020"
"","221.0820","1.9503","0.0020"
"","221.1820","1.9405","0.0019"
"","221.2820","1.9305","0.0019"
"","221.3820","1.9204","0.0018"
"","221.4820","1.9103","0.0018"
"","221.5820","1.9006","0.0018"
"","221.6820","1.8904","0.0017"
"","221.7820","1.8803","0.0017"
"","221.8820","1.8704","0.0016"
"","221.9820","1.8604","0.0016"
"","222.0820","1.8504","0.0016"
"","222.1820","1.8404","0.0015"
"","222.2820","1.8307","0.0015"
"","222.3820","1.8203","0.0014"
"","222.4820","1.8103","0.0014"
"","222.5820","1.8004","0.0014"
"","222.6820","1.7905","0.0013"
"","222.7820","1.7804","0.0013"
"","222.8820","1.7704","0.0013"
"","222.9820","1.7606","0.0012"
"","223.0820","1.7504","0.0012"
"","223.1820","1.7403","0.0012"
"","223.2820","1.7304","0.0011"
"","223.3820","1.7207","0.0011"
"","223.4820","1.7104","0.0011"
"","223.5820","1.7003","0.0011"
"","223.6820","1.6905","0.0010"
"","223.7820","1.6805","0.0010"
"","223.8820","1.6704","0.0010"
"","223.9820","1.6603","0.0009"
"","224.0820","1.6506","0.0009"
"","224.1820","1.6404","0.0009"
"","224.2820","1.6304","0.0009"
"","224.3820","1.6205","0.0008"
"","224.4820","1.6104","0.0008"
"","224.5820","1.6005","0.0008"
"","224.6820","1.5904","0.0008"
"","224.7820","1.5806","0.0008"
"","224.8820","1.5702","0.0007"
"","224.9820","1.5604","0.0007"
"","225.0820","1.5505","0.0007"
"","225.1820","1.5405","0.0007"
"","225.2820","1.5304","0.0007"
"","225.3820","1.5205","0.0006"
"","225.4820","1.5106","0.0006"
"","225.5820","1.5003","0.0006"
"","225.6820","1.4902","0.0006"
"","225.7820","1.4804","0.0006"
"","225.8820","1.4707","0.0005"
"","225.9820","1.4604","0.0005"
"","226.0820","1.4503","0.0005"
"","226.1820","1.4406","0.0005"
"","226.2820","1.4305","0.0005"
"","226.3820","1.4203","0.0005"
"","226.4820","1.4103","0.0004"
"","226.5820","1.4007","0.0004"
"","226.6820","1.3905","0.0004"
"","226.7820","1.3803","0.0004"
"","226.8820","1.3705","0.0004"
"","226.9820","1.3604","0.0003"
"","227.0820","1.3505","0.0003"
"","227.1820","1.3404","0.0003"
"","227.2820","1.3307","0.0003"
"","227.3820","1.3202","0.0003"
"","227.4820","1.3104","0.0003"
"","227.5820","1.3005","0.0002"
"","227.6820","1.2905","0.0002"
"","227.7820","1.2803","0.0002"
"","227.8820","1.2705","0.0002"
"","227.9820","1.2607","0.0002"
"","228.0820","1.2504","0.0002"
"","228.1820","1.2402","0.0002"
"","228.2820","1.2304","0.0001"
"","228.3820","1.2207","0.0001"
"","228.4820","1.2104","0.0001"
"","228.5820","1.2003","0.0001"
"","228.6820","1.1906","0.0001"
"","228.7820","1.1805","0.0001"
"","228.8820","1.1704","0.0001"
"","228.9820","1.1603","0.0001"
"","229.0820","1.1506","0.0000"
"","229.1820","1.1405","0.0000"
"","229.2820","1.1303","0.0000"
"","229.3820","1.1204","0.0000"
"","229.4820","1.1105","0.0000"
"","229.5820","1.1005","0.0000"
"","229.6820","1.0904","0.0000"
"","229.7820","1.0806","0.0000"
"","229.8820","1.0703","-0.0001"
"","229.9820","1.0604","-0.0001"
"","230.0820","1.0504","-0.0001"
"","230.1820","1.0405","-0.0001"
"","230.2820","1.0303","-0.0001"
"","230.3820","1.0204","-0.0001"
"","230.4820","1.0107","-0.0001"
"","230.5820","1.0004","-0.0001"
"","230.6820","0.9903","-0.0002"
"","230.7820","0.9804","-0.0002"
"","230.8820","0.9707","-0.0002"
"","230.9820","0.9604","-0.0002"
"","231.0820","0.9503","-0.0002"
"","231.1820","0.9406","-0.0002"
"","231.2820","0.9305","-0.0002"
"","231.3820","0.9204","-0.0002"
"","231.4820","0.9103","-0.0002"
"","231.5820","0.9006","-0.0003"
"","231.6820","0.8905","-0.0003"
"","231.7820","0.8804","-0.0003"
"","231.8820","0.8704","-0.0003"
"","231.9820","0.8605","-0.0003"
"","232.0820","0.8504","-0.0003"
"","232.1820","0.8404","-0.0003"
"","232.2820","0.8306","-0.0003"
"","232.3820","0.8203","-0.0003"
"","232.4820","0.8104","-0.0003"
"","232.5820","0.8005","-0.0004"
"","232.6820","0.7905","-0.0004"
"","232.7820","0.7804","-0.0004"
"","232.8820","0.7705","-0.0004"
"","232.9820","0.7606","-0.0004"
"","233.0820","0.7503","-0.0004"
"","233.1820","0.7403","-0.0004"
"","233.2820","0.7305","-0.0004"
"","233.3820","0.7206","-0.0004"
"","233.4820","0.7104","-0.0004"
"","233.5820","0.7003","-0.0004"
"","233.6820","0.6906","-0.0005"
"","233.7820","0.6805","-0.0005"
"","233.8820","0.6703","-0.0005"
"","233.9820","0.6604","-0.0005"
"","234.0820","0.6508","-0.0005"
"","234.1820","0.6405","-0.0005"
"","234.2820","0.6303","-0.0005"
"","234.3820","0.6204","-0.0005"
"","234.4820","0.6103","-0.0005"
"","234.5820","0.6004","-0.0006"
"","234.6820","0.5904","-0.0006"
"","234.7820","0.5807","-0.0006"
"","234.8820","0.5703","-0.0006"
"","234.9820","0.5603","-0.0006"
"","235.0820","0.5504","-0.0006"
"","235.1820","0.5405","-0.0006"
"","235.2820","0.5303","-0.0006"
"","235.3820","0.5204","-0.0006"
"","235.4820","0.5107","-0.0006"
"","235.5820","0.5004","-0.0006"
"","235.6820","0.4902","-0.0006"
"","235.7820","0.4804","-0.0006"
"","235.8820","0.4707","-0.0007"
"","235.9820","0.4604","-0.0007"
"","236.0820","0.4503","-0.0007"
"","236.1820","0.4406","-0.0007"
"","236.2820","0.4305","-0.0007"
"","236.3820","0.4204","-0.0007"
"","236.4820","0.4103","-0.0007"
"","236.5820","0.4006","-0.0007"
"","236.6820","0.3905","-0.0007"
"","236.7820","0.3804","-0.0007"
"","236.8820","0.3704","-0.0007"
"","236.9820","0.3605","-0.0008"
"","237.0820","0.3505","-0.0008"
"","237.1820","0.3404","-0.0007"
"","237.2820","0.3306","-0.0008"
"","237.3820","0.3203","-0.0008"
"","237.4820","0.3104","-0.0008"
"","237.5820","0.3004","-0.0008"
"","237.6820","0.2906","-0.0008"
"","237.7820","0.2805","-0.0008"
"","237.8820","0.2706","-0.0008"
"","237.9820","0.2607","-0.0008"
"","238.0820","0.2504","-0.0008"
"","238.1820","0.2403","-0.0008"
"","238.2820","0.2304","-0.0008"
"","238.3820","0.2207","-0.0008"
"","238.4820","0.2104","-0.0009"
"","238.5820","0.2002","-0.0009"
"","238.6820","0.1906","-0.0009"
"","238.7820","0.1805","-0.0009"
"","238.8820","0.1704","-0.0009"
"","238.9820","0.1603","-0.0009"
"","239.0820","0.1506","-0.0009"
"","239.1820","0.1405","-0.0009"
"","239.2820","0.1304","-0.0009"
"","239.3820","0.1204","-0.0009"
"","239.4820","0.1104","-0.0009"
"","239.5820","0.1005","-0.0009"
"","239.6820","0.0904","-0.0009"
"","239.7820","0.0806","-0.0009"
"","239.8820","0.0702","-0.0010"
"","239.9820","0.0604","-0.0010"
"","240.0820","0.0505","-0.0010"
"","240.1820","0.0405","-0.0010"
"","240.2820","0.0303","-0.0010"
"","240.3820","0.0205","-0.0010"
"","240.4820","0.0106","-0.0010"
"","240.5820","0.0004","-0.0010"
"","240.5860","0.0000","-0.0010"
"","240.5870","-0.0001","-0.0010"
"","240.5880","-0.0002","-0.0010"
"","240.6880","-0.0005","-0.0010"
"","240.7880","0.0072","-0.0010"
"","240.8880","0.0188","-0.0010"
"","240.9880","0.0294","-0.0009"
"","241.0880","0.0395","-0.0009"
"","241.1880","0.0494","-0.0009"
"","241.2880","0.0593","-0.0009"
"","241.3880","0.0696","-0.0009"
"","241.4880","0.0797","-0.0009"
"","241.5880","0.0892","-0.0008"
"","241.6880","0.0994","-0.0009"
"","241.7880","0.1095","-0.0008"
"","241.8880","0.1196","-0.0008"
"","241.9880","0.1293","-0.0008"
"","242.0880","0.1395","-0.0008"
"","242.1880","0.1495","-0.0008"
"","242.2880","0.1594","-0.0008"
"","242.3880","0.1695","-0.0008"
"","242.4880","0.1795","-0.0007"
"","242.5880","0.1895","-0.0007"
"","242.6880","0.1993","-0.0007"
"","242.7880","0.2095","-0.0007"
"","242.8880","0.2195","-0.0007"
"","242.9880","0.2294","-0.0007"
"","243.0880","0.2395","-0.0007"
"","243.1880","0.2496","-0.0007"
"","243.2880","0.2595","-0.0007"
"","243.3880","0.2692","-0.0006"
"","243.4880","0.2794","-0.0006"
"","243.5880","0.2894","-0.0006"
"","243.6880","0.2993","-0.0006"
"","243.7880","0.3094","-0.0006"
"","243.8880","0.3196","-0.0006"
"","243.9880","0.3297","-0.0006"
"","244.0880","0.3392","-0.0006"
"","244.1880","0.3494","-0.0006"
"","244.2880","0.3595","-0.0005"
"","244.3880","0.3696","-0.0005"
"","244.4880","0.3793","-0.0005"
"","244.5880","0.3895","-0.0005"
"","244.6880","0.3995","-0.0005"
"","244.7880","0.4095","-0.0005"
"","244.8880","0.4195","-0.0005"
"","244.9880","0.4295","-0.0005"
"","245.0880","0.4395","-0.0004"
"","245.1880","0.4493","-0.0004"
"","245.2880","0.4595","-0.0004"
"","245.3880","0.4694","-0.0004"
"","245.4880","0.4794","-0.0004"
"","245.5880","0.4895","-0.0004"
"","245.6880","0.4996","-0.0004"
"","245.7880","0.5095","-0.0004"
"","245.8880","0.5192","-0.0003"
"","245.9880","0.5295","-0.0003"
"","246.0880","0.5395","-0.0003"
"","246.1880","0.5495","-0.0003"
"","246.2880","0.5594","-0.0003"
"","246.3880","0.5696","-0.0003"
"","246.4880","0.5797","-0.0003"
"","246.5880","0.5892","-0.0003"
"","246.6880","0.5995","-0.0002"
"","246.7880","0.6095","-0.0002"
"","246.8880","0.6196","-0.0002"
"","246.9880","0.6293","-0.0002"
"","247.0880","0.6395","-0.0002"
"","247.1880","0.6495","-0.0002"
"","247.2880","0.6594","-0.0002"
"","247.3880","0.6695","-0.0001"
"","247.4880","0.6795","-0.0001"
"","247.5880","0.6896","-0.0001"
"","247.6880","0.6993","-0.0001"
"","247.7880","0.7095","-0.0001"
"","247.8880","0.7195","-0.0001"
"","247.9880","0.7294","-0.0001"
"","248.0880","0.7395","-0.0001"
"","248.1880","0.7496","-0.0001"
"","248.2880","0.7595","0.0000"
"","248.3880","0.7692","0.0000"
"","248.4880","0.7795","0.0000"
"","248.5880","0.7896","0.0000"
"","248.6880","0.7994","0.0000"
"","248.7880","0.8094","0.0000"
"","248.8880","0.8196","0.0000"
"","248.9880","0.8297","0.0000"
"","249.0880","0.8392","0.0001"
"","249.1880","0.8494","0.0001"
"","249.2880","0.8595","0.0001"
"","249.3880","0.8696","0.0001"
"","249.4880","0.8793","0.0001"
"","249.5880","0.8894","0.0001"
"","249.6880","0.8995","0.0001"
"","249.7880","0.9094","0.0001"
"","249.8880","0.9195","0.0002"
"","249.9880","0.9295","0.0002"
"","250.0880","0.9396","0.0002"
"","250.1880","0.9493","0.0002"
"","250.2880","0.9595","0.0002"
"","250.3880","0.9694","0.0002"
"","250.4880","0.9794","0.0003"
"","250.5880","0.9895","0.0003"
"","250.6880","0.9996","0.0003"
"","250.7880","1.0095","0.0003"
"","250.8880","1.0192","0.0003"
"","250.9880","1.0295","0.0003"
"","251.0880","1.0396","0.0004"
"","251.1880","1.0494","0.0004"
"","251.2880","1.0593","0.0004"
"","251.3880","1.0696","0.0004"
"","251.4880","1.0797","0.0004"
"","251.5880","1.0892","0.0004"
"","251.6880","1.0994","0.0004"
"","251.7880","1.1095","0.0004"
"","251.8880","1.1196","0.0005"
"","251.9880","1.1293","0.0005"
"","252.0880","1.1394","0.0005"
"","252.1880","1.1495","0.0005"
"","252.2880","1.1595","0.0006"
"","252.3880","1.1695","0.0006"
"","252.4880","1.1795","0.0006"
"","252.5880","1.1895","0.0006"
"","252.6880","1.1993","0.0006"
"","252.7880","1.2095","0.0007"
"","252.8880","1.2194","0.0007"
"","252.9880","1.2294","0.0007"
"","253.0880","1.2396","0.0007"
"","253.1880","1.2497","0.0008"
"","253.2880","1.2596","0.0007"
"","253.3880","1.2692","0.0008"
"","253.4880","1.2795","0.0008"
"","253.5880","1.2895","0.0008"
"","253.6880","1.2994","0.0008"
"","253.7880","1.3094","0.0009"
"","253.8880","1.3196","0.0009"
"","253.9880","1.3297","0.0009"
"","254.0880","1.3392","0.0009"
"","254.1880","1.3495","0.0010"
"","254.2880","1.3594","0.0010"
"","254.3880","1.3696","0.0010"
"","254.4880","1.3794","0.0010"
"","254.5880","1.3895","0.0011"
"","254.6880","1.3994","0.0011"
"","254.7880","1.4094","0.0011"
"","254.8880","1.4196","0.0012"
"","254.9880","1.4295","0.0011"
"","255.0880","1.4395","0.0012"
"","255.1880","1.4493","0.0012"
"","255.2880","1.4596","0.0012"
"","255.3880","1.4695","0.0013"
"","255.4880","1.4793","0.0013"
"","255.5880","1.4895","0.0013"
"","255.6880","1.4997","0.0014"
"","255.7880","1.5096","0.0014"
"","255.8880","1.5192","0.0015"
"","255.9880","1.5295","0.0015"
"","256.0880","1.5395","0.0015"
"","256.1880","1.5494","0.0016"
"","256.2880","1.5593","0.0015"
"","256.3880","1.5695","0.0016"
"","256.4880","1.5796","0.0016"
"","256.5880","1.5893","0.0017"
"","256.6880","1.5994","0.0017"
"","256.7880","1.6095","0.0017"
"","256.8880","1.6195","0.0018"
"","256.9880","1.6293","0.0018"
"","257.0880","1.6395","0.0019"
"","257.1880","1.6496","0.0019"
"","257.2880","1.6593","0.0020"
"","257.3880","1.6695","0.0020"
"","257.4880","1.6795","0.0021"
"","257.5880","1.6896","0.0021"
"","257.6880","1.6992","0.0021"
"","257.7880","1.7095","0.0022"
"","257.8880","1.7195","0.0023"
"","257.9880","1.7294","0.0023"
"","258.0880","1.7395","0.0024"
"","258.1880","1.7496","0.0025"
"","258.2880","1.7595","0.0025"
"","258.3880","1.7692","0.0026"
"","258.4880","1.7795","0.0027"
"","258.5880","1.7895","0.0027"
"","258.6880","1.7994","0.0028"
"","258.7880","1.8093","0.0028"
"","258.8880","1.8196","0.0029"
"","258.9880","1.8296","0.0030"
"","259.0880","1.8392","0.0031"
"","259.1880","1.8494","0.0031"
"","259.2880","1.8595","0.0032"
"","259.3880","1.8696","0.0033"
"","259.4880","1.8794","0.0033"
"","259.5880","1.8895","0.0034"
"","259.6880","1.8995","0.0035"
"","259.7880","1.9094","0.0035"
"","259.8880","1.9196","0.0036"
"","259.9880","1.9295","0.0037"
"","260.0880","1.9395","0.0038"
"","260.1880","1.9493","0.0038"
"","260.2880","1.9595","0.0039"
"","260.3880","1.9694","0.0040"
"","260.4880","1.9793","0.0041"
"","260.5880","1.9896","0.0042"
"","260.6880","1.9996","0.0043"
"","260.7880","2.0095","0.0043"
"","260.8880","2.0191","0.0044"
"","260.9880","2.0295","0.0045"
"","261.0880","2.0396","0.0046"
"","261.1880","2.0495","0.0047"
"","261.2880","2.0594","0.0048"
"","261.3880","2.0696","0.0049"
"","261.4880","2.0797","0.0050"
"","261.5880","2.0892","0.0051"
"","261.6880","2.0995","0.0052"
"","261.7880","2.1094","0.0053"
"","261.8880","2.1196","0.0054"
"","261.9880","2.1292","0.0055"
"","262.0880","2.1395","0.0056"
"","262.1880","2.1494","0.0057"
"","262.2880","2.1594","0.0057"
"","262.3880","2.1696","0.0058"
"","262.4880","2.1795","0.0060"
"","262.5880","2.1895","0.0061"
"","262.6880","2.1992","0.0062"
"","262.7880","2.2096","0.0063"
"","262.8880","2.2195","0.0064"
"","262.9880","2.2294","0.0065"
"","263.0880","2.2395","0.0067"
"","263.1880","2.2497","0.0068"
"","263.2880","2.2595","0.0069"
"","263.3880","2.2692","0.0070"
"","263.4880","2.2795","0.0072"
"","263.5880","2.2896","0.0073"
"","263.6880","2.2994","0.0075"
"","263.7880","2.3093","0.0076"
"","263.8880","2.3196","0.0077"
"","263.9880","2.3297","0.0078"
"","264.0880","2.3392","0.0080"
"","264.1880","2.3494","0.0081"
"","264.2880","2.3595","0.0083"
"","264.3880","2.3696","0.0085"
"","264.4880","2.3794","0.0086"
"","264.5880","2.3895","0.0088"
"","264.6880","2.3995","0.0090"
"","264.7880","2.4094","0.0091"
"","264.8880","2.4196","0.0093"
"","264.9880","2.4295","0.0095"
"","265.0880","2.4396","0.0097"
"","265.1880","2.4493","0.0098"
"","265.2880","2.4596","0.0100"
"","265.3880","2.4694","0.0102"
"","265.4880","2.4794","0.0104"
"","265.5880","2.4895","0.0106"
"","265.6880","2.4997","0.0108"
"","265.7880","2.5095","0.0110"
"","265.8880","2.5191","0.0112"
"","265.9880","2.5295","0.0114"
"","266.0880","2.5396","0.0116"
"","266.1880","2.5495","0.0118"
"","266.2880","2.5594","0.0121"
"","266.3880","2.5696","0.0123"
"","266.4880","2.5796","0.0125"
"","266.5880","2.5892","0.0127"
"","266.6880","2.5994","0.0130"
"","266.7880","2.6095","0.0132"
"","266.8880","2.6196","0.0135"
"","266.9880","2.6294","0.0138"
"","267.0880","2.6394","0.0140"
"","267.1880","2.6495","0.0143"
"","267.2880","2.6594","0.0145"
"","267.3880","2.6696","0.0148"
"","267.4880","2.6794","0.0151"
"","267.5880","2.6894","0.0154"
"","267.6880","2.6993","0.0157"
"","267.7880","2.7095","0.0160"
"","267.8880","2.7195","0.0163"
"","267.9880","2.7294","0.0166"
"","268.0880","2.7396","0.0170"
"","268.1880","2.7497","0.0173"
"","268.2880","2.7595","0.0176"
"","268.3880","2.7691","0.0180"
"","268.4880","2.7795","0.0184"
"","268.5880","2.7895","0.0187"
"","268.6880","2.7994","0.0191"
"","268.7880","2.8094","0.0195"
"","268.8880","2.8196","0.0199"
"","268.9880","2.8297","0.0203"
"","269.0880","2.8391","0.0207"
"","269.1880","2.8495","0.0212"
"","269.2880","2.8595","0.0217"
"","269.3880","2.8696","0.0222"
"","269.4880","2.8792","0.0227"
"","269.5880","2.8895","0.0232"
"","269.6880","2.8995","0.0237"
"","269.7880","2.9094","0.0242"
"","269.8880","2.9196","0.0247"
"","269.9880","2.9296","0.0253"
"","270.0880","2.9396","0.0259"
"","270.1880","2.9492","0.0265"
"","270.2880","2.9595","0.0271"
"","270.3880","2.9694","0.0278"
"","270.4880","2.9793","0.0284"
"","270.5880","2.9895","0.0291"
"","270.6880","2.9997","0.0298"
"","270.7880","3.0095","0.0305"
"","270.8880","3.0192","0.0311"
"","270.9880","3.0294","0.0318"
"","271.0880","3.0396","0.0321"
"","271.1880","3.0494","0.0323"
"","271.2880","3.0594","0.0325"
"","271.3880","3.0695","0.0326"
"","271.4880","3.0797","0.0327"
"","271.5880","3.0892","0.0327"
"","271.6880","3.0995","0.0327"
"","271.7880","3.1095","0.0326"
"","271.8880","3.1197","0.0326"
"","271.9880","3.1293","0.0326"
"","272.0880","3.1394","0.0326"
"","272.1880","3.1495","0.0327"
"","272.2880","3.1594","0.0327"
"","272.3880","3.1695","0.0328"
"","272.4880","3.1795","0.0328"
"","272.5880","3.1896","0.0329"
"","272.6880","3.1993","0.0330"
"","272.7880","3.2095","0.0332"
"","272.8880","3.2194","0.0334"
"","272.9880","3.2294","0.0339"
"","273.0880","3.2395","0.0343"
"","273.1880","3.2496","0.0349"
"","273.2880","3.2595","0.0357"
"","273.3880","3.2691","0.0365"
"","273.4880","3.2795","0.0374"
"","273.5880","3.2896","0.0382"
"","273.6880","3.2994","0.0391"
"","273.7880","3.3093","0.0400"
"","273.8880","3.3196","0.0409"
"","273.9880","3.3297","0.0419"
"","274.0880","3.3392","0.0428"
"","274.1880","3.3494","0.0439"
"","274.2880","3.3594","0.0450"
"","274.3880","3.3696","0.0461"
"","274.4880","3.3793","0.0472"
"","274.5880","3.3894","0.0483"
"","274.6880","3.3995","0.0495"
"","274.7880","3.4094","0.0507"
"","274.8880","3.4195","0.0519"
"","274.9880","3.4295","0.0531"
"","275.0880","3.4395","0.0544"
"","275.1880","3.4493","0.0556"
"","275.2880","3.4595","0.0569"
"","275.3880","3.4695","0.0582"
"","275.4880","3.4794","0.0595"
"","275.5880","3.4896","0.0609"
"","275.6880","3.4996","0.0622"
"","275.7880","3.5095","0.0635"
"","275.8880","3.5192","0.0648"
"","275.9880","3.5295","0.0663"
"","276.0880","3.5394","0.0676"
"","276.1880","3.5495","0.0691"
"","276.2880","3.5594","0.0705"
"","276.3880","3.5696","0.0720"
"","276.4880","3.5796","0.0734"
"","276.5880","3.5892","0.0748"
"","276.6880","3.5996","0.0764"
"","276.7880","3.6095","0.0779"
"","276.8880","3.6195","0.0794"
"","276.9880","3.6292","0.0809"
"","277.0880","3.6395","0.0825"
"","277.1880","3.6496","0.0841"
"","277.2880","3.6594","0.0856"
"","277.3880","3.6695","0.0872"
"","277.4880","3.6796","0.0888"
"","277.5880","3.6896","0.0904"
"","277.6880","3.6992","0.0920"
"","277.7880","3.7095","0.0936"
"","277.8880","3.7195","0.0953"
"","277.9880","3.7294","0.0969"
"","278.0880","3.7396","0.0986"
"","278.1880","3.7496","0.1003"
"","278.2880","3.7595","0.1020"
"","278.3880","3.7693","0.1036"
"","278.4880","3.7795","0.1054"
"","278.5880","3.7895","0.1071"
"","278.6880","3.7994","0.1088"
"","278.7880","3.8094","0.1105"
"","278.8880","3.8196","0.1123"
"","278.9880","3.8296","0.1140"
"","279.0880","3.8392","0.1157"
"","279.1880","3.8495","0.1176"
"","279.2880","3.8596","0.1194"
"","279.3880","3.8696","0.1212"
"","279.4880","3.8793","0.1230"
"","279.5880","3.8895","0.1248"
"","279.6880","3.8996","0.1267"
"","279.7880","3.9094","0.1284"
"","279.8880","3.9195","0.1303"
"","279.9880","3.9295","0.1321"
"","280.0880","3.9396","0.1340"
"","280.1880","3.9492","0.1357"
"","280.2880","3.9595","0.1376"
"","280.3880","3.9694","0.1395"
"","280.4880","3.9793","0.1413"
"","280.5880","3.9895","0.1431"
"","280.6880","3.9996","0.1448"
"","280.6920","4.0000","0.1448"
"","280.6930","4.0001","0.1449"
"","280.6940","4.0002","0.1449"
"","280.7940","4.0005","0.1440"
"","280.8940","3.9930","0.1411"
"","280.9940","3.9810","0.1369"
"","281.0940","3.9708","0.1335"
"","281.1940","3.9606","0.1302"
"","281.2940","3.9504","0.1270"
"","281.3940","3.9406","0.1240"
"","281.4940","3.9305","0.1210"
"","281.5940","3.9205","0.1180"
"","281.6940","3.9103","0.1151"
"","281.7940","3.9007","0.1125"
"","281.8940","3.8904","0.1096"
"","281.9940","3.8804","0.1069"
"","282.0940","3.8705","0.1043"
"","282.1940","3.8605","0.1016"
"","282.2940","3.8505","0.0990"
"","282.3940","3.8404","0.0965"
"","282.4940","3.8306","0.0941"
"","282.5940","3.8204","0.0916"
"","282.6940","3.8105","0.0892"
"","282.7940","3.8005","0.0869"
"","282.8940","3.7905","0.0846"
"","282.9940","3.7805","0.0824"
"","283.0940","3.7705","0.0801"
"","283.1940","3.7606","0.0780"
"","283.2940","3.7504","0.0759"
"","283.3940","3.7404","0.0738"
"","283.4940","3.7304","0.0718"
"","283.5940","3.7206","0.0698"
"","283.6940","3.7104","0.0678"
"","283.7940","3.7004","0.0660"
"","283.8940","3.6907","0.0642"
"","283.9940","3.6805","0.0623"
"","284.0940","3.6703","0.0605"
"","284.1940","3.6604","0.0588"
"","284.2940","3.6507","0.0572"
"","284.3940","3.6404","0.0555"
"","284.4940","3.6303","0.0539"
"","284.5940","3.6205","0.0524"
"","284.6940","3.6105","0.0508"
"","284.7940","3.6005","0.0494"
"","284.8940","3.5904","0.0479"
"","284.9940","3.5807","0.0466"
"","285.0940","3.5703","0.0451"
"","285.1940","3.5604","0.0438"
"","285.2940","3.5505","0.0426"
"","285.3940","3.5406","0.0413"
"","285.4940","3.5304","0.0401"
"","285.5940","3.5205","0.0389"
"","285.6940","3.5107","0.0378"
"","285.7940","3.5004","0.0366"
"","285.8940","3.4902","0.0356"
"","285.9940","3.4804","0.0346"
"","286.0940","3.4707","0.0337"
"","286.1940","3.4605","0.0330"
"","286.2940","3.4503","0.0323"
"","286.3940","3.4406","0.0320"
"","286.4940","3.4306","0.0318"
"","286.5940","3.4204","0.0318"
"","286.6940","3.4103","0.0317"
"","286.7940","3.4007","0.0317"
"","286.8940","3.3905","0.0316"
"","286.9940","3.3804","0.0315"
"","287.0940","3.3705","0.0315"
"","287.1940","3.3605","0.0315"
"","287.2940","3.3505","0.0315"
"","287.3940","3.3404","0.0315"
"","287.4940","3.3307","0.0315"
"","287.5940","3.3203","0.0314"
"","287.6940","3.3104","0.0314"
"","287.7940","3.3005","0.0314"
"","287.8940","3.2906","0.0314"
"","287.9940","3.2804","0.0313"
"","288.0940","3.2705","0.0311"
"","288.1940","3.2607","0.0310"
"","288.2940","3.2505","0.0307"
"","288.3940","3.2403","0.0301"
"","288.4940","3.2305","0.0294"
"","288.5940","3.2207","0.0285"
"","288.6940","3.2105","0.0276"
"","288.7940","3.2003","0.0269"
"","288.8940","3.1906","0.0262"
"","288.9940","3.1805","0.0254"
"","289.0940","3.1705","0.0246"
"","289.1940","3.1603","0.0239"
"","289.2940","3.1506","0.0232"
"","289.3940","3.1405","0.0225"
"","289.4940","3.1305","0.0219"
"","289.5940","3.1206","0.0213"
"","289.6940","3.1104","0.0207"
"","289.7940","3.1005","0.0202"
"","289.8940","3.0904","0.0196"
"","289.9940","3.0806","0.0191"
"","290.0940","3.0703","0.0186"
"","290.1940","3.0605","0.0181"
"","290.2940","3.0506","0.0177"
"","290.3940","3.0406","0.0172"
"","290.4940","3.0304","0.0168"
"","290.5940","3.0205","0.0164"
"","290.6940","3.0107","0.0160"
"","290.7940","3.0004","0.0156"
"","290.8940","2.9903","0.0153"
"","290.9940","2.9805","0.0149"
"","291.0940","2.9707","0.0146"
"","291.1940","2.9605","0.0142"
"","291.2940","2.9503","0.0139"
"","291.3940","2.9407","0.0136"
"","291.4940","2.9306","0.0133"
"","291.5940","2.9204","0.0130"
"","291.6940","2.9103","0.0127"
"","291.7940","2.9007","0.0124"
"","291.8940","2.8905","0.0122"
"","291.9940","2.8804","0.0119"
"","292.0940","2.8706","0.0116"
"","292.1940","2.8604","0.0114"
"","292.2940","2.8505","0.0112"
"","292.3940","2.8405","0.0109"
"","292.4940","2.8308","0.0107"
"","292.5940","2.8202","0.0105"
"","292.6940","2.8103","0.0103"
"","292.7940","2.8005","0.0101"
"","292.8940","2.7906","0.0099"
"","292.9940","2.7804","0.0097"
"","293.0940","2.7705","0.0095"
"","293.1940","2.7608","0.0093"
"","293.2940","2.7504","0.0091"
"","293.3940","2.7402","0.0090"
"","293.4940","2.7304","0.0088"
"","293.5940","2.7207","0.0087"
"","293.6940","2.7105","0.0085"
"","293.7940","2.7003","0.0083"
"","293.8940","2.6906","0.0082"
"","293.9940","2.6806","0.0080"
"","294.0940","2.6704","0.0079"
"","294.1940","2.6603","0.0077"
"","294.2940","2.6506","0.0076"
"","294.3940","2.6405","0.0074"
"","294.4940","2.6304","0.0073"
"","294.5940","2.6204","0.0071"
"","294.6940","2.6105","0.0070"
"","294.7940","2.6005","0.0069"
"","294.8940","2.5904","0.0067"
"","294.9940","2.5807","0.0066"
"","295.0940","2.5703","0.0065"
"","295.1940","2.5604","0.0064"
"","295.2940","2.5504","0.0062"
"","295.3940","2.5406","0.0061"
"","295.4940","2.5304","0.0060"
"","295.5940","2.5205","0.0059"
"","295.6940","2.5107","0.0058"
"","295.7940","2.5005","0.0056"
"","295.8940","2.4903","0.0055"
"","295.9940","2.4805","0.0054"
"","296.0940","2.4707","0.0053"
"","296.1940","2.4604","0.0052"
"","296.2940","2.4503","0.0051"
"","296.3940","2.4406","0.0050"
"","296.4940","2.4305","0.0049"
"","296.5940","2.4205","0.0048"
"","296.6940","2.4103","0.0047"
"","296.7940","2.4006","0.0047"
"","296.8940","2.3905","0.0046"
"","296.9940","2.3805","0.0045"
"","297.0940","2.3705","0.0044"
"","297.1940","2.3604","0.0043"
"","297.2940","2.3505","0.0042"
"","297.3940","2.3404","0.0042"
"","297.4940","2.3307","0.0041"
"","297.5940","2.3203","0.0040"
"","297.6940","2.3105","0.0040"
"","297.7940","2.3006","0.0039"
"","297.8940","2.2906","0.0038"
"","297.9940","2.2804","0.0038"
"","298.0940","2.2705","0.0037"
"","298.1940","2.2607","0.0036"
"","298.2940","2.2504","0.0036"
"","298.3940","2.2403","0.0035"
"","298.4940","2.2305","0.0035"
"","298.5940","2.2207","0.0034"
"","298.6940","2.2104","0.0033"
"","298.7940","2.2003","0.0033"
"","298.8940","2.1907","0.0032"
"","298.9940","2.1805","0.0031"
"","299.0940","2.1704","0.0031"
"","299.1940","2.1603","0.0030"
"","299.2940","2.1506","0.0029"
"","299.3940","2.1405","0.0029"
"","299.4940","2.1304","0.0028"
"","299.5940","2.1205","0.0028"
"","299.6940","2.1104","0.0027"
"","299.7940","2.1005","0.0027"
"","299.8940","2.0905","0.0026"
"","299.9940","2.0807","0.0025"
"","300.0940","2.0702","0.0025"
"","300.1940","2.0604","0.0024"
"","300.2940","2.0505","0.0024"
"","300.3940","2.0406","0.0023"
"","300.4940","2.0304","0.0023"
"","300.5940","2.0205","0.0022"
"","300.6940","2.0108","0.0022"
"","300.7940","2.0005","0.0021"
"","300.8940","1.9902","0.0021"
"","300.9940","1.9804","0.0020"
"","301.0940","1.9707","0.0020"
"","301.1940","1.9604","0.0019"
"","301.2940","1.9504","0.0019"
"","301.3940","1.9405","0.0018"
"","301.4940","1.9306","0.0018"
"","301.5940","1.9204","0.0018"
"","301.6940","1.9104","0.0017"
"","301.7940","1.9007","0.0017"
"","301.8940","1.8905","0.0016"
"","301.9940","1.8804","0.0016"
"","302.0940","1.8705","0.0015"
"","302.1940","1.8605","0.0015"
"","302.2940","1.8504","0.0015"
"","302.3940","1.8404","0.0014"
"","302.4940","1.8307","0.0014"
"","302.5940","1.8204","0.0014"
"","302.6940","1.8104","0.0013"
"","302.7940","1.8004","0.0013"
"","302.8940","1.7906","0.0013"
"","302.9940","1.7805","0.0012"
"","303.0940","1.7704","0.0012"
"","303.1940","1.7607","0.0012"
"","303.2940","1.7504","0.0011"
"","303.3940","1.7404","0.0011"
"","303.4940","1.7304","0.0011"
"","303.5940","1.7207","0.0010"
"","303.6940","1.7104","0.0010"
"","303.7940","1.7004","0.0010"
"","303.8940","1.6906","0.0010"
"","303.9940","1.6805","0.0009"
"","304.0940","1.6705","0.0009"
"","304.1940","1.6604","0.0009"
"","304.2940","1.6506","0.0009"
"","304.3940","1.6405","0.0008"
"","304.4940","1.6305","0.0008"
"","304.5940","1.6205","0.0008"
"","304.6940","1.6104","0.0008"
"","304.7940","1.6005","0.0007"
"","304.8940","1.5904","0.0007"
"","304.9940","1.5806","0.0007"
"","305.0940","1.5703","0.0007"
"","305.1940","1.5604","0.0007"
"","305.2940","1.5506","0.0006"
"","305.3940","1.5406","0.0006"
"","305.4940","1.5304","0.0006"
"","305.5940","1.5206","0.0006"
"","305.6940","1.5107","0.0006"
"","305.7940","1.5004","0.0005"
"","305.8940","1.4903","0.0005"
"","305.9940","1.4805","0.0005"
"","306.0940","1.4707","0.0005"
"","306.1940","1.4604","0.0005"
"","306.2940","1.4503","0.0004"
"","306.3940","1.4407","0.0004"
"","306.4940","1.4305","0.0004"
"","306.5940","1.4203","0.0004"
"","306.6940","1.4104","0.0004"
"","306.7940","1.4007","0.0004"
"","306.8940","1.3905","0.0003"
"","306.9940","1.3804","0.0003"
"","307.0940","1.3705","0.0003"
"","307.1940","1.3605","0.0003"
"","307.2940","1.3505","0.0003"
"","307.3940","1.3404","0.0003"
"","307.4940","1.3307","0.0002"
"","307.5940","1.3202","0.0002"
"","307.6940","1.3104","0.0002"
"","307.7940","1.3006","0.0002"
"","307.8940","1.2906","0.0002"
"","307.9940","1.2803","0.0002"
"","308.0940","1.2705","0.0002"
"","308.1940","1.2608","0.0001"
"","308.2940","1.2504","0.0001"
"","308.3940","1.2402","0.0001"
"","308.4940","1.2304","0.0001"
"","308.5940","1.2207","0.0001"
"","308.6940","1.2105","0.0001"
"","308.7940","1.2003","0.0001"
"","308.8940","1.1906","0.0000"
"","308.9940","1.1806","0.0000"
"","309.0940","1.1704","0.0000"
"","309.1940","1.1603","0.0000"
"","309.2940","1.1507","0.0000"
"","309.3940","1.1405","0.0000"
"","309.4940","1.1304","0.0000"
"","309.5940","1.1205","-0.0001"
"","309.6940","1.1105","-0.0001"
"","309.7940","1.1006","-0.0001"
"","309.8940","1.0904","-0.0001"
"","309.9940","1.0807","-0.0001"
"","310.0940","1.0703","-0.0001"
"","310.1940","1.0605","-0.0001"
"","310.2940","1.0505","-0.0001"
"","310.3940","1.0406","-0.0002"
"","310.4940","1.0304","-0.0002"
"","310.5940","1.0205","-0.0002"
"","310.6940","1.0107","-0.0002"
"","310.7940","1.0005","-0.0002"
"","310.8940","0.9903","-0.0002"
"","310.9940","0.9805","-0.0002"
"","311.0940","0.9707","-0.0002"
"","311.1940","0.9605","-0.0002"
"","311.2940","0.9503","-0.0002"
"","311.3940","0.9406","-0.0003"
"","311.4940","0.9305","-0.0003"
"","311.5940","0.9205","-0.0003"
"","311.6940","0.9103","-0.0003"
"","311.7940","0.9007","-0.0003"
"","311.8940","0.8905","-0.0003"
"","311.9940","0.8805","-0.0003"
"","312.0940","0.8705","-0.0003"
"","312.1940","0.8605","-0.0003"
"","312.2940","0.8505","-0.0003"
"","312.3940","0.8404","-0.0004"
"","312.4940","0.8306","-0.0004"
"","312.5940","0.8203","-0.0004"
"","312.6940","0.8105","-0.0004"
"","312.7940","0.8005","-0.0004"
"","312.8940","0.7906","-0.0004"
"","312.9940","0.7804","-0.0004"
"","313.0940","0.7705","-0.0004"
"","313.1940","0.7606","-0.0004"
"","313.2940","0.7504","-0.0004"
"","313.3940","0.7403","-0.0005"
"","313.4940","0.7305","-0.0005"
"","313.5940","0.7207","-0.0005"
"","313.6940","0.7104","-0.0005"
"","313.7940","0.7003","-0.0005"
"","313.8940","0.6907","-0.0005"
"","313.9940","0.6805","-0.0005"
"","314.0940","0.6703","-0.0005"
"","314.1940","0.6603","-0.0005"
"","314.2940","0.6507","-0.0005"
"","314.3940","0.6405","-0.0006"
"","314.4940","0.6303","-0.0006"
"","314.5940","0.6205","-0.0006"
"","314.6940","0.6105","-0.0006"
"","314.7940","0.6004","-0.0006"
"","314.8940","0.5904","-0.0006"
"","314.9940","0.5808","-0.0006"
"","315.0940","0.5703","-0.0006"
"","315.1940","0.5604","-0.0006"
"","315.2940","0.5505","-0.0006"
"","315.3940","0.5405","-0.0007"
"","315.4940","0.5303","-0.0006"
"","315.5940","0.5205","-0.0007"
"","315.6940","0.5108","-0.0007"
"","315.7940","0.5004","-0.0007"
"","315.8940","0.4903","-0.0007"
"","315.9940","0.4804","-0.0007"
"","316.0940","0.4707","-0.0007"
"","316.1940","0.4604","-0.0007"
"","316.2940","0.4503","-0.0007"
"","316.3940","0.4406","-0.0007"
"","316.4940","0.4306","-0.0007"
"","316.5940","0.4204","-0.0007"
"","316.6940","0.4103","-0.0007"
"","316.7940","0.4006","-0.0008"
"","316.8940","0.3905","-0.0008"
"","316.9940","0.3804","-0.0008"
"","317.0940","0.3704","-0.0008"
"","317.1940","0.3605","-0.0008"
"","317.2940","0.3505","-0.0008"
"","317.3940","0.3404","-0.0008"
"","317.4940","0.3307","-0.0008"
"","317.5940","0.3203","-0.0008"
"","317.6940","0.3104","-0.0008"
"","317.7940","0.3004","-0.0008"
"","317.8940","0.2906","-0.0008"
"","317.9940","0.2805","-0.0008"
"","318.0940","0.2706","-0.0009"
"","318.1940","0.2607","-0.0009"
"","318.2940","0.2504","-0.0009"
"","318.3940","0.2403","-0.0009"
"","318.4940","0.2305","-0.0009"
"","318.5940","0.2207","-0.0009"
"","318.6940","0.2104","-0.0009"
"","318.7940","0.2003","-0.0009"
"","318.8940","0.1906","-0.0009"
"","318.9940","0.1805","-0.0009"
"","319.0940","0.1704","-0.0009"
"","319.1940","0.1603","-0.0009"
"","319.2940","0.1507","-0.0009"
"","319.3940","0.1405","-0.0009"
"","319.4940","0.1304","-0.0009"
"","319.5940","0.1205","-0.0009"
"","319.6940","0.1104","-0.0010"
"","319.7940","0.1006","-0.0010"
"","319.8940","0.0905","-0.0010"
"","319.9940","0.0807","-0.0010"
"","320.0940","0.0703","-0.0010"
"","320.1940","0.0605","-0.0010"
"","320.2940","0.0505","-0.0010"
"","320.3940","0.0406","-0.0010"
"","320.4940","0.0304","-0.0010"
"","320.5940","0.0206","-0.0010"
"","320.6940","0.0108","-0.0010"
"","320.7940","0.0005","-0.0010"
"","320.7990","-0.0001","-0.0010"
"","320.8000","-0.0002","-0.0010"
"","320.8010","-0.0003","-0.0010"
"","320.9010","-0.0008","-0.0010"
"","321.0010","0.0070","-0.0010"
"","321.1010","0.0185","-0.0010"
"","321.2010","0.0291","-0.0010"
"","321.3010","0.0392","-0.0010"
"","321.4010","0.0491","-0.0009"
"","321.5010","0.0590","-0.0009"
"","321.6010","0.0693","-0.0009"
"","321.7010","0.0794","-0.0009"
"","321.8010","0.0889","-0.0009"
"","321.9010","0.0992","-0.0009"
"","322.0010","0.1092","-0.0009"
"","322.1010","0.1194","-0.0009"
"","322.2010","0.1290","-0.0009"
"","322.3010","0.1392","-0.0008"
"","322.4010","0.1492","-0.0008"
"","322.5010","0.1591","-0.0008"
"","322.6010","0.1692","-0.0008"
"","322.7010","0.1792","-0.0008"
"","322.8010","0.1893","-0.0008"
"","322.9010","0.1990","-0.0008"
"","323.0010","0.2093","-0.0008"
"","323.1010","0.2192","-0.0008"
"","323.2010","0.2291","-0.0007"
"","323.3010","0.2392","-0.0007"
"","323.4010","0.2493","-0.0007"
"","323.5010","0.2593","-0.0007"
"","323.6010","0.2689","-0.0007"
"","323.7010","0.2791","-0.0007"
"","323.8010","0.2891","-0.0007"
"","323.9010","0.2990","-0.0007"
"","324.0010","0.3090","-0.0006"
"","324.1010","0.3193","-0.0006"
"","324.2010","0.3294","-0.0006"
"","324.3010","0.3390","-0.0006"
"","324.4010","0.3491","-0.0006"
"","324.5010","0.3592","-0.0006"
"","324.6010","0.3693","-0.0006"
"","324.7010","0.3790","-0.0006"
"","324.8010","0.3892","-0.0006"
"","324.9010","0.3992","-0.0005"
"","325.0010","0.4092","-0.0005"
"","325.1010","0.4192","-0.0005"
"","325.2010","0.4292","-0.0005"
"","325.3010","0.4392","-0.0005"
"","325.4010","0.4490","-0.0005"
"","325.5010","0.4592","-0.0005"
"","325.6010","0.4691","-0.0005"
"","325.7010","0.4791","-0.0004"
"","325.8010","0.4892","-0.0004"
"","325.9010","0.4993","-0.0004"
"","326.0010","0.5092","-0.0004"
"","326.1010","0.5189","-0.0004"
"","326.2010","0.5292","-0.0004"
"","326.3010","0.5392","-0.0004"
"","326.4010","0.5492","-0.0003"
"","326.5010","0.5591","-0.0003"
"","326.6010","0.5693","-0.0003"
"","326.7010","0.5794","-0.0003"
"","326.8010","0.5889","-0.0003"
"","326.9010","0.5992","-0.0003"
"","327.0010","0.6092","-0.0003"
"","327.1010","0.6193","-0.0003"
"","327.2010","0.6289","-0.0002"
"","327.3010","0.6392","-0.0002"
"","327.4010","0.6492","-0.0002"
"","327.5010","0.6592","-0.0002"
"","327.6010","0.6692","-0.0002"
"","327.7010","0.6793","-0.0002"
"","327.8010","0.6893","-0.0002"
"","327.9010","0.6990","-0.0002"
"","328.0010","0.7092","-0.0001"
"","328.1010","0.7192","-0.0001"
"","328.2010","0.7291","-0.0001"
"","328.3010","0.7392","-0.0001"
"","328.4010","0.7493","-0.0001"
"","328.5010","0.7592","-0.0001"
"","328.6010","0.7689","-0.0001"
"","328.7010","0.7792","-0.0001"
"","328.8010","0.7893","0.0000"
"","328.9010","0.7991","0.0000"
"","329.0010","0.8091","0.0000"
"","329.1010","0.8192","0.0000"
"","329.2010","0.8294","0.0000"
"","329.3010","0.8389","0.0000"
"","329.4010","0.8492","0.0000"
"","329.5010","0.8592","0.0000"
"","329.6010","0.8693","0.0000"
"","329.7010","0.8789","0.0001"
"","329.8010","0.8891","0.0001"
"","329.9010","0.8992","0.0001"
"","330.0010","0.9091","0.0001"
"","330.1010","0.9193","0.0001"
"","330.2010","0.9293","0.0001"
"","330.3010","0.9393","0.0002"
"","330.4010","0.9490","0.0002"
"","330.5010","0.9592","0.0002"
"","330.6010","0.9692","0.0002"
"","330.7010","0.9791","0.0002"
"","330.8010","0.9892","0.0002"
"","330.9010","0.9993","0.0002"
"","331.0010","1.0092","0.0002"
"","331.1010","1.0189","0.0003"
"","331.2010","1.0292","0.0003"
"","331.3010","1.0393","0.0003"
"","331.4010","1.0491","0.0003"
"","331.5010","1.0590","0.0003"
"","331.6010","1.0693","0.0004"
"","331.7010","1.0794","0.0004"
"","331.8010","1.0889","0.0004"
"","331.9010","1.0991","0.0004"
"","332.0010","1.1092","0.0004"
"","332.1010","1.1193","0.0004"
"","332.2010","1.1290","0.0005"
"","332.3010","1.1391","0.0005"
"","332.4010","1.1492","0.0005"
"","332.5010","1.1592","0.0005"
"","332.6010","1.1693","0.0005"
"","332.7010","1.1792","0.0005"
"","332.8010","1.1892","0.0006"
"","332.9010","1.1990","0.0006"
"","333.0010","1.2092","0.0006"
"","333.1010","1.2192","0.0006"
"","333.2010","1.2291","0.0006"
"","333.3010","1.2393","0.0007"
"","333.4010","1.2494","0.0007"
"","333.5010","1.2593","0.0007"
"","333.6010","1.2689","0.0007"
"","333.7010","1.2792","0.0007"
"","333.8010","1.2892","0.0008"
"","333.9010","1.2991","0.0008"
"","334.0010","1.3091","0.0008"
"","334.1010","1.3193","0.0008"
"","334.2010","1.3294","0.0008"
"","334.3010","1.3389","0.0008"
"","334.4010","1.3492","0.0009"
"","334.5010","1.3591","0.0009"
"","334.6010","1.3693","0.0009"
"","334.7010","1.3791","0.0010"
"","334.8010","1.3892","0.0010"
"","334.9010","1.3991","0.0010"
"","335.0010","1.4091","0.0010"
"","335.1010","1.4193","0.0011"
"","335.2010","1.4292","0.0011"
"","335.3010","1.4392","0.0011"
"","335.4010","1.4489","0.0011"
"","335.5010","1.4593","0.0012"
"","335.6010","1.4692","0.0012"
"","335.7010","1.4790","0.0012"
"","335.8010","1.4892","0.0013"
"","335.9010","1.4994","0.0012"
"","336.0010","1.5093","0.0013"
"","336.1010","1.5189","0.0013"
"","336.2010","1.5292","0.0014"
"","336.3010","1.5392","0.0014"
"","336.4010","1.5492","0.0014"
"","336.5010","1.5590","0.0015"
"","336.6010","1.5692","0.0015"
"","336.7010","1.5793","0.0015"
"","336.8010","1.5890","0.0016"
"","336.9010","1.5992","0.0016"
"","337.0010","1.6093","0.0017"
"","337.1010","1.6193","0.0017"
"","337.2010","1.6290","0.0017"
"","337.3010","1.6392","0.0017"
"","337.4010","1.6493","0.0018"
"","337.5010","1.6590","0.0018"
"","337.6010","1.6692","0.0019"
"","337.7010","1.6793","0.0019"
"","337.8010","1.6893","0.0020"
"","337.9010","1.6989","0.0020"
"","338.0010","1.7092","0.0021"
"","338.1010","1.7192","0.0022"
"","338.2010","1.7291","0.0022"
"","338.3010","1.7392","0.0023"
"","338.4010","1.7493","0.0023"
"","338.5010","1.7593","0.0024"
"","338.6010","1.7689","0.0024"
"","338.7010","1.7792","0.0025"
"","338.8010","1.7893","0.0025"
"","338.9010","1.7992","0.0026"
"","339.0010","1.8090","0.0027"
"","339.1010","1.8193","0.0027"
"","339.2010","1.8293","0.0028"
"","339.3010","1.8390","0.0029"
"","339.4010","1.8491","0.0029"
"","339.5010","1.8592","0.0030"
"","339.6010","1.8693","0.0031"
"","339.7010","1.8791","0.0031"
"","339.8010","1.8892","0.0032"
"","339.9010","1.8992","0.0033"
"","340.0010","1.9092","0.0034"
"","340.1010","1.9193","0.0034"
"","340.2010","1.9292","0.0035"
"","340.3010","1.9392","0.0036"
"","340.4010","1.9490","0.0037"
"","340.5010","1.9592","0.0037"
"","340.6010","1.9691","0.0038"
"","340.7010","1.9790","0.0039"
"","340.8010","1.9893","0.0040"
"","340.9010","1.9993","0.0041"
"","341.0010","2.0092","0.0041"
"","341.1010","2.0189","0.0042"
"","341.2010","2.0293","0.0043"
"","341.3010","2.0393","0.0044"
"","341.4010","2.0492","0.0045"
"","341.5010","2.0591","0.0046"
"","341.6010","2.0693","0.0047"
"","341.7010","2.0794","0.0047"
"","341.8010","2.0889","0.0048"
"","341.9010","2.0992","0.0049"
"","342.0010","2.1091","0.0050"
"","342.1010","2.1193","0.0051"
"","342.2010","2.1290","0.0052"
"","342.3010","2.1392","0.0053"
"","342.4010","2.1492","0.0054"
"","342.5010","2.1592","0.0055"
"","342.6010","2.1693","0.0056"
"","342.7010","2.1793","0.0057"
"","342.8010","2.1892","0.0058"
"","342.9010","2.1989","0.0059"
"","343.0010","2.2093","0.0060"
"","343.1010","2.2191","0.0061"
"","343.2010","2.2291","0.0063"
"","343.3010","2.2392","0.0063"
"","343.4010","2.2494","0.0064"
"","343.5010","2.2592","0.0066"
"","343.6010","2.2690","0.0067"
"","343.7010","2.2792","0.0068"
"","343.8010","2.2893","0.0069"
"","343.9010","2.2991","0.0070"
"","344.0010","2.3090","0.0072"
"","344.1010","2.3192","0.0073"
"","344.2010","2.3294","0.0075"
"","344.3010","2.3389","0.0076"
"","344.4010","2.3491","0.0077"
"","344.5010","2.3592","0.0079"
"","344.6010","2.3694","0.0080"
"","344.7010","2.3791","0.0082"
"","344.8010","2.3892","0.0084"
"","344.9010","2.3992","0.0085"
"","345.0010","2.4091","0.0086"
"","345.1010","2.4193","0.0088"
"","345.2010","2.4293","0.0090"
"","345.3010","2.4393","0.0092"
"","345.4010","2.4490","0.0093"
"","345.5010","2.4593","0.0095"
"","345.6010","2.4691","0.0097"
"","345.7010","2.4791","0.0099"
"","345.8010","2.4892","0.0101"
"","345.9010","2.4994","0.0102"
"","346.0010","2.5093","0.0104"
"","346.1010","2.5189","0.0106"
"","346.2010","2.5292","0.0108"
"","346.3010","2.5393","0.0110"
"","346.4010","2.5492","0.0112"
"","346.5010","2.5591","0.0114"
"","346.6010","2.5693","0.0116"
"","346.7010","2.5793","0.0119"
"","346.8010","2.5889","0.0121"
"","346.9010","2.5991","0.0123"
"","347.0010","2.6092","0.0125"
"","347.1010","2.6193","0.0128"
"","347.2010","2.6291","0.0130"
"","347.3010","2.6391","0.0132"
"","347.4010","2.6492","0.0135"
"","347.5010","2.6592","0.0138"
"","347.6010","2.6693","0.0140"
"","347.7010","2.6792","0.0143"
"","347.8010","2.6892","0.0146"
"","347.9010","2.6989","0.0148"
"","348.0010","2.7092","0.0152"
"","348.1010","2.7191","0.0155"
"","348.2010","2.7291","0.0157"
"","348.3010","2.7393","0.0160"
"","348.4010","2.7494","0.0164"
"","348.5010","2.7592","0.0167"
"","348.6010","2.7689","0.0170"
"","348.7010","2.7792","0.0174"
"","348.8010","2.7892","0.0177"
"","348.9010","2.7991","0.0181"
"","349.0010","2.8091","0.0184"
"","349.1010","2.8194","0.0188"
"","349.2010","2.8294","0.0192"
"","349.3010","2.8389","0.0196"
"","349.4010","2.8492","0.0200"
"","349.5010","2.8592","0.0204"
"","349.6010","2.8693","0.0209"
"","349.7010","2.8790","0.0213"
"","349.8010","2.8892","0.0218"
"","349.9010","2.8992","0.0222"
"","350.0010","2.9091","0.0227"
"","350.1010","2.9193","0.0232"
"","350.2010","2.9293","0.0238"
"","350.3010","2.9393","0.0243"
"","350.4010","2.9489","0.0248"
"","350.5010","2.9592","0.0254"
"","350.6010","2.9692","0.0261"
"","350.7010","2.9791","0.0267"
"","350.8010","2.9892","0.0273"
"","350.9010","2.9994","0.0280"
"","351.0010","3.0093","0.0286"
"","351.1010","3.0189","0.0293"
"","351.2010","3.0291","0.0300"
"","351.3010","3.0393","0.0307"
"","351.4010","3.0491","0.0314"
"","351.5010","3.0590","0.0320"
"","351.6010","3.0692","0.0321"
"","351.7010","3.0794","0.0323"
"","351.8010","3.0889","0.0325"
"","351.9010","3.0992","0.0326"
"","352.0010","3.1092","0.0327"
"","352.1010","3.1194","0.0327"
"","352.2010","3.1290","0.0327"
"","352.3010","3.1391","0.0326"
"","352.4010","3.1491","0.0326"
"","352.5010","3.1591","0.0326"
"","352.6010","3.1692","0.0327"
"","352.7010","3.1793","0.0327"
"","352.8010","3.1893","0.0328"
"","352.9010","3.1990","0.0328"
"","353.0010","3.2092","0.0329"
"","353.1010","3.2191","0.0330"
"","353.2010","3.2291","0.0332"
"","353.3010","3.2392","0.0334"
"","353.4010","3.2494","0.0337"
"","353.5010","3.2592","0.0341"
"","353.6010","3.2689","0.0347"
"","353.7010","3.2792","0.0355"
"","353.8010","3.2893","0.0363"
"","353.9010","3.2991","0.0372"
"","354.0010","3.3091","0.0381"
"","354.1010","3.3192","0.0389"
"","354.2010","3.3294","0.0398"
"","354.3010","3.3389","0.0406"
"","354.4010","3.3491","0.0415"
"","354.5010","3.3592","0.0425"
"","354.6010","3.3693","0.0436"
"","354.7010","3.3790","0.0447"
"","354.8010","3.3892","0.0458"
"","354.9010","3.3992","0.0469"
"","355.0010","3.4092","0.0481"
"","355.1010","3.4192","0.0492"
"","355.2010","3.4292","0.0504"
"","355.3010","3.4392","0.0516"
"","355.4010","3.4490","0.0528"
"","355.5010","3.4592","0.0541"
"","355.6010","3.4692","0.0554"
"","355.7010","3.4791","0.0567"
"","355.8010","3.4893","0.0580"
"","355.9010","3.4993","0.0593"
"","356.0010","3.5092","0.0606"
"","356.1010","3.5189","0.0619"
"","356.2010","3.5293","0.0634"
"","356.3010","3.5392","0.0647"
"","356.4010","3.5492","0.0662"
"","356.5010","3.5591","0.0676"
"","356.6010","3.5693","0.0691"
"","356.7010","3.5793","0.0705"
"","356.8010","3.5889","0.0719"
"","356.9010","3.5993","0.0735"
"","357.0010","3.6092","0.0749"
"","357.1010","3.6193","0.0764"
"","357.2010","3.6288","0.0779"
"","357.3010","3.6392","0.0795"
"","357.4010","3.6493","0.0811"
"","357.5010","3.6591","0.0827"
"","357.6010","3.6692","0.0843"
"","357.7010","3.6793","0.0859"
"","357.8010","3.6893","0.0876"
"","357.9010","3.6989","0.0891"
"","358.0010","3.7092","0.0908"
"","358.1010","3.7192","0.0924"
"","358.2010","3.7292","0.0941"
"","358.3010","3.7392","0.0957"
"","358.4010","3.7493","0.0974"
"","358.5010","3.7593","0.0991"
"","358.6010","3.7689","0.1007"
"","358.7010","3.7792","0.1025"
"","358.8010","3.7892","0.1042"
"","358.9010","3.7991","0.1060"
"","359.0010","3.8090","0.1077"
"","359.1010","3.8193","0.1096"
"","359.2010","3.8294","0.1114"
"","359.3010","3.8389","0.1130"
"","359.4010","3.8492","0.1150"
"","359.5010","3.8593","0.1168"
"","359.6010","3.8693","0.1186"
"","359.7010","3.8790","0.1204"
"","359.8010","3.8891","0.1223"
"","359.9010","3.8993","0.1242"
"","360.0010","3.9090","0.1259"
"","360.1010","3.9191","0.1279"
"","360.2010","3.9292","0.1298"
"","360.3010","3.9394","0.1317"
"","360.4010","3.9490","0.1335"
"","360.5010","3.9593","0.1355"
"","360.6010","3.9691","0.1373"
"","360.7010","3.9791","0.1392"
"","360.8010","3.9892","0.1410"
"","360.9010","3.9994","0.1429"
"","360.9080","4.0000","0.1430"
"","360.9090","4.0001","0.1430"
"","360.9100","4.0002","0.1430"
"","361.0100","4.0005","0.1422"
"","361.1100","3.9931","0.1394"
"","361.2100","3.9811","0.1353"
"","361.3100","3.9708","0.1319"
"","361.4100","3.9606","0.1286"
"","361.5100","3.9505","0.1255"
"","361.6100","3.9407","0.1225"
"","361.7100","3.9305","0.1194"
"","361.8100","3.9205","0.1165"
"","361.9100","3.9103","0.1136"
"","362.0100","3.9007","0.1109"
"","362.1100","3.8904","0.1080"
"","362.2100","3.8804","0.1053"
"","362.3100","3.8705","0.1027"
"","362.4100","3.8606","0.1001"
"","362.5100","3.8505","0.0975"
"","362.6100","3.8404","0.0950"
"","362.7100","3.8307","0.0926"
"","362.8100","3.8204","0.0901"
"","362.9100","3.8105","0.0877"
"","363.0100","3.8005","0.0854"
"","363.1100","3.7906","0.0831"
"","363.2100","3.7805","0.0809"
"","363.3100","3.7705","0.0787"
"","363.4100","3.7607","0.0766"
"","363.5100","3.7504","0.0744"
"","363.6100","3.7404","0.0724"
"","363.7100","3.7304","0.0704"
"","363.8100","3.7206","0.0684"
"","363.9100","3.7104","0.0665"
"","364.0100","3.7004","0.0646"
"","364.1100","3.6907","0.0628"
"","364.2100","3.6805","0.0610"
"","364.3100","3.6703","0.0592"
"","364.4100","3.6604","0.0575"
"","364.5100","3.6507","0.0559"
"","364.6100","3.6404","0.0542"
"","364.7100","3.6304","0.0526"
"","364.8100","3.6206","0.0511"
"","364.9100","3.6106","0.0496"
"","365.0100","3.6005","0.0481"
"","365.1100","3.5904","0.0467"
"","365.2100","3.5808","0.0454"
"","365.3100","3.5703","0.0440"
"","365.4100","3.5604","0.0427"
"","365.5100","3.5505","0.0414"
"","365.6100","3.5406","0.0402"
"","365.7100","3.5304","0.0390"
"","365.8100","3.5205","0.0379"
"","365.9100","3.5108","0.0368"
"","366.0100","3.5004","0.0356"
"","366.1100","3.4902","0.0346"
"","366.2100","3.4805","0.0337"
"","366.3100","3.4708","0.0330"
"","366.4100","3.4605","0.0323"
"","366.5100","3.4504","0.0320"
"","366.6100","3.4406","0.0318"
"","366.7100","3.4306","0.0317"
"","366.8100","3.4205","0.0317"
"","366.9100","3.4104","0.0316"
"","367.0100","3.4007","0.0316"
"","367.1100","3.3906","0.0315"
"","367.2100","3.3804","0.0315"
"","367.3100","3.3705","0.0315"
"","367.4100","3.3606","0.0315"
"","367.5100","3.3505","0.0315"
"","367.6100","3.3405","0.0314"
"","367.7100","3.3308","0.0314"
"","367.8100","3.3203","0.0314"
"","367.9100","3.3104","0.0314"
"","368.0100","3.3005","0.0314"
"","368.1100","3.2906","0.0313"
"","368.2100","3.2804","0.0311"
"","368.3100","3.2705","0.0308"
"","368.4100","3.2608","0.0305"
"","368.5100","3.2505","0.0301"
"","368.6100","3.2403","0.0292"
"","368.7100","3.2305","0.0283"
"","368.8100","3.2207","0.0275"
"","368.9100","3.2105","0.0268"
"","369.0100","3.2003","0.0261"
"","369.1100","3.1906","0.0253"
"","369.2100","3.1806","0.0245"
"","369.3100","3.1705","0.0237"
"","369.4100","3.1603","0.0230"
"","369.5100","3.1506","0.0224"
"","369.6100","3.1405","0.0218"
"","369.7100","3.1305","0.0212"
"","369.8100","3.1206","0.0206"
"","369.9100","3.1104","0.0201"
"","370.0100","3.1005","0.0195"
"","370.1100","3.0904","0.0190"
"","370.2100","3.0807","0.0185"
"","370.3100","3.0703","0.0180"
"","370.4100","3.0605","0.0176"
"","370.5100","3.0507","0.0171"
"","370.6100","3.0406","0.0167"
"","370.7100","3.0304","0.0163"
"","370.8100","3.0206","0.0159"
"","370.9100","3.0107","0.0155"
"","371.0100","3.0004","0.0152"
"","371.1100","2.9903","0.0148"
"","371.2100","2.9805","0.0144"
"","371.3100","2.9707","0.0141"
"","371.4100","2.9605","0.0138"
"","371.5100","2.9504","0.0135"
"","371.6100","2.9407","0.0132"
"","371.7100","2.9306","0.0129"
"","371.8100","2.9204","0.0126"
"","371.9100","2.9103","0.0123"
"","372.0100","2.9007","0.0120"
"","372.1100","2.8905","0.0118"
"","372.2100","2.8804","0.0115"
"","372.3100","2.8705","0.0113"
"","372.4100","2.8604","0.0110"
"","372.5100","2.8505","0.0108"
"","372.6100","2.8405","0.0106"
"","372.7100","2.8308","0.0104"
"","372.8100","2.8202","0.0102"
"","372.9100","2.8104","0.0100"
"","373.0100","2.8005","0.0098"
"","373.1100","2.7906","0.0096"
"","373.2100","2.7804","0.0094"
"","373.3100","2.7706","0.0092"
"","373.4100","2.7608","0.0091"
"","373.5100","2.7505","0.0089"
"","373.6100","2.7402","0.0087"
"","373.7100","2.7305","0.0086"
"","373.8100","2.7208","0.0084"
"","373.9100","2.7105","0.0083"
"","374.0100","2.7003","0.0081"
"","374.1100","2.6906","0.0079"
"","374.2100","2.6806","0.0078"
"","374.3100","2.6705","0.0076"
"","374.4100","2.6603","0.0075"
"","374.5100","2.6507","0.0074"
"","374.6100","2.6406","0.0072"
"","374.7100","2.6304","0.0071"
"","374.8100","2.6205","0.0069"
"","374.9100","2.6105","0.0068"
"","375.0100","2.6005","0.0067"
"","375.1100","2.5904","0.0065"
"","375.2100","2.5807","0.0064"
"","375.3100","2.5703","0.0063"
"","375.4100","2.5605","0.0062"
"","375.5100","2.5505","0.0060"
"","375.6100","2.5406","0.0059"
"","375.7100","2.5304","0.0058"
"","375.8100","2.5205","0.0057"
"","375.9100","2.5107","0.0056"
"","376.0100","2.5005","0.0055"
"","376.1100","2.4903","0.0054"
"","376.2100","2.4805","0.0053"
"","376.3100","2.4707","0.0052"
"","376.4100","2.4605","0.0051"
"","376.5100","2.4503","0.0050"
"","376.6100","2.4406","0.0049"
"","376.7100","2.4305","0.0048"
"","376.8100","2.4205","0.0047"
"","376.9100","2.4104","0.0046"
"","377.0100","2.4006","0.0045"
"","377.1100","2.3905","0.0044"
"","377.2100","2.3805","0.0043"
"","377.3100","2.3705","0.0043"
"","377.4100","2.3604","0.0042"
"","377.5100","2.3505","0.0041"
"","377.6100","2.3405","0.0040"
"","377.7100","2.3307","0.0040"
"","377.8100","2.3203","0.0039"
"","377.9100","2.3105","0.0038"
"","378.0100","2.3006","0.0038"
"","378.1100","2.2906","0.0037"
"","378.2100","2.2804","0.0036"
"","378.3100","2.2706","0.0036"
"","378.4100","2.2607","0.0035"
"","378.5100","2.2504","0.0035"
"","378.6100","2.2403","0.0034"
"","378.7100","2.2305","0.0034"
"","378.8100","2.2207","0.0033"
"","378.9100","2.2104","0.0032"
"","379.0100","2.2003","0.0032"
"","379.1100","2.1907","0.0031"
"","379.2100","2.1806","0.0031"
"","379.3100","2.1704","0.0030"
"","379.4100","2.1604","0.0030"
"","379.5100","2.1506","0.0029"
"","379.6100","2.1405","0.0028"
"","379.7100","2.1304","0.0028"
"","379.8100","2.1206","0.0027"
"","379.9100","2.1104","0.0027"
"","380.0100","2.1006","0.0026"
"","380.1100","2.0905","0.0025"
"","380.2100","2.0808","0.0025"
"","380.3100","2.0702","0.0024"
"","380.4100","2.0604","0.0024"
"","380.5100","2.0506","0.0023"
"","380.6100","2.0406","0.0023"
"","380.7100","2.0304","0.0022"
"","380.8100","2.0205","0.0022"
"","380.9100","2.0108","0.0021"
"","381.0100","2.0005","0.0021"
"","381.1100","1.9903","0.0020"
"","381.2100","1.9804","0.0020"
"","381.3100","1.9707","0.0019"
"","381.4100","1.9605","0.0019"
"","381.5100","1.9504","0.0018"
"","381.6100","1.9406","0.0018"
"","381.7100","1.9306","0.0017"
"","381.8100","1.9205","0.0017"
"","381.9100","1.9104","0.0017"
"","382.0100","1.9007","0.0016"
"","382.1100","1.8905","0.0016"
"","382.2100","1.8804","0.0015"
"","382.3100","1.8705","0.0015"
"","382.4100","1.8605","0.0015"
"","382.5100","1.8505","0.0014"
"","382.6100","1.8404","0.0014"
"","382.7100","1.8307","0.0013"
"","382.8100","1.8204","0.0013"
"","382.9100","1.8104","0.0013"
"","383.0100","1.8005","0.0012"
"","383.1100","1.7906","0.0012"
"","383.2100","1.7805","0.0012"
"","383.3100","1.7704","0.0011"
"","383.4100","1.7607","0.0011"
"","383.5100","1.7504","0.0011"
"","383.6100","1.7404","0.0010"
"","383.7100","1.7305","0.0010"
"","383.8100","1.7208","0.0010"
"","383.9100","1.7105","0.0010"
"","384.0100","1.7004","0.0009"
"","384.1100","1.6906","0.0009"
"","384.2100","1.6805","0.0009"
"","384.3100","1.6705","0.0008"
"","384.4100","1.6604","0.0008"
"","384.5100","1.6507","0.0008"
"","384.6100","1.6405","0.0008"
"","384.7100","1.6305","0.0008"
"","384.8100","1.6205","0.0007"
"","384.9100","1.6105","0.0007"
"","385.0100","1.6005","0.0007"
"","385.1100","1.5905","0.0007"
"","385.2100","1.5807","0.0007"
"","385.3100","1.5703","0.0006"
"","385.4100","1.5605","0.0006"
"","385.5100","1.5506","0.0006"
"","385.6100","1.5406","0.0006"
"","385.7100","1.5305","0.0006"
"","385.8100","1.5206","0.0005"
"","385.9100","1.5107","0.0005"
"","386.0100","1.5004","0.0005"
"","386.1100","1.4903","0.0005"
"","386.2100","1.4805","0.0005"
"","386.3100","1.4707","0.0004"
"","386.4100","1.4604","0.0004"
"","386.5100","1.4504","0.0004"
"","386.6100","1.4407","0.0004"
"","386.7100","1.4306","0.0004"
"","386.8100","1.4203","0.0004"
"","386.9100","1.4104","0.0003"
"","387.0100","1.4007","0.0003"
"","387.1100","1.3906","0.0003"
"","387.2100","1.3804","0.0003"
"","387.3100","1.3705","0.0003"
"","387.4100","1.3605","0.0002"
"","387.5100","1.3506","0.0002"
"","387.6100","1.3405","0.0002"
"","387.7100","1.3307","0.0002"
"","387.8100","1.3202","0.0002"
"","387.9100","1.3104","0.0002"
"","388.0100","1.3006","0.0002"
"","388.1100","1.2906","0.0001"
"","388.2100","1.2804","0.0001"
"","388.3100","1.2706","0.0001"
"","388.4100","1.2608","0.0001"
"","388.5100","1.2504","0.0001"
"","388.6100","1.2402","0.0001"
"","388.7100","1.2305","0.0001"
"","388.8100","1.2208","0.0000"
"","388.9100","1.2105","0.0000"
"","389.0100","1.2003","0.0000"
"","389.1100","1.1906","0.0000"
"","389.2100","1.1806","0.0000"
"","389.3100","1.1705","0.0000"
"","389.4100","1.1604","0.0000"
"","389.5100","1.1507","0.0000"
"","389.6100","1.1405","0.0000"
"","389.7100","1.1304","-0.0001"
"","389.8100","1.1205","-0.0001"
"","389.9100","1.1106","-0.0001"
"","390.0100","1.1006","-0.0001"
"","390.1100","1.0904","-0.0001"
"","390.2100","1.0807","-0.0001"
"","390.3100","1.0704","-0.0001"
"","390.4100","1.0605","-0.0002"
"","390.5100","1.0505","-0.0002"
"","390.6100","1.0406","-0.0002"
"","390.7100","1.0304","-0.0002"
"","390.8100","1.0205","-0.0002"
"","390.9100","1.0107","-0.0002"
"","391.0100","1.0005","-0.0002"
"","391.1100","0.9903","-0.0002"
"","391.2100","0.9805","-0.0002"
"","391.3100","0.9708","-0.0003"
"","391.4100","0.9605","-0.0002"
"","391.5100","0.9503","-0.0003"
"","391.6100","0.9407","-0.0003"
"","391.7100","0.9305","-0.0003"
"","391.8100","0.9205","-0.0003"
"","391.9100","0.9103","-0.0003"
"","392.0100","0.9007","-0.0003"
"","392.1100","0.8905","-0.0003"
"","392.2100","0.8805","-0.0003"
"","392.3100","0.8705","-0.0003"
"","392.4100","0.8606","-0.0004"
"","392.5100","0.8505","-0.0004"
"","392.6100","0.8404","-0.0004"
"","392.7100","0.8307","-0.0004"
"","392.8100","0.8203","-0.0004"
"","392.9100","0.8105","-0.0004"
"","393.0100","0.8005","-0.0004"
"","393.1100","0.7906","-0.0004"
"","393.2100","0.7805","-0.0004"
"","393.3100","0.7706","-0.0005"
"","393.4100","0.7607","-0.0005"
"","393.5100","0.7504","-0.0005"
"","393.6100","0.7403","-0.0005"
"","393.7100","0.7306","-0.0005"
"","393.8100","0.7207","-0.0005"
"","393.9100","0.7104","-0.0005"
"","394.0100","0.7003","-0.0005"
"","394.1100","0.6907","-0.0005"
"","394.2100","0.6805","-0.0005"
"","394.3100","0.6704","-0.0006"
"","394.4100","0.6604","-0.0006"
"","394.5100","0.6507","-0.0005"
"","394.6100","0.6405","-0.0006"
"","394.7100","0.6304","-0.0006"
"","394.8100","0.6205","-0.0006"
"","394.9100","0.6105","-0.0006"
"","395.0100","0.6005","-0.0006"
"","395.1100","0.5904","-0.0006"
"","395.2100","0.5808","-0.0006"
"","395.3100","0.5704","-0.0006"
"","395.4100","0.5605","-0.0006"
"","395.5100","0.5505","-0.0006"
"","395.6100","0.5406","-0.0007"
"","395.7100","0.5304","-0.0007"
"","395.8100","0.5206","-0.0007"
"","395.9100","0.5108","-0.0007"
"","396.0100","0.5005","-0.0007"
"","396.1100","0.4903","-0.0007"
"","396.2100","0.4805","-0.0007"
"","396.3100","0.4708","-0.0007"
"","396.4100","0.4605","-0.0007"
"","396.5100","0.4503","-0.0007"
"","396.6100","0.4405","-0.0007"
"","396.7100","0.4305","-0.0007"
"","396.8100","0.4204","-0.0007"
"","396.9100","0.4104","-0.0008"
"","397.0100","0.4007","-0.0008"
"","397.1100","0.3905","-0.0008"
"","397.2100","0.3804","-0.0008"
"","397.3100","0.3705","-0.0008"
"","397.4100","0.3606","-0.0008"
"","397.5100","0.3505","-0.0008"
"","397.6100","0.3405","-0.0008"
"","397.7100","0.3307","-0.0008"
"","397.8100","0.3203","-0.0008"
"","397.9100","0.3104","-0.0008"
"","398.0100","0.3005","-0.0008"
"","398.1100","0.2907","-0.0009"
"","398.2100","0.2805","-0.0009"
"","398.3100","0.2706","-0.0009"
"","398.4100","0.2608","-0.0009"
"","398.5100","0.2504","-0.0009"
"","398.6100","0.2403","-0.0009"
"","398.7100","0.2305","-0.0009"
"","398.8100","0.2207","-0.0009"
"","398.9100","0.2104","-0.0009"
"","399.0100","0.2003","-0.0009"
"","399.1100","0.1906","-0.0009"
"","399.2100","0.1805","-0.0009"
"","399.3100","0.1705","-0.0009"
"","399.4100","0.1604","-0.0009"
"","399.5100","0.1507","-0.0010"
"","399.6100","0.1405","-0.0010"
"","399.7100","0.1305","-0.0010"
"","399.8100","0.1205","-0.0010"
"","399.9100","0.1105","-0.0010"
"","400.0100","0.1005","-0.0010"
"","400.1100","0.0904","-0.0010"
"","400.2100","0.0807","-0.0010"
"","400.3100","0.0703","-0.0010"
"","400.4100","0.0605","-0.0010"
"","400.5100","0.0506","-0.0010"
"","400.6100","0.0406","-0.0010"
"","400.7100","0.0304","-0.0010"
"","400.8100","0.0206","-0.0010"
"","400.9100","0.0107","-0.0010"
"","401.0100","0.0005","-0.0011"
"","401.0150","-0.0001","-0.0011"

