1,Time,Displacement,Force
,(s),(mm),(kN)
"","0.0000","0.0000","0.0000"
"","0.1000","0.0028","0.0000"
"","0.2000","0.0106","0.0000"
"","0.3000","0.0227","0.0000"
"","0.4000","0.0327","0.0000"
"","0.5000","0.0432","0.0000"
"","0.6000","0.0529","0.0000"
"","0.7000","0.0629","0.0000"
"","0.8000","0.0727","0.0000"
"","0.9000","0.0830","0.0000"
"","1.0000","0.0930","0.0000"
"","1.1000","0.1028","0.0000"
"","1.2000","0.1130","0.0001"
"","1.3000","0.1230","0.0001"
"","1.4000","0.1331","0.0001"
"","1.5000","0.1426","0.0001"
"","1.6000","0.1530","0.0001"
"","1.7000","0.1630","0.0001"
"","1.8000","0.1730","0.0001"
"","1.9000","0.1829","0.0001"
"","2.0000","0.1930","0.0001"
"","2.1000","0.2030","0.0001"
"","2.2000","0.2128","0.0001"
"","2.3000","0.2231","0.0001"
"","2.4000","0.2329","0.0001"
"","2.5000","0.2429","0.0001"
"","2.6000","0.2529","0.0001"
"","2.7000","0.2631","0.0001"
"","2.8000","0.2730","0.0001"
"","2.9000","0.2827","0.0001"
"","3.0000","0.2930","0.0001"
"","3.1000","0.3031","0.0001"
"","3.2000","0.3129","0.0001"
"","3.3000","0.3227","0.0001"
"","3.4000","0.3330","0.0001"
"","3.5000","0.3431","0.0001"
"","3.6000","0.3528","0.0001"
"","3.7000","0.3629","0.0001"
"","3.8000","0.3730","0.0001"
"","3.9000","0.3830","0.0001"
"","4.0000","0.3927","0.0001"
"","4.1000","0.4029","0.0002"
"","4.2000","0.4131","0.0002"
"","4.3000","0.4229","0.0002"
"","4.4000","0.4329","0.0002"
"","4.5000","0.4429","0.0002"
"","4.6000","0.4531","0.0002"
"","4.7000","0.4627","0.0002"
"","4.8000","0.4730","0.0002"
"","4.9000","0.4830","0.0002"
"","5.0000","0.4930","0.0002"
"","5.1000","0.5028","0.0002"
"","5.2000","0.5131","0.0002"
"","5.3000","0.5229","0.0002"
"","5.4000","0.5327","0.0002"
"","5.5000","0.5431","0.0002"
"","5.6000","0.5530","0.0002"
"","5.7000","0.5630","0.0002"
"","5.8000","0.5727","0.0002"
"","5.9000","0.5830","0.0003"
"","6.0000","0.5931","0.0003"
"","6.1000","0.6028","0.0003"
"","6.2000","0.6129","0.0003"
"","6.3000","0.6230","0.0003"
"","6.4000","0.6331","0.0003"
"","6.5000","0.6426","0.0003"
"","6.6000","0.6529","0.0003"
"","6.7000","0.6630","0.0003"
"","6.8000","0.6730","0.0003"
"","6.9000","0.6829","0.0003"
"","7.0000","0.6930","0.0004"
"","7.1000","0.7030","0.0004"
"","7.2000","0.7128","0.0004"
"","7.3000","0.7229","0.0004"
"","7.4000","0.7329","0.0004"
"","7.5000","0.7429","0.0004"
"","7.6000","0.7529","0.0004"
"","7.7000","0.7629","0.0004"
"","7.8000","0.7729","0.0004"
"","7.9000","0.7827","0.0004"
"","8.0000","0.7932","0.0004"
"","8.1000","0.8030","0.0004"
"","8.2000","0.8129","0.0004"
"","8.3000","0.8227","0.0005"
"","8.4000","0.8331","0.0005"
"","8.5000","0.8431","0.0005"
"","8.6000","0.8528","0.0005"
"","8.7000","0.8630","0.0005"
"","8.8000","0.8730","0.0005"
"","8.9000","0.8831","0.0005"
"","9.0000","0.8926","0.0005"
"","9.1000","0.9030","0.0006"
"","9.2000","0.9130","0.0006"
"","9.3000","0.9230","0.0006"
"","9.4000","0.9329","0.0006"
"","9.5000","0.9430","0.0006"
"","9.6000","0.9530","0.0006"
"","9.7000","0.9628","0.0006"
"","9.8000","0.9730","0.0006"
"","9.9000","0.9830","0.0007"
"","10.0000","0.9930","0.0007"
"","10.1000","1.0029","0.0007"
"","10.2000","1.0130","0.0007"
"","10.3000","1.0229","0.0007"
"","10.4000","1.0327","0.0007"
"","10.5000","1.0431","0.0008"
"","10.6000","1.0530","0.0008"
"","10.7000","1.0629","0.0008"
"","10.8000","1.0727","0.0008"
"","10.9000","1.0830","0.0008"
"","11.0000","1.0930","0.0009"
"","11.1000","1.1028","0.0009"
"","11.2000","1.1129","0.0009"
"","11.3000","1.1230","0.0009"
"","11.4000","1.1331","0.0010"
"","11.5000","1.1426","0.0010"
"","11.6000","1.1530","0.0010"
"","11.7000","1.1630","0.0010"
"","11.8000","1.1730","0.0011"
"","11.9000","1.1828","0.0011"
"","12.0000","1.1930","0.0011"
"","12.1000","1.2030","0.0012"
"","12.2000","1.2128","0.0012"
"","12.3000","1.2229","0.0013"
"","12.4000","1.2330","0.0013"
"","12.5000","1.2430","0.0013"
"","12.6000","1.2529","0.0014"
"","12.7000","1.2630","0.0014"
"","12.8000","1.2729","0.0015"
"","12.9000","1.2827","0.0015"
"","13.0000","1.2931","0.0015"
"","13.1000","1.3030","0.0016"
"","13.2000","1.3130","0.0016"
"","13.3000","1.3227","0.0017"
"","13.4000","1.3330","0.0017"
"","13.5000","1.3430","0.0018"
"","13.6000","1.3528","0.0018"
"","13.7000","1.3629","0.0019"
"","13.8000","1.3730","0.0020"
"","13.9000","1.3831","0.0020"
"","14.0000","1.3926","0.0021"
"","14.1000","1.4029","0.0021"
"","14.2000","1.4130","0.0022"
"","14.3000","1.4231","0.0022"
"","14.4000","1.4329","0.0023"
"","14.5000","1.4430","0.0024"
"","14.6000","1.4530","0.0024"
"","14.7000","1.4628","0.0025"
"","14.8000","1.4729","0.0026"
"","14.9000","1.4829","0.0026"
"","15.0000","1.4929","0.0027"
"","15.1000","1.5029","0.0027"
"","15.2000","1.5129","0.0028"
"","15.3000","1.5229","0.0029"
"","15.4000","1.5327","0.0029"
"","15.5000","1.5431","0.0030"
"","15.6000","1.5531","0.0031"
"","15.7000","1.5629","0.0032"
"","15.8000","1.5727","0.0033"
"","15.9000","1.5830","0.0033"
"","16.0000","1.5930","0.0034"
"","16.1000","1.6028","0.0035"
"","16.2000","1.6130","0.0036"
"","16.3000","1.6230","0.0037"
"","16.4000","1.6331","0.0038"
"","16.5000","1.6426","0.0040"
"","16.6000","1.6530","0.0041"
"","16.7000","1.6630","0.0042"
"","16.8000","1.6730","0.0043"
"","16.9000","1.6829","0.0045"
"","17.0000","1.6930","0.0046"
"","17.1000","1.7030","0.0047"
"","17.2000","1.7127","0.0049"
"","17.3000","1.7230","0.0050"
"","17.4000","1.7330","0.0052"
"","17.5000","1.7430","0.0054"
"","17.6000","1.7529","0.0055"
"","17.7000","1.7630","0.0057"
"","17.8000","1.7730","0.0059"
"","17.9000","1.7828","0.0061"
"","18.0000","1.7931","0.0063"
"","18.1000","1.8030","0.0064"
"","18.2000","1.8129","0.0066"
"","18.3000","1.8227","0.0068"
"","18.4000","1.8331","0.0071"
"","18.5000","1.8430","0.0073"
"","18.6000","1.8528","0.0075"
"","18.7000","1.8629","0.0077"
"","18.8000","1.8730","0.0079"
"","18.9000","1.8831","0.0082"
"","19.0000","1.8926","0.0084"
"","19.1000","1.9029","0.0087"
"","19.2000","1.9130","0.0089"
"","19.3000","1.9230","0.0092"
"","19.4000","1.9329","0.0094"
"","19.5000","1.9430","0.0097"
"","19.6000","1.9531","0.0100"
"","19.7000","1.9628","0.0103"
"","19.8000","1.9730","0.0106"
"","19.9000","1.9830","0.0109"
"","20.0000","1.9929","0.0111"
"","20.1000","2.0029","0.0115"
"","20.2000","2.0130","0.0118"
"","20.3000","2.0230","0.0121"
"","20.4000","2.0327","0.0124"
"","20.5000","2.0430","0.0128"
"","20.6000","2.0530","0.0131"
"","20.7000","2.0630","0.0134"
"","20.8000","2.0727","0.0138"
"","20.9000","2.0830","0.0142"
"","21.0000","2.0931","0.0146"
"","21.1000","2.1028","0.0149"
"","21.2000","2.1129","0.0153"
"","21.3000","2.1230","0.0157"
"","21.4000","2.1332","0.0161"
"","21.5000","2.1426","0.0165"
"","21.6000","2.1529","0.0170"
"","21.7000","2.1630","0.0174"
"","21.8000","2.1730","0.0178"
"","21.9000","2.1829","0.0182"
"","22.0000","2.1930","0.0187"
"","22.1000","2.2030","0.0191"
"","22.2000","2.2128","0.0195"
"","22.3000","2.2229","0.0200"
"","22.4000","2.2329","0.0205"
"","22.5000","2.2430","0.0209"
"","22.6000","2.2529","0.0214"
"","22.7000","2.2629","0.0219"
"","22.8000","2.2729","0.0224"
"","22.9000","2.2828","0.0229"
"","23.0000","2.2931","0.0234"
"","23.1000","2.3030","0.0239"
"","23.2000","2.3129","0.0244"
"","23.3000","2.3227","0.0249"
"","23.4000","2.3330","0.0255"
"","23.5000","2.3429","0.0260"
"","23.6000","2.3528","0.0265"
"","23.7000","2.3630","0.0271"
"","23.8000","2.3730","0.0277"
"","23.9000","2.3830","0.0282"
"","24.0000","2.3926","0.0288"
"","24.1000","2.4031","0.0294"
"","24.2000","2.4130","0.0300"
"","24.3000","2.4229","0.0306"
"","24.4000","2.4328","0.0312"
"","24.5000","2.4431","0.0318"
"","24.6000","2.4531","0.0324"
"","24.7000","2.4627","0.0330"
"","24.8000","2.4729","0.0337"
"","24.9000","2.4830","0.0343"
"","25.0000","2.4930","0.0349"
"","25.1000","2.5029","0.0356"
"","25.2000","2.5130","0.0362"
"","25.3000","2.5230","0.0368"
"","25.4000","2.5328","0.0374"
"","25.5000","2.5431","0.0379"
"","25.6000","2.5529","0.0384"
"","25.7000","2.5629","0.0388"
"","25.8000","2.5728","0.0392"
"","25.9000","2.5831","0.0395"
"","26.0000","2.5930","0.0398"
"","26.1000","2.6029","0.0400"
"","26.2000","2.6130","0.0402"
"","26.3000","2.6231","0.0404"
"","26.4000","2.6330","0.0406"
"","26.5000","2.6426","0.0408"
"","26.6000","2.6530","0.0410"
"","26.7000","2.6631","0.0412"
"","26.8000","2.6730","0.0413"
"","26.9000","2.6828","0.0415"
"","27.0000","2.6930","0.0415"
"","27.1000","2.7031","0.0417"
"","27.2000","2.7127","0.0421"
"","27.3000","2.7230","0.0430"
"","27.4000","2.7330","0.0439"
"","27.5000","2.7430","0.0446"
"","27.6000","2.7528","0.0454"
"","27.7000","2.7630","0.0462"
"","27.8000","2.7729","0.0469"
"","27.9000","2.7827","0.0476"
"","28.0000","2.7930","0.0484"
"","28.1000","2.8030","0.0490"
"","28.2000","2.8130","0.0497"
"","28.3000","2.8227","0.0504"
"","28.4000","2.8330","0.0511"
"","28.5000","2.8431","0.0518"
"","28.6000","2.8528","0.0525"
"","28.7000","2.8629","0.0532"
"","28.8000","2.8730","0.0539"
"","28.9000","2.8831","0.0546"
"","29.0000","2.8926","0.0552"
"","29.1000","2.9029","0.0560"
"","29.2000","2.9129","0.0566"
"","29.3000","2.9230","0.0573"
"","29.4000","2.9329","0.0579"
"","29.5000","2.9430","0.0586"
"","29.6000","2.9530","0.0593"
"","29.7000","2.9628","0.0599"
"","29.8000","2.9728","0.0606"
"","29.9000","2.9829","0.0612"
"","30.0000","2.9929","0.0619"
"","30.1000","3.0030","0.0625"
"","30.2000","3.0130","0.0632"
"","30.3000","3.0229","0.0638"
"","30.4000","3.0327","0.0644"
"","30.5000","3.0431","0.0651"
"","30.6000","3.0530","0.0657"
"","30.7000","3.0629","0.0664"
"","30.8000","3.0727","0.0670"
"","30.9000","3.0830","0.0677"
"","31.0000","3.0930","0.0683"
"","31.1000","3.1028","0.0689"
"","31.2000","3.1130","0.0696"
"","31.3000","3.1230","0.0702"
"","31.4000","3.1331","0.0708"
"","31.5000","3.1426","0.0714"
"","31.6000","3.1530","0.0721"
"","31.7000","3.1630","0.0728"
"","31.8000","3.1730","0.0734"
"","31.9000","3.1829","0.0740"
"","32.0000","3.1930","0.0746"
"","32.1000","3.2030","0.0753"
"","32.2000","3.2128","0.0758"
"","32.3000","3.2230","0.0765"
"","32.4000","3.2330","0.0771"
"","32.5000","3.2430","0.0777"
"","32.6000","3.2529","0.0784"
"","32.7000","3.2630","0.0790"
"","32.8000","3.2730","0.0796"
"","32.9000","3.2827","0.0802"
"","33.0000","3.2931","0.0809"
"","33.1000","3.3030","0.0815"
"","33.2000","3.3130","0.0822"
"","33.3000","3.3228","0.0828"
"","33.4000","3.3330","0.0835"
"","33.5000","3.3430","0.0841"
"","33.6000","3.3528","0.0847"
"","33.7000","3.3629","0.0854"
"","33.8000","3.3730","0.0860"
"","33.9000","3.3831","0.0866"
"","34.0000","3.3926","0.0872"
"","34.1000","3.4029","0.0879"
"","34.2000","3.4130","0.0886"
"","34.3000","3.4230","0.0892"
"","34.4000","3.4329","0.0898"
"","34.5000","3.4430","0.0905"
"","34.6000","3.4530","0.0912"
"","34.7000","3.4627","0.0917"
"","34.8000","3.4729","0.0924"
"","34.9000","3.4830","0.0931"
"","35.0000","3.4930","0.0938"
"","35.1000","3.5029","0.0944"
"","35.2000","3.5130","0.0951"
"","35.3000","3.5230","0.0957"
"","35.4000","3.5327","0.0964"
"","35.5000","3.5431","0.0971"
"","35.6000","3.5529","0.0977"
"","35.7000","3.5630","0.0984"
"","35.8000","3.5727","0.0990"
"","35.9000","3.5830","0.0997"
"","36.0000","3.5930","0.1003"
"","36.1000","3.6029","0.1009"
"","36.2000","3.6130","0.1016"
"","36.3000","3.6230","0.1023"
"","36.4000","3.6331","0.1029"
"","36.5000","3.6426","0.1035"
"","36.6000","3.6529","0.1042"
"","36.7000","3.6630","0.1049"
"","36.8000","3.6730","0.1055"
"","36.9000","3.6829","0.1062"
"","37.0000","3.6930","0.1069"
"","37.1000","3.7030","0.1075"
"","37.2000","3.7129","0.1081"
"","37.3000","3.7229","0.1088"
"","37.4000","3.7330","0.1095"
"","37.5000","3.7429","0.1101"
"","37.6000","3.7529","0.1107"
"","37.7000","3.7630","0.1114"
"","37.8000","3.7730","0.1121"
"","37.9000","3.7828","0.1127"
"","38.0000","3.7931","0.1134"
"","38.1000","3.8030","0.1140"
"","38.2000","3.8129","0.1147"
"","38.3000","3.8227","0.1153"
"","38.4000","3.8330","0.1161"
"","38.5000","3.8430","0.1167"
"","38.6000","3.8528","0.1173"
"","38.7000","3.8630","0.1181"
"","38.8000","3.8730","0.1187"
"","38.9000","3.8831","0.1194"
"","39.0000","3.8926","0.1200"
"","39.1000","3.9030","0.1208"
"","39.2000","3.9129","0.1214"
"","39.3000","3.9230","0.1220"
"","39.4000","3.9328","0.1226"
"","39.5000","3.9430","0.1233"
"","39.6000","3.9530","0.1240"
"","39.7000","3.9628","0.1246"
"","39.8000","3.9730","0.1253"
"","39.9000","3.9830","0.1260"
"","40.0000","3.9930","0.1267"
"","40.0730","4.0000","0.1270"
"","40.0740","4.0001","0.1271"
"","40.0750","4.0002","0.1271"
"","40.1750","4.0008","0.1257"
"","40.2750","3.9935","0.1229"
"","40.3750","3.9812","0.1191"
"","40.4750","3.9707","0.1161"
"","40.5750","3.9607","0.1133"
"","40.6750","3.9510","0.1107"
"","40.7750","3.9408","0.1081"
"","40.8750","3.9307","0.1056"
"","40.9750","3.9208","0.1032"
"","41.0750","3.9108","0.1008"
"","41.1750","3.9008","0.0985"
"","41.2750","3.8907","0.0962"
"","41.3750","3.8810","0.0941"
"","41.4750","3.8706","0.0918"
"","41.5750","3.8607","0.0897"
"","41.6750","3.8508","0.0876"
"","41.7750","3.8408","0.0856"
"","41.8750","3.8307","0.0836"
"","41.9750","3.8208","0.0816"
"","42.0750","3.8110","0.0798"
"","42.1750","3.8006","0.0778"
"","42.2750","3.7906","0.0760"
"","42.3750","3.7808","0.0742"
"","42.4750","3.7709","0.0724"
"","42.5750","3.7607","0.0706"
"","42.6750","3.7506","0.0689"
"","42.7750","3.7409","0.0672"
"","42.8750","3.7308","0.0655"
"","42.9750","3.7206","0.0639"
"","43.0750","3.7106","0.0623"
"","43.1750","3.7010","0.0608"
"","43.2750","3.6908","0.0592"
"","43.3750","3.6807","0.0576"
"","43.4750","3.6707","0.0562"
"","43.5750","3.6608","0.0547"
"","43.6750","3.6507","0.0533"
"","43.7750","3.6407","0.0519"
"","43.8750","3.6309","0.0505"
"","43.9750","3.6207","0.0492"
"","44.0750","3.6108","0.0479"
"","44.1750","3.6008","0.0466"
"","44.2750","3.5908","0.0454"
"","44.3750","3.5807","0.0442"
"","44.4750","3.5707","0.0431"
"","44.5750","3.5610","0.0421"
"","44.6750","3.5507","0.0412"
"","44.7750","3.5406","0.0403"
"","44.8750","3.5308","0.0395"
"","44.9750","3.5210","0.0386"
"","45.0750","3.5108","0.0377"
"","45.1750","3.5006","0.0367"
"","45.2750","3.4909","0.0360"
"","45.3750","3.4807","0.0353"
"","45.4750","3.4707","0.0345"
"","45.5750","3.4606","0.0336"
"","45.6750","3.4510","0.0328"
"","45.7750","3.4407","0.0319"
"","45.8750","3.4307","0.0311"
"","45.9750","3.4208","0.0305"
"","46.0750","3.4108","0.0300"
"","46.1750","3.4007","0.0298"
"","46.2750","3.3907","0.0296"
"","46.3750","3.3809","0.0295"
"","46.4750","3.3706","0.0294"
"","46.5750","3.3607","0.0294"
"","46.6750","3.3509","0.0293"
"","46.7750","3.3408","0.0293"
"","46.8750","3.3307","0.0289"
"","46.9750","3.3208","0.0279"
"","47.0750","3.3109","0.0273"
"","47.1750","3.3006","0.0268"
"","47.2750","3.2906","0.0262"
"","47.3750","3.2808","0.0254"
"","47.4750","3.2709","0.0247"
"","47.5750","3.2607","0.0240"
"","47.6750","3.2506","0.0235"
"","47.7750","3.2410","0.0228"
"","47.8750","3.2307","0.0221"
"","47.9750","3.2206","0.0214"
"","48.0750","3.2107","0.0207"
"","48.1750","3.2010","0.0201"
"","48.2750","3.1907","0.0194"
"","48.3750","3.1807","0.0188"
"","48.4750","3.1709","0.0182"
"","48.5750","3.1607","0.0176"
"","48.6750","3.1507","0.0170"
"","48.7750","3.1407","0.0165"
"","48.8750","3.1310","0.0159"
"","48.9750","3.1206","0.0154"
"","49.0750","3.1107","0.0149"
"","49.1750","3.1008","0.0144"
"","49.2750","3.0908","0.0139"
"","49.3750","3.0806","0.0134"
"","49.4750","3.0708","0.0130"
"","49.5750","3.0611","0.0126"
"","49.6750","3.0506","0.0121"
"","49.7750","3.0405","0.0118"
"","49.8750","3.0308","0.0114"
"","49.9750","3.0210","0.0110"
"","50.0750","3.0108","0.0106"
"","50.1750","3.0006","0.0103"
"","50.2750","2.9909","0.0100"
"","50.3750","2.9808","0.0096"
"","50.4750","2.9707","0.0093"
"","50.5750","2.9606","0.0090"
"","50.6750","2.9510","0.0087"
"","50.7750","2.9408","0.0084"
"","50.8750","2.9307","0.0081"
"","50.9750","2.9207","0.0079"
"","51.0750","2.9108","0.0076"
"","51.1750","2.9007","0.0073"
"","51.2750","2.8907","0.0071"
"","51.3750","2.8810","0.0069"
"","51.4750","2.8707","0.0066"
"","51.5750","2.8607","0.0064"
"","51.6750","2.8508","0.0062"
"","51.7750","2.8408","0.0060"
"","51.8750","2.8307","0.0058"
"","51.9750","2.8208","0.0056"
"","52.0750","2.8109","0.0055"
"","52.1750","2.8007","0.0053"
"","52.2750","2.7906","0.0051"
"","52.3750","2.7808","0.0050"
"","52.4750","2.7710","0.0048"
"","52.5750","2.7607","0.0047"
"","52.6750","2.7506","0.0046"
"","52.7750","2.7409","0.0045"
"","52.8750","2.7307","0.0043"
"","52.9750","2.7207","0.0042"
"","53.0750","2.7106","0.0041"
"","53.1750","2.7010","0.0040"
"","53.2750","2.6907","0.0039"
"","53.3750","2.6807","0.0038"
"","53.4750","2.6708","0.0037"
"","53.5750","2.6608","0.0036"
"","53.6750","2.6507","0.0035"
"","53.7750","2.6407","0.0034"
"","53.8750","2.6309","0.0034"
"","53.9750","2.6207","0.0033"
"","54.0750","2.6107","0.0033"
"","54.1750","2.6008","0.0032"
"","54.2750","2.5908","0.0031"
"","54.3750","2.5808","0.0031"
"","54.4750","2.5708","0.0030"
"","54.5750","2.5609","0.0029"
"","54.6750","2.5506","0.0029"
"","54.7750","2.5407","0.0028"
"","54.8750","2.5308","0.0027"
"","54.9750","2.5209","0.0027"
"","55.0750","2.5106","0.0027"
"","55.1750","2.5006","0.0026"
"","55.2750","2.4910","0.0025"
"","55.3750","2.4807","0.0024"
"","55.4750","2.4705","0.0024"
"","55.5750","2.4607","0.0023"
"","55.6750","2.4510","0.0023"
"","55.7750","2.4407","0.0022"
"","55.8750","2.4306","0.0021"
"","55.9750","2.4209","0.0021"
"","56.0750","2.4108","0.0020"
"","56.1750","2.4008","0.0020"
"","56.2750","2.3907","0.0019"
"","56.3750","2.3810","0.0019"
"","56.4750","2.3706","0.0018"
"","56.5750","2.3606","0.0019"
"","56.6750","2.3508","0.0018"
"","56.7750","2.3408","0.0017"
"","56.8750","2.3307","0.0016"
"","56.9750","2.3207","0.0016"
"","57.0750","2.3110","0.0015"
"","57.1750","2.3006","0.0015"
"","57.2750","2.2905","0.0014"
"","57.3750","2.2808","0.0014"
"","57.4750","2.2709","0.0013"
"","57.5750","2.2607","0.0013"
"","57.6750","2.2506","0.0012"
"","57.7750","2.2409","0.0012"
"","57.8750","2.2308","0.0011"
"","57.9750","2.2207","0.0011"
"","58.0750","2.2106","0.0010"
"","58.1750","2.2010","0.0010"
"","58.2750","2.1908","0.0009"
"","58.3750","2.1807","0.0009"
"","58.4750","2.1708","0.0009"
"","58.5750","2.1608","0.0008"
"","58.6750","2.1508","0.0008"
"","58.7750","2.1407","0.0008"
"","58.8750","2.1310","0.0007"
"","58.9750","2.1206","0.0007"
"","59.0750","2.1107","0.0007"
"","59.1750","2.1008","0.0007"
"","59.2750","2.0908","0.0007"
"","59.3750","2.0807","0.0007"
"","59.4750","2.0707","0.0006"
"","59.5750","2.0610","0.0006"
"","59.6750","2.0507","0.0006"
"","59.7750","2.0406","0.0006"
"","59.8750","2.0308","0.0006"
"","59.9750","2.0209","0.0006"
"","60.0750","2.0107","0.0006"
"","60.1750","2.0006","0.0005"
"","60.2750","1.9909","0.0005"
"","60.3750","1.9807","0.0005"
"","60.4750","1.9707","0.0005"
"","60.5750","1.9606","0.0005"
"","60.6750","1.9510","0.0005"
"","60.7750","1.9407","0.0005"
"","60.8750","1.9307","0.0005"
"","60.9750","1.9208","0.0005"
"","61.0750","1.9108","0.0004"
"","61.1750","1.9008","0.0004"
"","61.2750","1.8907","0.0004"
"","61.3750","1.8809","0.0004"
"","61.4750","1.8706","0.0004"
"","61.5750","1.8608","0.0004"
"","61.6750","1.8509","0.0004"
"","61.7750","1.8408","0.0004"
"","61.8750","1.8307","0.0004"
"","61.9750","1.8208","0.0004"
"","62.0750","1.8110","0.0003"
"","62.1750","1.8006","0.0003"
"","62.2750","1.7906","0.0003"
"","62.3750","1.7808","0.0003"
"","62.4750","1.7709","0.0003"
"","62.5750","1.7607","0.0003"
"","62.6750","1.7506","0.0003"
"","62.7750","1.7410","0.0003"
"","62.8750","1.7307","0.0003"
"","62.9750","1.7206","0.0003"
"","63.0750","1.7107","0.0003"
"","63.1750","1.7010","0.0002"
"","63.2750","1.6907","0.0002"
"","63.3750","1.6807","0.0002"
"","63.4750","1.6709","0.0002"
"","63.5750","1.6607","0.0002"
"","63.6750","1.6507","0.0002"
"","63.7750","1.6407","0.0002"
"","63.8750","1.6310","0.0002"
"","63.9750","1.6205","0.0002"
"","64.0750","1.6106","0.0002"
"","64.1750","1.6008","0.0002"
"","64.2750","1.5908","0.0002"
"","64.3750","1.5807","0.0002"
"","64.4750","1.5708","0.0002"
"","64.5750","1.5611","0.0002"
"","64.6750","1.5506","0.0002"
"","64.7750","1.5405","0.0002"
"","64.8750","1.5308","0.0002"
"","64.9750","1.5210","0.0001"
"","65.0750","1.5108","0.0001"
"","65.1750","1.5006","0.0002"
"","65.2750","1.4909","0.0001"
"","65.3750","1.4808","0.0001"
"","65.4750","1.4707","0.0001"
"","65.5750","1.4606","0.0001"
"","65.6750","1.4509","0.0001"
"","65.7750","1.4408","0.0001"
"","65.8750","1.4307","0.0001"
"","65.9750","1.4208","0.0001"
"","66.0750","1.4108","0.0001"
"","66.1750","1.4008","0.0001"
"","66.2750","1.3907","0.0001"
"","66.3750","1.3810","0.0001"
"","66.4750","1.3706","0.0001"
"","66.5750","1.3607","0.0001"
"","66.6750","1.3508","0.0001"
"","66.7750","1.3408","0.0001"
"","66.8750","1.3306","0.0001"
"","66.9750","1.3207","0.0001"
"","67.0750","1.3110","0.0001"
"","67.1750","1.3007","0.0001"
"","67.2750","1.2906","0.0001"
"","67.3750","1.2808","0.0001"
"","67.4750","1.2710","0.0001"
"","67.5750","1.2608","0.0001"
"","67.6750","1.2506","0.0001"
"","67.7750","1.2409","0.0001"
"","67.8750","1.2307","0.0001"
"","67.9750","1.2207","0.0000"
"","68.0750","1.2107","0.0000"
"","68.1750","1.2009","0.0000"
"","68.2750","1.1908","0.0000"
"","68.3750","1.1808","0.0000"
"","68.4750","1.1708","0.0000"
"","68.5750","1.1608","0.0000"
"","68.6750","1.1507","0.0000"
"","68.7750","1.1407","0.0000"
"","68.8750","1.1309","0.0000"
"","68.9750","1.1206","0.0000"
"","69.0750","1.1107","0.0000"
"","69.1750","1.1009","0.0000"
"","69.2750","1.0908","0.0000"
"","69.3750","1.0806","0.0000"
"","69.4750","1.0708","0.0000"
"","69.5750","1.0610","0.0000"
"","69.6750","1.0506","0.0000"
"","69.7750","1.0405","0.0000"
"","69.8750","1.0308","0.0000"
"","69.9750","1.0210","0.0000"
"","70.0750","1.0107","0.0000"
"","70.1750","1.0006","0.0000"
"","70.2750","0.9910","0.0000"
"","70.3750","0.9808","0.0000"
"","70.4750","0.9706","0.0000"
"","70.5750","0.9607","0.0000"
"","70.6750","0.9510","0.0000"
"","70.7750","0.9408","0.0000"
"","70.8750","0.9307","0.0000"
"","70.9750","0.9209","0.0000"
"","71.0750","0.9106","0.0000"
"","71.1750","0.9008","0.0000"
"","71.2750","0.8907","0.0000"
"","71.3750","0.8810","0.0000"
"","71.4750","0.8705","0.0000"
"","71.5750","0.8607","0.0000"
"","71.6750","0.8508","0.0000"
"","71.7750","0.8408","0.0000"
"","71.8750","0.8306","0.0000"
"","71.9750","0.8208","0.0000"
"","72.0750","0.8111","0.0000"
"","72.1750","0.8007","0.0000"
"","72.2750","0.7905","0.0000"
"","72.3750","0.7808","0.0000"
"","72.4750","0.7710","0.0000"
"","72.5750","0.7608","0.0000"
"","72.6750","0.7506","0.0000"
"","72.7750","0.7409","0.0000"
"","72.8750","0.7308","0.0000"
"","72.9750","0.7207","0.0000"
"","73.0750","0.7106","0.0000"
"","73.1750","0.7009","0.0000"
"","73.2750","0.6908","0.0000"
"","73.3750","0.6807","0.0000"
"","73.4750","0.6708","0.0000"
"","73.5750","0.6608","0.0000"
"","73.6750","0.6508","0.0000"
"","73.7750","0.6407","0.0000"
"","73.8750","0.6310","0.0000"
"","73.9750","0.6207","0.0000"
"","74.0750","0.6107","0.0000"
"","74.1750","0.6008","0.0000"
"","74.2750","0.5908","0.0000"
"","74.3750","0.5807","0.0000"
"","74.4750","0.5707","0.0000"
"","74.5750","0.5610","0.0000"
"","74.6750","0.5507","0.0000"
"","74.7750","0.5407","0.0000"
"","74.8750","0.5307","0.0000"
"","74.9750","0.5210","0.0000"
"","75.0750","0.5108","0.0000"
"","75.1750","0.5006","0.0000"
"","75.2750","0.4908","0.0000"
"","75.3750","0.4808","0.0000"
"","75.4750","0.4707","0.0000"
"","75.5750","0.4607","0.0000"
"","75.6750","0.4509","0.0000"
"","75.7750","0.4407","0.0000"
"","75.8750","0.4308","0.0000"
"","75.9750","0.4208","0.0000"
"","76.0750","0.4107","0.0000"
"","76.1750","0.4007","0.0000"
"","76.2750","0.3907","0.0000"
"","76.3750","0.3809","0.0000"
"","76.4750","0.3706","0.0000"
"","76.5750","0.3607","0.0000"
"","76.6750","0.3509","0.0000"
"","76.7750","0.3408","0.0000"
"","76.8750","0.3307","0.0000"
"","76.9750","0.3208","0.0000"
"","77.0750","0.3109","0.0000"
"","77.1750","0.3006","0.0000"
"","77.2750","0.2905","0.0000"
"","77.3750","0.2809","0.0000"
"","77.4750","0.2710","0.0000"
"","77.5750","0.2607","0.0000"
"","77.6750","0.2506","0.0000"
"","77.7750","0.2410","0.0000"
"","77.8750","0.2308","0.0000"
"","77.9750","0.2206","0.0000"
"","78.0750","0.2107","0.0000"
"","78.1750","0.2010","0.0000"
"","78.2750","0.1908","0.0000"
"","78.3750","0.1807","0.0000"
"","78.4750","0.1708","0.0000"
"","78.5750","0.1607","0.0000"
"","78.6750","0.1507","0.0000"
"","78.7750","0.1407","0.0000"
"","78.8750","0.1310","0.0000"
"","78.9750","0.1205","0.0000"
"","79.0750","0.1107","0.0000"
"","79.1750","0.1009","0.0000"
"","79.2750","0.0908","0.0000"
"","79.3750","0.0807","0.0000"
"","79.4750","0.0708","0.0000"
"","79.5750","0.0611","0.0000"
"","79.6750","0.0506","0.0000"
"","79.7750","0.0405","0.0000"
"","79.8750","0.0308","0.0000"
"","79.9750","0.0210","0.0000"
"","80.0750","0.0107","0.0000"
"","80.1750","0.0006","0.0000"
"","80.1810","0.0000","0.0000"
"","80.1820","-0.0001","0.0000"
"","80.1830","-0.0002","0.0000"
"","80.2830","-0.0005","0.0000"
"","80.3830","0.0073","0.0000"
"","80.4830","0.0191","0.0000"
"","80.5830","0.0294","0.0000"
"","80.6830","0.0396","0.0000"
"","80.7830","0.0497","0.0000"
"","80.8830","0.0596","0.0000"
"","80.9830","0.0693","0.0000"
"","81.0830","0.0797","0.0000"
"","81.1830","0.0896","0.0000"
"","81.2830","0.0995","0.0000"
"","81.3830","0.1094","0.0000"
"","81.4830","0.1197","0.0000"
"","81.5830","0.1298","0.0000"
"","81.6830","0.1394","0.0000"
"","81.7830","0.1496","0.0000"
"","81.8830","0.1596","0.0000"
"","81.9830","0.1697","0.0000"
"","82.0830","0.1794","0.0000"
"","82.1830","0.1896","0.0000"
"","82.2830","0.1996","0.0000"
"","82.3830","0.2096","0.0000"
"","82.4830","0.2197","0.0000"
"","82.5830","0.2297","0.0000"
"","82.6830","0.2396","0.0000"
"","82.7830","0.2493","0.0000"
"","82.8830","0.2597","0.0000"
"","82.9830","0.2696","0.0000"
"","83.0830","0.2795","0.0000"
"","83.1830","0.2895","0.0000"
"","83.2830","0.2998","0.0000"
"","83.3830","0.3097","0.0000"
"","83.4830","0.3194","0.0000"
"","83.5830","0.3296","0.0000"
"","83.6830","0.3397","0.0000"
"","83.7830","0.3496","0.0000"
"","83.8830","0.3594","0.0000"
"","83.9830","0.3697","0.0000"
"","84.0830","0.3797","0.0000"
"","84.1830","0.3894","0.0000"
"","84.2830","0.3996","0.0000"
"","84.3830","0.4097","0.0000"
"","84.4830","0.4197","0.0000"
"","84.5830","0.4294","0.0000"
"","84.6830","0.4395","0.0000"
"","84.7830","0.4496","0.0000"
"","84.8830","0.4595","0.0000"
"","84.9830","0.4696","0.0000"
"","85.0830","0.4797","0.0000"
"","85.1830","0.4897","0.0000"
"","85.2830","0.4993","0.0000"
"","85.3830","0.5097","0.0000"
"","85.4830","0.5196","0.0000"
"","85.5830","0.5295","0.0000"
"","85.6830","0.5395","0.0000"
"","85.7830","0.5497","0.0000"
"","85.8830","0.5597","0.0000"
"","85.9830","0.5693","0.0000"
"","86.0830","0.5796","0.0000"
"","86.1830","0.5897","0.0000"
"","86.2830","0.5996","0.0000"
"","86.3830","0.6094","0.0000"
"","86.4830","0.6197","0.0000"
"","86.5830","0.6297","0.0000"
"","86.6830","0.6394","0.0000"
"","86.7830","0.6496","0.0000"
"","86.8830","0.6596","0.0000"
"","86.9830","0.6697","0.0000"
"","87.0830","0.6795","0.0000"
"","87.1830","0.6895","0.0000"
"","87.2830","0.6996","0.0000"
"","87.3830","0.7096","0.0000"
"","87.4830","0.7197","0.0000"
"","87.5830","0.7296","0.0000"
"","87.6830","0.7396","0.0000"
"","87.7830","0.7493","0.0000"
"","87.8830","0.7596","0.0000"
"","87.9830","0.7695","0.0000"
"","88.0830","0.7795","0.0000"
"","88.1830","0.7896","0.0000"
"","88.2830","0.7997","0.0001"
"","88.3830","0.8096","0.0001"
"","88.4830","0.8193","0.0001"
"","88.5830","0.8297","0.0001"
"","88.6830","0.8397","0.0001"
"","88.7830","0.8496","0.0001"
"","88.8830","0.8594","0.0001"
"","88.9830","0.8697","0.0001"
"","89.0830","0.8798","0.0001"
"","89.1830","0.8894","0.0001"
"","89.2830","0.8996","0.0001"
"","89.3830","0.9096","0.0001"
"","89.4830","0.9198","0.0001"
"","89.5830","0.9293","0.0001"
"","89.6830","0.9396","0.0001"
"","89.7830","0.9496","0.0001"
"","89.8830","0.9596","0.0001"
"","89.9830","0.9697","0.0001"
"","90.0830","0.9797","0.0001"
"","90.1830","0.9896","0.0001"
"","90.2830","0.9993","0.0001"
"","90.3830","1.0097","0.0001"
"","90.4830","1.0196","0.0001"
"","90.5830","1.0295","0.0001"
"","90.6830","1.0395","0.0001"
"","90.7830","1.0498","0.0001"
"","90.8830","1.0597","0.0001"
"","90.9830","1.0694","0.0001"
"","91.0830","1.0796","0.0001"
"","91.1830","1.0897","0.0002"
"","91.2830","1.0996","0.0002"
"","91.3830","1.1094","0.0002"
"","91.4830","1.1196","0.0002"
"","91.5830","1.1298","0.0002"
"","91.6830","1.1393","0.0002"
"","91.7830","1.1496","0.0002"
"","91.8830","1.1597","0.0002"
"","91.9830","1.1698","0.0002"
"","92.0830","1.1794","0.0002"
"","92.1830","1.1895","0.0002"
"","92.2830","1.1996","0.0002"
"","92.3830","1.2095","0.0002"
"","92.4830","1.2196","0.0002"
"","92.5830","1.2296","0.0002"
"","92.6830","1.2397","0.0002"
"","92.7830","1.2494","0.0002"
"","92.8830","1.2597","0.0003"
"","92.9830","1.2695","0.0003"
"","93.0830","1.2795","0.0003"
"","93.1830","1.2895","0.0003"
"","93.2830","1.2998","0.0003"
"","93.3830","1.3097","0.0003"
"","93.4830","1.3193","0.0003"
"","93.5830","1.3296","0.0004"
"","93.6830","1.3397","0.0004"
"","93.7830","1.3496","0.0004"
"","93.8830","1.3594","0.0004"
"","93.9830","1.3697","0.0004"
"","94.0830","1.3797","0.0004"
"","94.1830","1.3894","0.0004"
"","94.2830","1.3996","0.0004"
"","94.3830","1.4096","0.0004"
"","94.4830","1.4198","0.0005"
"","94.5830","1.4294","0.0005"
"","94.6830","1.4395","0.0005"
"","94.7830","1.4496","0.0005"
"","94.8830","1.4596","0.0005"
"","94.9830","1.4697","0.0005"
"","95.0830","1.4796","0.0005"
"","95.1830","1.4896","0.0005"
"","95.2830","1.4994","0.0006"
"","95.3830","1.5096","0.0006"
"","95.4830","1.5195","0.0006"
"","95.5830","1.5295","0.0006"
"","95.6830","1.5396","0.0006"
"","95.7830","1.5498","0.0006"
"","95.8830","1.5596","0.0006"
"","95.9830","1.5693","0.0007"
"","96.0830","1.5796","0.0007"
"","96.1830","1.5897","0.0007"
"","96.2830","1.5996","0.0007"
"","96.3830","1.6095","0.0007"
"","96.4830","1.6197","0.0007"
"","96.5830","1.6297","0.0007"
"","96.6830","1.6394","0.0008"
"","96.7830","1.6496","0.0008"
"","96.8830","1.6596","0.0008"
"","96.9830","1.6697","0.0008"
"","97.0830","1.6793","0.0008"
"","97.1830","1.6896","0.0009"
"","97.2830","1.6996","0.0009"
"","97.3830","1.7096","0.0009"
"","97.4830","1.7196","0.0009"
"","97.5830","1.7297","0.0009"
"","97.6830","1.7397","0.0010"
"","97.7830","1.7494","0.0010"
"","97.8830","1.7597","0.0010"
"","97.9830","1.7696","0.0010"
"","98.0830","1.7796","0.0011"
"","98.1830","1.7896","0.0011"
"","98.2830","1.7998","0.0011"
"","98.3830","1.8097","0.0011"
"","98.4830","1.8194","0.0012"
"","98.5830","1.8296","0.0012"
"","98.6830","1.8397","0.0013"
"","98.7830","1.8496","0.0013"
"","98.8830","1.8594","0.0013"
"","98.9830","1.8696","0.0014"
"","99.0830","1.8798","0.0015"
"","99.1830","1.8894","0.0015"
"","99.2830","1.8996","0.0016"
"","99.3830","1.9096","0.0016"
"","99.4830","1.9198","0.0017"
"","99.5830","1.9294","0.0018"
"","99.6830","1.9396","0.0018"
"","99.7830","1.9497","0.0019"
"","99.8830","1.9595","0.0020"
"","99.9830","1.9696","0.0020"
"","100.0830","1.9797","0.0021"
"","100.1830","1.9897","0.0022"
"","100.2830","1.9993","0.0023"
"","100.3830","2.0097","0.0023"
"","100.4830","2.0195","0.0024"
"","100.5830","2.0295","0.0025"
"","100.6830","2.0395","0.0026"
"","100.7830","2.0498","0.0026"
"","100.8830","2.0596","0.0027"
"","100.9830","2.0693","0.0028"
"","101.0830","2.0796","0.0029"
"","101.1830","2.0897","0.0030"
"","101.2830","2.0996","0.0031"
"","101.3830","2.1094","0.0032"
"","101.4830","2.1197","0.0033"
"","101.5830","2.1298","0.0034"
"","101.6830","2.1394","0.0035"
"","101.7830","2.1496","0.0036"
"","101.8830","2.1596","0.0038"
"","101.9830","2.1697","0.0039"
"","102.0830","2.1794","0.0040"
"","102.1830","2.1895","0.0041"
"","102.2830","2.1996","0.0043"
"","102.3830","2.2096","0.0044"
"","102.4830","2.2196","0.0045"
"","102.5830","2.2296","0.0047"
"","102.6830","2.2397","0.0048"
"","102.7830","2.2494","0.0049"
"","102.8830","2.2596","0.0051"
"","102.9830","2.2696","0.0053"
"","103.0830","2.2796","0.0054"
"","103.1830","2.2896","0.0056"
"","103.2830","2.2997","0.0058"
"","103.3830","2.3096","0.0059"
"","103.4830","2.3194","0.0061"
"","103.5830","2.3297","0.0063"
"","103.6830","2.3396","0.0065"
"","103.7830","2.3496","0.0067"
"","103.8830","2.3594","0.0069"
"","103.9830","2.3697","0.0071"
"","104.0830","2.3797","0.0073"
"","104.1830","2.3894","0.0075"
"","104.2830","2.3997","0.0078"
"","104.3830","2.4096","0.0080"
"","104.4830","2.4197","0.0082"
"","104.5830","2.4292","0.0084"
"","104.6830","2.4396","0.0087"
"","104.7830","2.4497","0.0090"
"","104.8830","2.4596","0.0092"
"","104.9830","2.4695","0.0095"
"","105.0830","2.4797","0.0097"
"","105.1830","2.4897","0.0100"
"","105.2830","2.4994","0.0103"
"","105.3830","2.5096","0.0106"
"","105.4830","2.5196","0.0109"
"","105.5830","2.5296","0.0112"
"","105.6830","2.5396","0.0115"
"","105.7830","2.5496","0.0118"
"","105.8830","2.5597","0.0122"
"","105.9830","2.5694","0.0125"
"","106.0830","2.5797","0.0128"
"","106.1830","2.5896","0.0131"
"","106.2830","2.5996","0.0135"
"","106.3830","2.6095","0.0139"
"","106.4830","2.6197","0.0142"
"","106.5830","2.6297","0.0146"
"","106.6830","2.6394","0.0150"
"","106.7830","2.6496","0.0154"
"","106.8830","2.6597","0.0158"
"","106.9830","2.6697","0.0162"
"","107.0830","2.6794","0.0166"
"","107.1830","2.6896","0.0170"
"","107.2830","2.6997","0.0175"
"","107.3830","2.7095","0.0179"
"","107.4830","2.7196","0.0183"
"","107.5830","2.7297","0.0188"
"","107.6830","2.7398","0.0193"
"","107.7830","2.7494","0.0197"
"","107.8830","2.7597","0.0202"
"","107.9830","2.7696","0.0207"
"","108.0830","2.7795","0.0212"
"","108.1830","2.7895","0.0217"
"","108.2830","2.7998","0.0222"
"","108.3830","2.8096","0.0227"
"","108.4830","2.8193","0.0232"
"","108.5830","2.8297","0.0238"
"","108.6830","2.8397","0.0243"
"","108.7830","2.8496","0.0249"
"","108.8830","2.8594","0.0254"
"","108.9830","2.8697","0.0259"
"","109.0830","2.8797","0.0264"
"","109.1830","2.8894","0.0269"
"","109.2830","2.8996","0.0275"
"","109.3830","2.9096","0.0280"
"","109.4830","2.9197","0.0285"
"","109.5830","2.9294","0.0290"
"","109.6830","2.9396","0.0295"
"","109.7830","2.9496","0.0300"
"","109.8830","2.9596","0.0305"
"","109.9830","2.9696","0.0310"
"","110.0830","2.9796","0.0316"
"","110.1830","2.9896","0.0322"
"","110.2830","2.9994","0.0328"
"","110.3830","3.0096","0.0334"
"","110.4830","3.0195","0.0341"
"","110.5830","3.0295","0.0347"
"","110.6830","3.0396","0.0354"
"","110.7830","3.0497","0.0360"
"","110.8830","3.0597","0.0367"
"","110.9830","3.0693","0.0372"
"","111.0830","3.0797","0.0377"
"","111.1830","3.0897","0.0379"
"","111.2830","3.0996","0.0380"
"","111.3830","3.1095","0.0381"
"","111.4830","3.1197","0.0382"
"","111.5830","3.1298","0.0382"
"","111.6830","3.1394","0.0382"
"","111.7830","3.1496","0.0383"
"","111.8830","3.1596","0.0385"
"","111.9830","3.1697","0.0390"
"","112.0830","3.1793","0.0396"
"","112.1830","3.1896","0.0403"
"","112.2830","3.1996","0.0410"
"","112.3830","3.2096","0.0417"
"","112.4830","3.2196","0.0424"
"","112.5830","3.2297","0.0432"
"","112.6830","3.2397","0.0439"
"","112.7830","3.2493","0.0446"
"","112.8830","3.2596","0.0454"
"","112.9830","3.2696","0.0461"
"","113.0830","3.2795","0.0469"
"","113.1830","3.2896","0.0478"
"","113.2830","3.2997","0.0486"
"","113.3830","3.3097","0.0495"
"","113.4830","3.3194","0.0504"
"","113.5830","3.3296","0.0513"
"","113.6830","3.3397","0.0522"
"","113.7830","3.3496","0.0531"
"","113.8830","3.3594","0.0540"
"","113.9830","3.3696","0.0549"
"","114.0830","3.3798","0.0559"
"","114.1830","3.3894","0.0567"
"","114.2830","3.3996","0.0577"
"","114.3830","3.4097","0.0587"
"","114.4830","3.4198","0.0597"
"","114.5830","3.4293","0.0606"
"","114.6830","3.4396","0.0616"
"","114.7830","3.4496","0.0626"
"","114.8830","3.4595","0.0636"
"","114.9830","3.4696","0.0646"
"","115.0830","3.4796","0.0657"
"","115.1830","3.4898","0.0667"
"","115.2830","3.4994","0.0677"
"","115.3830","3.5097","0.0688"
"","115.4830","3.5196","0.0698"
"","115.5830","3.5295","0.0709"
"","115.6830","3.5395","0.0720"
"","115.7830","3.5498","0.0731"
"","115.8830","3.5596","0.0741"
"","115.9830","3.5693","0.0752"
"","116.0830","3.5796","0.0763"
"","116.1830","3.5897","0.0774"
"","116.2830","3.5996","0.0785"
"","116.3830","3.6094","0.0796"
"","116.4830","3.6197","0.0807"
"","116.5830","3.6298","0.0819"
"","116.6830","3.6394","0.0829"
"","116.7830","3.6496","0.0841"
"","116.8830","3.6596","0.0852"
"","116.9830","3.6698","0.0864"
"","117.0830","3.6794","0.0875"
"","117.1830","3.6895","0.0886"
"","117.2830","3.6996","0.0898"
"","117.3830","3.7096","0.0909"
"","117.4830","3.7196","0.0920"
"","117.5830","3.7296","0.0932"
"","117.6830","3.7397","0.0943"
"","117.7830","3.7494","0.0954"
"","117.8830","3.7596","0.0966"
"","117.9830","3.7695","0.0977"
"","118.0830","3.7795","0.0988"
"","118.1830","3.7896","0.1000"
"","118.2830","3.7997","0.1011"
"","118.3830","3.8096","0.1022"
"","118.4830","3.8193","0.1033"
"","118.5830","3.8297","0.1045"
"","118.6830","3.8397","0.1056"
"","118.7830","3.8496","0.1067"
"","118.8830","3.8594","0.1078"
"","118.9830","3.8697","0.1089"
"","119.0830","3.8798","0.1100"
"","119.1830","3.8894","0.1110"
"","119.2830","3.8996","0.1121"
"","119.3830","3.9096","0.1131"
"","119.4830","3.9197","0.1142"
"","119.5830","3.9293","0.1151"
"","119.6830","3.9396","0.1163"
"","119.7830","3.9496","0.1172"
"","119.8830","3.9596","0.1182"
"","119.9830","3.9697","0.1192"
"","120.0830","3.9797","0.1202"
"","120.1830","3.9897","0.1212"
"","120.2830","3.9993","0.1221"
"","120.2900","4.0000","0.1221"
"","120.2910","4.0002","0.1221"
"","120.2920","4.0003","0.1221"
"","120.3920","4.0009","0.1211"
"","120.4920","3.9936","0.1184"
"","120.5920","3.9813","0.1148"
"","120.6920","3.9708","0.1118"
"","120.7920","3.9607","0.1092"
"","120.8920","3.9511","0.1066"
"","120.9920","3.9409","0.1041"
"","121.0920","3.9308","0.1016"
"","121.1920","3.9209","0.0993"
"","121.2920","3.9109","0.0970"
"","121.3920","3.9009","0.0947"
"","121.4920","3.8908","0.0925"
"","121.5920","3.8810","0.0904"
"","121.6920","3.8707","0.0882"
"","121.7920","3.8607","0.0861"
"","121.8920","3.8509","0.0841"
"","121.9920","3.8409","0.0821"
"","122.0920","3.8308","0.0801"
"","122.1920","3.8208","0.0782"
"","122.2920","3.8111","0.0763"
"","122.3920","3.8007","0.0744"
"","122.4920","3.7906","0.0725"
"","122.5920","3.7808","0.0707"
"","122.6920","3.7710","0.0690"
"","122.7920","3.7608","0.0672"
"","122.8920","3.7507","0.0655"
"","122.9920","3.7410","0.0638"
"","123.0920","3.7309","0.0621"
"","123.1920","3.7207","0.0605"
"","123.2920","3.7107","0.0589"
"","123.3920","3.7010","0.0574"
"","123.4920","3.6909","0.0558"
"","123.5920","3.6808","0.0543"
"","123.6920","3.6708","0.0529"
"","123.7920","3.6609","0.0515"
"","123.8920","3.6508","0.0501"
"","123.9920","3.6407","0.0487"
"","124.0920","3.6310","0.0474"
"","124.1920","3.6208","0.0461"
"","124.2920","3.6108","0.0449"
"","124.3920","3.6008","0.0437"
"","124.4920","3.5908","0.0427"
"","124.5920","3.5808","0.0417"
"","124.6920","3.5708","0.0407"
"","124.7920","3.5610","0.0399"
"","124.8920","3.5507","0.0390"
"","124.9920","3.5407","0.0381"
"","125.0920","3.5309","0.0373"
"","125.1920","3.5210","0.0363"
"","125.2920","3.5108","0.0353"
"","125.3920","3.5007","0.0343"
"","125.4920","3.4909","0.0333"
"","125.5920","3.4808","0.0324"
"","125.6920","3.4708","0.0315"
"","125.7920","3.4607","0.0307"
"","125.8920","3.4511","0.0302"
"","125.9920","3.4408","0.0300"
"","126.0920","3.4308","0.0299"
"","126.1920","3.4208","0.0298"
"","126.2920","3.4109","0.0297"
"","126.3920","3.4008","0.0296"
"","126.4920","3.3907","0.0296"
"","126.5920","3.3810","0.0296"
"","126.6920","3.3707","0.0296"
"","126.7920","3.3608","0.0295"
"","126.8920","3.3509","0.0284"
"","126.9920","3.3409","0.0274"
"","127.0920","3.3308","0.0266"
"","127.1920","3.3209","0.0258"
"","127.2920","3.3110","0.0250"
"","127.3920","3.3007","0.0243"
"","127.4920","3.2906","0.0237"
"","127.5920","3.2808","0.0232"
"","127.6920","3.2710","0.0227"
"","127.7920","3.2608","0.0221"
"","127.8920","3.2507","0.0214"
"","127.9920","3.2410","0.0207"
"","128.0920","3.2308","0.0200"
"","128.1920","3.2206","0.0193"
"","128.2920","3.2107","0.0186"
"","128.3920","3.2011","0.0180"
"","128.4920","3.1908","0.0174"
"","128.5920","3.1807","0.0168"
"","128.6920","3.1710","0.0162"
"","128.7920","3.1608","0.0157"
"","128.8920","3.1508","0.0151"
"","128.9920","3.1407","0.0146"
"","129.0920","3.1311","0.0141"
"","129.1920","3.1206","0.0136"
"","129.2920","3.1107","0.0131"
"","129.3920","3.1009","0.0127"
"","129.4920","3.0909","0.0122"
"","129.5920","3.0807","0.0118"
"","129.6920","3.0708","0.0114"
"","129.7920","3.0611","0.0111"
"","129.8920","3.0507","0.0107"
"","129.9920","3.0405","0.0103"
"","130.0920","3.0308","0.0100"
"","130.1920","3.0210","0.0097"
"","130.2920","3.0109","0.0093"
"","130.3920","3.0007","0.0090"
"","130.4920","2.9909","0.0088"
"","130.5920","2.9809","0.0085"
"","130.6920","2.9707","0.0082"
"","130.7920","2.9607","0.0079"
"","130.8920","2.9510","0.0077"
"","130.9920","2.9409","0.0074"
"","131.0920","2.9307","0.0072"
"","131.1920","2.9208","0.0070"
"","131.2920","2.9109","0.0068"
"","131.3920","2.9009","0.0066"
"","131.4920","2.8907","0.0063"
"","131.5920","2.8810","0.0061"
"","131.6920","2.8707","0.0059"
"","131.7920","2.8608","0.0058"
"","131.8920","2.8508","0.0056"
"","131.9920","2.8408","0.0054"
"","132.0920","2.8307","0.0053"
"","132.1920","2.8208","0.0051"
"","132.2920","2.8110","0.0050"
"","132.3920","2.8007","0.0048"
"","132.4920","2.7907","0.0047"
"","132.5920","2.7809","0.0046"
"","132.6920","2.7710","0.0045"
"","132.7920","2.7608","0.0043"
"","132.8920","2.7507","0.0042"
"","132.9920","2.7410","0.0042"
"","133.0920","2.7308","0.0040"
"","133.1920","2.7207","0.0040"
"","133.2920","2.7107","0.0039"
"","133.3920","2.7010","0.0038"
"","133.4920","2.6908","0.0037"
"","133.5920","2.6808","0.0036"
"","133.6920","2.6708","0.0035"
"","133.7920","2.6609","0.0035"
"","133.8920","2.6508","0.0034"
"","133.9920","2.6407","0.0033"
"","134.0920","2.6310","0.0032"
"","134.1920","2.6208","0.0032"
"","134.2920","2.6107","0.0031"
"","134.3920","2.6009","0.0030"
"","134.4920","2.5908","0.0029"
"","134.5920","2.5809","0.0028"
"","134.6920","2.5709","0.0027"
"","134.7920","2.5610","0.0027"
"","134.8920","2.5507","0.0026"
"","134.9920","2.5407","0.0025"
"","135.0920","2.5309","0.0024"
"","135.1920","2.5209","0.0024"
"","135.2920","2.5107","0.0023"
"","135.3920","2.5007","0.0023"
"","135.4920","2.4910","0.0022"
"","135.5920","2.4808","0.0021"
"","135.6920","2.4706","0.0021"
"","135.7920","2.4607","0.0020"
"","135.8920","2.4511","0.0020"
"","135.9920","2.4408","0.0019"
"","136.0920","2.4307","0.0019"
"","136.1920","2.4209","0.0018"
"","136.2920","2.4109","0.0018"
"","136.3920","2.4008","0.0017"
"","136.4920","2.3907","0.0017"
"","136.5920","2.3810","0.0016"
"","136.6920","2.3707","0.0016"
"","136.7920","2.3607","0.0015"
"","136.8920","2.3509","0.0014"
"","136.9920","2.3409","0.0014"
"","137.0920","2.3308","0.0013"
"","137.1920","2.3208","0.0013"
"","137.2920","2.3111","0.0012"
"","137.3920","2.3007","0.0011"
"","137.4920","2.2906","0.0011"
"","137.5920","2.2808","0.0010"
"","137.6920","2.2710","0.0010"
"","137.7920","2.2608","0.0010"
"","137.8920","2.2507","0.0009"
"","137.9920","2.2410","0.0009"
"","138.0920","2.2309","0.0009"
"","138.1920","2.2207","0.0008"
"","138.2920","2.2107","0.0008"
"","138.3920","2.2010","0.0008"
"","138.4920","2.1909","0.0007"
"","138.5920","2.1808","0.0007"
"","138.6920","2.1708","0.0007"
"","138.7920","2.1609","0.0007"
"","138.8920","2.1509","0.0007"
"","138.9920","2.1407","0.0006"
"","139.0920","2.1310","0.0006"
"","139.1920","2.1207","0.0006"
"","139.2920","2.1108","0.0006"
"","139.3920","2.1008","0.0006"
"","139.4920","2.0909","0.0006"
"","139.5920","2.0807","0.0005"
"","139.6920","2.0708","0.0005"
"","139.7920","2.0610","0.0005"
"","139.8920","2.0507","0.0005"
"","139.9920","2.0406","0.0005"
"","140.0920","2.0309","0.0005"
"","140.1920","2.0210","0.0005"
"","140.2920","2.0108","0.0005"
"","140.3920","2.0007","0.0005"
"","140.4920","1.9910","0.0004"
"","140.5920","1.9808","0.0004"
"","140.6920","1.9707","0.0004"
"","140.7920","1.9607","0.0004"
"","140.8920","1.9510","0.0004"
"","140.9920","1.9408","0.0004"
"","141.0920","1.9308","0.0004"
"","141.1920","1.9209","0.0004"
"","141.2920","1.9108","0.0004"
"","141.3920","1.9008","0.0004"
"","141.4920","1.8907","0.0003"
"","141.5920","1.8810","0.0003"
"","141.6920","1.8707","0.0003"
"","141.7920","1.8608","0.0003"
"","141.8920","1.8510","0.0003"
"","141.9920","1.8409","0.0003"
"","142.0920","1.8307","0.0003"
"","142.1920","1.8209","0.0003"
"","142.2920","1.8110","0.0003"
"","142.3920","1.8007","0.0003"
"","142.4920","1.7906","0.0003"
"","142.5920","1.7809","0.0003"
"","142.6920","1.7710","0.0003"
"","142.7920","1.7608","0.0002"
"","142.8920","1.7506","0.0002"
"","142.9920","1.7410","0.0002"
"","143.0920","1.7308","0.0002"
"","143.1920","1.7206","0.0002"
"","143.2920","1.7107","0.0002"
"","143.3920","1.7011","0.0002"
"","143.4920","1.6908","0.0002"
"","143.5920","1.6807","0.0002"
"","143.6920","1.6709","0.0002"
"","143.7920","1.6608","0.0002"
"","143.8920","1.6508","0.0002"
"","143.9920","1.6407","0.0002"
"","144.0920","1.6311","0.0002"
"","144.1920","1.6206","0.0002"
"","144.2920","1.6107","0.0002"
"","144.3920","1.6008","0.0002"
"","144.4920","1.5908","0.0001"
"","144.5920","1.5808","0.0001"
"","144.6920","1.5709","0.0001"
"","144.7920","1.5611","0.0001"
"","144.8920","1.5507","0.0001"
"","144.9920","1.5406","0.0001"
"","145.0920","1.5309","0.0001"
"","145.1920","1.5210","0.0001"
"","145.2920","1.5109","0.0001"
"","145.3920","1.5007","0.0001"
"","145.4920","1.4910","0.0001"
"","145.5920","1.4809","0.0001"
"","145.6920","1.4707","0.0001"
"","145.7920","1.4607","0.0001"
"","145.8920","1.4510","0.0001"
"","145.9920","1.4409","0.0001"
"","146.0920","1.4307","0.0001"
"","146.1920","1.4208","0.0001"
"","146.2920","1.4109","0.0001"
"","146.3920","1.4008","0.0001"
"","146.4920","1.3907","0.0001"
"","146.5920","1.3810","0.0001"
"","146.6920","1.3707","0.0001"
"","146.7920","1.3608","0.0001"
"","146.8920","1.3508","0.0001"
"","146.9920","1.3409","0.0001"
"","147.0920","1.3307","0.0000"
"","147.1920","1.3208","0.0000"
"","147.2920","1.3110","0.0000"
"","147.3920","1.3007","0.0000"
"","147.4920","1.2906","0.0000"
"","147.5920","1.2809","0.0000"
"","147.6920","1.2710","0.0000"
"","147.7920","1.2608","0.0000"
"","147.8920","1.2507","0.0000"
"","147.9920","1.2410","0.0000"
"","148.0920","1.2308","0.0000"
"","148.1920","1.2208","0.0000"
"","148.2920","1.2107","0.0000"
"","148.3920","1.2010","0.0000"
"","148.4920","1.1909","0.0000"
"","148.5920","1.1808","0.0000"
"","148.6920","1.1709","0.0000"
"","148.7920","1.1608","0.0000"
"","148.8920","1.1508","0.0000"
"","148.9920","1.1407","0.0000"
"","149.0920","1.1310","0.0000"
"","149.1920","1.1207","0.0000"
"","149.2920","1.1108","0.0000"
"","149.3920","1.1010","0.0000"
"","149.4920","1.0909","0.0000"
"","149.5920","1.0807","0.0000"
"","149.6920","1.0709","0.0000"
"","149.7920","1.0610","0.0000"
"","149.8920","1.0507","0.0000"
"","149.9920","1.0406","0.0000"
"","150.0920","1.0309","0.0000"
"","150.1920","1.0210","0.0000"
"","150.2920","1.0108","0.0000"
"","150.3920","1.0006","0.0000"
"","150.4920","0.9910","0.0000"
"","150.5920","0.9808","0.0000"
"","150.6920","0.9707","0.0000"
"","150.7920","0.9607","0.0000"
"","150.8920","0.9510","0.0000"
"","150.9920","0.9408","0.0000"
"","151.0920","0.9307","0.0000"
"","151.1920","0.9209","0.0000"
"","151.2920","0.9107","0.0000"
"","151.3920","0.9008","0.0000"
"","151.4920","0.8907","0.0000"
"","151.5920","0.8811","0.0000"
"","151.6920","0.8706","0.0000"
"","151.7920","0.8607","0.0000"
"","151.8920","0.8509","0.0000"
"","151.9920","0.8409","0.0000"
"","152.0920","0.8307","0.0000"
"","152.1920","0.8208","0.0000"
"","152.2920","0.8112","0.0000"
"","152.3920","0.8007","0.0000"
"","152.4920","0.7906","0.0000"
"","152.5920","0.7808","0.0000"
"","152.6920","0.7710","0.0000"
"","152.7920","0.7608","0.0000"
"","152.8920","0.7507","0.0000"
"","152.9920","0.7409","0.0000"
"","153.0920","0.7309","0.0000"
"","153.1920","0.7207","0.0000"
"","153.2920","0.7107","0.0000"
"","153.3920","0.7009","0.0000"
"","153.4920","0.6908","0.0000"
"","153.5920","0.6808","0.0000"
"","153.6920","0.6709","0.0000"
"","153.7920","0.6608","0.0000"
"","153.8920","0.6508","0.0000"
"","153.9920","0.6407","0.0000"
"","154.0920","0.6310","0.0000"
"","154.1920","0.6207","0.0000"
"","154.2920","0.6107","0.0000"
"","154.3920","0.6008","0.0000"
"","154.4920","0.5909","0.0000"
"","154.5920","0.5808","0.0000"
"","154.6920","0.5707","0.0000"
"","154.7920","0.5610","0.0000"
"","154.8920","0.5507","0.0000"
"","154.9920","0.5407","0.0000"
"","155.0920","0.5308","0.0000"
"","155.1920","0.5210","0.0000"
"","155.2920","0.5108","0.0000"
"","155.3920","0.5007","0.0000"
"","155.4920","0.4909","0.0000"
"","155.5920","0.4808","0.0000"
"","155.6920","0.4708","0.0000"
"","155.7920","0.4607","0.0000"
"","155.8920","0.4510","0.0000"
"","155.9920","0.4408","0.0000"
"","156.0920","0.4308","0.0000"
"","156.1920","0.4209","0.0000"
"","156.2920","0.4108","0.0000"
"","156.3920","0.4008","0.0000"
"","156.4920","0.3907","0.0000"
"","156.5920","0.3810","0.0000"
"","156.6920","0.3706","0.0000"
"","156.7920","0.3608","0.0000"
"","156.8920","0.3510","0.0000"
"","156.9920","0.3409","0.0000"
"","157.0920","0.3307","0.0000"
"","157.1920","0.3209","-0.0001"
"","157.2920","0.3110","0.0000"
"","157.3920","0.3007","0.0000"
"","157.4920","0.2906","0.0000"
"","157.5920","0.2809","0.0000"
"","157.6920","0.2710","0.0000"
"","157.7920","0.2607","0.0000"
"","157.8920","0.2506","0.0000"
"","157.9920","0.2411","0.0000"
"","158.0920","0.2309","0.0000"
"","158.1920","0.2207","0.0000"
"","158.2920","0.2107","0.0000"
"","158.3920","0.2011","0.0000"
"","158.4920","0.1908","0.0000"
"","158.5920","0.1807","0.0000"
"","158.6920","0.1709","0.0000"
"","158.7920","0.1608","0.0000"
"","158.8920","0.1508","0.0000"
"","158.9920","0.1407","-0.0001"
"","159.0920","0.1311","0.0000"
"","159.1920","0.1206","0.0000"
"","159.2920","0.1107","-0.0001"
"","159.3920","0.1009","0.0000"
"","159.4920","0.0909","0.0000"
"","159.5920","0.0807","-0.0001"
"","159.6920","0.0708","0.0000"
"","159.7920","0.0611","0.0000"
"","159.8920","0.0507","0.0000"
"","159.9920","0.0405","0.0000"
"","160.0920","0.0308","0.0000"
"","160.1920","0.0210","0.0000"
"","160.2920","0.0108","0.0000"
"","160.3920","0.0006","0.0000"
"","160.3990","-0.0001","0.0000"
"","160.4000","-0.0002","0.0000"
"","160.4010","-0.0003","0.0000"
"","160.5010","-0.0005","-0.0001"
"","160.6010","0.0071","0.0000"
"","160.7010","0.0190","0.0000"
"","160.8010","0.0293","0.0000"
"","160.9010","0.0395","0.0000"
"","161.0010","0.0496","0.0000"
"","161.1010","0.0596","0.0000"
"","161.2010","0.0692","0.0000"
"","161.3010","0.0796","0.0000"
"","161.4010","0.0895","0.0000"
"","161.5010","0.0994","0.0000"
"","161.6010","0.1094","0.0000"
"","161.7010","0.1196","0.0000"
"","161.8010","0.1297","0.0000"
"","161.9010","0.1393","0.0000"
"","162.0010","0.1495","0.0000"
"","162.1010","0.1595","0.0000"
"","162.2010","0.1696","0.0000"
"","162.3010","0.1793","0.0000"
"","162.4010","0.1895","0.0000"
"","162.5010","0.1995","0.0000"
"","162.6010","0.2095","0.0000"
"","162.7010","0.2196","0.0000"
"","162.8010","0.2296","0.0000"
"","162.9010","0.2395","0.0000"
"","163.0010","0.2492","0.0000"
"","163.1010","0.2596","0.0000"
"","163.2010","0.2695","0.0000"
"","163.3010","0.2794","0.0000"
"","163.4010","0.2895","0.0000"
"","163.5010","0.2997","0.0000"
"","163.6010","0.3097","0.0000"
"","163.7010","0.3193","0.0000"
"","163.8010","0.3295","0.0000"
"","163.9010","0.3396","0.0000"
"","164.0010","0.3495","0.0000"
"","164.1010","0.3593","0.0000"
"","164.2010","0.3696","0.0000"
"","164.3010","0.3796","0.0000"
"","164.4010","0.3893","0.0000"
"","164.5010","0.3995","0.0000"
"","164.6010","0.4096","0.0000"
"","164.7010","0.4197","0.0000"
"","164.8010","0.4293","0.0000"
"","164.9010","0.4394","0.0000"
"","165.0010","0.4496","0.0000"
"","165.1010","0.4594","0.0000"
"","165.2010","0.4695","0.0000"
"","165.3010","0.4796","0.0000"
"","165.4010","0.4897","0.0000"
"","165.5010","0.4993","0.0000"
"","165.6010","0.5096","0.0000"
"","165.7010","0.5195","0.0000"
"","165.8010","0.5295","0.0000"
"","165.9010","0.5395","0.0000"
"","166.0010","0.5497","0.0000"
"","166.1010","0.5596","0.0000"
"","166.2010","0.5692","0.0000"
"","166.3010","0.5796","0.0000"
"","166.4010","0.5896","0.0000"
"","166.5010","0.5995","0.0000"
"","166.6010","0.6093","0.0000"
"","166.7010","0.6196","0.0000"
"","166.8010","0.6296","0.0000"
"","166.9010","0.6394","0.0000"
"","167.0010","0.6495","0.0000"
"","167.1010","0.6595","0.0000"
"","167.2010","0.6696","0.0000"
"","167.3010","0.6794","0.0000"
"","167.4010","0.6894","0.0000"
"","167.5010","0.6995","0.0000"
"","167.6010","0.7095","0.0000"
"","167.7010","0.7196","0.0000"
"","167.8010","0.7295","0.0000"
"","167.9010","0.7395","0.0000"
"","168.0010","0.7493","0.0000"
"","168.1010","0.7595","0.0000"
"","168.2010","0.7695","0.0000"
"","168.3010","0.7794","0.0000"
"","168.4010","0.7896","0.0000"
"","168.5010","0.7997","0.0000"
"","168.6010","0.8095","0.0000"
"","168.7010","0.8192","0.0000"
"","168.8010","0.8296","0.0000"
"","168.9010","0.8396","0.0000"
"","169.0010","0.8495","0.0000"
"","169.1010","0.8594","0.0000"
"","169.2010","0.8696","0.0000"
"","169.3010","0.8797","0.0000"
"","169.4010","0.8893","0.0000"
"","169.5010","0.8995","0.0001"
"","169.6010","0.9095","0.0001"
"","169.7010","0.9197","0.0001"
"","169.8010","0.9293","0.0001"
"","169.9010","0.9395","0.0001"
"","170.0010","0.9495","0.0001"
"","170.1010","0.9595","0.0001"
"","170.2010","0.9696","0.0001"
"","170.3010","0.9796","0.0001"
"","170.4010","0.9896","0.0001"
"","170.5010","0.9992","0.0001"
"","170.6010","1.0096","0.0001"
"","170.7010","1.0195","0.0001"
"","170.8010","1.0294","0.0001"
"","170.9010","1.0394","0.0001"
"","171.0010","1.0497","0.0001"
"","171.1010","1.0596","0.0001"
"","171.2010","1.0693","0.0001"
"","171.3010","1.0795","0.0001"
"","171.4010","1.0897","0.0001"
"","171.5010","1.0995","0.0001"
"","171.6010","1.1093","0.0001"
"","171.7010","1.1195","0.0001"
"","171.8010","1.1297","0.0001"
"","171.9010","1.1393","0.0001"
"","172.0010","1.1495","0.0001"
"","172.1010","1.1596","0.0001"
"","172.2010","1.1697","0.0001"
"","172.3010","1.1793","0.0001"
"","172.4010","1.1894","0.0001"
"","172.5010","1.1996","0.0002"
"","172.6010","1.2095","0.0002"
"","172.7010","1.2195","0.0002"
"","172.8010","1.2296","0.0002"
"","172.9010","1.2397","0.0002"
"","173.0010","1.2493","0.0002"
"","173.1010","1.2597","0.0002"
"","173.2010","1.2694","0.0002"
"","173.3010","1.2794","0.0002"
"","173.4010","1.2894","0.0002"
"","173.5010","1.2997","0.0002"
"","173.6010","1.3096","0.0002"
"","173.7010","1.3193","0.0002"
"","173.8010","1.3296","0.0002"
"","173.9010","1.3396","0.0002"
"","174.0010","1.3495","0.0003"
"","174.1010","1.3593","0.0003"
"","174.2010","1.3696","0.0003"
"","174.3010","1.3796","0.0003"
"","174.4010","1.3893","0.0003"
"","174.5010","1.3995","0.0003"
"","174.6010","1.4095","0.0003"
"","174.7010","1.4197","0.0003"
"","174.8010","1.4293","0.0003"
"","174.9010","1.4394","0.0004"
"","175.0010","1.4495","0.0004"
"","175.1010","1.4595","0.0004"
"","175.2010","1.4696","0.0004"
"","175.3010","1.4795","0.0004"
"","175.4010","1.4896","0.0004"
"","175.5010","1.4993","0.0004"
"","175.6010","1.5095","0.0004"
"","175.7010","1.5194","0.0004"
"","175.8010","1.5294","0.0004"
"","175.9010","1.5395","0.0005"
"","176.0010","1.5497","0.0005"
"","176.1010","1.5596","0.0005"
"","176.2010","1.5693","0.0005"
"","176.3010","1.5796","0.0005"
"","176.4010","1.5896","0.0005"
"","176.5010","1.5995","0.0006"
"","176.6010","1.6094","0.0006"
"","176.7010","1.6196","0.0006"
"","176.8010","1.6296","0.0006"
"","176.9010","1.6393","0.0006"
"","177.0010","1.6495","0.0006"
"","177.1010","1.6595","0.0006"
"","177.2010","1.6696","0.0006"
"","177.3010","1.6793","0.0007"
"","177.4010","1.6895","0.0007"
"","177.5010","1.6995","0.0007"
"","177.6010","1.7095","0.0007"
"","177.7010","1.7195","0.0007"
"","177.8010","1.7296","0.0007"
"","177.9010","1.7396","0.0007"
"","178.0010","1.7493","0.0008"
"","178.1010","1.7596","0.0008"
"","178.2010","1.7695","0.0008"
"","178.3010","1.7795","0.0008"
"","178.4010","1.7895","0.0008"
"","178.5010","1.7997","0.0008"
"","178.6010","1.8096","0.0009"
"","178.7010","1.8193","0.0009"
"","178.8010","1.8295","0.0009"
"","178.9010","1.8397","0.0009"
"","179.0010","1.8495","0.0010"
"","179.1010","1.8593","0.0010"
"","179.2010","1.8695","0.0010"
"","179.3010","1.8797","0.0011"
"","179.4010","1.8893","0.0011"
"","179.5010","1.8995","0.0011"
"","179.6010","1.9096","0.0012"
"","179.7010","1.9197","0.0012"
"","179.8010","1.9293","0.0012"
"","179.9010","1.9394","0.0013"
"","180.0010","1.9496","0.0013"
"","180.1010","1.9594","0.0014"
"","180.2010","1.9695","0.0014"
"","180.3010","1.9796","0.0015"
"","180.4010","1.9897","0.0015"
"","180.5010","1.9993","0.0016"
"","180.6010","2.0096","0.0017"
"","180.7010","2.0195","0.0017"
"","180.8010","2.0294","0.0018"
"","180.9010","2.0394","0.0019"
"","181.0010","2.0497","0.0019"
"","181.1010","2.0596","0.0020"
"","181.2010","2.0693","0.0020"
"","181.3010","2.0795","0.0021"
"","181.4010","2.0897","0.0022"
"","181.5010","2.0995","0.0022"
"","181.6010","2.1093","0.0023"
"","181.7010","2.1196","0.0024"
"","181.8010","2.1297","0.0024"
"","181.9010","2.1393","0.0025"
"","182.0010","2.1495","0.0026"
"","182.1010","2.1595","0.0027"
"","182.2010","2.1697","0.0027"
"","182.3010","2.1793","0.0028"
"","182.4010","2.1895","0.0029"
"","182.5010","2.1995","0.0030"
"","182.6010","2.2095","0.0031"
"","182.7010","2.2195","0.0032"
"","182.8010","2.2295","0.0032"
"","182.9010","2.2396","0.0033"
"","183.0010","2.2493","0.0034"
"","183.1010","2.2595","0.0035"
"","183.2010","2.2694","0.0036"
"","183.3010","2.2795","0.0037"
"","183.4010","2.2895","0.0038"
"","183.5010","2.2996","0.0039"
"","183.6010","2.3095","0.0041"
"","183.7010","2.3193","0.0042"
"","183.8010","2.3296","0.0043"
"","183.9010","2.3395","0.0044"
"","184.0010","2.3494","0.0045"
"","184.1010","2.3594","0.0047"
"","184.2010","2.3697","0.0048"
"","184.3010","2.3796","0.0050"
"","184.4010","2.3893","0.0051"
"","184.5010","2.3996","0.0052"
"","184.6010","2.4095","0.0054"
"","184.7010","2.4196","0.0055"
"","184.8010","2.4292","0.0057"
"","184.9010","2.4396","0.0058"
"","185.0010","2.4496","0.0060"
"","185.1010","2.4595","0.0062"
"","185.2010","2.4694","0.0063"
"","185.3010","2.4796","0.0065"
"","185.4010","2.4897","0.0067"
"","185.5010","2.4993","0.0068"
"","185.6010","2.5096","0.0071"
"","185.7010","2.5196","0.0072"
"","185.8010","2.5295","0.0075"
"","185.9010","2.5395","0.0077"
"","186.0010","2.5495","0.0079"
"","186.1010","2.5596","0.0081"
"","186.2010","2.5694","0.0083"
"","186.3010","2.5796","0.0085"
"","186.4010","2.5895","0.0088"
"","186.5010","2.5995","0.0090"
"","186.6010","2.6094","0.0093"
"","186.7010","2.6196","0.0095"
"","186.8010","2.6296","0.0098"
"","186.9010","2.6393","0.0100"
"","187.0010","2.6495","0.0103"
"","187.1010","2.6596","0.0106"
"","187.2010","2.6697","0.0109"
"","187.3010","2.6793","0.0111"
"","187.4010","2.6895","0.0114"
"","187.5010","2.6996","0.0117"
"","187.6010","2.7094","0.0120"
"","187.7010","2.7195","0.0123"
"","187.8010","2.7296","0.0127"
"","187.9010","2.7397","0.0130"
"","188.0010","2.7493","0.0133"
"","188.1010","2.7596","0.0137"
"","188.2010","2.7695","0.0141"
"","188.3010","2.7795","0.0145"
"","188.4010","2.7894","0.0149"
"","188.5010","2.7997","0.0153"
"","188.6010","2.8096","0.0157"
"","188.7010","2.8193","0.0161"
"","188.8010","2.8296","0.0165"
"","188.9010","2.8396","0.0169"
"","189.0010","2.8495","0.0174"
"","189.1010","2.8593","0.0178"
"","189.2010","2.8696","0.0183"
"","189.3010","2.8796","0.0188"
"","189.4010","2.8893","0.0192"
"","189.5010","2.8995","0.0197"
"","189.6010","2.9095","0.0203"
"","189.7010","2.9196","0.0208"
"","189.8010","2.9293","0.0213"
"","189.9010","2.9395","0.0218"
"","190.0010","2.9496","0.0223"
"","190.1010","2.9595","0.0229"
"","190.2010","2.9695","0.0234"
"","190.3010","2.9795","0.0240"
"","190.4010","2.9895","0.0246"
"","190.5010","2.9993","0.0252"
"","190.6010","3.0095","0.0257"
"","190.7010","3.0195","0.0263"
"","190.8010","3.0294","0.0268"
"","190.9010","3.0395","0.0274"
"","191.0010","3.0497","0.0279"
"","191.1010","3.0596","0.0285"
"","191.2010","3.0693","0.0290"
"","191.3010","3.0796","0.0297"
"","191.4010","3.0896","0.0302"
"","191.5010","3.0995","0.0309"
"","191.6010","3.1094","0.0316"
"","191.7010","3.1197","0.0323"
"","191.8010","3.1297","0.0329"
"","191.9010","3.1393","0.0336"
"","192.0010","3.1495","0.0343"
"","192.1010","3.1595","0.0351"
"","192.2010","3.1697","0.0358"
"","192.3010","3.1792","0.0364"
"","192.4010","3.1895","0.0371"
"","192.5010","3.1996","0.0378"
"","192.6010","3.2095","0.0384"
"","192.7010","3.2195","0.0389"
"","192.8010","3.2297","0.0391"
"","192.9010","3.2397","0.0392"
"","193.0010","3.2493","0.0393"
"","193.1010","3.2595","0.0394"
"","193.2010","3.2695","0.0396"
"","193.3010","3.2795","0.0397"
"","193.4010","3.2895","0.0397"
"","193.5010","3.2997","0.0398"
"","193.6010","3.3096","0.0403"
"","193.7010","3.3193","0.0410"
"","193.8010","3.3295","0.0418"
"","193.9010","3.3396","0.0425"
"","194.0010","3.3495","0.0433"
"","194.1010","3.3593","0.0441"
"","194.2010","3.3696","0.0448"
"","194.3010","3.3797","0.0454"
"","194.4010","3.3893","0.0461"
"","194.5010","3.3995","0.0470"
"","194.6010","3.4096","0.0479"
"","194.7010","3.4197","0.0489"
"","194.8010","3.4293","0.0498"
"","194.9010","3.4395","0.0508"
"","195.0010","3.4496","0.0517"
"","195.1010","3.4594","0.0527"
"","195.2010","3.4695","0.0537"
"","195.3010","3.4796","0.0547"
"","195.4010","3.4897","0.0558"
"","195.5010","3.4993","0.0568"
"","195.6010","3.5096","0.0578"
"","195.7010","3.5195","0.0589"
"","195.8010","3.5295","0.0599"
"","195.9010","3.5394","0.0610"
"","196.0010","3.5496","0.0621"
"","196.1010","3.5595","0.0632"
"","196.2010","3.5692","0.0643"
"","196.3010","3.5795","0.0655"
"","196.4010","3.5896","0.0666"
"","196.5010","3.5996","0.0677"
"","196.6010","3.6093","0.0689"
"","196.7010","3.6196","0.0701"
"","196.8010","3.6297","0.0712"
"","196.9010","3.6393","0.0724"
"","197.0010","3.6495","0.0736"
"","197.1010","3.6595","0.0749"
"","197.2010","3.6697","0.0761"
"","197.3010","3.6793","0.0772"
"","197.4010","3.6895","0.0785"
"","197.5010","3.6995","0.0798"
"","197.6010","3.7095","0.0810"
"","197.7010","3.7195","0.0823"
"","197.8010","3.7295","0.0836"
"","197.9010","3.7396","0.0849"
"","198.0010","3.7493","0.0861"
"","198.1010","3.7595","0.0874"
"","198.2010","3.7695","0.0888"
"","198.3010","3.7795","0.0901"
"","198.4010","3.7895","0.0914"
"","198.5010","3.7997","0.0927"
"","198.6010","3.8095","0.0940"
"","198.7010","3.8193","0.0953"
"","198.8010","3.8296","0.0968"
"","198.9010","3.8396","0.0981"
"","199.0010","3.8495","0.0995"
"","199.1010","3.8593","0.1008"
"","199.2010","3.8696","0.1022"
"","199.3010","3.8797","0.1036"
"","199.4010","3.8893","0.1048"
"","199.5010","3.8996","0.1063"
"","199.6010","3.9095","0.1076"
"","199.7010","3.9196","0.1090"
"","199.8010","3.9292","0.1102"
"","199.9010","3.9396","0.1116"
"","200.0010","3.9495","0.1129"
"","200.1010","3.9595","0.1142"
"","200.2010","3.9696","0.1155"
"","200.3010","3.9796","0.1168"
"","200.4010","3.9896","0.1180"
"","200.5010","3.9993","0.1191"
"","200.5090","4.0001","0.1192"
"","200.5100","4.0002","0.1192"
"","200.5110","4.0003","0.1192"
"","200.6110","4.0009","0.1183"
"","200.7110","3.9936","0.1158"
"","200.8110","3.9813","0.1122"
"","200.9110","3.9708","0.1093"
"","201.0110","3.9608","0.1066"
"","201.1110","3.9511","0.1041"
"","201.2110","3.9409","0.1015"
"","201.3110","3.9308","0.0991"
"","201.4110","3.9209","0.0968"
"","201.5110","3.9109","0.0944"
"","201.6110","3.9009","0.0922"
"","201.7110","3.8908","0.0899"
"","201.8110","3.8811","0.0879"
"","201.9110","3.8707","0.0857"
"","202.0110","3.8607","0.0836"
"","202.1110","3.8509","0.0815"
"","202.2110","3.8409","0.0795"
"","202.3110","3.8308","0.0776"
"","202.4110","3.8208","0.0756"
"","202.5110","3.8111","0.0737"
"","202.6110","3.8007","0.0718"
"","202.7110","3.7907","0.0700"
"","202.8110","3.7809","0.0682"
"","202.9110","3.7710","0.0664"
"","203.0110","3.7608","0.0647"
"","203.1110","3.7507","0.0630"
"","203.2110","3.7410","0.0613"
"","203.3110","3.7308","0.0596"
"","203.4110","3.7207","0.0580"
"","203.5110","3.7107","0.0565"
"","203.6110","3.7011","0.0550"
"","203.7110","3.6909","0.0534"
"","203.8110","3.6808","0.0519"
"","203.9110","3.6708","0.0505"
"","204.0110","3.6609","0.0491"
"","204.1110","3.6508","0.0477"
"","204.2110","3.6407","0.0464"
"","204.3110","3.6310","0.0451"
"","204.4110","3.6208","0.0439"
"","204.5110","3.6108","0.0427"
"","204.6110","3.6009","0.0417"
"","204.7110","3.5909","0.0406"
"","204.8110","3.5808","0.0396"
"","204.9110","3.5708","0.0386"
"","205.0110","3.5610","0.0376"
"","205.1110","3.5508","0.0365"
"","205.2110","3.5407","0.0355"
"","205.3110","3.5309","0.0345"
"","205.4110","3.5210","0.0335"
"","205.5110","3.5108","0.0325"
"","205.6110","3.5007","0.0316"
"","205.7110","3.4910","0.0307"
"","205.8110","3.4808","0.0298"
"","205.9110","3.4708","0.0291"
"","206.0110","3.4607","0.0285"
"","206.1110","3.4511","0.0282"
"","206.2110","3.4408","0.0279"
"","206.3110","3.4308","0.0278"
"","206.4110","3.4209","0.0277"
"","206.5110","3.4109","0.0277"
"","206.6110","3.4008","0.0277"
"","206.7110","3.3908","0.0278"
"","206.8110","3.3810","0.0278"
"","206.9110","3.3707","0.0279"
"","207.0110","3.3608","0.0276"
"","207.1110","3.3509","0.0266"
"","207.2110","3.3409","0.0256"
"","207.3110","3.3308","0.0247"
"","207.4110","3.3209","0.0240"
"","207.5110","3.3110","0.0234"
"","207.6110","3.3007","0.0228"
"","207.7110","3.2906","0.0224"
"","207.8110","3.2809","0.0217"
"","207.9110","3.2710","0.0210"
"","208.0110","3.2608","0.0202"
"","208.1110","3.2507","0.0195"
"","208.2110","3.2411","0.0189"
"","208.3110","3.2308","0.0182"
"","208.4110","3.2207","0.0175"
"","208.5110","3.2107","0.0169"
"","208.6110","3.2011","0.0164"
"","208.7110","3.1908","0.0157"
"","208.8110","3.1807","0.0152"
"","208.9110","3.1710","0.0147"
"","209.0110","3.1608","0.0141"
"","209.1110","3.1508","0.0137"
"","209.2110","3.1408","0.0132"
"","209.3110","3.1311","0.0127"
"","209.4110","3.1207","0.0123"
"","209.5110","3.1107","0.0118"
"","209.6110","3.1009","0.0114"
"","209.7110","3.0909","0.0111"
"","209.8110","3.0807","0.0107"
"","209.9110","3.0708","0.0103"
"","210.0110","3.0611","0.0100"
"","210.1110","3.0507","0.0096"
"","210.2110","3.0405","0.0093"
"","210.3110","3.0309","0.0090"
"","210.4110","3.0211","0.0087"
"","210.5110","3.0109","0.0084"
"","210.6110","3.0007","0.0082"
"","210.7110","2.9910","0.0079"
"","210.8110","2.9809","0.0076"
"","210.9110","2.9708","0.0074"
"","211.0110","2.9607","0.0071"
"","211.1110","2.9510","0.0069"
"","211.2110","2.9409","0.0067"
"","211.3110","2.9308","0.0065"
"","211.4110","2.9208","0.0063"
"","211.5110","2.9109","0.0062"
"","211.6110","2.9009","0.0060"
"","211.7110","2.8908","0.0058"
"","211.8110","2.8811","0.0057"
"","211.9110","2.8708","0.0055"
"","212.0110","2.8608","0.0053"
"","212.1110","2.8508","0.0052"
"","212.2110","2.8409","0.0050"
"","212.3110","2.8308","0.0049"
"","212.4110","2.8208","0.0048"
"","212.5110","2.8110","0.0047"
"","212.6110","2.8007","0.0046"
"","212.7110","2.7907","0.0044"
"","212.8110","2.7809","0.0043"
"","212.9110","2.7711","0.0042"
"","213.0110","2.7608","0.0041"
"","213.1110","2.7507","0.0041"
"","213.2110","2.7410","0.0040"
"","213.3110","2.7308","0.0038"
"","213.4110","2.7207","0.0038"
"","213.5110","2.7107","0.0037"
"","213.6110","2.7011","0.0036"
"","213.7110","2.6908","0.0035"
"","213.8110","2.6808","0.0034"
"","213.9110","2.6709","0.0034"
"","214.0110","2.6609","0.0033"
"","214.1110","2.6508","0.0032"
"","214.2110","2.6408","0.0032"
"","214.3110","2.6310","0.0031"
"","214.4110","2.6208","0.0030"
"","214.5110","2.6108","0.0029"
"","214.6110","2.6009","0.0029"
"","214.7110","2.5909","0.0028"
"","214.8110","2.5809","0.0027"
"","214.9110","2.5709","0.0026"
"","215.0110","2.5610","0.0025"
"","215.1110","2.5507","0.0025"
"","215.2110","2.5408","0.0024"
"","215.3110","2.5309","0.0024"
"","215.4110","2.5210","0.0023"
"","215.5110","2.5107","0.0022"
"","215.6110","2.5007","0.0022"
"","215.7110","2.4911","0.0021"
"","215.8110","2.4808","0.0020"
"","215.9110","2.4707","0.0020"
"","216.0110","2.4607","0.0020"
"","216.1110","2.4511","0.0019"
"","216.2110","2.4408","0.0019"
"","216.3110","2.4307","0.0018"
"","216.4110","2.4210","0.0018"
"","216.5110","2.4109","0.0017"
"","216.6110","2.4008","0.0017"
"","216.7110","2.3907","0.0016"
"","216.8110","2.3811","0.0015"
"","216.9110","2.3707","0.0015"
"","217.0110","2.3607","0.0014"
"","217.1110","2.3509","0.0014"
"","217.2110","2.3409","0.0013"
"","217.3110","2.3308","0.0013"
"","217.4110","2.3208","0.0012"
"","217.5110","2.3111","0.0012"
"","217.6110","2.3007","0.0011"
"","217.7110","2.2906","0.0011"
"","217.8110","2.2808","0.0010"
"","217.9110","2.2710","0.0010"
"","218.0110","2.2608","0.0009"
"","218.1110","2.2507","0.0009"
"","218.2110","2.2410","0.0009"
"","218.3110","2.2309","0.0008"
"","218.4110","2.2207","0.0008"
"","218.5110","2.2107","0.0008"
"","218.6110","2.2011","0.0007"
"","218.7110","2.1909","0.0007"
"","218.8110","2.1808","0.0007"
"","218.9110","2.1709","0.0007"
"","219.0110","2.1609","0.0007"
"","219.1110","2.1509","0.0006"
"","219.2110","2.1407","0.0006"
"","219.3110","2.1311","0.0006"
"","219.4110","2.1207","0.0006"
"","219.5110","2.1108","0.0006"
"","219.6110","2.1009","0.0006"
"","219.7110","2.0909","0.0005"
"","219.8110","2.0808","0.0005"
"","219.9110","2.0708","0.0005"
"","220.0110","2.0610","0.0005"
"","220.1110","2.0508","0.0005"
"","220.2110","2.0407","0.0005"
"","220.3110","2.0309","0.0005"
"","220.4110","2.0210","0.0004"
"","220.5110","2.0108","0.0004"
"","220.6110","2.0007","0.0004"
"","220.7110","1.9910","0.0004"
"","220.8110","1.9808","0.0004"
"","220.9110","1.9708","0.0004"
"","221.0110","1.9607","0.0004"
"","221.1110","1.9510","0.0004"
"","221.2110","1.9409","0.0004"
"","221.3110","1.9308","0.0004"
"","221.4110","1.9209","0.0003"
"","221.5110","1.9108","0.0003"
"","221.6110","1.9008","0.0003"
"","221.7110","1.8907","0.0003"
"","221.8110","1.8810","0.0003"
"","221.9110","1.8707","0.0003"
"","222.0110","1.8608","0.0003"
"","222.1110","1.8510","0.0003"
"","222.2110","1.8409","0.0003"
"","222.3110","1.8307","0.0003"
"","222.4110","1.8209","0.0003"
"","222.5110","1.8110","0.0003"
"","222.6110","1.8007","0.0003"
"","222.7110","1.7906","0.0002"
"","222.8110","1.7809","0.0002"
"","222.9110","1.7710","0.0002"
"","223.0110","1.7608","0.0002"
"","223.1110","1.7506","0.0002"
"","223.2110","1.7410","0.0002"
"","223.3110","1.7308","0.0002"
"","223.4110","1.7207","0.0002"
"","223.5110","1.7107","0.0002"
"","223.6110","1.7011","0.0002"
"","223.7110","1.6908","0.0002"
"","223.8110","1.6807","0.0002"
"","223.9110","1.6710","0.0002"
"","224.0110","1.6608","0.0002"
"","224.1110","1.6508","0.0002"
"","224.2110","1.6408","0.0002"
"","224.3110","1.6311","0.0002"
"","224.4110","1.6206","0.0001"
"","224.5110","1.6107","0.0001"
"","224.6110","1.6009","0.0001"
"","224.7110","1.5908","0.0001"
"","224.8110","1.5808","0.0001"
"","224.9110","1.5709","0.0001"
"","225.0110","1.5612","0.0001"
"","225.1110","1.5507","0.0001"
"","225.2110","1.5406","0.0001"
"","225.3110","1.5309","0.0001"
"","225.4110","1.5211","0.0001"
"","225.5110","1.5108","0.0001"
"","225.6110","1.5007","0.0001"
"","225.7110","1.4910","0.0001"
"","225.8110","1.4809","0.0001"
"","225.9110","1.4707","0.0001"
"","226.0110","1.4607","0.0001"
"","226.1110","1.4510","0.0001"
"","226.2110","1.4409","0.0001"
"","226.3110","1.4308","0.0001"
"","226.4110","1.4208","0.0001"
"","226.5110","1.4109","0.0001"
"","226.6110","1.4009","0.0001"
"","226.7110","1.3907","0.0001"
"","226.8110","1.3810","0.0001"
"","226.9110","1.3707","0.0001"
"","227.0110","1.3608","0.0001"
"","227.1110","1.3509","0.0000"
"","227.2110","1.3409","0.0000"
"","227.3110","1.3307","0.0000"
"","227.4110","1.3208","0.0000"
"","227.5110","1.3110","0.0000"
"","227.6110","1.3008","0.0000"
"","227.7110","1.2907","0.0000"
"","227.8110","1.2809","0.0000"
"","227.9110","1.2710","0.0000"
"","228.0110","1.2608","0.0000"
"","228.1110","1.2507","0.0000"
"","228.2110","1.2410","0.0000"
"","228.3110","1.2308","0.0000"
"","228.4110","1.2208","0.0000"
"","228.5110","1.2107","0.0000"
"","228.6110","1.2010","0.0000"
"","228.7110","1.1908","0.0000"
"","228.8110","1.1809","0.0000"
"","228.9110","1.1709","0.0000"
"","229.0110","1.1608","0.0000"
"","229.1110","1.1508","0.0000"
"","229.2110","1.1408","0.0000"
"","229.3110","1.1310","0.0000"
"","229.4110","1.1207","0.0000"
"","229.5110","1.1108","0.0000"
"","229.6110","1.1010","0.0000"
"","229.7110","1.0909","0.0000"
"","229.8110","1.0807","0.0000"
"","229.9110","1.0709","0.0000"
"","230.0110","1.0610","0.0000"
"","230.1110","1.0507","0.0000"
"","230.2110","1.0406","0.0000"
"","230.3110","1.0309","0.0000"
"","230.4110","1.0211","0.0000"
"","230.5110","1.0108","0.0000"
"","230.6110","1.0006","0.0000"
"","230.7110","0.9910","0.0000"
"","230.8110","0.9808","0.0000"
"","230.9110","0.9707","0.0000"
"","231.0110","0.9607","0.0000"
"","231.1110","0.9510","0.0000"
"","231.2110","0.9409","0.0000"
"","231.3110","0.9308","0.0000"
"","231.4110","0.9210","0.0000"
"","231.5110","0.9107","0.0000"
"","231.6110","0.9008","0.0000"
"","231.7110","0.8908","0.0000"
"","231.8110","0.8811","0.0000"
"","231.9110","0.8706","0.0000"
"","232.0110","0.8608","0.0000"
"","232.1110","0.8509","0.0000"
"","232.2110","0.8409","0.0000"
"","232.3110","0.8307","0.0000"
"","232.4110","0.8208","0.0000"
"","232.5110","0.8112","0.0000"
"","232.6110","0.8008","0.0000"
"","232.7110","0.7906","0.0000"
"","232.8110","0.7808","0.0000"
"","232.9110","0.7711","0.0000"
"","233.0110","0.7608","0.0000"
"","233.1110","0.7507","0.0000"
"","233.2110","0.7409","0.0000"
"","233.3110","0.7309","0.0000"
"","233.4110","0.7208","0.0000"
"","233.5110","0.7107","0.0000"
"","233.6110","0.7010","0.0000"
"","233.7110","0.6909","0.0000"
"","233.8110","0.6808","0.0000"
"","233.9110","0.6709","0.0000"
"","234.0110","0.6608","0.0000"
"","234.1110","0.6508","0.0000"
"","234.2110","0.6408","0.0000"
"","234.3110","0.6311","0.0000"
"","234.4110","0.6207","0.0000"
"","234.5110","0.6108","0.0000"
"","234.6110","0.6009","0.0000"
"","234.7110","0.5909","0.0000"
"","234.8110","0.5808","0.0000"
"","234.9110","0.5708","0.0000"
"","235.0110","0.5610","0.0000"
"","235.1110","0.5507","0.0000"
"","235.2110","0.5407","0.0000"
"","235.3110","0.5308","0.0000"
"","235.4110","0.5210","0.0000"
"","235.5110","0.5108","0.0000"
"","235.6110","0.5007","0.0000"
"","235.7110","0.4909","0.0000"
"","235.8110","0.4808","0.0000"
"","235.9110","0.4708","0.0000"
"","236.0110","0.4607","0.0000"
"","236.1110","0.4510","0.0000"
"","236.2110","0.4408","0.0000"
"","236.3110","0.4309","0.0000"
"","236.4110","0.4209","0.0000"
"","236.5110","0.4108","0.0000"
"","236.6110","0.4008","0.0000"
"","236.7110","0.3908","0.0000"
"","236.8110","0.3810","0.0000"
"","236.9110","0.3707","0.0000"
"","237.0110","0.3608","0.0000"
"","237.1110","0.3510","0.0000"
"","237.2110","0.3409","0.0000"
"","237.3110","0.3308","0.0000"
"","237.4110","0.3209","0.0000"
"","237.5110","0.3110","0.0000"
"","237.6110","0.3007","0.0000"
"","237.7110","0.2906","0.0000"
"","237.8110","0.2809","0.0000"
"","237.9110","0.2710","-0.0001"
"","238.0110","0.2608","0.0000"
"","238.1110","0.2507","0.0000"
"","238.2110","0.2411","0.0000"
"","238.3110","0.2309","0.0000"
"","238.4110","0.2207","0.0000"
"","238.5110","0.2107","0.0000"
"","238.6110","0.2011","0.0000"
"","238.7110","0.1908","0.0000"
"","238.8110","0.1807","0.0000"
"","238.9110","0.1709","0.0000"
"","239.0110","0.1608","0.0000"
"","239.1110","0.1508","0.0000"
"","239.2110","0.1408","0.0000"
"","239.3110","0.1311","0.0000"
"","239.4110","0.1206","0.0000"
"","239.5110","0.1107","0.0000"
"","239.6110","0.1009","0.0000"
"","239.7110","0.0909","-0.0001"
"","239.8110","0.0808","0.0000"
"","239.9110","0.0708","0.0000"
"","240.0110","0.0611","-0.0001"
"","240.1110","0.0507","0.0000"
"","240.2110","0.0406","0.0000"
"","240.3110","0.0309","0.0000"
"","240.4110","0.0210","0.0000"
"","240.5110","0.0108","0.0000"
"","240.6110","0.0007","0.0000"
"","240.6180","0.0000","0.0000"
"","240.6190","-0.0001","0.0000"
"","240.6200","-0.0002","0.0000"
"","240.7200","-0.0005","-0.0001"
"","240.8200","0.0071","0.0000"
"","240.9200","0.0191","0.0000"
"","241.0200","0.0293","0.0000"
"","241.1200","0.0396","0.0000"
"","241.2200","0.0496","0.0000"
"","241.3200","0.0596","0.0000"
"","241.4200","0.0693","0.0000"
"","241.5200","0.0796","0.0000"
"","241.6200","0.0896","0.0000"
"","241.7200","0.0995","0.0000"
"","241.8200","0.1094","0.0000"
"","241.9200","0.1197","0.0000"
"","242.0200","0.1297","0.0000"
"","242.1200","0.1393","0.0000"
"","242.2200","0.1495","0.0000"
"","242.3200","0.1596","0.0000"
"","242.4200","0.1696","0.0000"
"","242.5200","0.1793","0.0000"
"","242.6200","0.1895","0.0000"
"","242.7200","0.1995","0.0000"
"","242.8200","0.2095","0.0000"
"","242.9200","0.2196","0.0000"
"","243.0200","0.2296","0.0000"
"","243.1200","0.2396","0.0000"
"","243.2200","0.2493","0.0000"
"","243.3200","0.2596","0.0000"
"","243.4200","0.2695","0.0000"
"","243.5200","0.2794","0.0000"
"","243.6200","0.2895","0.0000"
"","243.7200","0.2997","0.0000"
"","243.8200","0.3097","0.0000"
"","243.9200","0.3193","0.0000"
"","244.0200","0.3296","0.0000"
"","244.1200","0.3396","0.0000"
"","244.2200","0.3495","0.0000"
"","244.3200","0.3593","0.0000"
"","244.4200","0.3696","0.0000"
"","244.5200","0.3797","0.0000"
"","244.6200","0.3894","0.0000"
"","244.7200","0.3995","0.0000"
"","244.8200","0.4096","0.0000"
"","244.9200","0.4197","0.0000"
"","245.0200","0.4293","0.0000"
"","245.1200","0.4395","0.0000"
"","245.2200","0.4496","0.0000"
"","245.3200","0.4594","0.0000"
"","245.4200","0.4696","0.0000"
"","245.5200","0.4796","0.0000"
"","245.6200","0.4897","0.0000"
"","245.7200","0.4993","0.0000"
"","245.8200","0.5096","0.0000"
"","245.9200","0.5195","0.0000"
"","246.0200","0.5295","0.0000"
"","246.1200","0.5395","0.0000"
"","246.2200","0.5497","0.0000"
"","246.3200","0.5596","0.0000"
"","246.4200","0.5692","0.0000"
"","246.5200","0.5796","0.0000"
"","246.6200","0.5896","0.0000"
"","246.7200","0.5996","0.0000"
"","246.8200","0.6093","0.0000"
"","246.9200","0.6196","0.0000"
"","247.0200","0.6296","0.0000"
"","247.1200","0.6394","0.0000"
"","247.2200","0.6495","0.0000"
"","247.3200","0.6595","0.0000"
"","247.4200","0.6696","0.0000"
"","247.5200","0.6794","0.0000"
"","247.6200","0.6895","0.0000"
"","247.7200","0.6995","0.0000"
"","247.8200","0.7095","0.0000"
"","247.9200","0.7196","0.0000"
"","248.0200","0.7295","0.0000"
"","248.1200","0.7395","0.0000"
"","248.2200","0.7493","0.0000"
"","248.3200","0.7595","0.0000"
"","248.4200","0.7695","0.0000"
"","248.5200","0.7795","0.0000"
"","248.6200","0.7896","0.0000"
"","248.7200","0.7997","0.0000"
"","248.8200","0.8095","0.0000"
"","248.9200","0.8193","0.0000"
"","249.0200","0.8296","0.0000"
"","249.1200","0.8396","0.0000"
"","249.2200","0.8495","0.0000"
"","249.3200","0.8594","0.0000"
"","249.4200","0.8696","0.0000"
"","249.5200","0.8797","0.0000"
"","249.6200","0.8893","0.0000"
"","249.7200","0.8996","0.0000"
"","249.8200","0.9095","0.0000"
"","249.9200","0.9197","0.0000"
"","250.0200","0.9293","0.0000"
"","250.1200","0.9395","0.0000"
"","250.2200","0.9495","0.0000"
"","250.3200","0.9595","0.0000"
"","250.4200","0.9696","0.0000"
"","250.5200","0.9796","0.0001"
"","250.6200","0.9896","0.0001"
"","250.7200","0.9993","0.0001"
"","250.8200","1.0096","0.0001"
"","250.9200","1.0195","0.0001"
"","251.0200","1.0294","0.0001"
"","251.1200","1.0395","0.0001"
"","251.2200","1.0497","0.0001"
"","251.3200","1.0596","0.0001"
"","251.4200","1.0693","0.0001"
"","251.5200","1.0795","0.0001"
"","251.6200","1.0897","0.0001"
"","251.7200","1.0995","0.0001"
"","251.8200","1.1093","0.0001"
"","251.9200","1.1196","0.0001"
"","252.0200","1.1297","0.0001"
"","252.1200","1.1393","0.0001"
"","252.2200","1.1496","0.0001"
"","252.3200","1.1596","0.0001"
"","252.4200","1.1698","0.0001"
"","252.5200","1.1793","0.0001"
"","252.6200","1.1895","0.0001"
"","252.7200","1.1996","0.0001"
"","252.8200","1.2095","0.0001"
"","252.9200","1.2195","0.0001"
"","253.0200","1.2296","0.0001"
"","253.1200","1.2397","0.0002"
"","253.2200","1.2493","0.0001"
"","253.3200","1.2597","0.0001"
"","253.4200","1.2695","0.0002"
"","253.5200","1.2795","0.0002"
"","253.6200","1.2895","0.0002"
"","253.7200","1.2997","0.0002"
"","253.8200","1.3096","0.0002"
"","253.9200","1.3193","0.0002"
"","254.0200","1.3296","0.0002"
"","254.1200","1.3397","0.0002"
"","254.2200","1.3495","0.0002"
"","254.3200","1.3593","0.0002"
"","254.4200","1.3696","0.0002"
"","254.5200","1.3796","0.0002"
"","254.6200","1.3893","0.0003"
"","254.7200","1.3995","0.0003"
"","254.8200","1.4095","0.0003"
"","254.9200","1.4197","0.0003"
"","255.0200","1.4294","0.0003"
"","255.1200","1.4395","0.0003"
"","255.2200","1.4496","0.0003"
"","255.3200","1.4595","0.0003"
"","255.4200","1.4696","0.0003"
"","255.5200","1.4795","0.0004"
"","255.6200","1.4896","0.0004"
"","255.7200","1.4993","0.0004"
"","255.8200","1.5095","0.0004"
"","255.9200","1.5195","0.0004"
"","256.0200","1.5294","0.0004"
"","256.1200","1.5395","0.0004"
"","256.2200","1.5498","0.0004"
"","256.3200","1.5596","0.0004"
"","256.4200","1.5693","0.0005"
"","256.5200","1.5796","0.0005"
"","256.6200","1.5896","0.0005"
"","256.7200","1.5995","0.0005"
"","256.8200","1.6094","0.0005"
"","256.9200","1.6197","0.0005"
"","257.0200","1.6297","0.0005"
"","257.1200","1.6393","0.0005"
"","257.2200","1.6496","0.0006"
"","257.3200","1.6595","0.0006"
"","257.4200","1.6697","0.0006"
"","257.5200","1.6793","0.0006"
"","257.6200","1.6896","0.0006"
"","257.7200","1.6995","0.0006"
"","257.8200","1.7095","0.0007"
"","257.9200","1.7196","0.0006"
"","258.0200","1.7296","0.0007"
"","258.1200","1.7396","0.0007"
"","258.2200","1.7493","0.0007"
"","258.3200","1.7596","0.0007"
"","258.4200","1.7695","0.0007"
"","258.5200","1.7795","0.0007"
"","258.6200","1.7895","0.0008"
"","258.7200","1.7997","0.0008"
"","258.8200","1.8096","0.0008"
"","258.9200","1.8193","0.0008"
"","259.0200","1.8295","0.0008"
"","259.1200","1.8397","0.0008"
"","259.2200","1.8495","0.0009"
"","259.3200","1.8593","0.0009"
"","259.4200","1.8695","0.0009"
"","259.5200","1.8798","0.0009"
"","259.6200","1.8893","0.0010"
"","259.7200","1.8995","0.0010"
"","259.8200","1.9096","0.0010"
"","259.9200","1.9197","0.0010"
"","260.0200","1.9293","0.0011"
"","260.1200","1.9395","0.0011"
"","260.2200","1.9496","0.0011"
"","260.3200","1.9595","0.0012"
"","260.4200","1.9696","0.0012"
"","260.5200","1.9796","0.0013"
"","260.6200","1.9897","0.0013"
"","260.7200","1.9993","0.0014"
"","260.8200","2.0096","0.0014"
"","260.9200","2.0194","0.0015"
"","261.0200","2.0294","0.0015"
"","261.1200","2.0395","0.0016"
"","261.2200","2.0497","0.0016"
"","261.3200","2.0596","0.0017"
"","261.4200","2.0693","0.0018"
"","261.5200","2.0796","0.0018"
"","261.6200","2.0897","0.0019"
"","261.7200","2.0995","0.0019"
"","261.8200","2.1093","0.0020"
"","261.9200","2.1196","0.0021"
"","262.0200","2.1297","0.0021"
"","262.1200","2.1393","0.0022"
"","262.2200","2.1495","0.0023"
"","262.3200","2.1595","0.0023"
"","262.4200","2.1697","0.0024"
"","262.5200","2.1793","0.0025"
"","262.6200","2.1895","0.0025"
"","262.7200","2.1995","0.0026"
"","262.8200","2.2095","0.0027"
"","262.9200","2.2195","0.0027"
"","263.0200","2.2296","0.0028"
"","263.1200","2.2396","0.0029"
"","263.2200","2.2493","0.0030"
"","263.3200","2.2595","0.0031"
"","263.4200","2.2695","0.0031"
"","263.5200","2.2795","0.0032"
"","263.6200","2.2896","0.0033"
"","263.7200","2.2996","0.0034"
"","263.8200","2.3096","0.0035"
"","263.9200","2.3193","0.0036"
"","264.0200","2.3296","0.0037"
"","264.1200","2.3395","0.0038"
"","264.2200","2.3495","0.0039"
"","264.3200","2.3594","0.0040"
"","264.4200","2.3697","0.0041"
"","264.5200","2.3796","0.0042"
"","264.6200","2.3893","0.0043"
"","264.7200","2.3996","0.0045"
"","264.8200","2.4096","0.0046"
"","264.9200","2.4196","0.0047"
"","265.0200","2.4292","0.0048"
"","265.1200","2.4396","0.0050"
"","265.2200","2.4496","0.0051"
"","265.3200","2.4596","0.0052"
"","265.4200","2.4694","0.0054"
"","265.5200","2.4796","0.0055"
"","265.6200","2.4897","0.0057"
"","265.7200","2.4993","0.0058"
"","265.8200","2.5096","0.0060"
"","265.9200","2.5196","0.0061"
"","266.0200","2.5295","0.0063"
"","266.1200","2.5396","0.0065"
"","266.2200","2.5495","0.0066"
"","266.3200","2.5596","0.0068"
"","266.4200","2.5694","0.0070"
"","266.5200","2.5796","0.0072"
"","266.6200","2.5895","0.0074"
"","266.7200","2.5995","0.0076"
"","266.8200","2.6094","0.0078"
"","266.9200","2.6196","0.0080"
"","267.0200","2.6296","0.0082"
"","267.1200","2.6393","0.0084"
"","267.2200","2.6495","0.0086"
"","267.3200","2.6597","0.0089"
"","267.4200","2.6697","0.0091"
"","267.5200","2.6793","0.0093"
"","267.6200","2.6895","0.0096"
"","267.7200","2.6996","0.0098"
"","267.8200","2.7094","0.0101"
"","267.9200","2.7195","0.0103"
"","268.0200","2.7296","0.0106"
"","268.1200","2.7397","0.0109"
"","268.2200","2.7493","0.0112"
"","268.3200","2.7596","0.0115"
"","268.4200","2.7695","0.0118"
"","268.5200","2.7794","0.0121"
"","268.6200","2.7894","0.0124"
"","268.7200","2.7997","0.0127"
"","268.8200","2.8096","0.0131"
"","268.9200","2.8193","0.0134"
"","269.0200","2.8296","0.0138"
"","269.1200","2.8396","0.0142"
"","269.2200","2.8495","0.0145"
"","269.3200","2.8593","0.0149"
"","269.4200","2.8696","0.0154"
"","269.5200","2.8796","0.0158"
"","269.6200","2.8894","0.0162"
"","269.7200","2.8995","0.0166"
"","269.8200","2.9095","0.0171"
"","269.9200","2.9197","0.0175"
"","270.0200","2.9293","0.0180"
"","270.1200","2.9395","0.0185"
"","270.2200","2.9496","0.0189"
"","270.3200","2.9595","0.0194"
"","270.4200","2.9695","0.0199"
"","270.5200","2.9795","0.0204"
"","270.6200","2.9895","0.0209"
"","270.7200","2.9993","0.0215"
"","270.8200","3.0096","0.0220"
"","270.9200","3.0195","0.0226"
"","271.0200","3.0294","0.0231"
"","271.1200","3.0395","0.0237"
"","271.2200","3.0497","0.0243"
"","271.3200","3.0596","0.0249"
"","271.4200","3.0693","0.0254"
"","271.5200","3.0796","0.0260"
"","271.6200","3.0896","0.0266"
"","271.7200","3.0995","0.0272"
"","271.8200","3.1094","0.0278"
"","271.9200","3.1197","0.0285"
"","272.0200","3.1297","0.0292"
"","272.1200","3.1393","0.0299"
"","272.2200","3.1495","0.0306"
"","272.3200","3.1595","0.0313"
"","272.4200","3.1697","0.0320"
"","272.5200","3.1792","0.0327"
"","272.6200","3.1896","0.0335"
"","272.7200","3.1996","0.0342"
"","272.8200","3.2095","0.0350"
"","272.9200","3.2195","0.0357"
"","273.0200","3.2297","0.0365"
"","273.1200","3.2397","0.0373"
"","273.2200","3.2493","0.0380"
"","273.3200","3.2596","0.0387"
"","273.4200","3.2695","0.0394"
"","273.5200","3.2795","0.0400"
"","273.6200","3.2895","0.0405"
"","273.7200","3.2997","0.0408"
"","273.8200","3.3097","0.0411"
"","273.9200","3.3194","0.0411"
"","274.0200","3.3295","0.0413"
"","274.1200","3.3396","0.0414"
"","274.2200","3.3495","0.0416"
"","274.3200","3.3593","0.0418"
"","274.4200","3.3695","0.0420"
"","274.5200","3.3797","0.0421"
"","274.6200","3.3893","0.0424"
"","274.7200","3.3995","0.0432"
"","274.8200","3.4096","0.0441"
"","274.9200","3.4197","0.0450"
"","275.0200","3.4293","0.0458"
"","275.1200","3.4395","0.0467"
"","275.2200","3.4496","0.0476"
"","275.3200","3.4594","0.0484"
"","275.4200","3.4695","0.0493"
"","275.5200","3.4796","0.0502"
"","275.6200","3.4897","0.0512"
"","275.7200","3.4993","0.0521"
"","275.8200","3.5096","0.0531"
"","275.9200","3.5195","0.0541"
"","276.0200","3.5295","0.0551"
"","276.1200","3.5394","0.0562"
"","276.2200","3.5497","0.0572"
"","276.3200","3.5596","0.0583"
"","276.4200","3.5693","0.0593"
"","276.5200","3.5795","0.0605"
"","276.6200","3.5896","0.0616"
"","276.7200","3.5995","0.0627"
"","276.8200","3.6093","0.0639"
"","276.9200","3.6196","0.0651"
"","277.0200","3.6297","0.0663"
"","277.1200","3.6393","0.0675"
"","277.2200","3.6495","0.0687"
"","277.3200","3.6596","0.0700"
"","277.4200","3.6697","0.0712"
"","277.5200","3.6793","0.0724"
"","277.6200","3.6895","0.0738"
"","277.7200","3.6996","0.0751"
"","277.8200","3.7095","0.0763"
"","277.9200","3.7195","0.0777"
"","278.0200","3.7295","0.0790"
"","278.1200","3.7396","0.0803"
"","278.2200","3.7493","0.0816"
"","278.3200","3.7596","0.0830"
"","278.4200","3.7695","0.0844"
"","278.5200","3.7795","0.0858"
"","278.6200","3.7895","0.0872"
"","278.7200","3.7997","0.0885"
"","278.8200","3.8095","0.0899"
"","278.9200","3.8193","0.0913"
"","279.0200","3.8296","0.0928"
"","279.1200","3.8396","0.0942"
"","279.2200","3.8495","0.0956"
"","279.3200","3.8594","0.0971"
"","279.4200","3.8696","0.0986"
"","279.5200","3.8797","0.1001"
"","279.6200","3.8893","0.1014"
"","279.7200","3.8995","0.1030"
"","279.8200","3.9095","0.1044"
"","279.9200","3.9196","0.1059"
"","280.0200","3.9292","0.1073"
"","280.1200","3.9396","0.1088"
"","280.2200","3.9495","0.1103"
"","280.3200","3.9595","0.1117"
"","280.4200","3.9696","0.1131"
"","280.5200","3.9797","0.1145"
"","280.6200","3.9897","0.1159"
"","280.7200","3.9992","0.1171"
"","280.7280","4.0001","0.1172"
"","280.7290","4.0002","0.1173"
"","280.7300","4.0003","0.1173"
"","280.8300","4.0010","0.1166"
"","280.9300","3.9937","0.1141"
"","281.0300","3.9814","0.1106"
"","281.1300","3.9709","0.1077"
"","281.2300","3.9609","0.1050"
"","281.3300","3.9512","0.1025"
"","281.4300","3.9410","0.0999"
"","281.5300","3.9309","0.0975"
"","281.6300","3.9210","0.0952"
"","281.7300","3.9110","0.0928"
"","281.8300","3.9010","0.0905"
"","281.9300","3.8909","0.0883"
"","282.0300","3.8812","0.0862"
"","282.1300","3.8708","0.0840"
"","282.2300","3.8609","0.0819"
"","282.3300","3.8510","0.0798"
"","282.4300","3.8410","0.0778"
"","282.5300","3.8309","0.0759"
"","282.6300","3.8210","0.0739"
"","282.7300","3.8112","0.0720"
"","282.8300","3.8008","0.0701"
"","282.9300","3.7907","0.0683"
"","283.0300","3.7809","0.0665"
"","283.1300","3.7711","0.0648"
"","283.2300","3.7609","0.0630"
"","283.3300","3.7508","0.0613"
"","283.4300","3.7411","0.0597"
"","283.5300","3.7310","0.0580"
"","283.6300","3.7209","0.0564"
"","283.7300","3.7108","0.0548"
"","283.8300","3.7012","0.0534"
"","283.9300","3.6910","0.0518"
"","284.0300","3.6809","0.0503"
"","284.1300","3.6710","0.0489"
"","284.2300","3.6610","0.0476"
"","284.3300","3.6509","0.0462"
"","284.4300","3.6409","0.0448"
"","284.5300","3.6312","0.0436"
"","284.6300","3.6209","0.0423"
"","284.7300","3.6109","0.0411"
"","284.8300","3.6010","0.0399"
"","284.9300","3.5910","0.0388"
"","285.0300","3.5809","0.0377"
"","285.1300","3.5710","0.0366"
"","285.2300","3.5612","0.0357"
"","285.3300","3.5509","0.0346"
"","285.4300","3.5408","0.0336"
"","285.5300","3.5310","0.0326"
"","285.6300","3.5211","0.0316"
"","285.7300","3.5110","0.0306"
"","285.8300","3.5008","0.0298"
"","285.9300","3.4911","0.0290"
"","286.0300","3.4809","0.0283"
"","286.1300","3.4709","0.0278"
"","286.2300","3.4608","0.0274"
"","286.3300","3.4512","0.0271"
"","286.4300","3.4409","0.0269"
"","286.5300","3.4309","0.0269"
"","286.6300","3.4210","0.0268"
"","286.7300","3.4110","0.0267"
"","286.8300","3.4009","0.0268"
"","286.9300","3.3909","0.0268"
"","287.0300","3.3811","0.0269"
"","287.1300","3.3708","0.0270"
"","287.2300","3.3609","0.0268"
"","287.3300","3.3511","0.0258"
"","287.4300","3.3410","0.0248"
"","287.5300","3.3309","0.0239"
"","287.6300","3.3210","0.0232"
"","287.7300","3.3111","0.0225"
"","287.8300","3.3008","0.0219"
"","287.9300","3.2907","0.0213"
"","288.0300","3.2810","0.0206"
"","288.1300","3.2711","0.0199"
"","288.2300","3.2609","0.0192"
"","288.3300","3.2508","0.0185"
"","288.4300","3.2412","0.0179"
"","288.5300","3.2309","0.0172"
"","288.6300","3.2208","0.0166"
"","288.7300","3.2108","0.0160"
"","288.8300","3.2012","0.0155"
"","288.9300","3.1909","0.0149"
"","289.0300","3.1808","0.0144"
"","289.1300","3.1711","0.0139"
"","289.2300","3.1609","0.0134"
"","289.3300","3.1509","0.0129"
"","289.4300","3.1409","0.0125"
"","289.5300","3.1312","0.0121"
"","289.6300","3.1208","0.0116"
"","289.7300","3.1108","0.0112"
"","289.8300","3.1010","0.0109"
"","289.9300","3.0910","0.0105"
"","290.0300","3.0808","0.0101"
"","290.1300","3.0710","0.0098"
"","290.2300","3.0612","0.0095"
"","290.3300","3.0509","0.0091"
"","290.4300","3.0407","0.0088"
"","290.5300","3.0310","0.0085"
"","290.6300","3.0212","0.0082"
"","290.7300","3.0110","0.0080"
"","290.8300","3.0008","0.0077"
"","290.9300","2.9911","0.0075"
"","291.0300","2.9810","0.0073"
"","291.1300","2.9709","0.0070"
"","291.2300","2.9608","0.0068"
"","291.3300","2.9512","0.0066"
"","291.4300","2.9410","0.0064"
"","291.5300","2.9309","0.0063"
"","291.6300","2.9209","0.0061"
"","291.7300","2.9110","0.0059"
"","291.8300","2.9010","0.0058"
"","291.9300","2.8909","0.0057"
"","292.0300","2.8812","0.0055"
"","292.1300","2.8709","0.0054"
"","292.2300","2.8609","0.0052"
"","292.3300","2.8510","0.0051"
"","292.4300","2.8410","0.0049"
"","292.5300","2.8309","0.0048"
"","292.6300","2.8209","0.0047"
"","292.7300","2.8111","0.0046"
"","292.8300","2.8009","0.0045"
"","292.9300","2.7908","0.0043"
"","293.0300","2.7810","0.0043"
"","293.1300","2.7712","0.0042"
"","293.2300","2.7609","0.0040"
"","293.3300","2.7508","0.0040"
"","293.4300","2.7411","0.0039"
"","293.5300","2.7309","0.0037"
"","293.6300","2.7209","0.0037"
"","293.7300","2.7108","0.0036"
"","293.8300","2.7012","0.0035"
"","293.9300","2.6909","0.0035"
"","294.0300","2.6809","0.0034"
"","294.1300","2.6710","0.0033"
"","294.2300","2.6610","0.0032"
"","294.3300","2.6509","0.0032"
"","294.4300","2.6409","0.0031"
"","294.5300","2.6311","0.0030"
"","294.6300","2.6209","0.0029"
"","294.7300","2.6109","0.0028"
"","294.8300","2.6010","0.0028"
"","294.9300","2.5910","0.0027"
"","295.0300","2.5810","0.0026"
"","295.1300","2.5710","0.0025"
"","295.2300","2.5611","0.0025"
"","295.3300","2.5508","0.0024"
"","295.4300","2.5409","0.0024"
"","295.5300","2.5310","0.0023"
"","295.6300","2.5211","0.0022"
"","295.7300","2.5108","0.0022"
"","295.8300","2.5008","0.0021"
"","295.9300","2.4912","0.0021"
"","296.0300","2.4809","0.0020"
"","296.1300","2.4708","0.0019"
"","296.2300","2.4608","0.0019"
"","296.3300","2.4512","0.0019"
"","296.4300","2.4409","0.0018"
"","296.5300","2.4308","0.0017"
"","296.6300","2.4211","0.0017"
"","296.7300","2.4110","0.0016"
"","296.8300","2.4009","0.0016"
"","296.9300","2.3908","0.0016"
"","297.0300","2.3812","0.0015"
"","297.1300","2.3708","0.0014"
"","297.2300","2.3608","0.0014"
"","297.3300","2.3510","0.0014"
"","297.4300","2.3410","0.0013"
"","297.5300","2.3310","0.0013"
"","297.6300","2.3209","0.0012"
"","297.7300","2.3112","0.0012"
"","297.8300","2.3008","0.0011"
"","297.9300","2.2907","0.0011"
"","298.0300","2.2809","0.0010"
"","298.1300","2.2711","0.0010"
"","298.2300","2.2609","0.0009"
"","298.3300","2.2508","0.0009"
"","298.4300","2.2411","0.0009"
"","298.5300","2.2310","0.0008"
"","298.6300","2.2208","0.0008"
"","298.7300","2.2108","0.0008"
"","298.8300","2.2012","0.0007"
"","298.9300","2.1910","0.0007"
"","299.0300","2.1809","0.0007"
"","299.1300","2.1710","0.0007"
"","299.2300","2.1610","0.0007"
"","299.3300","2.1510","0.0006"
"","299.4300","2.1408","0.0006"
"","299.5300","2.1312","0.0006"
"","299.6300","2.1208","0.0006"
"","299.7300","2.1109","0.0006"
"","299.8300","2.1009","0.0006"
"","299.9300","2.0910","0.0005"
"","300.0300","2.0809","0.0005"
"","300.1300","2.0709","0.0005"
"","300.2300","2.0612","0.0005"
"","300.3300","2.0509","0.0005"
"","300.4300","2.0408","0.0005"
"","300.5300","2.0310","0.0005"
"","300.6300","2.0211","0.0005"
"","300.7300","2.0109","0.0004"
"","300.8300","2.0008","0.0004"
"","300.9300","1.9911","0.0004"
"","301.0300","1.9809","0.0004"
"","301.1300","1.9709","0.0004"
"","301.2300","1.9608","0.0004"
"","301.3300","1.9511","0.0004"
"","301.4300","1.9409","0.0004"
"","301.5300","1.9309","0.0004"
"","301.6300","1.9210","0.0004"
"","301.7300","1.9110","0.0003"
"","301.8300","1.9010","0.0003"
"","301.9300","1.8909","0.0003"
"","302.0300","1.8811","0.0003"
"","302.1300","1.8708","0.0003"
"","302.2300","1.8609","0.0003"
"","302.3300","1.8511","0.0003"
"","302.4300","1.8410","0.0003"
"","302.5300","1.8309","0.0003"
"","302.6300","1.8210","0.0002"
"","302.7300","1.8111","0.0003"
"","302.8300","1.8008","0.0002"
"","302.9300","1.7907","0.0002"
"","303.0300","1.7810","0.0002"
"","303.1300","1.7711","0.0002"
"","303.2300","1.7609","0.0002"
"","303.3300","1.7508","0.0002"
"","303.4300","1.7411","0.0002"
"","303.5300","1.7309","0.0002"
"","303.6300","1.7208","0.0002"
"","303.7300","1.7109","0.0002"
"","303.8300","1.7012","0.0002"
"","303.9300","1.6909","0.0002"
"","304.0300","1.6808","0.0002"
"","304.1300","1.6711","0.0002"
"","304.2300","1.6609","0.0002"
"","304.3300","1.6509","0.0001"
"","304.4300","1.6409","0.0001"
"","304.5300","1.6312","0.0001"
"","304.6300","1.6207","0.0001"
"","304.7300","1.6108","0.0001"
"","304.8300","1.6010","0.0001"
"","304.9300","1.5910","0.0001"
"","305.0300","1.5809","0.0001"
"","305.1300","1.5710","0.0001"
"","305.2300","1.5613","0.0001"
"","305.3300","1.5508","0.0001"
"","305.4300","1.5407","0.0001"
"","305.5300","1.5310","0.0001"
"","305.6300","1.5212","0.0001"
"","305.7300","1.5110","0.0001"
"","305.8300","1.5008","0.0001"
"","305.9300","1.4911","0.0001"
"","306.0300","1.4810","0.0001"
"","306.1300","1.4709","0.0001"
"","306.2300","1.4608","0.0001"
"","306.3300","1.4511","0.0001"
"","306.4300","1.4410","0.0001"
"","306.5300","1.4309","0.0001"
"","306.6300","1.4209","0.0001"
"","306.7300","1.4110","0.0001"
"","306.8300","1.4010","0.0001"
"","306.9300","1.3908","0.0001"
"","307.0300","1.3811","0.0001"
"","307.1300","1.3708","0.0001"
"","307.2300","1.3609","0.0000"
"","307.3300","1.3510","0.0000"
"","307.4300","1.3410","0.0000"
"","307.5300","1.3308","0.0000"
"","307.6300","1.3209","0.0000"
"","307.7300","1.3112","0.0000"
"","307.8300","1.3009","0.0000"
"","307.9300","1.2908","0.0000"
"","308.0300","1.2810","0.0000"
"","308.1300","1.2712","0.0000"
"","308.2300","1.2609","0.0000"
"","308.3300","1.2508","0.0000"
"","308.4300","1.2411","0.0000"
"","308.5300","1.2309","0.0000"
"","308.6300","1.2209","0.0000"
"","308.7300","1.2108","0.0000"
"","308.8300","1.2011","0.0000"
"","308.9300","1.1910","0.0000"
"","309.0300","1.1810","0.0000"
"","309.1300","1.1710","0.0000"
"","309.2300","1.1610","0.0000"
"","309.3300","1.1509","0.0000"
"","309.4300","1.1408","0.0000"
"","309.5300","1.1311","0.0000"
"","309.6300","1.1208","0.0000"
"","309.7300","1.1109","0.0000"
"","309.8300","1.1011","0.0000"
"","309.9300","1.0910","0.0000"
"","310.0300","1.0808","0.0000"
"","310.1300","1.0710","0.0000"
"","310.2300","1.0611","0.0000"
"","310.3300","1.0508","0.0000"
"","310.4300","1.0407","0.0000"
"","310.5300","1.0310","0.0000"
"","310.6300","1.0212","0.0000"
"","310.7300","1.0109","0.0000"
"","310.8300","1.0007","0.0000"
"","310.9300","0.9912","0.0000"
"","311.0300","0.9810","0.0000"
"","311.1300","0.9708","0.0000"
"","311.2300","0.9608","0.0000"
"","311.3300","0.9511","0.0000"
"","311.4300","0.9410","0.0000"
"","311.5300","0.9309","0.0000"
"","311.6300","0.9211","0.0000"
"","311.7300","0.9109","0.0000"
"","311.8300","0.9010","0.0000"
"","311.9300","0.8909","0.0000"
"","312.0300","0.8812","0.0000"
"","312.1300","0.8707","0.0000"
"","312.2300","0.8608","0.0000"
"","312.3300","0.8510","0.0000"
"","312.4300","0.8410","0.0000"
"","312.5300","0.8308","0.0000"
"","312.6300","0.8210","0.0000"
"","312.7300","0.8113","0.0000"
"","312.8300","0.8009","0.0000"
"","312.9300","0.7907","0.0000"
"","313.0300","0.7809","0.0000"
"","313.1300","0.7712","0.0000"
"","313.2300","0.7609","0.0000"
"","313.3300","0.7508","0.0000"
"","313.4300","0.7410","0.0000"
"","313.5300","0.7310","0.0000"
"","313.6300","0.7209","0.0000"
"","313.7300","0.7108","0.0000"
"","313.8300","0.7011","0.0000"
"","313.9300","0.6909","0.0000"
"","314.0300","0.6809","0.0000"
"","314.1300","0.6710","0.0000"
"","314.2300","0.6610","0.0000"
"","314.3300","0.6510","0.0000"
"","314.4300","0.6408","0.0000"
"","314.5300","0.6312","0.0000"
"","314.6300","0.6209","0.0000"
"","314.7300","0.6109","0.0000"
"","314.8300","0.6010","0.0000"
"","314.9300","0.5910","0.0000"
"","315.0300","0.5809","0.0000"
"","315.1300","0.5709","0.0000"
"","315.2300","0.5611","0.0000"
"","315.3300","0.5509","0.0000"
"","315.4300","0.5408","0.0000"
"","315.5300","0.5309","0.0000"
"","315.6300","0.5212","0.0000"
"","315.7300","0.5109","0.0000"
"","315.8300","0.5008","0.0000"
"","315.9300","0.4910","0.0000"
"","316.0300","0.4809","0.0000"
"","316.1300","0.4709","0.0000"
"","316.2300","0.4608","0.0000"
"","316.3300","0.4511","0.0000"
"","316.4300","0.4409","0.0000"
"","316.5300","0.4310","0.0000"
"","316.6300","0.4210","0.0000"
"","316.7300","0.4109","0.0000"
"","316.8300","0.4009","0.0000"
"","316.9300","0.3909","0.0000"
"","317.0300","0.3811","0.0000"
"","317.1300","0.3708","0.0000"
"","317.2300","0.3609","0.0000"
"","317.3300","0.3511","0.0000"
"","317.4300","0.3410","0.0000"
"","317.5300","0.3309","0.0000"
"","317.6300","0.3210","0.0000"
"","317.7300","0.3111","0.0000"
"","317.8300","0.3008","0.0000"
"","317.9300","0.2907","0.0000"
"","318.0300","0.2810","0.0000"
"","318.1300","0.2712","0.0000"
"","318.2300","0.2609","-0.0001"
"","318.3300","0.2508","0.0000"
"","318.4300","0.2412","0.0000"
"","318.5300","0.2310","-0.0001"
"","318.6300","0.2208","0.0000"
"","318.7300","0.2108","0.0000"
"","318.8300","0.2012","-0.0001"
"","318.9300","0.1909","0.0000"
"","319.0300","0.1809","0.0000"
"","319.1300","0.1710","0.0000"
"","319.2300","0.1609","0.0000"
"","319.3300","0.1509","-0.0001"
"","319.4300","0.1409","-0.0001"
"","319.5300","0.1312","0.0000"
"","319.6300","0.1208","0.0000"
"","319.7300","0.1109","-0.0001"
"","319.8300","0.1010","0.0000"
"","319.9300","0.0910","0.0000"
"","320.0300","0.0809","0.0000"
"","320.1300","0.0710","0.0000"
"","320.2300","0.0612","-0.0001"
"","320.3300","0.0508","0.0000"
"","320.4300","0.0407","0.0000"
"","320.5300","0.0310","-0.0001"
"","320.6300","0.0212","0.0000"
"","320.7300","0.0109","-0.0001"
"","320.8300","0.0008","0.0000"
"","320.8380","0.0000","0.0000"
"","320.8390","-0.0001","0.0000"
"","320.8400","-0.0002","0.0000"
"","320.9400","-0.0005","-0.0001"
"","321.0400","0.0071","0.0000"
"","321.1400","0.0190","0.0000"
"","321.2400","0.0293","0.0000"
"","321.3400","0.0396","0.0000"
"","321.4400","0.0496","0.0000"
"","321.5400","0.0596","0.0000"
"","321.6400","0.0693","0.0000"
"","321.7400","0.0796","0.0000"
"","321.8400","0.0896","0.0000"
"","321.9400","0.0995","0.0000"
"","322.0400","0.1094","0.0000"
"","322.1400","0.1196","0.0000"
"","322.2400","0.1297","0.0000"
"","322.3400","0.1393","0.0000"
"","322.4400","0.1495","0.0000"
"","322.5400","0.1595","0.0000"
"","322.6400","0.1696","0.0000"
"","322.7400","0.1793","0.0000"
"","322.8400","0.1895","0.0000"
"","322.9400","0.1995","0.0000"
"","323.0400","0.2095","0.0000"
"","323.1400","0.2196","0.0000"
"","323.2400","0.2296","0.0000"
"","323.3400","0.2395","0.0000"
"","323.4400","0.2492","0.0000"
"","323.5400","0.2596","0.0000"
"","323.6400","0.2695","0.0000"
"","323.7400","0.2794","0.0000"
"","323.8400","0.2895","0.0000"
"","323.9400","0.2997","0.0000"
"","324.0400","0.3097","0.0000"
"","324.1400","0.3193","0.0000"
"","324.2400","0.3295","0.0000"
"","324.3400","0.3396","0.0000"
"","324.4400","0.3495","0.0000"
"","324.5400","0.3593","0.0000"
"","324.6400","0.3696","0.0000"
"","324.7400","0.3796","0.0000"
"","324.8400","0.3893","0.0000"
"","324.9400","0.3995","0.0000"
"","325.0400","0.4096","0.0000"
"","325.1400","0.4197","0.0000"
"","325.2400","0.4293","0.0000"
"","325.3400","0.4394","0.0000"
"","325.4400","0.4496","0.0000"
"","325.5400","0.4594","0.0000"
"","325.6400","0.4695","0.0000"
"","325.7400","0.4796","0.0000"
"","325.8400","0.4897","0.0000"
"","325.9400","0.4993","0.0000"
"","326.0400","0.5096","0.0000"
"","326.1400","0.5195","0.0000"
"","326.2400","0.5294","0.0000"
"","326.3400","0.5395","0.0000"
"","326.4400","0.5497","0.0000"
"","326.5400","0.5596","0.0000"
"","326.6400","0.5692","0.0000"
"","326.7400","0.5795","0.0000"
"","326.8400","0.5896","0.0000"
"","326.9400","0.5995","0.0000"
"","327.0400","0.6093","0.0000"
"","327.1400","0.6196","0.0000"
"","327.2400","0.6296","0.0000"
"","327.3400","0.6393","0.0000"
"","327.4400","0.6495","0.0000"
"","327.5400","0.6595","0.0000"
"","327.6400","0.6696","0.0000"
"","327.7400","0.6794","0.0000"
"","327.8400","0.6894","0.0000"
"","327.9400","0.6995","0.0000"
"","328.0400","0.7095","0.0000"
"","328.1400","0.7196","0.0000"
"","328.2400","0.7295","0.0000"
"","328.3400","0.7395","0.0000"
"","328.4400","0.7493","0.0000"
"","328.5400","0.7595","0.0000"
"","328.6400","0.7695","0.0000"
"","328.7400","0.7794","0.0000"
"","328.8400","0.7896","0.0000"
"","328.9400","0.7997","0.0000"
"","329.0400","0.8095","0.0000"
"","329.1400","0.8192","0.0000"
"","329.2400","0.8296","0.0000"
"","329.3400","0.8396","0.0000"
"","329.4400","0.8495","0.0000"
"","329.5400","0.8594","0.0000"
"","329.6400","0.8696","0.0000"
"","329.7400","0.8797","0.0000"
"","329.8400","0.8893","0.0000"
"","329.9400","0.8995","0.0000"
"","330.0400","0.9095","0.0000"
"","330.1400","0.9197","0.0000"
"","330.2400","0.9293","0.0000"
"","330.3400","0.9395","0.0000"
"","330.4400","0.9495","0.0000"
"","330.5400","0.9595","0.0000"
"","330.6400","0.9696","0.0000"
"","330.7400","0.9796","0.0000"
"","330.8400","0.9896","0.0000"
"","330.9400","0.9992","0.0001"
"","331.0400","1.0096","0.0001"
"","331.1400","1.0195","0.0001"
"","331.2400","1.0294","0.0000"
"","331.3400","1.0394","0.0001"
"","331.4400","1.0497","0.0001"
"","331.5400","1.0596","0.0001"
"","331.6400","1.0693","0.0001"
"","331.7400","1.0795","0.0001"
"","331.8400","1.0897","0.0001"
"","331.9400","1.0995","0.0001"
"","332.0400","1.1093","0.0001"
"","332.1400","1.1195","0.0001"
"","332.2400","1.1297","0.0001"
"","332.3400","1.1393","0.0001"
"","332.4400","1.1495","0.0001"
"","332.5400","1.1596","0.0001"
"","332.6400","1.1697","0.0001"
"","332.7400","1.1793","0.0001"
"","332.8400","1.1894","0.0001"
"","332.9400","1.1995","0.0001"
"","333.0400","1.2095","0.0001"
"","333.1400","1.2195","0.0001"
"","333.2400","1.2296","0.0001"
"","333.3400","1.2397","0.0001"
"","333.4400","1.2493","0.0002"
"","333.5400","1.2597","0.0001"
"","333.6400","1.2694","0.0001"
"","333.7400","1.2794","0.0002"
"","333.8400","1.2894","0.0001"
"","333.9400","1.2997","0.0002"
"","334.0400","1.3096","0.0002"
"","334.1400","1.3193","0.0002"
"","334.2400","1.3295","0.0002"
"","334.3400","1.3396","0.0002"
"","334.4400","1.3495","0.0002"
"","334.5400","1.3593","0.0002"
"","334.6400","1.3696","0.0002"
"","334.7400","1.3796","0.0002"
"","334.8400","1.3893","0.0002"
"","334.9400","1.3995","0.0002"
"","335.0400","1.4095","0.0002"
"","335.1400","1.4197","0.0002"
"","335.2400","1.4293","0.0003"
"","335.3400","1.4394","0.0003"
"","335.4400","1.4495","0.0003"
"","335.5400","1.4595","0.0003"
"","335.6400","1.4696","0.0003"
"","335.7400","1.4795","0.0003"
"","335.8400","1.4896","0.0003"
"","335.9400","1.4993","0.0003"
"","336.0400","1.5095","0.0003"
"","336.1400","1.5194","0.0004"
"","336.2400","1.5294","0.0004"
"","336.3400","1.5395","0.0004"
"","336.4400","1.5497","0.0004"
"","336.5400","1.5596","0.0004"
"","336.6400","1.5693","0.0004"
"","336.7400","1.5795","0.0004"
"","336.8400","1.5896","0.0004"
"","336.9400","1.5995","0.0005"
"","337.0400","1.6094","0.0005"
"","337.1400","1.6196","0.0005"
"","337.2400","1.6297","0.0005"
"","337.3400","1.6393","0.0005"
"","337.4400","1.6495","0.0005"
"","337.5400","1.6595","0.0005"
"","337.6400","1.6697","0.0005"
"","337.7400","1.6792","0.0006"
"","337.8400","1.6896","0.0006"
"","337.9400","1.6995","0.0006"
"","338.0400","1.7095","0.0006"
"","338.1400","1.7195","0.0006"
"","338.2400","1.7296","0.0006"
"","338.3400","1.7396","0.0006"
"","338.4400","1.7493","0.0007"
"","338.5400","1.7596","0.0007"
"","338.6400","1.7695","0.0007"
"","338.7400","1.7795","0.0007"
"","338.8400","1.7895","0.0007"
"","338.9400","1.7997","0.0007"
"","339.0400","1.8096","0.0007"
"","339.1400","1.8193","0.0008"
"","339.2400","1.8295","0.0008"
"","339.3400","1.8397","0.0008"
"","339.4400","1.8495","0.0008"
"","339.5400","1.8593","0.0008"
"","339.6400","1.8695","0.0009"
"","339.7400","1.8797","0.0009"
"","339.8400","1.8893","0.0009"
"","339.9400","1.8995","0.0009"
"","340.0400","1.9096","0.0010"
"","340.1400","1.9197","0.0010"
"","340.2400","1.9293","0.0010"
"","340.3400","1.9394","0.0010"
"","340.4400","1.9496","0.0011"
"","340.5400","1.9595","0.0011"
"","340.6400","1.9695","0.0011"
"","340.7400","1.9796","0.0012"
"","340.8400","1.9897","0.0012"
"","340.9400","1.9993","0.0013"
"","341.0400","2.0096","0.0013"
"","341.1400","2.0194","0.0014"
"","341.2400","2.0294","0.0014"
"","341.3400","2.0394","0.0015"
"","341.4400","2.0497","0.0015"
"","341.5400","2.0596","0.0016"
"","341.6400","2.0693","0.0016"
"","341.7400","2.0795","0.0017"
"","341.8400","2.0897","0.0018"
"","341.9400","2.0995","0.0018"
"","342.0400","2.1093","0.0019"
"","342.1400","2.1196","0.0019"
"","342.2400","2.1297","0.0020"
"","342.3400","2.1393","0.0021"
"","342.4400","2.1495","0.0021"
"","342.5400","2.1595","0.0022"
"","342.6400","2.1697","0.0022"
"","342.7400","2.1793","0.0023"
"","342.8400","2.1895","0.0024"
"","342.9400","2.1995","0.0024"
"","343.0400","2.2095","0.0025"
"","343.1400","2.2195","0.0025"
"","343.2400","2.2295","0.0026"
"","343.3400","2.2396","0.0027"
"","343.4400","2.2493","0.0027"
"","343.5400","2.2595","0.0028"
"","343.6400","2.2695","0.0029"
"","343.7400","2.2795","0.0030"
"","343.8400","2.2896","0.0031"
"","343.9400","2.2996","0.0031"
"","344.0400","2.3095","0.0032"
"","344.1400","2.3193","0.0033"
"","344.2400","2.3296","0.0034"
"","344.3400","2.3395","0.0034"
"","344.4400","2.3495","0.0035"
"","344.5400","2.3594","0.0036"
"","344.6400","2.3697","0.0037"
"","344.7400","2.3796","0.0038"
"","344.8400","2.3893","0.0039"
"","344.9400","2.3996","0.0040"
"","345.0400","2.4095","0.0041"
"","345.1400","2.4196","0.0042"
"","345.2400","2.4292","0.0044"
"","345.3400","2.4396","0.0045"
"","345.4400","2.4496","0.0046"
"","345.5400","2.4595","0.0047"
"","345.6400","2.4694","0.0048"
"","345.7400","2.4796","0.0050"
"","345.8400","2.4896","0.0051"
"","345.9400","2.4993","0.0052"
"","346.0400","2.5096","0.0054"
"","346.1400","2.5196","0.0055"
"","346.2400","2.5295","0.0056"
"","346.3400","2.5395","0.0058"
"","346.4400","2.5495","0.0059"
"","346.5400","2.5596","0.0061"
"","346.6400","2.5694","0.0062"
"","346.7400","2.5796","0.0064"
"","346.8400","2.5896","0.0065"
"","346.9400","2.5995","0.0067"
"","347.0400","2.6094","0.0069"
"","347.1400","2.6196","0.0071"
"","347.2400","2.6296","0.0072"
"","347.3400","2.6393","0.0074"
"","347.4400","2.6496","0.0076"
"","347.5400","2.6596","0.0078"
"","347.6400","2.6697","0.0080"
"","347.7400","2.6793","0.0082"
"","347.8400","2.6895","0.0084"
"","347.9400","2.6996","0.0086"
"","348.0400","2.7094","0.0088"
"","348.1400","2.7195","0.0091"
"","348.2400","2.7296","0.0093"
"","348.3400","2.7397","0.0095"
"","348.4400","2.7493","0.0098"
"","348.5400","2.7596","0.0101"
"","348.6400","2.7695","0.0103"
"","348.7400","2.7794","0.0106"
"","348.8400","2.7894","0.0109"
"","348.9400","2.7997","0.0111"
"","349.0400","2.8096","0.0114"
"","349.1400","2.8193","0.0117"
"","349.2400","2.8296","0.0120"
"","349.3400","2.8396","0.0124"
"","349.4400","2.8495","0.0127"
"","349.5400","2.8593","0.0130"
"","349.6400","2.8696","0.0134"
"","349.7400","2.8796","0.0138"
"","349.8400","2.8893","0.0141"
"","349.9400","2.8995","0.0145"
"","350.0400","2.9095","0.0149"
"","350.1400","2.9197","0.0153"
"","350.2400","2.9293","0.0157"
"","350.3400","2.9395","0.0162"
"","350.4400","2.9495","0.0166"
"","350.5400","2.9595","0.0171"
"","350.6400","2.9695","0.0176"
"","350.7400","2.9795","0.0180"
"","350.8400","2.9895","0.0185"
"","350.9400","2.9993","0.0190"
"","351.0400","3.0096","0.0195"
"","351.1400","3.0195","0.0200"
"","351.2400","3.0294","0.0205"
"","351.3400","3.0395","0.0210"
"","351.4400","3.0497","0.0216"
"","351.5400","3.0596","0.0222"
"","351.6400","3.0693","0.0227"
"","351.7400","3.0796","0.0233"
"","351.8400","3.0896","0.0239"
"","351.9400","3.0995","0.0245"
"","352.0400","3.1094","0.0251"
"","352.1400","3.1197","0.0257"
"","352.2400","3.1297","0.0263"
"","352.3400","3.1393","0.0269"
"","352.4400","3.1495","0.0276"
"","352.5400","3.1595","0.0283"
"","352.6400","3.1697","0.0290"
"","352.7400","3.1792","0.0297"
"","352.8400","3.1896","0.0304"
"","352.9400","3.1995","0.0312"
"","353.0400","3.2095","0.0319"
"","353.1400","3.2195","0.0327"
"","353.2400","3.2296","0.0335"
"","353.3400","3.2396","0.0343"
"","353.4400","3.2493","0.0350"
"","353.5400","3.2595","0.0358"
"","353.6400","3.2695","0.0367"
"","353.7400","3.2794","0.0375"
"","353.8400","3.2895","0.0383"
"","353.9400","3.2997","0.0391"
"","354.0400","3.3096","0.0398"
"","354.1400","3.3193","0.0405"
"","354.2400","3.3295","0.0411"
"","354.3400","3.3396","0.0415"
"","354.4400","3.3495","0.0418"
"","354.5400","3.3593","0.0420"
"","354.6400","3.3695","0.0421"
"","354.7400","3.3797","0.0422"
"","354.8400","3.3893","0.0423"
"","354.9400","3.3995","0.0425"
"","355.0400","3.4096","0.0428"
"","355.1400","3.4197","0.0430"
"","355.2400","3.4293","0.0432"
"","355.3400","3.4395","0.0436"
"","355.4400","3.4496","0.0445"
"","355.5400","3.4594","0.0454"
"","355.6400","3.4695","0.0464"
"","355.7400","3.4796","0.0473"
"","355.8400","3.4897","0.0482"
"","355.9400","3.4993","0.0490"
"","356.0400","3.5096","0.0500"
"","356.1400","3.5194","0.0509"
"","356.2400","3.5295","0.0520"
"","356.3400","3.5394","0.0530"
"","356.4400","3.5497","0.0541"
"","356.5400","3.5595","0.0551"
"","356.6400","3.5692","0.0561"
"","356.7400","3.5795","0.0572"
"","356.8400","3.5895","0.0583"
"","356.9400","3.5996","0.0594"
"","357.0400","3.6094","0.0606"
"","357.1400","3.6196","0.0617"
"","357.2400","3.6297","0.0629"
"","357.3400","3.6393","0.0640"
"","357.4400","3.6495","0.0653"
"","357.5400","3.6595","0.0665"
"","357.6400","3.6696","0.0678"
"","357.7400","3.6793","0.0690"
"","357.8400","3.6895","0.0703"
"","357.9400","3.6996","0.0716"
"","358.0400","3.7096","0.0729"
"","358.1400","3.7195","0.0742"
"","358.2400","3.7295","0.0756"
"","358.3400","3.7396","0.0769"
"","358.4400","3.7493","0.0782"
"","358.5400","3.7596","0.0796"
"","358.6400","3.7695","0.0810"
"","358.7400","3.7795","0.0824"
"","358.8400","3.7895","0.0839"
"","358.9400","3.7997","0.0853"
"","359.0400","3.8095","0.0867"
"","359.1400","3.8193","0.0881"
"","359.2400","3.8296","0.0896"
"","359.3400","3.8396","0.0911"
"","359.4400","3.8495","0.0925"
"","359.5400","3.8594","0.0940"
"","359.6400","3.8696","0.0956"
"","359.7400","3.8797","0.0971"
"","359.8400","3.8893","0.0985"
"","359.9400","3.8995","0.1001"
"","360.0400","3.9095","0.1017"
"","360.1400","3.9196","0.1032"
"","360.2400","3.9292","0.1047"
"","360.3400","3.9395","0.1063"
"","360.4400","3.9495","0.1078"
"","360.5400","3.9595","0.1093"
"","360.6400","3.9696","0.1109"
"","360.7400","3.9796","0.1124"
"","360.8400","3.9896","0.1139"
"","360.9400","3.9993","0.1153"
"","360.9470","4.0000","0.1154"
"","360.9480","4.0001","0.1154"
"","360.9490","4.0002","0.1154"
"","361.0490","4.0007","0.1148"
"","361.1490","3.9935","0.1124"
"","361.2490","3.9812","0.1088"
"","361.3490","3.9707","0.1059"
"","361.4490","3.9606","0.1033"
"","361.5490","3.9510","0.1008"
"","361.6490","3.9408","0.0982"
"","361.7490","3.9307","0.0957"
"","361.8490","3.9208","0.0934"
"","361.9490","3.9108","0.0911"
"","362.0490","3.9008","0.0888"
"","362.1490","3.8907","0.0865"
"","362.2490","3.8809","0.0844"
"","362.3490","3.8706","0.0822"
"","362.4490","3.8606","0.0801"
"","362.5490","3.8508","0.0781"
"","362.6490","3.8407","0.0761"
"","362.7490","3.8307","0.0741"
"","362.8490","3.8207","0.0721"
"","362.9490","3.8110","0.0703"
"","363.0490","3.8006","0.0684"
"","363.1490","3.7905","0.0665"
"","363.2490","3.7807","0.0648"
"","363.3490","3.7709","0.0630"
"","363.4490","3.7607","0.0613"
"","363.5490","3.7506","0.0596"
"","363.6490","3.7409","0.0580"
"","363.7490","3.7307","0.0563"
"","363.8490","3.7206","0.0547"
"","363.9490","3.7106","0.0531"
"","364.0490","3.7009","0.0517"
"","364.1490","3.6908","0.0501"
"","364.2490","3.6807","0.0487"
"","364.3490","3.6707","0.0473"
"","364.4490","3.6608","0.0459"
"","364.5490","3.6507","0.0446"
"","364.6490","3.6406","0.0432"
"","364.7490","3.6309","0.0420"
"","364.8490","3.6206","0.0407"
"","364.9490","3.6107","0.0395"
"","365.0490","3.6007","0.0384"
"","365.1490","3.5907","0.0372"
"","365.2490","3.5807","0.0361"
"","365.3490","3.5707","0.0351"
"","365.4490","3.5609","0.0341"
"","365.5490","3.5506","0.0330"
"","365.6490","3.5406","0.0321"
"","365.7490","3.5308","0.0311"
"","365.8490","3.5209","0.0301"
"","365.9490","3.5107","0.0292"
"","366.0490","3.5006","0.0285"
"","366.1490","3.4909","0.0279"
"","366.2490","3.4806","0.0273"
"","366.3490","3.4707","0.0269"
"","366.4490","3.4606","0.0267"
"","366.5490","3.4510","0.0265"
"","366.6490","3.4407","0.0265"
"","366.7490","3.4307","0.0264"
"","366.8490","3.4207","0.0264"
"","366.9490","3.4107","0.0264"
"","367.0490","3.4007","0.0263"
"","367.1490","3.3906","0.0264"
"","367.2490","3.3809","0.0265"
"","367.3490","3.3706","0.0265"
"","367.4490","3.3607","0.0255"
"","367.5490","3.3508","0.0245"
"","367.6490","3.3407","0.0236"
"","367.7490","3.3306","0.0229"
"","367.8490","3.3207","0.0222"
"","367.9490","3.3109","0.0216"
"","368.0490","3.3006","0.0210"
"","368.1490","3.2905","0.0202"
"","368.2490","3.2807","0.0195"
"","368.3490","3.2708","0.0188"
"","368.4490","3.2606","0.0181"
"","368.5490","3.2506","0.0175"
"","368.6490","3.2409","0.0169"
"","368.7490","3.2307","0.0162"
"","368.8490","3.2205","0.0156"
"","368.9490","3.2106","0.0151"
"","369.0490","3.2010","0.0146"
"","369.1490","3.1907","0.0140"
"","369.2490","3.1806","0.0135"
"","369.3490","3.1708","0.0131"
"","369.4490","3.1607","0.0126"
"","369.5490","3.1507","0.0121"
"","369.6490","3.1406","0.0117"
"","369.7490","3.1310","0.0113"
"","369.8490","3.1205","0.0109"
"","369.9490","3.1106","0.0105"
"","370.0490","3.1008","0.0102"
"","370.1490","3.0907","0.0098"
"","370.2490","3.0806","0.0095"
"","370.3490","3.0707","0.0092"
"","370.4490","3.0611","0.0089"
"","370.5490","3.0506","0.0086"
"","370.6490","3.0404","0.0083"
"","370.7490","3.0307","0.0081"
"","370.8490","3.0209","0.0078"
"","370.9490","3.0107","0.0076"
"","371.0490","3.0006","0.0073"
"","371.1490","2.9908","0.0071"
"","371.2490","2.9807","0.0069"
"","371.3490","2.9706","0.0067"
"","371.4490","2.9606","0.0065"
"","371.5490","2.9509","0.0063"
"","371.6490","2.9408","0.0062"
"","371.7490","2.9306","0.0060"
"","371.8490","2.9207","0.0058"
"","371.9490","2.9107","0.0057"
"","372.0490","2.9008","0.0056"
"","372.1490","2.8906","0.0054"
"","372.2490","2.8809","0.0053"
"","372.3490","2.8706","0.0051"
"","372.4490","2.8607","0.0050"
"","372.5490","2.8507","0.0049"
"","372.6490","2.8407","0.0048"
"","372.7490","2.8306","0.0047"
"","372.8490","2.8207","0.0045"
"","372.9490","2.8109","0.0044"
"","373.0490","2.8006","0.0043"
"","373.1490","2.7906","0.0042"
"","373.2490","2.7808","0.0042"
"","373.3490","2.7709","0.0041"
"","373.4490","2.7607","0.0040"
"","373.5490","2.7506","0.0039"
"","373.6490","2.7409","0.0038"
"","373.7490","2.7307","0.0037"
"","373.8490","2.7206","0.0036"
"","373.9490","2.7106","0.0035"
"","374.0490","2.7009","0.0035"
"","374.1490","2.6907","0.0034"
"","374.2490","2.6806","0.0033"
"","374.3490","2.6707","0.0032"
"","374.4490","2.6608","0.0031"
"","374.5490","2.6507","0.0031"
"","374.6490","2.6406","0.0030"
"","374.7490","2.6308","0.0029"
"","374.8490","2.6207","0.0028"
"","374.9490","2.6106","0.0028"
"","375.0490","2.6007","0.0027"
"","375.1490","2.5907","0.0026"
"","375.2490","2.5808","0.0026"
"","375.3490","2.5707","0.0025"
"","375.4490","2.5608","0.0024"
"","375.5490","2.5506","0.0024"
"","375.6490","2.5406","0.0023"
"","375.7490","2.5307","0.0022"
"","375.8490","2.5208","0.0022"
"","375.9490","2.5106","0.0021"
"","376.0490","2.5006","0.0021"
"","376.1490","2.4909","0.0020"
"","376.2490","2.4807","0.0019"
"","376.3490","2.4705","0.0019"
"","376.4490","2.4606","0.0019"
"","376.5490","2.4510","0.0018"
"","376.6490","2.4406","0.0017"
"","376.7490","2.4306","0.0017"
"","376.8490","2.4209","0.0017"
"","376.9490","2.4108","0.0016"
"","377.0490","2.4007","0.0016"
"","377.1490","2.3906","0.0015"
"","377.2490","2.3809","0.0015"
"","377.3490","2.3706","0.0014"
"","377.4490","2.3606","0.0014"
"","377.5490","2.3508","0.0013"
"","377.6490","2.3407","0.0013"
"","377.7490","2.3307","0.0013"
"","377.8490","2.3207","0.0012"
"","377.9490","2.3110","0.0012"
"","378.0490","2.3006","0.0011"
"","378.1490","2.2905","0.0011"
"","378.2490","2.2807","0.0010"
"","378.3490","2.2709","0.0010"
"","378.4490","2.2607","0.0010"
"","378.5490","2.2506","0.0009"
"","378.6490","2.2409","0.0009"
"","378.7490","2.2307","0.0008"
"","378.8490","2.2206","0.0008"
"","378.9490","2.2106","0.0008"
"","379.0490","2.2009","0.0008"
"","379.1490","2.1907","0.0007"
"","379.2490","2.1807","0.0007"
"","379.3490","2.1707","0.0007"
"","379.4490","2.1608","0.0007"
"","379.5490","2.1507","0.0006"
"","379.6490","2.1406","0.0006"
"","379.7490","2.1309","0.0006"
"","379.8490","2.1206","0.0006"
"","379.9490","2.1107","0.0006"
"","380.0490","2.1007","0.0006"
"","380.1490","2.0908","0.0005"
"","380.2490","2.0806","0.0005"
"","380.3490","2.0707","0.0005"
"","380.4490","2.0609","0.0005"
"","380.5490","2.0506","0.0005"
"","380.6490","2.0406","0.0005"
"","380.7490","2.0308","0.0005"
"","380.8490","2.0209","0.0004"
"","380.9490","2.0107","0.0004"
"","381.0490","2.0006","0.0004"
"","381.1490","1.9909","0.0004"
"","381.2490","1.9807","0.0004"
"","381.3490","1.9706","0.0004"
"","381.4490","1.9606","0.0004"
"","381.5490","1.9509","0.0004"
"","381.6490","1.9407","0.0004"
"","381.7490","1.9307","0.0004"
"","381.8490","1.9207","0.0003"
"","381.9490","1.9107","0.0003"
"","382.0490","1.9007","0.0003"
"","382.1490","1.8906","0.0003"
"","382.2490","1.8809","0.0003"
"","382.3490","1.8705","0.0003"
"","382.4490","1.8607","0.0003"
"","382.5490","1.8509","0.0003"
"","382.6490","1.8408","0.0003"
"","382.7490","1.8306","0.0003"
"","382.8490","1.8208","0.0003"
"","382.9490","1.8109","0.0002"
"","383.0490","1.8006","0.0002"
"","383.1490","1.7905","0.0002"
"","383.2490","1.7808","0.0002"
"","383.3490","1.7709","0.0002"
"","383.4490","1.7606","0.0002"
"","383.5490","1.7505","0.0002"
"","383.6490","1.7409","0.0002"
"","383.7490","1.7307","0.0002"
"","383.8490","1.7205","0.0002"
"","383.9490","1.7106","0.0002"
"","384.0490","1.7010","0.0002"
"","384.1490","1.6907","0.0002"
"","384.2490","1.6806","0.0002"
"","384.3490","1.6708","0.0002"
"","384.4490","1.6607","0.0002"
"","384.5490","1.6507","0.0002"
"","384.6490","1.6406","0.0001"
"","384.7490","1.6310","0.0001"
"","384.8490","1.6205","0.0001"
"","384.9490","1.6106","0.0001"
"","385.0490","1.6008","0.0001"
"","385.1490","1.5907","0.0001"
"","385.2490","1.5806","0.0001"
"","385.3490","1.5708","0.0001"
"","385.4490","1.5610","0.0001"
"","385.5490","1.5506","0.0001"
"","385.6490","1.5404","0.0001"
"","385.7490","1.5308","0.0001"
"","385.8490","1.5209","0.0001"
"","385.9490","1.5107","0.0001"
"","386.0490","1.5005","0.0001"
"","386.1490","1.4909","0.0001"
"","386.2490","1.4807","0.0001"
"","386.3490","1.4706","0.0001"
"","386.4490","1.4606","0.0001"
"","386.5490","1.4509","0.0001"
"","386.6490","1.4408","0.0001"
"","386.7490","1.4307","0.0001"
"","386.8490","1.4207","0.0001"
"","386.9490","1.4108","0.0001"
"","387.0490","1.4007","0.0000"
"","387.1490","1.3906","0.0000"
"","387.2490","1.3809","0.0000"
"","387.3490","1.3706","0.0000"
"","387.4490","1.3607","0.0000"
"","387.5490","1.3507","0.0000"
"","387.6490","1.3408","0.0000"
"","387.7490","1.3306","0.0000"
"","387.8490","1.3207","0.0000"
"","387.9490","1.3109","0.0000"
"","388.0490","1.3006","0.0000"
"","388.1490","1.2905","0.0000"
"","388.2490","1.2808","0.0000"
"","388.3490","1.2709","0.0000"
"","388.4490","1.2607","0.0000"
"","388.5490","1.2505","0.0000"
"","388.6490","1.2409","0.0000"
"","388.7490","1.2307","0.0000"
"","388.8490","1.2207","0.0000"
"","388.9490","1.2106","0.0000"
"","389.0490","1.2009","0.0000"
"","389.1490","1.1907","0.0000"
"","389.2490","1.1807","0.0000"
"","389.3490","1.1708","0.0000"
"","389.4490","1.1607","0.0000"
"","389.5490","1.1507","0.0000"
"","389.6490","1.1406","0.0000"
"","389.7490","1.1309","0.0000"
"","389.8490","1.1206","0.0000"
"","389.9490","1.1107","0.0000"
"","390.0490","1.1009","0.0000"
"","390.1490","1.0908","0.0000"
"","390.2490","1.0806","0.0000"
"","390.3490","1.0708","0.0000"
"","390.4490","1.0609","0.0000"
"","390.5490","1.0506","0.0000"
"","390.6490","1.0405","0.0000"
"","390.7490","1.0308","0.0000"
"","390.8490","1.0209","0.0000"
"","390.9490","1.0106","0.0000"
"","391.0490","1.0005","0.0000"
"","391.1490","0.9909","0.0000"
"","391.2490","0.9807","0.0000"
"","391.3490","0.9706","0.0000"
"","391.4490","0.9606","0.0000"
"","391.5490","0.9509","0.0000"
"","391.6490","0.9407","0.0000"
"","391.7490","0.9307","0.0000"
"","391.8490","0.9208","0.0000"
"","391.9490","0.9106","0.0000"
"","392.0490","0.9007","0.0000"
"","392.1490","0.8907","0.0000"
"","392.2490","0.8810","0.0000"
"","392.3490","0.8705","0.0000"
"","392.4490","0.8606","0.0000"
"","392.5490","0.8508","0.0000"
"","392.6490","0.8407","0.0000"
"","392.7490","0.8306","0.0000"
"","392.8490","0.8207","0.0000"
"","392.9490","0.8111","0.0000"
"","393.0490","0.8006","0.0000"
"","393.1490","0.7905","0.0000"
"","393.2490","0.7807","0.0000"
"","393.3490","0.7709","0.0000"
"","393.4490","0.7607","0.0000"
"","393.5490","0.7506","0.0000"
"","393.6490","0.7408","0.0000"
"","393.7490","0.7308","0.0000"
"","393.8490","0.7207","0.0000"
"","393.9490","0.7106","0.0000"
"","394.0490","0.7009","0.0000"
"","394.1490","0.6907","0.0000"
"","394.2490","0.6807","0.0000"
"","394.3490","0.6708","0.0000"
"","394.4490","0.6607","0.0000"
"","394.5490","0.6507","0.0000"
"","394.6490","0.6406","0.0000"
"","394.7490","0.6309","0.0000"
"","394.8490","0.6206","0.0000"
"","394.9490","0.6106","0.0000"
"","395.0490","0.6007","0.0000"
"","395.1490","0.5907","0.0000"
"","395.2490","0.5807","0.0000"
"","395.3490","0.5707","0.0000"
"","395.4490","0.5609","0.0000"
"","395.5490","0.5506","0.0000"
"","395.6490","0.5406","0.0000"
"","395.7490","0.5307","0.0000"
"","395.8490","0.5209","0.0000"
"","395.9490","0.5107","0.0000"
"","396.0490","0.5006","0.0000"
"","396.1490","0.4908","0.0000"
"","396.2490","0.4807","0.0000"
"","396.3490","0.4707","0.0000"
"","396.4490","0.4606","0.0000"
"","396.5490","0.4509","-0.0001"
"","396.6490","0.4407","0.0000"
"","396.7490","0.4307","0.0000"
"","396.8490","0.4208","0.0000"
"","396.9490","0.4106","0.0000"
"","397.0490","0.4007","0.0000"
"","397.1490","0.3906","0.0000"
"","397.2490","0.3809","0.0000"
"","397.3490","0.3705","0.0000"
"","397.4490","0.3607","0.0000"
"","397.5490","0.3509","0.0000"
"","397.6490","0.3408","0.0000"
"","397.7490","0.3306","0.0000"
"","397.8490","0.3208","0.0000"
"","397.9490","0.3109","0.0000"
"","398.0490","0.3006","0.0000"
"","398.1490","0.2905","0.0000"
"","398.2490","0.2808","0.0000"
"","398.3490","0.2709","0.0000"
"","398.4490","0.2606","0.0000"
"","398.5490","0.2505","0.0000"
"","398.6490","0.2410","0.0000"
"","398.7490","0.2307","0.0000"
"","398.8490","0.2205","0.0000"
"","398.9490","0.2106","0.0000"
"","399.0490","0.2010","0.0000"
"","399.1490","0.1907","0.0000"
"","399.2490","0.1806","0.0000"
"","399.3490","0.1708","-0.0001"
"","399.4490","0.1607","0.0000"
"","399.5490","0.1507","0.0000"
"","399.6490","0.1406","0.0000"
"","399.7490","0.1309","-0.0001"
"","399.8490","0.1205","0.0000"
"","399.9490","0.1106","0.0000"
"","400.0490","0.1008","0.0000"
"","400.1490","0.0907","-0.0001"
"","400.2490","0.0806","0.0000"
"","400.3490","0.0707","0.0000"
"","400.4490","0.0610","0.0000"
"","400.5490","0.0506","0.0000"
"","400.6490","0.0404","-0.0001"
"","400.7490","0.0307","0.0000"
"","400.8490","0.0209","-0.0001"
"","400.9490","0.0107","-0.0001"
"","401.0490","0.0005","-0.0001"
"","401.0550","-0.0001","-0.0001"

