1,Time,Displacement,Force
,(s),(mm),(kN)
"","0.0000","0.0000","-0.0001"
"","0.1000","0.0035","-0.0001"
"","0.2000","0.0123","0.0000"
"","0.3000","0.0242","0.0000"
"","0.4000","0.0345","0.0000"
"","0.5000","0.0444","0.0000"
"","0.6000","0.0541","0.0001"
"","0.7000","0.0644","0.0001"
"","0.8000","0.0746","0.0001"
"","0.9000","0.0842","0.0001"
"","1.0000","0.0943","0.0001"
"","1.1000","0.1044","0.0001"
"","1.2000","0.1146","0.0002"
"","1.3000","0.1241","0.0002"
"","1.4000","0.1343","0.0002"
"","1.5000","0.1443","0.0002"
"","1.6000","0.1544","0.0002"
"","1.7000","0.1642","0.0003"
"","1.8000","0.1744","0.0003"
"","1.9000","0.1844","0.0003"
"","2.0000","0.1941","0.0003"
"","2.1000","0.2045","0.0003"
"","2.2000","0.2143","0.0004"
"","2.3000","0.2243","0.0004"
"","2.4000","0.2342","0.0004"
"","2.5000","0.2445","0.0004"
"","2.6000","0.2543","0.0004"
"","2.7000","0.2642","0.0004"
"","2.8000","0.2743","0.0005"
"","2.9000","0.2843","0.0005"
"","3.0000","0.2942","0.0005"
"","3.1000","0.3041","0.0005"
"","3.2000","0.3144","0.0005"
"","3.3000","0.3245","0.0006"
"","3.4000","0.3343","0.0006"
"","3.5000","0.3443","0.0006"
"","3.6000","0.3544","0.0006"
"","3.7000","0.3646","0.0007"
"","3.8000","0.3741","0.0007"
"","3.9000","0.3843","0.0007"
"","4.0000","0.3944","0.0007"
"","4.1000","0.4044","0.0007"
"","4.2000","0.4143","0.0007"
"","4.3000","0.4244","0.0008"
"","4.4000","0.4344","0.0008"
"","4.5000","0.4442","0.0008"
"","4.6000","0.4544","0.0008"
"","4.7000","0.4643","0.0009"
"","4.8000","0.4743","0.0009"
"","4.9000","0.4842","0.0009"
"","5.0000","0.4944","0.0009"
"","5.1000","0.5043","0.0009"
"","5.2000","0.5142","0.0010"
"","5.3000","0.5244","0.0010"
"","5.4000","0.5344","0.0010"
"","5.5000","0.5444","0.0010"
"","5.6000","0.5541","0.0010"
"","5.7000","0.5644","0.0011"
"","5.8000","0.5745","0.0011"
"","5.9000","0.5842","0.0011"
"","6.0000","0.5943","0.0011"
"","6.1000","0.6044","0.0011"
"","6.2000","0.6145","0.0012"
"","6.3000","0.6241","0.0012"
"","6.4000","0.6344","0.0012"
"","6.5000","0.6444","0.0012"
"","6.6000","0.6544","0.0013"
"","6.7000","0.6643","0.0013"
"","6.8000","0.6745","0.0013"
"","6.9000","0.6844","0.0013"
"","7.0000","0.6941","0.0014"
"","7.1000","0.7045","0.0014"
"","7.2000","0.7143","0.0014"
"","7.3000","0.7243","0.0014"
"","7.4000","0.7342","0.0014"
"","7.5000","0.7445","0.0015"
"","7.6000","0.7543","0.0015"
"","7.7000","0.7642","0.0015"
"","7.8000","0.7743","0.0015"
"","7.9000","0.7845","0.0016"
"","8.0000","0.7944","0.0016"
"","8.1000","0.8041","0.0016"
"","8.2000","0.8143","0.0016"
"","8.3000","0.8246","0.0017"
"","8.4000","0.8342","0.0017"
"","8.5000","0.8443","0.0017"
"","8.6000","0.8544","0.0018"
"","8.7000","0.8645","0.0018"
"","8.8000","0.8741","0.0019"
"","8.9000","0.8843","0.0019"
"","9.0000","0.8943","0.0019"
"","9.1000","0.9043","0.0020"
"","9.2000","0.9143","0.0020"
"","9.3000","0.9244","0.0021"
"","9.4000","0.9344","0.0021"
"","9.5000","0.9442","0.0021"
"","9.6000","0.9545","0.0022"
"","9.7000","0.9643","0.0022"
"","9.8000","0.9743","0.0023"
"","9.9000","0.9842","0.0023"
"","10.0000","0.9945","0.0024"
"","10.1000","1.0043","0.0024"
"","10.2000","1.0141","0.0025"
"","10.3000","1.0244","0.0025"
"","10.4000","1.0345","0.0026"
"","10.5000","1.0444","0.0027"
"","10.6000","1.0541","0.0028"
"","10.7000","1.0644","0.0028"
"","10.8000","1.0745","0.0029"
"","10.9000","1.0842","0.0029"
"","11.0000","1.0943","0.0030"
"","11.1000","1.1044","0.0031"
"","11.2000","1.1145","0.0032"
"","11.3000","1.1242","0.0033"
"","11.4000","1.1342","0.0034"
"","11.5000","1.1444","0.0034"
"","11.6000","1.1544","0.0035"
"","11.7000","1.1644","0.0036"
"","11.8000","1.1744","0.0037"
"","11.9000","1.1843","0.0038"
"","12.0000","1.1942","0.0038"
"","12.1000","1.2045","0.0039"
"","12.2000","1.2143","0.0040"
"","12.3000","1.2243","0.0041"
"","12.4000","1.2342","0.0042"
"","12.5000","1.2445","0.0043"
"","12.6000","1.2544","0.0044"
"","12.7000","1.2642","0.0044"
"","12.8000","1.2744","0.0046"
"","12.9000","1.2844","0.0046"
"","13.0000","1.2944","0.0047"
"","13.1000","1.3041","0.0048"
"","13.2000","1.3144","0.0049"
"","13.3000","1.3245","0.0050"
"","13.4000","1.3343","0.0051"
"","13.5000","1.3443","0.0053"
"","13.6000","1.3544","0.0054"
"","13.7000","1.3645","0.0055"
"","13.8000","1.3742","0.0056"
"","13.9000","1.3844","0.0058"
"","14.0000","1.3943","0.0059"
"","14.1000","1.4043","0.0060"
"","14.2000","1.4143","0.0062"
"","14.3000","1.4245","0.0063"
"","14.4000","1.4344","0.0065"
"","14.5000","1.4441","0.0066"
"","14.6000","1.4545","0.0068"
"","14.7000","1.4644","0.0070"
"","14.8000","1.4743","0.0071"
"","14.9000","1.4842","0.0073"
"","15.0000","1.4945","0.0075"
"","15.1000","1.5045","0.0077"
"","15.2000","1.5142","0.0078"
"","15.3000","1.5243","0.0080"
"","15.4000","1.5344","0.0082"
"","15.5000","1.5444","0.0084"
"","15.6000","1.5540","0.0086"
"","15.7000","1.5643","0.0089"
"","15.8000","1.5745","0.0091"
"","15.9000","1.5843","0.0093"
"","16.0000","1.5943","0.0095"
"","16.1000","1.6044","0.0097"
"","16.2000","1.6145","0.0100"
"","16.3000","1.6241","0.0102"
"","16.4000","1.6343","0.0104"
"","16.5000","1.6444","0.0107"
"","16.6000","1.6543","0.0109"
"","16.7000","1.6642","0.0112"
"","16.8000","1.6745","0.0114"
"","16.9000","1.6844","0.0117"
"","17.0000","1.6941","0.0119"
"","17.1000","1.7044","0.0122"
"","17.2000","1.7143","0.0125"
"","17.3000","1.7243","0.0128"
"","17.4000","1.7341","0.0131"
"","17.5000","1.7445","0.0134"
"","17.6000","1.7544","0.0137"
"","17.7000","1.7642","0.0140"
"","17.8000","1.7744","0.0143"
"","17.9000","1.7844","0.0146"
"","18.0000","1.7944","0.0150"
"","18.1000","1.8041","0.0153"
"","18.2000","1.8144","0.0157"
"","18.3000","1.8244","0.0160"
"","18.4000","1.8343","0.0164"
"","18.5000","1.8442","0.0167"
"","18.6000","1.8544","0.0171"
"","18.7000","1.8645","0.0175"
"","18.8000","1.8743","0.0179"
"","18.9000","1.8842","0.0183"
"","19.0000","1.8943","0.0187"
"","19.1000","1.9044","0.0191"
"","19.2000","1.9144","0.0195"
"","19.3000","1.9243","0.0199"
"","19.4000","1.9343","0.0204"
"","19.5000","1.9441","0.0208"
"","19.6000","1.9544","0.0212"
"","19.7000","1.9643","0.0216"
"","19.8000","1.9742","0.0221"
"","19.9000","1.9843","0.0225"
"","20.0000","1.9945","0.0230"
"","20.1000","2.0043","0.0234"
"","20.2000","2.0141","0.0239"
"","20.3000","2.0244","0.0244"
"","20.4000","2.0345","0.0248"
"","20.5000","2.0444","0.0253"
"","20.6000","2.0541","0.0258"
"","20.7000","2.0644","0.0263"
"","20.8000","2.0745","0.0268"
"","20.9000","2.0843","0.0273"
"","21.0000","2.0943","0.0277"
"","21.1000","2.1044","0.0283"
"","21.2000","2.1145","0.0288"
"","21.3000","2.1241","0.0292"
"","21.4000","2.1343","0.0298"
"","21.5000","2.1443","0.0303"
"","21.6000","2.1544","0.0308"
"","21.7000","2.1644","0.0313"
"","21.8000","2.1744","0.0318"
"","21.9000","2.1844","0.0321"
"","22.0000","2.1941","0.0322"
"","22.1000","2.2046","0.0322"
"","22.2000","2.2143","0.0322"
"","22.3000","2.2243","0.0322"
"","22.4000","2.2342","0.0322"
"","22.5000","2.2446","0.0322"
"","22.6000","2.2544","0.0322"
"","22.7000","2.2642","0.0322"
"","22.8000","2.2743","0.0322"
"","22.9000","2.2845","0.0323"
"","23.0000","2.2943","0.0323"
"","23.1000","2.3040","0.0323"
"","23.2000","2.3143","0.0323"
"","23.3000","2.3246","0.0323"
"","23.4000","2.3342","0.0323"
"","23.5000","2.3442","0.0323"
"","23.6000","2.3543","0.0323"
"","23.7000","2.3646","0.0324"
"","23.8000","2.3742","0.0324"
"","23.9000","2.3843","0.0329"
"","24.0000","2.3943","0.0336"
"","24.1000","2.4044","0.0343"
"","24.2000","2.4143","0.0350"
"","24.3000","2.4244","0.0357"
"","24.4000","2.4345","0.0364"
"","24.5000","2.4441","0.0370"
"","24.6000","2.4546","0.0377"
"","24.7000","2.4643","0.0383"
"","24.8000","2.4743","0.0390"
"","24.9000","2.4841","0.0397"
"","25.0000","2.4945","0.0404"
"","25.1000","2.5043","0.0410"
"","25.2000","2.5141","0.0418"
"","25.3000","2.5243","0.0425"
"","25.4000","2.5345","0.0432"
"","25.5000","2.5444","0.0439"
"","25.6000","2.5541","0.0446"
"","25.7000","2.5644","0.0454"
"","25.8000","2.5744","0.0461"
"","25.9000","2.5843","0.0469"
"","26.0000","2.5942","0.0476"
"","26.1000","2.6044","0.0484"
"","26.2000","2.6145","0.0492"
"","26.3000","2.6242","0.0500"
"","26.4000","2.6342","0.0508"
"","26.5000","2.6443","0.0516"
"","26.6000","2.6543","0.0525"
"","26.7000","2.6644","0.0533"
"","26.8000","2.6743","0.0542"
"","26.9000","2.6843","0.0550"
"","27.0000","2.6941","0.0559"
"","27.1000","2.7044","0.0568"
"","27.2000","2.7143","0.0577"
"","27.3000","2.7243","0.0586"
"","27.4000","2.7342","0.0595"
"","27.5000","2.7445","0.0605"
"","27.6000","2.7544","0.0613"
"","27.7000","2.7641","0.0623"
"","27.8000","2.7743","0.0633"
"","27.9000","2.7844","0.0642"
"","28.0000","2.7944","0.0651"
"","28.1000","2.8040","0.0661"
"","28.2000","2.8144","0.0671"
"","28.3000","2.8245","0.0681"
"","28.4000","2.8342","0.0690"
"","28.5000","2.8443","0.0700"
"","28.6000","2.8544","0.0711"
"","28.7000","2.8645","0.0721"
"","28.8000","2.8741","0.0730"
"","28.9000","2.8843","0.0741"
"","29.0000","2.8942","0.0751"
"","29.1000","2.9043","0.0762"
"","29.2000","2.9144","0.0772"
"","29.3000","2.9245","0.0783"
"","29.4000","2.9344","0.0794"
"","29.5000","2.9441","0.0804"
"","29.6000","2.9546","0.0815"
"","29.7000","2.9643","0.0826"
"","29.8000","2.9743","0.0837"
"","29.9000","2.9842","0.0848"
"","30.0000","2.9945","0.0859"
"","30.1000","3.0044","0.0870"
"","30.2000","3.0142","0.0881"
"","30.3000","3.0243","0.0892"
"","30.4000","3.0345","0.0903"
"","30.5000","3.0444","0.0915"
"","30.6000","3.0540","0.0925"
"","30.7000","3.0643","0.0937"
"","30.8000","3.0745","0.0949"
"","30.9000","3.0842","0.0960"
"","31.0000","3.0942","0.0971"
"","31.1000","3.1044","0.0983"
"","31.2000","3.1146","0.0994"
"","31.3000","3.1241","0.1005"
"","31.4000","3.1342","0.1017"
"","31.5000","3.1443","0.1029"
"","31.6000","3.1544","0.1040"
"","31.7000","3.1643","0.1052"
"","31.8000","3.1744","0.1063"
"","31.9000","3.1844","0.1075"
"","32.0000","3.1940","0.1086"
"","32.1000","3.2045","0.1099"
"","32.2000","3.2143","0.1110"
"","32.3000","3.2243","0.1122"
"","32.4000","3.2340","0.1133"
"","32.5000","3.2443","0.1145"
"","32.6000","3.2542","0.1157"
"","32.7000","3.2641","0.1169"
"","32.8000","3.2744","0.1182"
"","32.9000","3.2845","0.1194"
"","33.0000","3.2944","0.1206"
"","33.1000","3.3041","0.1217"
"","33.2000","3.3143","0.1230"
"","33.3000","3.3244","0.1243"
"","33.4000","3.3342","0.1254"
"","33.5000","3.3443","0.1267"
"","33.6000","3.3544","0.1280"
"","33.7000","3.3646","0.1293"
"","33.8000","3.3742","0.1304"
"","33.9000","3.3844","0.1317"
"","34.0000","3.3944","0.1330"
"","34.1000","3.4044","0.1342"
"","34.2000","3.4144","0.1354"
"","34.3000","3.4244","0.1367"
"","34.4000","3.4344","0.1379"
"","34.5000","3.4441","0.1391"
"","34.6000","3.4544","0.1404"
"","34.7000","3.4643","0.1417"
"","34.8000","3.4743","0.1429"
"","34.9000","3.4842","0.1442"
"","35.0000","3.4945","0.1455"
"","35.1000","3.5043","0.1467"
"","35.2000","3.5142","0.1480"
"","35.3000","3.5244","0.1493"
"","35.4000","3.5344","0.1505"
"","35.5000","3.5444","0.1518"
"","35.6000","3.5541","0.1530"
"","35.7000","3.5644","0.1543"
"","35.8000","3.5744","0.1556"
"","35.9000","3.5842","0.1568"
"","36.0000","3.5943","0.1582"
"","36.1000","3.6044","0.1594"
"","36.2000","3.6145","0.1607"
"","36.3000","3.6240","0.1619"
"","36.4000","3.6343","0.1633"
"","36.5000","3.6444","0.1646"
"","36.6000","3.6544","0.1658"
"","36.7000","3.6642","0.1671"
"","36.8000","3.6744","0.1684"
"","36.9000","3.6844","0.1697"
"","37.0000","3.6941","0.1709"
"","37.1000","3.7044","0.1723"
"","37.2000","3.7143","0.1736"
"","37.3000","3.7243","0.1748"
"","37.4000","3.7343","0.1761"
"","37.5000","3.7444","0.1774"
"","37.6000","3.7544","0.1788"
"","37.7000","3.7643","0.1800"
"","37.8000","3.7743","0.1813"
"","37.9000","3.7844","0.1827"
"","38.0000","3.7944","0.1840"
"","38.1000","3.8041","0.1852"
"","38.2000","3.8144","0.1866"
"","38.3000","3.8245","0.1879"
"","38.4000","3.8342","0.1891"
"","38.5000","3.8443","0.1904"
"","38.6000","3.8544","0.1918"
"","38.7000","3.8645","0.1931"
"","38.8000","3.8741","0.1943"
"","38.9000","3.8843","0.1956"
"","39.0000","3.8944","0.1970"
"","39.1000","3.9043","0.1982"
"","39.2000","3.9142","0.1995"
"","39.3000","3.9244","0.2009"
"","39.4000","3.9344","0.2022"
"","39.5000","3.9441","0.2034"
"","39.6000","3.9544","0.2048"
"","39.7000","3.9642","0.2061"
"","39.8000","3.9743","0.2074"
"","39.9000","3.9841","0.2086"
"","40.0000","3.9945","0.2100"
"","40.0570","4.0000","0.2107"
"","40.0580","4.0001","0.2107"
"","40.0590","4.0002","0.2107"
"","40.1590","4.0008","0.2097"
"","40.2590","3.9932","0.2066"
"","40.3590","3.9812","0.2025"
"","40.4590","3.9712","0.1991"
"","40.5590","3.9608","0.1957"
"","40.6590","3.9507","0.1927"
"","40.7590","3.9408","0.1896"
"","40.8590","3.9309","0.1867"
"","40.9590","3.9208","0.1838"
"","41.0590","3.9107","0.1809"
"","41.1590","3.9010","0.1782"
"","41.2590","3.8908","0.1754"
"","41.3590","3.8807","0.1726"
"","41.4590","3.8707","0.1699"
"","41.5590","3.8609","0.1673"
"","41.6590","3.8508","0.1646"
"","41.7590","3.8407","0.1620"
"","41.8590","3.8309","0.1595"
"","41.9590","3.8207","0.1569"
"","42.0590","3.8108","0.1544"
"","42.1590","3.8007","0.1519"
"","42.2590","3.7909","0.1495"
"","42.3590","3.7807","0.1470"
"","42.4590","3.7708","0.1446"
"","42.5590","3.7609","0.1423"
"","42.6590","3.7508","0.1399"
"","42.7590","3.7407","0.1376"
"","42.8590","3.7307","0.1353"
"","42.9590","3.7210","0.1330"
"","43.0590","3.7107","0.1307"
"","43.1590","3.7006","0.1285"
"","43.2590","3.6909","0.1264"
"","43.3590","3.6809","0.1242"
"","43.4590","3.6707","0.1220"
"","43.5590","3.6607","0.1199"
"","43.6590","3.6510","0.1178"
"","43.7590","3.6407","0.1157"
"","43.8590","3.6306","0.1136"
"","43.9590","3.6208","0.1116"
"","44.0590","3.6109","0.1097"
"","44.1590","3.6008","0.1076"
"","44.2590","3.5907","0.1056"
"","44.3590","3.5810","0.1038"
"","44.4590","3.5706","0.1018"
"","44.5590","3.5607","0.0999"
"","44.6590","3.5508","0.0981"
"","44.7590","3.5410","0.0963"
"","44.8590","3.5306","0.0944"
"","44.9590","3.5208","0.0927"
"","45.0590","3.5109","0.0909"
"","45.1590","3.5008","0.0892"
"","45.2590","3.4906","0.0874"
"","45.3590","3.4807","0.0858"
"","45.4590","3.4710","0.0841"
"","45.5590","3.4607","0.0824"
"","45.6590","3.4506","0.0808"
"","45.7590","3.4408","0.0792"
"","45.8590","3.4310","0.0777"
"","45.9590","3.4208","0.0761"
"","46.0590","3.4107","0.0746"
"","46.1590","3.4009","0.0731"
"","46.2590","3.3909","0.0716"
"","46.3590","3.3807","0.0701"
"","46.4590","3.3707","0.0687"
"","46.5590","3.3609","0.0673"
"","46.6590","3.3508","0.0660"
"","46.7590","3.3407","0.0645"
"","46.8590","3.3310","0.0632"
"","46.9590","3.3207","0.0619"
"","47.0590","3.3108","0.0606"
"","47.1590","3.3007","0.0593"
"","47.2590","3.2910","0.0581"
"","47.3590","3.2806","0.0568"
"","47.4590","3.2707","0.0556"
"","47.5590","3.2609","0.0544"
"","47.6590","3.2509","0.0532"
"","47.7590","3.2407","0.0521"
"","47.8590","3.2307","0.0509"
"","47.9590","3.2211","0.0499"
"","48.0590","3.2108","0.0487"
"","48.1590","3.2007","0.0477"
"","48.2590","3.1907","0.0467"
"","48.3590","3.1810","0.0457"
"","48.4590","3.1708","0.0446"
"","48.5590","3.1606","0.0436"
"","48.6590","3.1509","0.0427"
"","48.7590","3.1408","0.0418"
"","48.8590","3.1308","0.0408"
"","48.9590","3.1208","0.0399"
"","49.0590","3.1108","0.0391"
"","49.1590","3.1008","0.0382"
"","49.2590","3.0907","0.0374"
"","49.3590","3.0809","0.0366"
"","49.4590","3.0706","0.0358"
"","49.5590","3.0608","0.0350"
"","49.6590","3.0509","0.0343"
"","49.7590","3.0410","0.0336"
"","49.8590","3.0306","0.0329"
"","49.9590","3.0208","0.0323"
"","50.0590","3.0109","0.0319"
"","50.1590","3.0008","0.0317"
"","50.2590","2.9907","0.0316"
"","50.3590","2.9807","0.0315"
"","50.4590","2.9710","0.0315"
"","50.5590","2.9607","0.0315"
"","50.6590","2.9507","0.0315"
"","50.7590","2.9408","0.0315"
"","50.8590","2.9310","0.0315"
"","50.9590","2.9208","0.0315"
"","51.0590","2.9107","0.0315"
"","51.1590","2.9009","0.0315"
"","51.2590","2.8908","0.0315"
"","51.3590","2.8808","0.0315"
"","51.4590","2.8708","0.0314"
"","51.5590","2.8608","0.0314"
"","51.6590","2.8508","0.0314"
"","51.7590","2.8407","0.0314"
"","51.8590","2.8310","0.0313"
"","51.9590","2.8205","0.0313"
"","52.0590","2.8107","0.0312"
"","52.1590","2.8008","0.0310"
"","52.2590","2.7910","0.0307"
"","52.3590","2.7807","0.0301"
"","52.4590","2.7708","0.0293"
"","52.5590","2.7610","0.0286"
"","52.6590","2.7509","0.0278"
"","52.7590","2.7406","0.0271"
"","52.8590","2.7307","0.0265"
"","52.9590","2.7211","0.0259"
"","53.0590","2.7107","0.0253"
"","53.1590","2.7006","0.0247"
"","53.2590","2.6907","0.0241"
"","53.3590","2.6810","0.0236"
"","53.4590","2.6709","0.0230"
"","53.5590","2.6607","0.0225"
"","53.6590","2.6509","0.0220"
"","53.7590","2.6408","0.0215"
"","53.8590","2.6307","0.0211"
"","53.9590","2.6207","0.0206"
"","54.0590","2.6109","0.0202"
"","54.1590","2.6008","0.0197"
"","54.2590","2.5907","0.0193"
"","54.3590","2.5809","0.0189"
"","54.4590","2.5707","0.0185"
"","54.5590","2.5608","0.0181"
"","54.6590","2.5507","0.0177"
"","54.7590","2.5410","0.0173"
"","54.8590","2.5306","0.0169"
"","54.9590","2.5208","0.0166"
"","55.0590","2.5109","0.0162"
"","55.1590","2.5009","0.0159"
"","55.2590","2.4907","0.0155"
"","55.3590","2.4807","0.0152"
"","55.4590","2.4711","0.0149"
"","55.5590","2.4607","0.0145"
"","55.6590","2.4506","0.0142"
"","55.7590","2.4407","0.0139"
"","55.8590","2.4310","0.0136"
"","55.9590","2.4208","0.0133"
"","56.0590","2.4107","0.0130"
"","56.1590","2.4008","0.0128"
"","56.2590","2.3908","0.0125"
"","56.3590","2.3808","0.0122"
"","56.4590","2.3707","0.0120"
"","56.5590","2.3608","0.0117"
"","56.6590","2.3508","0.0114"
"","56.7590","2.3408","0.0112"
"","56.8590","2.3310","0.0110"
"","56.9590","2.3206","0.0107"
"","57.0590","2.3108","0.0105"
"","57.1590","2.3009","0.0103"
"","57.2590","2.2910","0.0101"
"","57.3590","2.2806","0.0098"
"","57.4590","2.2708","0.0096"
"","57.5590","2.2610","0.0094"
"","57.6590","2.2508","0.0092"
"","57.7590","2.2407","0.0090"
"","57.8590","2.2307","0.0088"
"","57.9590","2.2211","0.0086"
"","58.0590","2.2107","0.0084"
"","58.1590","2.2006","0.0083"
"","58.2590","2.1908","0.0081"
"","58.3590","2.1810","0.0079"
"","58.4590","2.1708","0.0077"
"","58.5590","2.1607","0.0076"
"","58.6590","2.1508","0.0074"
"","58.7590","2.1408","0.0072"
"","58.8590","2.1307","0.0070"
"","58.9590","2.1207","0.0069"
"","59.0590","2.1108","0.0067"
"","59.1590","2.1008","0.0066"
"","59.2590","2.0908","0.0064"
"","59.3590","2.0810","0.0063"
"","59.4590","2.0705","0.0061"
"","59.5590","2.0607","0.0060"
"","59.6590","2.0508","0.0059"
"","59.7590","2.0410","0.0058"
"","59.8590","2.0306","0.0056"
"","59.9590","2.0207","0.0055"
"","60.0590","2.0110","0.0053"
"","60.1590","2.0009","0.0052"
"","60.2590","1.9907","0.0051"
"","60.3590","1.9807","0.0050"
"","60.4590","1.9710","0.0048"
"","60.5590","1.9607","0.0047"
"","60.6590","1.9506","0.0046"
"","60.7590","1.9408","0.0045"
"","60.8590","1.9310","0.0044"
"","60.9590","1.9209","0.0043"
"","61.0590","1.9107","0.0042"
"","61.1590","1.9009","0.0041"
"","61.2590","1.8908","0.0040"
"","61.3590","1.8807","0.0039"
"","61.4590","1.8707","0.0038"
"","61.5590","1.8609","0.0037"
"","61.6590","1.8507","0.0036"
"","61.7590","1.8407","0.0035"
"","61.8590","1.8309","0.0034"
"","61.9590","1.8208","0.0033"
"","62.0590","1.8107","0.0032"
"","62.1590","1.8007","0.0032"
"","62.2590","1.7909","0.0031"
"","62.3590","1.7807","0.0030"
"","62.4590","1.7707","0.0029"
"","62.5590","1.7609","0.0029"
"","62.6590","1.7508","0.0028"
"","62.7590","1.7408","0.0027"
"","62.8590","1.7307","0.0027"
"","62.9590","1.7211","0.0026"
"","63.0590","1.7107","0.0025"
"","63.1590","1.7007","0.0025"
"","63.2590","1.6907","0.0024"
"","63.3590","1.6809","0.0023"
"","63.4590","1.6708","0.0023"
"","63.5590","1.6607","0.0022"
"","63.6590","1.6509","0.0022"
"","63.7590","1.6407","0.0021"
"","63.8590","1.6308","0.0021"
"","63.9590","1.6207","0.0020"
"","64.0590","1.6109","0.0020"
"","64.1590","1.6007","0.0019"
"","64.2590","1.5908","0.0019"
"","64.3590","1.5809","0.0018"
"","64.4590","1.5707","0.0018"
"","64.5590","1.5607","0.0017"
"","64.6590","1.5508","0.0017"
"","64.7590","1.5410","0.0017"
"","64.8590","1.5307","0.0016"
"","64.9590","1.5208","0.0016"
"","65.0590","1.5110","0.0015"
"","65.1590","1.5008","0.0015"
"","65.2590","1.4907","0.0015"
"","65.3590","1.4807","0.0014"
"","65.4590","1.4710","0.0014"
"","65.5590","1.4607","0.0014"
"","65.6590","1.4506","0.0013"
"","65.7590","1.4408","0.0013"
"","65.8590","1.4310","0.0012"
"","65.9590","1.4207","0.0012"
"","66.0590","1.4107","0.0012"
"","66.1590","1.4009","0.0011"
"","66.2590","1.3908","0.0011"
"","66.3590","1.3807","0.0011"
"","66.4590","1.3707","0.0011"
"","66.5590","1.3609","0.0010"
"","66.6590","1.3508","0.0010"
"","66.7590","1.3408","0.0010"
"","66.8590","1.3309","0.0009"
"","66.9590","1.3206","0.0009"
"","67.0590","1.3107","0.0009"
"","67.1590","1.3008","0.0009"
"","67.2590","1.2910","0.0008"
"","67.3590","1.2806","0.0008"
"","67.4590","1.2708","0.0008"
"","67.5590","1.2610","0.0008"
"","67.6590","1.2508","0.0007"
"","67.7590","1.2406","0.0007"
"","67.8590","1.2307","0.0007"
"","67.9590","1.2211","0.0007"
"","68.0590","1.2107","0.0006"
"","68.1590","1.2006","0.0006"
"","68.2590","1.1908","0.0006"
"","68.3590","1.1810","0.0006"
"","68.4590","1.1708","0.0006"
"","68.5590","1.1607","0.0005"
"","68.6590","1.1509","0.0005"
"","68.7590","1.1408","0.0005"
"","68.8590","1.1307","0.0005"
"","68.9590","1.1207","0.0005"
"","69.0590","1.1109","0.0004"
"","69.1590","1.1009","0.0004"
"","69.2590","1.0907","0.0004"
"","69.3590","1.0809","0.0004"
"","69.4590","1.0707","0.0004"
"","69.5590","1.0608","0.0003"
"","69.6590","1.0507","0.0003"
"","69.7590","1.0410","0.0003"
"","69.8590","1.0306","0.0003"
"","69.9590","1.0207","0.0003"
"","70.0590","1.0109","0.0003"
"","70.1590","1.0009","0.0002"
"","70.2590","0.9907","0.0002"
"","70.3590","0.9807","0.0002"
"","70.4590","0.9711","0.0002"
"","70.5590","0.9607","0.0002"
"","70.6590","0.9506","0.0001"
"","70.7590","0.9408","0.0001"
"","70.8590","0.9310","0.0001"
"","70.9590","0.9208","0.0001"
"","71.0590","0.9106","0.0001"
"","71.1590","0.9009","0.0001"
"","71.2590","0.8908","0.0001"
"","71.3590","0.8808","0.0000"
"","71.4590","0.8707","0.0000"
"","71.5590","0.8609","0.0000"
"","71.6590","0.8508","0.0000"
"","71.7590","0.8407","0.0000"
"","71.8590","0.8309","0.0000"
"","71.9590","0.8206","0.0000"
"","72.0590","0.8108","-0.0001"
"","72.1590","0.8008","-0.0001"
"","72.2590","0.7909","-0.0001"
"","72.3590","0.7806","-0.0001"
"","72.4590","0.7708","-0.0001"
"","72.5590","0.7609","-0.0001"
"","72.6590","0.7508","-0.0002"
"","72.7590","0.7407","-0.0002"
"","72.8590","0.7308","-0.0002"
"","72.9590","0.7210","-0.0002"
"","73.0590","0.7107","-0.0002"
"","73.1590","0.7006","-0.0002"
"","73.2590","0.6909","-0.0002"
"","73.3590","0.6809","-0.0003"
"","73.4590","0.6707","-0.0003"
"","73.5590","0.6607","-0.0003"
"","73.6590","0.6510","-0.0003"
"","73.7590","0.6408","-0.0003"
"","73.8590","0.6307","-0.0003"
"","73.9590","0.6207","-0.0003"
"","74.0590","0.6109","-0.0003"
"","74.1590","0.6008","-0.0004"
"","74.2590","0.5907","-0.0004"
"","74.3590","0.5810","-0.0004"
"","74.4590","0.5706","-0.0004"
"","74.5590","0.5607","-0.0004"
"","74.6590","0.5507","-0.0004"
"","74.7590","0.5410","-0.0004"
"","74.8590","0.5306","-0.0005"
"","74.9590","0.5207","-0.0005"
"","75.0590","0.5109","-0.0005"
"","75.1590","0.5008","-0.0005"
"","75.2590","0.4906","-0.0005"
"","75.3590","0.4807","-0.0005"
"","75.4590","0.4710","-0.0005"
"","75.5590","0.4607","-0.0005"
"","75.6590","0.4506","-0.0005"
"","75.7590","0.4408","-0.0006"
"","75.8590","0.4310","-0.0006"
"","75.9590","0.4209","-0.0006"
"","76.0590","0.4107","-0.0006"
"","76.1590","0.4009","-0.0006"
"","76.2590","0.3909","-0.0006"
"","76.3590","0.3807","-0.0006"
"","76.4590","0.3707","-0.0006"
"","76.5590","0.3609","-0.0006"
"","76.6590","0.3508","-0.0007"
"","76.7590","0.3408","-0.0007"
"","76.8590","0.3309","-0.0007"
"","76.9590","0.3207","-0.0007"
"","77.0590","0.3107","-0.0007"
"","77.1590","0.3007","-0.0007"
"","77.2590","0.2910","-0.0007"
"","77.3590","0.2807","-0.0007"
"","77.4590","0.2709","-0.0007"
"","77.5590","0.2610","-0.0008"
"","77.6590","0.2509","-0.0008"
"","77.7590","0.2407","-0.0008"
"","77.8590","0.2307","-0.0008"
"","77.9590","0.2211","-0.0008"
"","78.0590","0.2107","-0.0008"
"","78.1590","0.2006","-0.0008"
"","78.2590","0.1907","-0.0008"
"","78.3590","0.1810","-0.0008"
"","78.4590","0.1708","-0.0008"
"","78.5590","0.1606","-0.0009"
"","78.6590","0.1509","-0.0009"
"","78.7590","0.1408","-0.0009"
"","78.8590","0.1308","-0.0009"
"","78.9590","0.1207","-0.0009"
"","79.0590","0.1108","-0.0009"
"","79.1590","0.1008","-0.0009"
"","79.2590","0.0908","-0.0009"
"","79.3590","0.0809","-0.0009"
"","79.4590","0.0706","-0.0009"
"","79.5590","0.0608","-0.0010"
"","79.6590","0.0508","-0.0010"
"","79.7590","0.0410","-0.0010"
"","79.8590","0.0306","-0.0010"
"","79.9590","0.0208","-0.0010"
"","80.0590","0.0110","-0.0010"
"","80.1590","0.0009","-0.0010"
"","80.1680","-0.0001","-0.0010"
"","80.1690","-0.0002","-0.0010"
"","80.1700","-0.0003","-0.0010"
"","80.2700","-0.0007","-0.0010"
"","80.3700","0.0071","-0.0010"
"","80.4700","0.0186","-0.0010"
"","80.5700","0.0293","-0.0010"
"","80.6700","0.0394","-0.0009"
"","80.7700","0.0492","-0.0009"
"","80.8700","0.0593","-0.0009"
"","80.9700","0.0694","-0.0009"
"","81.0700","0.0794","-0.0009"
"","81.1700","0.0890","-0.0009"
"","81.2700","0.0993","-0.0008"
"","81.3700","0.1094","-0.0008"
"","81.4700","0.1194","-0.0008"
"","81.5700","0.1292","-0.0008"
"","81.6700","0.1394","-0.0008"
"","81.7700","0.1494","-0.0008"
"","81.8700","0.1591","-0.0008"
"","81.9700","0.1693","-0.0007"
"","82.0700","0.1793","-0.0007"
"","82.1700","0.1893","-0.0007"
"","82.2700","0.1992","-0.0007"
"","82.3700","0.2094","-0.0007"
"","82.4700","0.2194","-0.0007"
"","82.5700","0.2291","-0.0006"
"","82.6700","0.2394","-0.0006"
"","82.7700","0.2494","-0.0006"
"","82.8700","0.2593","-0.0006"
"","82.9700","0.2691","-0.0006"
"","83.0700","0.2793","-0.0006"
"","83.1700","0.2892","-0.0006"
"","83.2700","0.2991","-0.0005"
"","83.3700","0.3093","-0.0005"
"","83.4700","0.3194","-0.0005"
"","83.5700","0.3295","-0.0005"
"","83.6700","0.3390","-0.0005"
"","83.7700","0.3492","-0.0005"
"","83.8700","0.3594","-0.0004"
"","83.9700","0.3694","-0.0004"
"","84.0700","0.3792","-0.0004"
"","84.1700","0.3894","-0.0004"
"","84.2700","0.3994","-0.0004"
"","84.3700","0.4093","-0.0004"
"","84.4700","0.4193","-0.0003"
"","84.5700","0.4293","-0.0003"
"","84.6700","0.4393","-0.0003"
"","84.7700","0.4493","-0.0003"
"","84.8700","0.4593","-0.0003"
"","84.9700","0.4693","-0.0003"
"","85.0700","0.4791","-0.0003"
"","85.1700","0.4895","-0.0002"
"","85.2700","0.4993","-0.0002"
"","85.3700","0.5093","-0.0002"
"","85.4700","0.5191","-0.0002"
"","85.5700","0.5294","-0.0002"
"","85.6700","0.5393","-0.0002"
"","85.7700","0.5493","-0.0001"
"","85.8700","0.5594","-0.0001"
"","85.9700","0.5694","-0.0001"
"","86.0700","0.5795","-0.0001"
"","86.1700","0.5889","-0.0001"
"","86.2700","0.5994","-0.0001"
"","86.3700","0.6093","0.0000"
"","86.4700","0.6194","0.0000"
"","86.5700","0.6293","0.0000"
"","86.6700","0.6394","0.0000"
"","86.7700","0.6494","0.0000"
"","86.8700","0.6592","0.0001"
"","86.9700","0.6694","0.0001"
"","87.0700","0.6793","0.0001"
"","87.1700","0.6894","0.0001"
"","87.2700","0.6993","0.0001"
"","87.3700","0.7094","0.0001"
"","87.4700","0.7193","0.0002"
"","87.5700","0.7291","0.0002"
"","87.6700","0.7395","0.0002"
"","87.7700","0.7494","0.0002"
"","87.8700","0.7593","0.0002"
"","87.9700","0.7691","0.0002"
"","88.0700","0.7793","0.0003"
"","88.1700","0.7894","0.0003"
"","88.2700","0.7992","0.0003"
"","88.3700","0.8093","0.0003"
"","88.4700","0.8194","0.0003"
"","88.5700","0.8295","0.0003"
"","88.6700","0.8390","0.0004"
"","88.7700","0.8493","0.0004"
"","88.8700","0.8594","0.0004"
"","88.9700","0.8694","0.0004"
"","89.0700","0.8792","0.0004"
"","89.1700","0.8894","0.0005"
"","89.2700","0.8994","0.0005"
"","89.3700","0.9091","0.0005"
"","89.4700","0.9193","0.0005"
"","89.5700","0.9293","0.0005"
"","89.6700","0.9393","0.0006"
"","89.7700","0.9493","0.0006"
"","89.8700","0.9594","0.0006"
"","89.9700","0.9693","0.0006"
"","90.0700","0.9791","0.0006"
"","90.1700","0.9895","0.0007"
"","90.2700","0.9993","0.0007"
"","90.3700","1.0093","0.0007"
"","90.4700","1.0191","0.0007"
"","90.5700","1.0294","0.0008"
"","90.6700","1.0395","0.0008"
"","90.7700","1.0492","0.0008"
"","90.8700","1.0593","0.0008"
"","90.9700","1.0694","0.0008"
"","91.0700","1.0795","0.0009"
"","91.1700","1.0890","0.0009"
"","91.2700","1.0992","0.0009"
"","91.3700","1.1094","0.0009"
"","91.4700","1.1194","0.0010"
"","91.5700","1.1292","0.0010"
"","91.6700","1.1394","0.0010"
"","91.7700","1.1494","0.0010"
"","91.8700","1.1593","0.0011"
"","91.9700","1.1693","0.0011"
"","92.0700","1.1793","0.0011"
"","92.1700","1.1893","0.0012"
"","92.2700","1.1993","0.0012"
"","92.3700","1.2094","0.0012"
"","92.4700","1.2193","0.0012"
"","92.5700","1.2291","0.0013"
"","92.6700","1.2395","0.0013"
"","92.7700","1.2494","0.0014"
"","92.8700","1.2593","0.0014"
"","92.9700","1.2691","0.0015"
"","93.0700","1.2794","0.0015"
"","93.1700","1.2894","0.0015"
"","93.2700","1.2992","0.0016"
"","93.3700","1.3093","0.0016"
"","93.4700","1.3194","0.0017"
"","93.5700","1.3295","0.0017"
"","93.6700","1.3390","0.0018"
"","93.7700","1.3494","0.0018"
"","93.8700","1.3593","0.0019"
"","93.9700","1.3694","0.0020"
"","94.0700","1.3793","0.0020"
"","94.1700","1.3894","0.0021"
"","94.2700","1.3993","0.0021"
"","94.3700","1.4091","0.0022"
"","94.4700","1.4194","0.0022"
"","94.5700","1.4293","0.0023"
"","94.6700","1.4393","0.0024"
"","94.7700","1.4492","0.0024"
"","94.8700","1.4595","0.0025"
"","94.9700","1.4693","0.0026"
"","95.0700","1.4791","0.0026"
"","95.1700","1.4894","0.0027"
"","95.2700","1.4995","0.0028"
"","95.3700","1.5093","0.0029"
"","95.4700","1.5190","0.0029"
"","95.5700","1.5294","0.0030"
"","95.6700","1.5394","0.0031"
"","95.7700","1.5492","0.0031"
"","95.8700","1.5592","0.0032"
"","95.9700","1.5694","0.0033"
"","96.0700","1.5794","0.0034"
"","96.1700","1.5891","0.0035"
"","96.2700","1.5993","0.0036"
"","96.3700","1.6094","0.0037"
"","96.4700","1.6193","0.0038"
"","96.5700","1.6293","0.0039"
"","96.6700","1.6394","0.0040"
"","96.7700","1.6494","0.0040"
"","96.8700","1.6590","0.0042"
"","96.9700","1.6694","0.0043"
"","97.0700","1.6793","0.0043"
"","97.1700","1.6893","0.0045"
"","97.2700","1.6992","0.0046"
"","97.3700","1.7094","0.0047"
"","97.4700","1.7194","0.0048"
"","97.5700","1.7291","0.0049"
"","97.6700","1.7394","0.0050"
"","97.7700","1.7494","0.0051"
"","97.8700","1.7594","0.0052"
"","97.9700","1.7691","0.0054"
"","98.0700","1.7794","0.0055"
"","98.1700","1.7894","0.0056"
"","98.2700","1.7992","0.0058"
"","98.3700","1.8093","0.0059"
"","98.4700","1.8194","0.0060"
"","98.5700","1.8295","0.0062"
"","98.6700","1.8390","0.0063"
"","98.7700","1.8492","0.0065"
"","98.8700","1.8594","0.0067"
"","98.9700","1.8694","0.0068"
"","99.0700","1.8793","0.0070"
"","99.1700","1.8894","0.0071"
"","99.2700","1.8994","0.0073"
"","99.3700","1.9092","0.0075"
"","99.4700","1.9193","0.0077"
"","99.5700","1.9293","0.0078"
"","99.6700","1.9393","0.0080"
"","99.7700","1.9493","0.0082"
"","99.8700","1.9594","0.0084"
"","99.9700","1.9693","0.0086"
"","100.0700","1.9791","0.0088"
"","100.1700","1.9896","0.0090"
"","100.2700","1.9994","0.0092"
"","100.3700","2.0093","0.0094"
"","100.4700","2.0190","0.0097"
"","100.5700","2.0294","0.0099"
"","100.6700","2.0395","0.0101"
"","100.7700","2.0492","0.0103"
"","100.8700","2.0593","0.0105"
"","100.9700","2.0694","0.0108"
"","101.0700","2.0795","0.0110"
"","101.1700","2.0890","0.0112"
"","101.2700","2.0994","0.0115"
"","101.3700","2.1093","0.0117"
"","101.4700","2.1194","0.0120"
"","101.5700","2.1292","0.0122"
"","101.6700","2.1394","0.0125"
"","101.7700","2.1494","0.0127"
"","101.8700","2.1592","0.0130"
"","101.9700","2.1694","0.0133"
"","102.0700","2.1793","0.0135"
"","102.1700","2.1893","0.0138"
"","102.2700","2.1992","0.0142"
"","102.3700","2.2094","0.0145"
"","102.4700","2.2193","0.0147"
"","102.5700","2.2291","0.0150"
"","102.6700","2.2394","0.0154"
"","102.7700","2.2494","0.0157"
"","102.8700","2.2593","0.0160"
"","102.9700","2.2691","0.0163"
"","103.0700","2.2793","0.0167"
"","103.1700","2.2894","0.0171"
"","103.2700","2.2992","0.0174"
"","103.3700","2.3092","0.0178"
"","103.4700","2.3194","0.0182"
"","103.5700","2.3295","0.0185"
"","103.6700","2.3390","0.0189"
"","103.7700","2.3492","0.0193"
"","103.8700","2.3594","0.0197"
"","103.9700","2.3694","0.0201"
"","104.0700","2.3792","0.0205"
"","104.1700","2.3893","0.0209"
"","104.2700","2.3994","0.0213"
"","104.3700","2.4092","0.0218"
"","104.4700","2.4194","0.0223"
"","104.5700","2.4294","0.0227"
"","104.6700","2.4393","0.0232"
"","104.7700","2.4493","0.0237"
"","104.8700","2.4594","0.0242"
"","104.9700","2.4693","0.0247"
"","105.0700","2.4791","0.0251"
"","105.1700","2.4895","0.0257"
"","105.2700","2.4994","0.0262"
"","105.3700","2.5093","0.0268"
"","105.4700","2.5190","0.0273"
"","105.5700","2.5293","0.0279"
"","105.6700","2.5394","0.0285"
"","105.7700","2.5492","0.0291"
"","105.8700","2.5593","0.0297"
"","105.9700","2.5694","0.0303"
"","106.0700","2.5795","0.0309"
"","106.1700","2.5890","0.0315"
"","106.2700","2.5992","0.0320"
"","106.3700","2.6094","0.0321"
"","106.4700","2.6194","0.0321"
"","106.5700","2.6292","0.0321"
"","106.6700","2.6393","0.0321"
"","106.7700","2.6493","0.0321"
"","106.8700","2.6592","0.0321"
"","106.9700","2.6693","0.0321"
"","107.0700","2.6793","0.0321"
"","107.1700","2.6892","0.0321"
"","107.2700","2.6993","0.0321"
"","107.3700","2.7093","0.0322"
"","107.4700","2.7193","0.0322"
"","107.5700","2.7291","0.0322"
"","107.6700","2.7395","0.0322"
"","107.7700","2.7495","0.0322"
"","107.8700","2.7593","0.0323"
"","107.9700","2.7690","0.0324"
"","108.0700","2.7793","0.0326"
"","108.1700","2.7894","0.0329"
"","108.2700","2.7992","0.0333"
"","108.3700","2.8094","0.0340"
"","108.4700","2.8194","0.0346"
"","108.5700","2.8295","0.0354"
"","108.6700","2.8389","0.0361"
"","108.7700","2.8493","0.0369"
"","108.8700","2.8593","0.0377"
"","108.9700","2.8694","0.0385"
"","109.0700","2.8792","0.0393"
"","109.1700","2.8893","0.0401"
"","109.2700","2.8993","0.0410"
"","109.3700","2.9091","0.0418"
"","109.4700","2.9194","0.0427"
"","109.5700","2.9294","0.0436"
"","109.6700","2.9393","0.0446"
"","109.7700","2.9493","0.0455"
"","109.8700","2.9594","0.0464"
"","109.9700","2.9693","0.0474"
"","110.0700","2.9791","0.0484"
"","110.1700","2.9894","0.0494"
"","110.2700","2.9994","0.0505"
"","110.3700","3.0093","0.0515"
"","110.4700","3.0191","0.0525"
"","110.5700","3.0293","0.0536"
"","110.6700","3.0394","0.0546"
"","110.7700","3.0492","0.0557"
"","110.8700","3.0593","0.0568"
"","110.9700","3.0694","0.0579"
"","111.0700","3.0795","0.0591"
"","111.1700","3.0889","0.0601"
"","111.2700","3.0991","0.0613"
"","111.3700","3.1093","0.0625"
"","111.4700","3.1194","0.0637"
"","111.5700","3.1292","0.0649"
"","111.6700","3.1393","0.0662"
"","111.7700","3.1494","0.0674"
"","111.8700","3.1592","0.0686"
"","111.9700","3.1693","0.0699"
"","112.0700","3.1793","0.0712"
"","112.1700","3.1893","0.0725"
"","112.2700","3.1993","0.0738"
"","112.3700","3.2094","0.0751"
"","112.4700","3.2193","0.0764"
"","112.5700","3.2291","0.0777"
"","112.6700","3.2394","0.0791"
"","112.7700","3.2493","0.0804"
"","112.8700","3.2594","0.0818"
"","112.9700","3.2691","0.0831"
"","113.0700","3.2795","0.0846"
"","113.1700","3.2896","0.0860"
"","113.2700","3.2992","0.0873"
"","113.3700","3.3093","0.0888"
"","113.4700","3.3194","0.0902"
"","113.5700","3.3295","0.0917"
"","113.6700","3.3390","0.0930"
"","113.7700","3.3492","0.0946"
"","113.8700","3.3593","0.0961"
"","113.9700","3.3694","0.0975"
"","114.0700","3.3792","0.0990"
"","114.1700","3.3894","0.1006"
"","114.2700","3.3994","0.1021"
"","114.3700","3.4092","0.1035"
"","114.4700","3.4193","0.1051"
"","114.5700","3.4293","0.1066"
"","114.6700","3.4393","0.1082"
"","114.7700","3.4493","0.1098"
"","114.8700","3.4593","0.1113"
"","114.9700","3.4693","0.1129"
"","115.0700","3.4791","0.1145"
"","115.1700","3.4895","0.1161"
"","115.2700","3.4993","0.1177"
"","115.3700","3.5093","0.1193"
"","115.4700","3.5191","0.1209"
"","115.5700","3.5294","0.1225"
"","115.6700","3.5393","0.1241"
"","115.7700","3.5492","0.1258"
"","115.8700","3.5594","0.1275"
"","115.9700","3.5694","0.1291"
"","116.0700","3.5794","0.1308"
"","116.1700","3.5889","0.1324"
"","116.2700","3.5994","0.1342"
"","116.3700","3.6094","0.1358"
"","116.4700","3.6193","0.1375"
"","116.5700","3.6292","0.1392"
"","116.6700","3.6394","0.1410"
"","116.7700","3.6494","0.1427"
"","116.8700","3.6591","0.1444"
"","116.9700","3.6693","0.1462"
"","117.0700","3.6794","0.1479"
"","117.1700","3.6894","0.1497"
"","117.2700","3.6992","0.1514"
"","117.3700","3.7094","0.1532"
"","117.4700","3.7194","0.1550"
"","117.5700","3.7292","0.1567"
"","117.6700","3.7394","0.1586"
"","117.7700","3.7494","0.1603"
"","117.8700","3.7593","0.1622"
"","117.9700","3.7691","0.1639"
"","118.0700","3.7794","0.1658"
"","118.1700","3.7893","0.1676"
"","118.2700","3.7992","0.1694"
"","118.3700","3.8093","0.1713"
"","118.4700","3.8194","0.1731"
"","118.5700","3.8294","0.1750"
"","118.6700","3.8390","0.1767"
"","118.7700","3.8493","0.1787"
"","118.8700","3.8594","0.1806"
"","118.9700","3.8693","0.1824"
"","119.0700","3.8792","0.1842"
"","119.1700","3.8894","0.1861"
"","119.2700","3.8994","0.1880"
"","119.3700","3.9091","0.1897"
"","119.4700","3.9193","0.1916"
"","119.5700","3.9293","0.1935"
"","119.6700","3.9394","0.1953"
"","119.7700","3.9492","0.1971"
"","119.8700","3.9594","0.1990"
"","119.9700","3.9693","0.2008"
"","120.0700","3.9791","0.2025"
"","120.1700","3.9894","0.2044"
"","120.2700","3.9994","0.2061"
"","120.2770","4.0000","0.2062"
"","120.2780","4.0001","0.2063"
"","120.2790","4.0002","0.2063"
"","120.3790","4.0007","0.2056"
"","120.4790","3.9932","0.2028"
"","120.5790","3.9811","0.1987"
"","120.6790","3.9712","0.1954"
"","120.7790","3.9608","0.1921"
"","120.8790","3.9507","0.1891"
"","120.9790","3.9408","0.1861"
"","121.0790","3.9309","0.1831"
"","121.1790","3.9208","0.1801"
"","121.2790","3.9106","0.1773"
"","121.3790","3.9009","0.1745"
"","121.4790","3.8907","0.1717"
"","121.5790","3.8807","0.1689"
"","121.6790","3.8707","0.1662"
"","121.7790","3.8609","0.1636"
"","121.8790","3.8507","0.1608"
"","121.9790","3.8407","0.1582"
"","122.0790","3.8308","0.1556"
"","122.1790","3.8207","0.1530"
"","122.2790","3.8107","0.1505"
"","122.3790","3.8007","0.1480"
"","122.4790","3.7909","0.1456"
"","122.5790","3.7806","0.1431"
"","122.6790","3.7707","0.1407"
"","122.7790","3.7608","0.1383"
"","122.8790","3.7507","0.1359"
"","122.9790","3.7407","0.1335"
"","123.0790","3.7307","0.1312"
"","123.1790","3.7209","0.1290"
"","123.2790","3.7106","0.1267"
"","123.3790","3.7006","0.1245"
"","123.4790","3.6908","0.1223"
"","123.5790","3.6808","0.1201"
"","123.6790","3.6707","0.1179"
"","123.7790","3.6606","0.1158"
"","123.8790","3.6509","0.1137"
"","123.9790","3.6407","0.1116"
"","124.0790","3.6306","0.1095"
"","124.1790","3.6207","0.1075"
"","124.2790","3.6109","0.1056"
"","124.3790","3.6008","0.1036"
"","124.4790","3.5906","0.1016"
"","124.5790","3.5809","0.0997"
"","124.6790","3.5705","0.0977"
"","124.7790","3.5607","0.0959"
"","124.8790","3.5507","0.0940"
"","124.9790","3.5409","0.0923"
"","125.0790","3.5306","0.0904"
"","125.1790","3.5207","0.0887"
"","125.2790","3.5109","0.0869"
"","125.3790","3.5008","0.0852"
"","125.4790","3.4906","0.0835"
"","125.5790","3.4806","0.0818"
"","125.6790","3.4710","0.0802"
"","125.7790","3.4607","0.0785"
"","125.8790","3.4506","0.0769"
"","125.9790","3.4407","0.0753"
"","126.0790","3.4309","0.0738"
"","126.1790","3.4208","0.0723"
"","126.2790","3.4107","0.0707"
"","126.3790","3.4008","0.0693"
"","126.4790","3.3908","0.0678"
"","126.5790","3.3806","0.0663"
"","126.6790","3.3706","0.0649"
"","126.7790","3.3608","0.0636"
"","126.8790","3.3508","0.0622"
"","126.9790","3.3407","0.0608"
"","127.0790","3.3309","0.0596"
"","127.1790","3.3206","0.0582"
"","127.2790","3.3107","0.0570"
"","127.3790","3.3007","0.0557"
"","127.4790","3.2909","0.0545"
"","127.5790","3.2806","0.0533"
"","127.6790","3.2707","0.0521"
"","127.7790","3.2609","0.0510"
"","127.8790","3.2508","0.0498"
"","127.9790","3.2406","0.0487"
"","128.0790","3.2306","0.0477"
"","128.1790","3.2210","0.0467"
"","128.2790","3.2107","0.0456"
"","128.3790","3.2006","0.0446"
"","128.4790","3.1907","0.0436"
"","128.5790","3.1809","0.0426"
"","128.6790","3.1708","0.0417"
"","128.7790","3.1606","0.0407"
"","128.8790","3.1508","0.0399"
"","128.9790","3.1407","0.0390"
"","129.0790","3.1307","0.0381"
"","129.1790","3.1207","0.0373"
"","129.2790","3.1108","0.0365"
"","129.3790","3.1007","0.0356"
"","129.4790","3.0906","0.0349"
"","129.5790","3.0809","0.0341"
"","129.6790","3.0706","0.0333"
"","129.7790","3.0608","0.0327"
"","129.8790","3.0508","0.0323"
"","129.9790","3.0409","0.0318"
"","130.0790","3.0306","0.0317"
"","130.1790","3.0207","0.0316"
"","130.2790","3.0109","0.0315"
"","130.3790","3.0007","0.0314"
"","130.4790","2.9906","0.0314"
"","130.5790","2.9807","0.0314"
"","130.6790","2.9710","0.0314"
"","130.7790","2.9607","0.0314"
"","130.8790","2.9506","0.0314"
"","130.9790","2.9407","0.0314"
"","131.0790","2.9309","0.0314"
"","131.1790","2.9207","0.0314"
"","131.2790","2.9106","0.0314"
"","131.3790","2.9008","0.0314"
"","131.4790","2.8908","0.0314"
"","131.5790","2.8807","0.0314"
"","131.6790","2.8707","0.0314"
"","131.7790","2.8607","0.0313"
"","131.8790","2.8507","0.0312"
"","131.9790","2.8407","0.0310"
"","132.0790","2.8310","0.0307"
"","132.1790","2.8205","0.0300"
"","132.2790","2.8106","0.0292"
"","132.3790","2.8007","0.0285"
"","132.4790","2.7909","0.0277"
"","132.5790","2.7806","0.0271"
"","132.6790","2.7707","0.0264"
"","132.7790","2.7609","0.0258"
"","132.8790","2.7508","0.0252"
"","132.9790","2.7406","0.0246"
"","133.0790","2.7306","0.0240"
"","133.1790","2.7210","0.0235"
"","133.2790","2.7107","0.0229"
"","133.3790","2.7005","0.0224"
"","133.4790","2.6907","0.0219"
"","133.5790","2.6809","0.0214"
"","133.6790","2.6708","0.0209"
"","133.7790","2.6606","0.0204"
"","133.8790","2.6508","0.0200"
"","133.9790","2.6408","0.0196"
"","134.0790","2.6306","0.0191"
"","134.1790","2.6206","0.0187"
"","134.2790","2.6108","0.0183"
"","134.3790","2.6008","0.0179"
"","134.4790","2.5907","0.0176"
"","134.5790","2.5809","0.0172"
"","134.6790","2.5706","0.0168"
"","134.7790","2.5607","0.0165"
"","134.8790","2.5506","0.0161"
"","134.9790","2.5409","0.0158"
"","135.0790","2.5306","0.0154"
"","135.1790","2.5207","0.0151"
"","135.2790","2.5109","0.0148"
"","135.3790","2.5008","0.0145"
"","135.4790","2.4906","0.0142"
"","135.5790","2.4806","0.0139"
"","135.6790","2.4710","0.0136"
"","135.7790","2.4606","0.0133"
"","135.8790","2.4506","0.0130"
"","135.9790","2.4407","0.0128"
"","136.0790","2.4309","0.0125"
"","136.1790","2.4207","0.0122"
"","136.2790","2.4106","0.0120"
"","136.3790","2.4008","0.0117"
"","136.4790","2.3907","0.0115"
"","136.5790","2.3807","0.0112"
"","136.6790","2.3707","0.0110"
"","136.7790","2.3607","0.0108"
"","136.8790","2.3507","0.0106"
"","136.9790","2.3407","0.0104"
"","137.0790","2.3309","0.0101"
"","137.1790","2.3206","0.0099"
"","137.2790","2.3107","0.0097"
"","137.3790","2.3008","0.0095"
"","137.4790","2.2909","0.0093"
"","137.5790","2.2805","0.0090"
"","137.6790","2.2707","0.0088"
"","137.7790","2.2609","0.0086"
"","137.8790","2.2508","0.0085"
"","137.9790","2.2406","0.0083"
"","138.0790","2.2307","0.0081"
"","138.1790","2.2210","0.0079"
"","138.2790","2.2107","0.0077"
"","138.3790","2.2005","0.0076"
"","138.4790","2.1908","0.0074"
"","138.5790","2.1809","0.0073"
"","138.6790","2.1707","0.0071"
"","138.7790","2.1606","0.0070"
"","138.8790","2.1508","0.0068"
"","138.9790","2.1407","0.0067"
"","139.0790","2.1307","0.0065"
"","139.1790","2.1207","0.0063"
"","139.2790","2.1108","0.0062"
"","139.3790","2.1008","0.0061"
"","139.4790","2.0907","0.0059"
"","139.5790","2.0809","0.0058"
"","139.6790","2.0705","0.0056"
"","139.7790","2.0606","0.0055"
"","139.8790","2.0507","0.0054"
"","139.9790","2.0410","0.0053"
"","140.0790","2.0306","0.0051"
"","140.1790","2.0207","0.0050"
"","140.2790","2.0109","0.0049"
"","140.3790","2.0008","0.0048"
"","140.4790","1.9906","0.0046"
"","140.5790","1.9806","0.0045"
"","140.6790","1.9710","0.0044"
"","140.7790","1.9607","0.0043"
"","140.8790","1.9506","0.0042"
"","140.9790","1.9407","0.0041"
"","141.0790","1.9309","0.0040"
"","141.1790","1.9208","0.0039"
"","141.2790","1.9106","0.0038"
"","141.3790","1.9009","0.0037"
"","141.4790","1.8907","0.0036"
"","141.5790","1.8806","0.0035"
"","141.6790","1.8706","0.0034"
"","141.7790","1.8608","0.0033"
"","141.8790","1.8507","0.0032"
"","141.9790","1.8407","0.0032"
"","142.0790","1.8308","0.0031"
"","142.1790","1.8207","0.0030"
"","142.2790","1.8106","0.0029"
"","142.3790","1.8006","0.0028"
"","142.4790","1.7909","0.0028"
"","142.5790","1.7806","0.0027"
"","142.6790","1.7706","0.0026"
"","142.7790","1.7608","0.0025"
"","142.8790","1.7508","0.0025"
"","142.9790","1.7407","0.0024"
"","143.0790","1.7306","0.0023"
"","143.1790","1.7210","0.0023"
"","143.2790","1.7107","0.0022"
"","143.3790","1.7006","0.0022"
"","143.4790","1.6907","0.0021"
"","143.5790","1.6809","0.0020"
"","143.6790","1.6708","0.0020"
"","143.7790","1.6606","0.0019"
"","143.8790","1.6509","0.0019"
"","143.9790","1.6407","0.0018"
"","144.0790","1.6307","0.0018"
"","144.1790","1.6207","0.0017"
"","144.2790","1.6108","0.0017"
"","144.3790","1.6007","0.0016"
"","144.4790","1.5907","0.0016"
"","144.5790","1.5809","0.0015"
"","144.6790","1.5706","0.0015"
"","144.7790","1.5607","0.0015"
"","144.8790","1.5508","0.0014"
"","144.9790","1.5409","0.0014"
"","145.0790","1.5306","0.0014"
"","145.1790","1.5207","0.0013"
"","145.2790","1.5109","0.0013"
"","145.3790","1.5007","0.0012"
"","145.4790","1.4906","0.0012"
"","145.5790","1.4807","0.0012"
"","145.6790","1.4710","0.0011"
"","145.7790","1.4606","0.0011"
"","145.8790","1.4506","0.0010"
"","145.9790","1.4408","0.0010"
"","146.0790","1.4309","0.0010"
"","146.1790","1.4207","0.0010"
"","146.2790","1.4106","0.0009"
"","146.3790","1.4009","0.0009"
"","146.4790","1.3908","0.0009"
"","146.5790","1.3807","0.0008"
"","146.6790","1.3706","0.0008"
"","146.7790","1.3608","0.0008"
"","146.8790","1.3508","0.0007"
"","146.9790","1.3407","0.0007"
"","147.0790","1.3309","0.0007"
"","147.1790","1.3205","0.0007"
"","147.2790","1.3107","0.0006"
"","147.3790","1.3007","0.0006"
"","147.4790","1.2910","0.0006"
"","147.5790","1.2806","0.0006"
"","147.6790","1.2707","0.0006"
"","147.7790","1.2609","0.0005"
"","147.8790","1.2508","0.0005"
"","147.9790","1.2406","0.0005"
"","148.0790","1.2306","0.0005"
"","148.1790","1.2210","0.0004"
"","148.2790","1.2107","0.0004"
"","148.3790","1.2005","0.0004"
"","148.4790","1.1907","0.0004"
"","148.5790","1.1810","0.0004"
"","148.6790","1.1708","0.0003"
"","148.7790","1.1606","0.0003"
"","148.8790","1.1508","0.0003"
"","148.9790","1.1408","0.0003"
"","149.0790","1.1306","0.0003"
"","149.1790","1.1207","0.0003"
"","149.2790","1.1108","0.0002"
"","149.3790","1.1008","0.0002"
"","149.4790","1.0907","0.0002"
"","149.5790","1.0809","0.0002"
"","149.6790","1.0706","0.0002"
"","149.7790","1.0607","0.0001"
"","149.8790","1.0507","0.0001"
"","149.9790","1.0409","0.0001"
"","150.0790","1.0305","0.0001"
"","150.1790","1.0207","0.0001"
"","150.2790","1.0109","0.0001"
"","150.3790","1.0008","0.0000"
"","150.4790","0.9906","0.0000"
"","150.5790","0.9806","0.0000"
"","150.6790","0.9710","0.0000"
"","150.7790","0.9607","0.0000"
"","150.8790","0.9506","0.0000"
"","150.9790","0.9407","0.0000"
"","151.0790","0.9309","-0.0001"
"","151.1790","0.9207","-0.0001"
"","151.2790","0.9106","-0.0001"
"","151.3790","0.9009","-0.0001"
"","151.4790","0.8907","-0.0001"
"","151.5790","0.8807","-0.0001"
"","151.6790","0.8707","-0.0002"
"","151.7790","0.8608","-0.0002"
"","151.8790","0.8507","-0.0002"
"","151.9790","0.8407","-0.0002"
"","152.0790","0.8308","-0.0002"
"","152.1790","0.8206","-0.0002"
"","152.2790","0.8108","-0.0002"
"","152.3790","0.8008","-0.0003"
"","152.4790","0.7909","-0.0003"
"","152.5790","0.7806","-0.0003"
"","152.6790","0.7707","-0.0003"
"","152.7790","0.7609","-0.0003"
"","152.8790","0.7507","-0.0003"
"","152.9790","0.7406","-0.0003"
"","153.0790","0.7307","-0.0003"
"","153.1790","0.7209","-0.0004"
"","153.2790","0.7106","-0.0004"
"","153.3790","0.7005","-0.0004"
"","153.4790","0.6908","-0.0004"
"","153.5790","0.6809","-0.0004"
"","153.6790","0.6707","-0.0004"
"","153.7790","0.6606","-0.0004"
"","153.8790","0.6509","-0.0005"
"","153.9790","0.6407","-0.0005"
"","154.0790","0.6306","-0.0005"
"","154.1790","0.6207","-0.0005"
"","154.2790","0.6108","-0.0005"
"","154.3790","0.6007","-0.0005"
"","154.4790","0.5907","-0.0005"
"","154.5790","0.5809","-0.0005"
"","154.6790","0.5705","-0.0006"
"","154.7790","0.5607","-0.0006"
"","154.8790","0.5507","-0.0006"
"","154.9790","0.5409","-0.0006"
"","155.0790","0.5305","-0.0006"
"","155.1790","0.5207","-0.0006"
"","155.2790","0.5109","-0.0006"
"","155.3790","0.5008","-0.0006"
"","155.4790","0.4906","-0.0006"
"","155.5790","0.4806","-0.0007"
"","155.6790","0.4710","-0.0007"
"","155.7790","0.4607","-0.0007"
"","155.8790","0.4505","-0.0007"
"","155.9790","0.4407","-0.0007"
"","156.0790","0.4310","-0.0007"
"","156.1790","0.4208","-0.0007"
"","156.2790","0.4106","-0.0007"
"","156.3790","0.4008","-0.0007"
"","156.4790","0.3908","-0.0007"
"","156.5790","0.3806","-0.0008"
"","156.6790","0.3706","-0.0008"
"","156.7790","0.3608","-0.0008"
"","156.8790","0.3507","-0.0008"
"","156.9790","0.3407","-0.0008"
"","157.0790","0.3308","-0.0008"
"","157.1790","0.3206","-0.0008"
"","157.2790","0.3107","-0.0008"
"","157.3790","0.3006","-0.0008"
"","157.4790","0.2909","-0.0009"
"","157.5790","0.2807","-0.0009"
"","157.6790","0.2708","-0.0009"
"","157.7790","0.2609","-0.0009"
"","157.8790","0.2508","-0.0009"
"","157.9790","0.2406","-0.0009"
"","158.0790","0.2307","-0.0009"
"","158.1790","0.2210","-0.0009"
"","158.2790","0.2106","-0.0009"
"","158.3790","0.2005","-0.0009"
"","158.4790","0.1907","-0.0010"
"","158.5790","0.1809","-0.0010"
"","158.6790","0.1707","-0.0010"
"","158.7790","0.1606","-0.0010"
"","158.8790","0.1509","-0.0010"
"","158.9790","0.1407","-0.0010"
"","159.0790","0.1307","-0.0010"
"","159.1790","0.1207","-0.0010"
"","159.2790","0.1107","-0.0010"
"","159.3790","0.1007","-0.0010"
"","159.4790","0.0907","-0.0010"
"","159.5790","0.0809","-0.0011"
"","159.6790","0.0705","-0.0011"
"","159.7790","0.0607","-0.0011"
"","159.8790","0.0507","-0.0011"
"","159.9790","0.0409","-0.0011"
"","160.0790","0.0306","-0.0011"
"","160.1790","0.0207","-0.0011"
"","160.2790","0.0109","-0.0011"
"","160.3790","0.0008","-0.0011"
"","160.3870","0.0000","-0.0011"
"","160.3880","-0.0001","-0.0011"
"","160.3890","-0.0002","-0.0011"
"","160.4890","-0.0006","-0.0011"
"","160.5890","0.0071","-0.0011"
"","160.6890","0.0187","-0.0011"
"","160.7890","0.0294","-0.0011"
"","160.8890","0.0394","-0.0011"
"","160.9890","0.0492","-0.0010"
"","161.0890","0.0593","-0.0010"
"","161.1890","0.0695","-0.0010"
"","161.2890","0.0795","-0.0010"
"","161.3890","0.0891","-0.0010"
"","161.4890","0.0994","-0.0010"
"","161.5890","0.1095","-0.0009"
"","161.6890","0.1194","-0.0009"
"","161.7890","0.1293","-0.0009"
"","161.8890","0.1394","-0.0009"
"","161.9890","0.1495","-0.0009"
"","162.0890","0.1592","-0.0009"
"","162.1890","0.1694","-0.0009"
"","162.2890","0.1794","-0.0008"
"","162.3890","0.1893","-0.0008"
"","162.4890","0.1993","-0.0008"
"","162.5890","0.2094","-0.0008"
"","162.6890","0.2194","-0.0008"
"","162.7890","0.2292","-0.0008"
"","162.8890","0.2395","-0.0008"
"","162.9890","0.2494","-0.0007"
"","163.0890","0.2594","-0.0007"
"","163.1890","0.2691","-0.0007"
"","163.2890","0.2793","-0.0007"
"","163.3890","0.2893","-0.0007"
"","163.4890","0.2992","-0.0007"
"","163.5890","0.3094","-0.0006"
"","163.6890","0.3195","-0.0006"
"","163.7890","0.3296","-0.0006"
"","163.8890","0.3391","-0.0006"
"","163.9890","0.3493","-0.0006"
"","164.0890","0.3594","-0.0006"
"","164.1890","0.3695","-0.0006"
"","164.2890","0.3793","-0.0005"
"","164.3890","0.3894","-0.0005"
"","164.4890","0.3994","-0.0005"
"","164.5890","0.4093","-0.0005"
"","164.6890","0.4193","-0.0005"
"","164.7890","0.4293","-0.0005"
"","164.8890","0.4393","-0.0005"
"","164.9890","0.4494","-0.0004"
"","165.0890","0.4594","-0.0004"
"","165.1890","0.4693","-0.0004"
"","165.2890","0.4792","-0.0004"
"","165.3890","0.4895","-0.0004"
"","165.4890","0.4994","-0.0004"
"","165.5890","0.5094","-0.0003"
"","165.6890","0.5192","-0.0003"
"","165.7890","0.5295","-0.0003"
"","165.8890","0.5394","-0.0003"
"","165.9890","0.5493","-0.0003"
"","166.0890","0.5595","-0.0003"
"","166.1890","0.5694","-0.0003"
"","166.2890","0.5795","-0.0002"
"","166.3890","0.5890","-0.0002"
"","166.4890","0.5994","-0.0002"
"","166.5890","0.6094","-0.0002"
"","166.6890","0.6194","-0.0002"
"","166.7890","0.6293","-0.0002"
"","166.8890","0.6395","-0.0001"
"","166.9890","0.6494","-0.0001"
"","167.0890","0.6593","-0.0001"
"","167.1890","0.6694","-0.0001"
"","167.2890","0.6794","-0.0001"
"","167.3890","0.6894","-0.0001"
"","167.4890","0.6993","-0.0001"
"","167.5890","0.7094","0.0000"
"","167.6890","0.7194","0.0000"
"","167.7890","0.7292","0.0000"
"","167.8890","0.7395","0.0000"
"","167.9890","0.7494","0.0000"
"","168.0890","0.7593","0.0000"
"","168.1890","0.7692","0.0001"
"","168.2890","0.7794","0.0001"
"","168.3890","0.7895","0.0001"
"","168.4890","0.7992","0.0001"
"","168.5890","0.8093","0.0001"
"","168.6890","0.8195","0.0001"
"","168.7890","0.8295","0.0002"
"","168.8890","0.8391","0.0002"
"","168.9890","0.8493","0.0002"
"","169.0890","0.8595","0.0002"
"","169.1890","0.8694","0.0002"
"","169.2890","0.8793","0.0002"
"","169.3890","0.8894","0.0003"
"","169.4890","0.8995","0.0003"
"","169.5890","0.9092","0.0003"
"","169.6890","0.9194","0.0003"
"","169.7890","0.9294","0.0003"
"","169.8890","0.9394","0.0003"
"","169.9890","0.9493","0.0004"
"","170.0890","0.9594","0.0004"
"","170.1890","0.9694","0.0004"
"","170.2890","0.9792","0.0004"
"","170.3890","0.9895","0.0005"
"","170.4890","0.9994","0.0005"
"","170.5890","1.0094","0.0005"
"","170.6890","1.0191","0.0005"
"","170.7890","1.0295","0.0006"
"","170.8890","1.0395","0.0006"
"","170.9890","1.0492","0.0006"
"","171.0890","1.0594","0.0006"
"","171.1890","1.0695","0.0006"
"","171.2890","1.0795","0.0006"
"","171.3890","1.0891","0.0007"
"","171.4890","1.0993","0.0007"
"","171.5890","1.1094","0.0007"
"","171.6890","1.1194","0.0007"
"","171.7890","1.1293","0.0008"
"","171.8890","1.1394","0.0008"
"","171.9890","1.1495","0.0008"
"","172.0890","1.1593","0.0008"
"","172.1890","1.1694","0.0009"
"","172.2890","1.1794","0.0009"
"","172.3890","1.1893","0.0009"
"","172.4890","1.1994","0.0010"
"","172.5890","1.2094","0.0010"
"","172.6890","1.2194","0.0010"
"","172.7890","1.2292","0.0011"
"","172.8890","1.2396","0.0011"
"","172.9890","1.2494","0.0011"
"","173.0890","1.2594","0.0012"
"","173.1890","1.2691","0.0012"
"","173.2890","1.2795","0.0012"
"","173.3890","1.2895","0.0013"
"","173.4890","1.2992","0.0013"
"","173.5890","1.3094","0.0013"
"","173.6890","1.3194","0.0014"
"","173.7890","1.3296","0.0014"
"","173.8890","1.3391","0.0015"
"","173.9890","1.3494","0.0015"
"","174.0890","1.3593","0.0016"
"","174.1890","1.3694","0.0016"
"","174.2890","1.3794","0.0017"
"","174.3890","1.3895","0.0017"
"","174.4890","1.3994","0.0018"
"","174.5890","1.4091","0.0018"
"","174.6890","1.4195","0.0019"
"","174.7890","1.4294","0.0019"
"","174.8890","1.4394","0.0020"
"","174.9890","1.4493","0.0020"
"","175.0890","1.4595","0.0021"
"","175.1890","1.4694","0.0022"
"","175.2890","1.4791","0.0022"
"","175.3890","1.4895","0.0023"
"","175.4890","1.4995","0.0023"
"","175.5890","1.5093","0.0024"
"","175.6890","1.5191","0.0025"
"","175.7890","1.5294","0.0025"
"","175.8890","1.5395","0.0026"
"","175.9890","1.5493","0.0027"
"","176.0890","1.5593","0.0027"
"","176.1890","1.5694","0.0028"
"","176.2890","1.5795","0.0029"
"","176.3890","1.5891","0.0029"
"","176.4890","1.5993","0.0030"
"","176.5890","1.6095","0.0031"
"","176.6890","1.6194","0.0032"
"","176.7890","1.6293","0.0033"
"","176.8890","1.6395","0.0034"
"","176.9890","1.6495","0.0035"
"","177.0890","1.6591","0.0035"
"","177.1890","1.6694","0.0036"
"","177.2890","1.6794","0.0037"
"","177.3890","1.6894","0.0038"
"","177.4890","1.6993","0.0039"
"","177.5890","1.7095","0.0040"
"","177.6890","1.7194","0.0041"
"","177.7890","1.7292","0.0042"
"","177.8890","1.7394","0.0043"
"","177.9890","1.7494","0.0044"
"","178.0890","1.7594","0.0045"
"","178.1890","1.7691","0.0046"
"","178.2890","1.7794","0.0047"
"","178.3890","1.7895","0.0048"
"","178.4890","1.7993","0.0049"
"","178.5890","1.8094","0.0051"
"","178.6890","1.8195","0.0052"
"","178.7890","1.8295","0.0053"
"","178.8890","1.8391","0.0054"
"","178.9890","1.8493","0.0056"
"","179.0890","1.8594","0.0057"
"","179.1890","1.8694","0.0059"
"","179.2890","1.8793","0.0060"
"","179.3890","1.8894","0.0061"
"","179.4890","1.8995","0.0063"
"","179.5890","1.9092","0.0064"
"","179.6890","1.9194","0.0066"
"","179.7890","1.9293","0.0067"
"","179.8890","1.9393","0.0069"
"","179.9890","1.9493","0.0071"
"","180.0890","1.9594","0.0072"
"","180.1890","1.9693","0.0074"
"","180.2890","1.9792","0.0076"
"","180.3890","1.9896","0.0078"
"","180.4890","1.9994","0.0080"
"","180.5890","2.0093","0.0081"
"","180.6890","2.0191","0.0083"
"","180.7890","2.0295","0.0085"
"","180.8890","2.0395","0.0087"
"","180.9890","2.0493","0.0089"
"","181.0890","2.0594","0.0091"
"","181.1890","2.0694","0.0093"
"","181.2890","2.0796","0.0095"
"","181.3890","2.0890","0.0097"
"","181.4890","2.0994","0.0099"
"","181.5890","2.1093","0.0101"
"","181.6890","2.1194","0.0103"
"","181.7890","2.1293","0.0106"
"","181.8890","2.1394","0.0108"
"","181.9890","2.1494","0.0110"
"","182.0890","2.1592","0.0112"
"","182.1890","2.1695","0.0115"
"","182.2890","2.1794","0.0117"
"","182.3890","2.1894","0.0120"
"","182.4890","2.1993","0.0122"
"","182.5890","2.2095","0.0125"
"","182.6890","2.2194","0.0128"
"","182.7890","2.2291","0.0131"
"","182.8890","2.2395","0.0134"
"","182.9890","2.2494","0.0137"
"","183.0890","2.2593","0.0139"
"","183.1890","2.2692","0.0142"
"","183.2890","2.2794","0.0145"
"","183.3890","2.2895","0.0149"
"","183.4890","2.2992","0.0152"
"","183.5890","2.3093","0.0155"
"","183.6890","2.3194","0.0158"
"","183.7890","2.3296","0.0162"
"","183.8890","2.3390","0.0165"
"","183.9890","2.3493","0.0168"
"","184.0890","2.3594","0.0172"
"","184.1890","2.3695","0.0176"
"","184.2890","2.3793","0.0179"
"","184.3890","2.3894","0.0183"
"","184.4890","2.3995","0.0187"
"","184.5890","2.4092","0.0191"
"","184.6890","2.4194","0.0195"
"","184.7890","2.4294","0.0199"
"","184.8890","2.4394","0.0203"
"","184.9890","2.4493","0.0208"
"","185.0890","2.4595","0.0212"
"","185.1890","2.4693","0.0216"
"","185.2890","2.4791","0.0221"
"","185.3890","2.4895","0.0226"
"","185.4890","2.4994","0.0230"
"","185.5890","2.5094","0.0235"
"","185.6890","2.5191","0.0240"
"","185.7890","2.5294","0.0245"
"","185.8890","2.5395","0.0250"
"","185.9890","2.5493","0.0255"
"","186.0890","2.5594","0.0261"
"","186.1890","2.5694","0.0266"
"","186.2890","2.5796","0.0272"
"","186.3890","2.5890","0.0277"
"","186.4890","2.5993","0.0283"
"","186.5890","2.6094","0.0289"
"","186.6890","2.6195","0.0295"
"","186.7890","2.6293","0.0301"
"","186.8890","2.6394","0.0308"
"","186.9890","2.6494","0.0314"
"","187.0890","2.6592","0.0319"
"","187.1890","2.6693","0.0320"
"","187.2890","2.6793","0.0321"
"","187.3890","2.6893","0.0321"
"","187.4890","2.6994","0.0321"
"","187.5890","2.7094","0.0321"
"","187.6890","2.7194","0.0321"
"","187.7890","2.7292","0.0320"
"","187.8890","2.7396","0.0320"
"","187.9890","2.7495","0.0320"
"","188.0890","2.7594","0.0321"
"","188.1890","2.7691","0.0321"
"","188.2890","2.7794","0.0321"
"","188.3890","2.7895","0.0322"
"","188.4890","2.7992","0.0322"
"","188.5890","2.8094","0.0322"
"","188.6890","2.8194","0.0323"
"","188.7890","2.8296","0.0325"
"","188.8890","2.8390","0.0326"
"","188.9890","2.8494","0.0330"
"","189.0890","2.8594","0.0334"
"","189.1890","2.8695","0.0341"
"","189.2890","2.8793","0.0348"
"","189.3890","2.8894","0.0356"
"","189.4890","2.8994","0.0363"
"","189.5890","2.9092","0.0371"
"","189.6890","2.9194","0.0379"
"","189.7890","2.9294","0.0387"
"","189.8890","2.9394","0.0395"
"","189.9890","2.9494","0.0403"
"","190.0890","2.9594","0.0411"
"","190.1890","2.9694","0.0420"
"","190.2890","2.9791","0.0429"
"","190.3890","2.9895","0.0438"
"","190.4890","2.9995","0.0448"
"","190.5890","3.0093","0.0457"
"","190.6890","3.0191","0.0467"
"","190.7890","3.0293","0.0477"
"","190.8890","3.0393","0.0487"
"","190.9890","3.0491","0.0498"
"","191.0890","3.0593","0.0509"
"","191.1890","3.0695","0.0520"
"","191.2890","3.0795","0.0530"
"","191.3890","3.0890","0.0541"
"","191.4890","3.0993","0.0552"
"","191.5890","3.1095","0.0564"
"","191.6890","3.1194","0.0575"
"","191.7890","3.1292","0.0586"
"","191.8890","3.1394","0.0598"
"","191.9890","3.1495","0.0611"
"","192.0890","3.1592","0.0622"
"","192.1890","3.1695","0.0635"
"","192.2890","3.1795","0.0648"
"","192.3890","3.1894","0.0660"
"","192.4890","3.1993","0.0673"
"","192.5890","3.2094","0.0686"
"","192.6890","3.2194","0.0699"
"","192.7890","3.2291","0.0712"
"","192.8890","3.2395","0.0726"
"","192.9890","3.2494","0.0739"
"","193.0890","3.2594","0.0753"
"","193.1890","3.2690","0.0765"
"","193.2890","3.2794","0.0780"
"","193.3890","3.2895","0.0794"
"","193.4890","3.2993","0.0807"
"","193.5890","3.3094","0.0822"
"","193.6890","3.3194","0.0836"
"","193.7890","3.3296","0.0851"
"","193.8890","3.3390","0.0864"
"","193.9890","3.3492","0.0880"
"","194.0890","3.3594","0.0895"
"","194.1890","3.3695","0.0910"
"","194.2890","3.3793","0.0925"
"","194.3890","3.3895","0.0940"
"","194.4890","3.3995","0.0955"
"","194.5890","3.4092","0.0970"
"","194.6890","3.4193","0.0986"
"","194.7890","3.4293","0.1001"
"","194.8890","3.4393","0.1017"
"","194.9890","3.4494","0.1032"
"","195.0890","3.4594","0.1048"
"","195.1890","3.4693","0.1064"
"","195.2890","3.4792","0.1080"
"","195.3890","3.4895","0.1097"
"","195.4890","3.4994","0.1113"
"","195.5890","3.5093","0.1129"
"","195.6890","3.5191","0.1145"
"","195.7890","3.5295","0.1162"
"","195.8890","3.5393","0.1179"
"","195.9890","3.5493","0.1195"
"","196.0890","3.5594","0.1212"
"","196.1890","3.5694","0.1229"
"","196.2890","3.5795","0.1247"
"","196.3890","3.5890","0.1262"
"","196.4890","3.5994","0.1281"
"","196.5890","3.6094","0.1298"
"","196.6890","3.6193","0.1315"
"","196.7890","3.6292","0.1332"
"","196.8890","3.6394","0.1350"
"","196.9890","3.6495","0.1369"
"","197.0890","3.6591","0.1386"
"","197.1890","3.6694","0.1404"
"","197.2890","3.6794","0.1422"
"","197.3890","3.6894","0.1441"
"","197.4890","3.6993","0.1458"
"","197.5890","3.7094","0.1477"
"","197.6890","3.7194","0.1495"
"","197.7890","3.7292","0.1513"
"","197.8890","3.7395","0.1532"
"","197.9890","3.7494","0.1550"
"","198.0890","3.7594","0.1569"
"","198.1890","3.7692","0.1588"
"","198.2890","3.7794","0.1607"
"","198.3890","3.7894","0.1626"
"","198.4890","3.7992","0.1644"
"","198.5890","3.8094","0.1664"
"","198.6890","3.8195","0.1683"
"","198.7890","3.8295","0.1703"
"","198.8890","3.8391","0.1721"
"","198.9890","3.8493","0.1741"
"","199.0890","3.8595","0.1761"
"","199.1890","3.8694","0.1780"
"","199.2890","3.8793","0.1800"
"","199.3890","3.8895","0.1820"
"","199.4890","3.8995","0.1839"
"","199.5890","3.9091","0.1858"
"","199.6890","3.9194","0.1878"
"","199.7890","3.9294","0.1898"
"","199.8890","3.9394","0.1918"
"","199.9890","3.9493","0.1937"
"","200.0890","3.9594","0.1957"
"","200.1890","3.9694","0.1977"
"","200.2890","3.9791","0.1995"
"","200.3890","3.9895","0.2015"
"","200.4890","3.9994","0.2034"
"","200.4960","4.0001","0.2035"
"","200.4970","4.0002","0.2036"
"","200.4980","4.0003","0.2036"
"","200.5980","4.0008","0.2030"
"","200.6980","3.9931","0.2002"
"","200.7980","3.9811","0.1963"
"","200.8980","3.9711","0.1930"
"","200.9980","3.9608","0.1897"
"","201.0980","3.9507","0.1867"
"","201.1980","3.9407","0.1837"
"","201.2980","3.9308","0.1807"
"","201.3980","3.9208","0.1778"
"","201.4980","3.9106","0.1749"
"","201.5980","3.9009","0.1721"
"","201.6980","3.8907","0.1693"
"","201.7980","3.8807","0.1665"
"","201.8980","3.8706","0.1638"
"","201.9980","3.8609","0.1612"
"","202.0980","3.8507","0.1584"
"","202.1980","3.8406","0.1558"
"","202.2980","3.8308","0.1532"
"","202.3980","3.8206","0.1506"
"","202.4980","3.8107","0.1481"
"","202.5980","3.8007","0.1455"
"","202.6980","3.7909","0.1431"
"","202.7980","3.7806","0.1406"
"","202.8980","3.7707","0.1382"
"","202.9980","3.7609","0.1358"
"","203.0980","3.7507","0.1334"
"","203.1980","3.7406","0.1311"
"","203.2980","3.7307","0.1287"
"","203.3980","3.7209","0.1265"
"","203.4980","3.7106","0.1242"
"","203.5980","3.7006","0.1220"
"","203.6980","3.6908","0.1198"
"","203.7980","3.6808","0.1176"
"","203.8980","3.6706","0.1154"
"","203.9980","3.6606","0.1133"
"","204.0980","3.6509","0.1113"
"","204.1980","3.6407","0.1091"
"","204.2980","3.6305","0.1070"
"","204.3980","3.6207","0.1050"
"","204.4980","3.6109","0.1031"
"","204.5980","3.6007","0.1011"
"","204.6980","3.5906","0.0991"
"","204.7980","3.5809","0.0973"
"","204.8980","3.5705","0.0953"
"","204.9980","3.5606","0.0935"
"","205.0980","3.5507","0.0916"
"","205.1980","3.5409","0.0899"
"","205.2980","3.5306","0.0880"
"","205.3980","3.5207","0.0863"
"","205.4980","3.5108","0.0846"
"","205.5980","3.5008","0.0828"
"","205.6980","3.4905","0.0811"
"","205.7980","3.4806","0.0795"
"","205.8980","3.4710","0.0779"
"","205.9980","3.4607","0.0762"
"","206.0980","3.4506","0.0746"
"","206.1980","3.4407","0.0731"
"","206.2980","3.4309","0.0716"
"","206.3980","3.4207","0.0700"
"","206.4980","3.4106","0.0685"
"","206.5980","3.4008","0.0671"
"","206.6980","3.3908","0.0656"
"","206.7980","3.3806","0.0642"
"","206.8980","3.3706","0.0628"
"","206.9980","3.3608","0.0615"
"","207.0980","3.3507","0.0601"
"","207.1980","3.3407","0.0588"
"","207.2980","3.3309","0.0575"
"","207.3980","3.3206","0.0562"
"","207.4980","3.3107","0.0549"
"","207.5980","3.3006","0.0537"
"","207.6980","3.2909","0.0525"
"","207.7980","3.2806","0.0513"
"","207.8980","3.2707","0.0502"
"","207.9980","3.2609","0.0491"
"","208.0980","3.2508","0.0480"
"","208.1980","3.2406","0.0469"
"","208.2980","3.2306","0.0459"
"","208.3980","3.2210","0.0449"
"","208.4980","3.2107","0.0438"
"","208.5980","3.2006","0.0429"
"","208.6980","3.1906","0.0419"
"","208.7980","3.1809","0.0410"
"","208.8980","3.1707","0.0400"
"","208.9980","3.1606","0.0391"
"","209.0980","3.1508","0.0383"
"","209.1980","3.1407","0.0374"
"","209.2980","3.1307","0.0366"
"","209.3980","3.1207","0.0358"
"","209.4980","3.1108","0.0350"
"","209.5980","3.1007","0.0342"
"","209.6980","3.0906","0.0335"
"","209.7980","3.0808","0.0328"
"","209.8980","3.0706","0.0323"
"","209.9980","3.0607","0.0319"
"","210.0980","3.0508","0.0317"
"","210.1980","3.0409","0.0316"
"","210.2980","3.0305","0.0316"
"","210.3980","3.0207","0.0315"
"","210.4980","3.0109","0.0314"
"","210.5980","3.0007","0.0314"
"","210.6980","2.9906","0.0314"
"","210.7980","2.9807","0.0314"
"","210.8980","2.9709","0.0314"
"","210.9980","2.9607","0.0314"
"","211.0980","2.9506","0.0314"
"","211.1980","2.9407","0.0314"
"","211.2980","2.9309","0.0314"
"","211.3980","2.9208","0.0314"
"","211.4980","2.9106","0.0314"
"","211.5980","2.9008","0.0313"
"","211.6980","2.8907","0.0313"
"","211.7980","2.8807","0.0313"
"","211.8980","2.8707","0.0312"
"","211.9980","2.8607","0.0309"
"","212.0980","2.8507","0.0304"
"","212.1980","2.8407","0.0298"
"","212.2980","2.8309","0.0291"
"","212.3980","2.8205","0.0284"
"","212.4980","2.8106","0.0277"
"","212.5980","2.8007","0.0270"
"","212.6980","2.7909","0.0263"
"","212.7980","2.7806","0.0257"
"","212.8980","2.7707","0.0251"
"","212.9980","2.7609","0.0245"
"","213.0980","2.7508","0.0239"
"","213.1980","2.7405","0.0233"
"","213.2980","2.7306","0.0228"
"","213.3980","2.7210","0.0223"
"","213.4980","2.7107","0.0218"
"","213.5980","2.7005","0.0213"
"","213.6980","2.6907","0.0208"
"","213.7980","2.6809","0.0203"
"","213.8980","2.6708","0.0199"
"","213.9980","2.6606","0.0194"
"","214.0980","2.6508","0.0190"
"","214.1980","2.6408","0.0186"
"","214.2980","2.6306","0.0182"
"","214.3980","2.6206","0.0178"
"","214.4980","2.6108","0.0174"
"","214.5980","2.6007","0.0170"
"","214.6980","2.5907","0.0167"
"","214.7980","2.5809","0.0163"
"","214.8980","2.5706","0.0160"
"","214.9980","2.5607","0.0156"
"","215.0980","2.5506","0.0153"
"","215.1980","2.5409","0.0150"
"","215.2980","2.5306","0.0146"
"","215.3980","2.5207","0.0143"
"","215.4980","2.5109","0.0140"
"","215.5980","2.5008","0.0137"
"","215.6980","2.4906","0.0134"
"","215.7980","2.4806","0.0132"
"","215.8980","2.4710","0.0129"
"","215.9980","2.4606","0.0126"
"","216.0980","2.4506","0.0123"
"","216.1980","2.4407","0.0121"
"","216.2980","2.4309","0.0119"
"","216.3980","2.4207","0.0116"
"","216.4980","2.4106","0.0114"
"","216.5980","2.4008","0.0111"
"","216.6980","2.3907","0.0109"
"","216.7980","2.3807","0.0107"
"","216.8980","2.3706","0.0105"
"","216.9980","2.3607","0.0102"
"","217.0980","2.3507","0.0100"
"","217.1980","2.3407","0.0098"
"","217.2980","2.3309","0.0096"
"","217.3980","2.3205","0.0094"
"","217.4980","2.3107","0.0093"
"","217.5980","2.3008","0.0091"
"","217.6980","2.2909","0.0089"
"","217.7980","2.2805","0.0087"
"","217.8980","2.2707","0.0086"
"","217.9980","2.2609","0.0084"
"","218.0980","2.2507","0.0082"
"","218.1980","2.2406","0.0080"
"","218.2980","2.2307","0.0078"
"","218.3980","2.2210","0.0076"
"","218.4980","2.2106","0.0075"
"","218.5980","2.2005","0.0073"
"","218.6980","2.1907","0.0071"
"","218.7980","2.1809","0.0069"
"","218.8980","2.1707","0.0068"
"","218.9980","2.1606","0.0066"
"","219.0980","2.1507","0.0065"
"","219.1980","2.1407","0.0063"
"","219.2980","2.1307","0.0061"
"","219.3980","2.1206","0.0060"
"","219.4980","2.1108","0.0059"
"","219.5980","2.1007","0.0057"
"","219.6980","2.0907","0.0056"
"","219.7980","2.0809","0.0055"
"","219.8980","2.0705","0.0053"
"","219.9980","2.0606","0.0052"
"","220.0980","2.0507","0.0050"
"","220.1980","2.0409","0.0049"
"","220.2980","2.0306","0.0048"
"","220.3980","2.0206","0.0047"
"","220.4980","2.0109","0.0046"
"","220.5980","2.0008","0.0045"
"","220.6980","1.9906","0.0043"
"","220.7980","1.9806","0.0042"
"","220.8980","1.9710","0.0041"
"","220.9980","1.9606","0.0040"
"","221.0980","1.9506","0.0039"
"","221.1980","1.9407","0.0038"
"","221.2980","1.9309","0.0037"
"","221.3980","1.9208","0.0036"
"","221.4980","1.9106","0.0035"
"","221.5980","1.9009","0.0035"
"","221.6980","1.8907","0.0034"
"","221.7980","1.8806","0.0033"
"","221.8980","1.8706","0.0032"
"","221.9980","1.8608","0.0031"
"","222.0980","1.8507","0.0030"
"","222.1980","1.8407","0.0029"
"","222.2980","1.8308","0.0029"
"","222.3980","1.8207","0.0028"
"","222.4980","1.8106","0.0027"
"","222.5980","1.8006","0.0026"
"","222.6980","1.7909","0.0026"
"","222.7980","1.7806","0.0025"
"","222.8980","1.7706","0.0024"
"","222.9980","1.7608","0.0024"
"","223.0980","1.7507","0.0023"
"","223.1980","1.7407","0.0022"
"","223.2980","1.7306","0.0022"
"","223.3980","1.7210","0.0021"
"","223.4980","1.7107","0.0020"
"","223.5980","1.7006","0.0020"
"","223.6980","1.6907","0.0019"
"","223.7980","1.6809","0.0019"
"","223.8980","1.6707","0.0018"
"","223.9980","1.6606","0.0018"
"","224.0980","1.6508","0.0017"
"","224.1980","1.6407","0.0017"
"","224.2980","1.6307","0.0016"
"","224.3980","1.6206","0.0016"
"","224.4980","1.6108","0.0015"
"","224.5980","1.6006","0.0015"
"","224.6980","1.5907","0.0015"
"","224.7980","1.5808","0.0014"
"","224.8980","1.5706","0.0014"
"","224.9980","1.5607","0.0013"
"","225.0980","1.5507","0.0013"
"","225.1980","1.5409","0.0013"
"","225.2980","1.5306","0.0012"
"","225.3980","1.5207","0.0012"
"","225.4980","1.5109","0.0011"
"","225.5980","1.5007","0.0011"
"","225.6980","1.4906","0.0011"
"","225.7980","1.4807","0.0011"
"","225.8980","1.4710","0.0010"
"","225.9980","1.4606","0.0010"
"","226.0980","1.4506","0.0009"
"","226.1980","1.4407","0.0009"
"","226.2980","1.4309","0.0009"
"","226.3980","1.4207","0.0008"
"","226.4980","1.4106","0.0008"
"","226.5980","1.4009","0.0008"
"","226.6980","1.3907","0.0008"
"","226.7980","1.3806","0.0007"
"","226.8980","1.3706","0.0007"
"","226.9980","1.3608","0.0007"
"","227.0980","1.3507","0.0006"
"","227.1980","1.3407","0.0006"
"","227.2980","1.3308","0.0006"
"","227.3980","1.3205","0.0006"
"","227.4980","1.3107","0.0005"
"","227.5980","1.3007","0.0005"
"","227.6980","1.2909","0.0005"
"","227.7980","1.2805","0.0005"
"","227.8980","1.2707","0.0004"
"","227.9980","1.2609","0.0004"
"","228.0980","1.2508","0.0004"
"","228.1980","1.2405","0.0004"
"","228.2980","1.2306","0.0004"
"","228.3980","1.2210","0.0003"
"","228.4980","1.2106","0.0003"
"","228.5980","1.2005","0.0003"
"","228.6980","1.1907","0.0003"
"","228.7980","1.1809","0.0003"
"","228.8980","1.1708","0.0002"
"","228.9980","1.1606","0.0002"
"","229.0980","1.1508","0.0002"
"","229.1980","1.1408","0.0002"
"","229.2980","1.1306","0.0002"
"","229.3980","1.1206","0.0002"
"","229.4980","1.1108","0.0001"
"","229.5980","1.1008","0.0001"
"","229.6980","1.0907","0.0001"
"","229.7980","1.0808","0.0001"
"","229.8980","1.0706","0.0001"
"","229.9980","1.0607","0.0000"
"","230.0980","1.0506","0.0000"
"","230.1980","1.0409","0.0000"
"","230.2980","1.0305","0.0000"
"","230.3980","1.0207","0.0000"
"","230.4980","1.0109","0.0000"
"","230.5980","1.0008","0.0000"
"","230.6980","0.9906","-0.0001"
"","230.7980","0.9806","-0.0001"
"","230.8980","0.9710","-0.0001"
"","230.9980","0.9607","-0.0001"
"","231.0980","0.9506","-0.0001"
"","231.1980","0.9407","-0.0001"
"","231.2980","0.9309","-0.0002"
"","231.3980","0.9207","-0.0002"
"","231.4980","0.9106","-0.0002"
"","231.5980","0.9009","-0.0002"
"","231.6980","0.8907","-0.0002"
"","231.7980","0.8807","-0.0002"
"","231.8980","0.8706","-0.0002"
"","231.9980","0.8608","-0.0003"
"","232.0980","0.8507","-0.0003"
"","232.1980","0.8407","-0.0003"
"","232.2980","0.8308","-0.0003"
"","232.3980","0.8205","-0.0003"
"","232.4980","0.8108","-0.0003"
"","232.5980","0.8007","-0.0003"
"","232.6980","0.7909","-0.0004"
"","232.7980","0.7805","-0.0004"
"","232.8980","0.7707","-0.0004"
"","232.9980","0.7609","-0.0004"
"","233.0980","0.7507","-0.0004"
"","233.1980","0.7406","-0.0004"
"","233.2980","0.7307","-0.0004"
"","233.3980","0.7209","-0.0004"
"","233.4980","0.7106","-0.0005"
"","233.5980","0.7005","-0.0005"
"","233.6980","0.6908","-0.0005"
"","233.7980","0.6808","-0.0005"
"","233.8980","0.6706","-0.0005"
"","233.9980","0.6606","-0.0005"
"","234.0980","0.6509","-0.0005"
"","234.1980","0.6407","-0.0005"
"","234.2980","0.6305","-0.0005"
"","234.3980","0.6207","-0.0006"
"","234.4980","0.6108","-0.0006"
"","234.5980","0.6007","-0.0006"
"","234.6980","0.5906","-0.0006"
"","234.7980","0.5809","-0.0006"
"","234.8980","0.5705","-0.0006"
"","234.9980","0.5606","-0.0006"
"","235.0980","0.5507","-0.0006"
"","235.1980","0.5409","-0.0007"
"","235.2980","0.5305","-0.0007"
"","235.3980","0.5207","-0.0007"
"","235.4980","0.5109","-0.0007"
"","235.5980","0.5008","-0.0007"
"","235.6980","0.4906","-0.0007"
"","235.7980","0.4806","-0.0007"
"","235.8980","0.4710","-0.0007"
"","235.9980","0.4606","-0.0007"
"","236.0980","0.4505","-0.0007"
"","236.1980","0.4407","-0.0008"
"","236.2980","0.4309","-0.0008"
"","236.3980","0.4208","-0.0008"
"","236.4980","0.4106","-0.0008"
"","236.5980","0.4008","-0.0008"
"","236.6980","0.3908","-0.0008"
"","236.7980","0.3806","-0.0008"
"","236.8980","0.3706","-0.0008"
"","236.9980","0.3608","-0.0008"
"","237.0980","0.3507","-0.0008"
"","237.1980","0.3407","-0.0009"
"","237.2980","0.3308","-0.0009"
"","237.3980","0.3206","-0.0009"
"","237.4980","0.3107","-0.0009"
"","237.5980","0.3006","-0.0009"
"","237.6980","0.2909","-0.0009"
"","237.7980","0.2807","-0.0009"
"","237.8980","0.2708","-0.0009"
"","237.9980","0.2609","-0.0009"
"","238.0980","0.2508","-0.0010"
"","238.1980","0.2406","-0.0010"
"","238.2980","0.2307","-0.0010"
"","238.3980","0.2210","-0.0010"
"","238.4980","0.2106","-0.0010"
"","238.5980","0.2005","-0.0010"
"","238.6980","0.1907","-0.0010"
"","238.7980","0.1809","-0.0010"
"","238.8980","0.1707","-0.0010"
"","238.9980","0.1606","-0.0010"
"","239.0980","0.1508","-0.0010"
"","239.1980","0.1407","-0.0011"
"","239.2980","0.1307","-0.0011"
"","239.3980","0.1206","-0.0011"
"","239.4980","0.1107","-0.0011"
"","239.5980","0.1007","-0.0011"
"","239.6980","0.0907","-0.0011"
"","239.7980","0.0809","-0.0011"
"","239.8980","0.0706","-0.0011"
"","239.9980","0.0608","-0.0011"
"","240.0980","0.0507","-0.0011"
"","240.1980","0.0409","-0.0012"
"","240.2980","0.0306","-0.0012"
"","240.3980","0.0207","-0.0012"
"","240.4980","0.0109","-0.0012"
"","240.5980","0.0008","-0.0012"
"","240.6060","0.0000","-0.0012"
"","240.6070","-0.0001","-0.0012"
"","240.6080","-0.0002","-0.0012"
"","240.7080","-0.0008","-0.0012"
"","240.8080","0.0069","-0.0012"
"","240.9080","0.0185","-0.0011"
"","241.0080","0.0292","-0.0011"
"","241.1080","0.0393","-0.0011"
"","241.2080","0.0491","-0.0011"
"","241.3080","0.0592","-0.0011"
"","241.4080","0.0693","-0.0011"
"","241.5080","0.0793","-0.0010"
"","241.6080","0.0889","-0.0010"
"","241.7080","0.0992","-0.0010"
"","241.8080","0.1093","-0.0010"
"","241.9080","0.1193","-0.0010"
"","242.0080","0.1291","-0.0010"
"","242.1080","0.1393","-0.0010"
"","242.2080","0.1493","-0.0009"
"","242.3080","0.1590","-0.0009"
"","242.4080","0.1692","-0.0009"
"","242.5080","0.1792","-0.0009"
"","242.6080","0.1892","-0.0009"
"","242.7080","0.1992","-0.0009"
"","242.8080","0.2093","-0.0009"
"","242.9080","0.2193","-0.0009"
"","243.0080","0.2290","-0.0008"
"","243.1080","0.2394","-0.0008"
"","243.2080","0.2493","-0.0008"
"","243.3080","0.2592","-0.0008"
"","243.4080","0.2689","-0.0008"
"","243.5080","0.2792","-0.0008"
"","243.6080","0.2891","-0.0008"
"","243.7080","0.2990","-0.0007"
"","243.8080","0.3093","-0.0007"
"","243.9080","0.3193","-0.0007"
"","244.0080","0.3294","-0.0007"
"","244.1080","0.3389","-0.0007"
"","244.2080","0.3491","-0.0007"
"","244.3080","0.3593","-0.0007"
"","244.4080","0.3693","-0.0006"
"","244.5080","0.3791","-0.0006"
"","244.6080","0.3893","-0.0006"
"","244.7080","0.3993","-0.0006"
"","244.8080","0.4092","-0.0006"
"","244.9080","0.4192","-0.0006"
"","245.0080","0.4292","-0.0006"
"","245.1080","0.4392","-0.0005"
"","245.2080","0.4492","-0.0005"
"","245.3080","0.4592","-0.0005"
"","245.4080","0.4692","-0.0005"
"","245.5080","0.4790","-0.0005"
"","245.6080","0.4894","-0.0005"
"","245.7080","0.4992","-0.0004"
"","245.8080","0.5092","-0.0004"
"","245.9080","0.5190","-0.0004"
"","246.0080","0.5293","-0.0004"
"","246.1080","0.5392","-0.0004"
"","246.2080","0.5491","-0.0004"
"","246.3080","0.5593","-0.0004"
"","246.4080","0.5693","-0.0003"
"","246.5080","0.5794","-0.0003"
"","246.6080","0.5889","-0.0003"
"","246.7080","0.5993","-0.0003"
"","246.8080","0.6092","-0.0003"
"","246.9080","0.6193","-0.0003"
"","247.0080","0.6291","-0.0003"
"","247.1080","0.6393","-0.0002"
"","247.2080","0.6493","-0.0002"
"","247.3080","0.6591","-0.0002"
"","247.4080","0.6693","-0.0002"
"","247.5080","0.6792","-0.0002"
"","247.6080","0.6893","-0.0001"
"","247.7080","0.6992","-0.0001"
"","247.8080","0.7093","-0.0001"
"","247.9080","0.7193","-0.0001"
"","248.0080","0.7291","-0.0001"
"","248.1080","0.7393","-0.0001"
"","248.2080","0.7493","-0.0001"
"","248.3080","0.7592","-0.0001"
"","248.4080","0.7690","0.0000"
"","248.5080","0.7792","0.0000"
"","248.6080","0.7893","0.0000"
"","248.7080","0.7991","0.0000"
"","248.8080","0.8092","0.0000"
"","248.9080","0.8193","0.0000"
"","249.0080","0.8294","0.0001"
"","249.1080","0.8389","0.0001"
"","249.2080","0.8492","0.0001"
"","249.3080","0.8593","0.0001"
"","249.4080","0.8693","0.0001"
"","249.5080","0.8791","0.0001"
"","249.6080","0.8893","0.0002"
"","249.7080","0.8993","0.0002"
"","249.8080","0.9091","0.0002"
"","249.9080","0.9192","0.0002"
"","250.0080","0.9292","0.0002"
"","250.1080","0.9392","0.0003"
"","250.2080","0.9491","0.0003"
"","250.3080","0.9593","0.0003"
"","250.4080","0.9692","0.0003"
"","250.5080","0.9790","0.0003"
"","250.6080","0.9894","0.0003"
"","250.7080","0.9992","0.0004"
"","250.8080","1.0092","0.0004"
"","250.9080","1.0189","0.0004"
"","251.0080","1.0293","0.0004"
"","251.1080","1.0394","0.0005"
"","251.2080","1.0491","0.0005"
"","251.3080","1.0592","0.0005"
"","251.4080","1.0693","0.0005"
"","251.5080","1.0794","0.0005"
"","251.6080","1.0889","0.0006"
"","251.7080","1.0991","0.0006"
"","251.8080","1.1093","0.0006"
"","251.9080","1.1193","0.0006"
"","252.0080","1.1291","0.0007"
"","252.1080","1.1393","0.0007"
"","252.2080","1.1493","0.0007"
"","252.3080","1.1592","0.0007"
"","252.4080","1.1692","0.0007"
"","252.5080","1.1792","0.0008"
"","252.6080","1.1892","0.0008"
"","252.7080","1.1992","0.0008"
"","252.8080","1.2093","0.0009"
"","252.9080","1.2192","0.0009"
"","253.0080","1.2290","0.0009"
"","253.1080","1.2394","0.0010"
"","253.2080","1.2493","0.0010"
"","253.3080","1.2592","0.0010"
"","253.4080","1.2690","0.0011"
"","253.5080","1.2793","0.0011"
"","253.6080","1.2893","0.0012"
"","253.7080","1.2991","0.0012"
"","253.8080","1.3092","0.0012"
"","253.9080","1.3193","0.0012"
"","254.0080","1.3294","0.0013"
"","254.1080","1.3389","0.0013"
"","254.2080","1.3493","0.0014"
"","254.3080","1.3592","0.0014"
"","254.4080","1.3693","0.0015"
"","254.5080","1.3792","0.0015"
"","254.6080","1.3893","0.0016"
"","254.7080","1.3992","0.0016"
"","254.8080","1.4090","0.0017"
"","254.9080","1.4194","0.0017"
"","255.0080","1.4292","0.0018"
"","255.1080","1.4392","0.0018"
"","255.2080","1.4491","0.0019"
"","255.3080","1.4594","0.0019"
"","255.4080","1.4692","0.0020"
"","255.5080","1.4790","0.0020"
"","255.6080","1.4893","0.0021"
"","255.7080","1.4994","0.0021"
"","255.8080","1.5092","0.0022"
"","255.9080","1.5190","0.0022"
"","256.0080","1.5293","0.0023"
"","256.1080","1.5393","0.0024"
"","256.2080","1.5491","0.0024"
"","256.3080","1.5591","0.0025"
"","256.4080","1.5693","0.0026"
"","256.5080","1.5793","0.0027"
"","256.6080","1.5890","0.0027"
"","256.7080","1.5992","0.0028"
"","256.8080","1.6093","0.0029"
"","256.9080","1.6192","0.0030"
"","257.0080","1.6292","0.0030"
"","257.1080","1.6393","0.0031"
"","257.2080","1.6493","0.0032"
"","257.3080","1.6589","0.0033"
"","257.4080","1.6693","0.0033"
"","257.5080","1.6792","0.0034"
"","257.6080","1.6892","0.0035"
"","257.7080","1.6991","0.0036"
"","257.8080","1.7093","0.0037"
"","257.9080","1.7192","0.0038"
"","258.0080","1.7290","0.0039"
"","258.1080","1.7393","0.0040"
"","258.2080","1.7493","0.0041"
"","258.3080","1.7593","0.0042"
"","258.4080","1.7690","0.0043"
"","258.5080","1.7793","0.0044"
"","258.6080","1.7893","0.0045"
"","258.7080","1.7991","0.0046"
"","258.8080","1.8092","0.0047"
"","258.9080","1.8193","0.0048"
"","259.0080","1.8294","0.0049"
"","259.1080","1.8389","0.0050"
"","259.2080","1.8491","0.0051"
"","259.3080","1.8593","0.0053"
"","259.4080","1.8693","0.0054"
"","259.5080","1.8792","0.0055"
"","259.6080","1.8893","0.0057"
"","259.7080","1.8993","0.0058"
"","259.8080","1.9091","0.0059"
"","259.9080","1.9192","0.0061"
"","260.0080","1.9292","0.0062"
"","260.1080","1.9392","0.0064"
"","260.2080","1.9492","0.0065"
"","260.3080","1.9592","0.0067"
"","260.4080","1.9692","0.0069"
"","260.5080","1.9790","0.0070"
"","260.6080","1.9895","0.0072"
"","260.7080","1.9993","0.0073"
"","260.8080","2.0091","0.0075"
"","260.9080","2.0189","0.0077"
"","261.0080","2.0293","0.0079"
"","261.1080","2.0394","0.0081"
"","261.2080","2.0491","0.0082"
"","261.3080","2.0592","0.0084"
"","261.4080","2.0693","0.0086"
"","261.5080","2.0795","0.0088"
"","261.6080","2.0889","0.0090"
"","261.7080","2.0993","0.0092"
"","261.8080","2.1092","0.0094"
"","261.9080","2.1193","0.0096"
"","262.0080","2.1291","0.0098"
"","262.1080","2.1392","0.0100"
"","262.2080","2.1492","0.0102"
"","262.3080","2.1591","0.0104"
"","262.4080","2.1693","0.0106"
"","262.5080","2.1792","0.0109"
"","262.6080","2.1892","0.0111"
"","262.7080","2.1991","0.0114"
"","262.8080","2.2093","0.0116"
"","262.9080","2.2192","0.0118"
"","263.0080","2.2290","0.0121"
"","263.1080","2.2393","0.0124"
"","263.2080","2.2493","0.0126"
"","263.3080","2.2592","0.0129"
"","263.4080","2.2690","0.0132"
"","263.5080","2.2793","0.0135"
"","263.6080","2.2893","0.0138"
"","263.7080","2.2991","0.0141"
"","263.8080","2.3091","0.0144"
"","263.9080","2.3193","0.0147"
"","264.0080","2.3294","0.0150"
"","264.1080","2.3389","0.0154"
"","264.2080","2.3491","0.0157"
"","264.3080","2.3593","0.0160"
"","264.4080","2.3693","0.0164"
"","264.5080","2.3792","0.0167"
"","264.6080","2.3892","0.0171"
"","264.7080","2.3993","0.0174"
"","264.8080","2.4091","0.0178"
"","264.9080","2.4193","0.0182"
"","265.0080","2.4292","0.0186"
"","265.1080","2.4392","0.0190"
"","265.2080","2.4492","0.0194"
"","265.3080","2.4593","0.0198"
"","265.4080","2.4692","0.0202"
"","265.5080","2.4790","0.0206"
"","265.6080","2.4894","0.0210"
"","265.7080","2.4993","0.0215"
"","265.8080","2.5092","0.0219"
"","265.9080","2.5189","0.0224"
"","266.0080","2.5292","0.0229"
"","266.1080","2.5393","0.0234"
"","266.2080","2.5491","0.0239"
"","266.3080","2.5592","0.0244"
"","266.4080","2.5693","0.0249"
"","266.5080","2.5794","0.0254"
"","266.6080","2.5889","0.0259"
"","266.7080","2.5991","0.0265"
"","266.8080","2.6092","0.0271"
"","266.9080","2.6193","0.0276"
"","267.0080","2.6292","0.0282"
"","267.1080","2.6392","0.0288"
"","267.2080","2.6492","0.0295"
"","267.3080","2.6591","0.0301"
"","267.4080","2.6692","0.0307"
"","267.5080","2.6792","0.0314"
"","267.6080","2.6891","0.0318"
"","267.7080","2.6992","0.0320"
"","267.8080","2.7092","0.0321"
"","267.9080","2.7192","0.0321"
"","268.0080","2.7290","0.0321"
"","268.1080","2.7394","0.0321"
"","268.2080","2.7494","0.0321"
"","268.3080","2.7592","0.0320"
"","268.4080","2.7689","0.0320"
"","268.5080","2.7792","0.0320"
"","268.6080","2.7893","0.0321"
"","268.7080","2.7991","0.0321"
"","268.8080","2.8092","0.0321"
"","268.9080","2.8193","0.0322"
"","269.0080","2.8294","0.0322"
"","269.1080","2.8388","0.0322"
"","269.2080","2.8492","0.0323"
"","269.3080","2.8592","0.0325"
"","269.4080","2.8693","0.0327"
"","269.5080","2.8791","0.0331"
"","269.6080","2.8892","0.0335"
"","269.7080","2.8992","0.0342"
"","269.8080","2.9090","0.0349"
"","269.9080","2.9193","0.0357"
"","270.0080","2.9292","0.0364"
"","270.1080","2.9393","0.0372"
"","270.2080","2.9492","0.0379"
"","270.3080","2.9593","0.0387"
"","270.4080","2.9693","0.0395"
"","270.5080","2.9790","0.0403"
"","270.6080","2.9893","0.0411"
"","270.7080","2.9993","0.0420"
"","270.8080","3.0092","0.0430"
"","270.9080","3.0190","0.0439"
"","271.0080","3.0292","0.0449"
"","271.1080","3.0393","0.0459"
"","271.2080","3.0491","0.0468"
"","271.3080","3.0592","0.0479"
"","271.4080","3.0693","0.0489"
"","271.5080","3.0794","0.0500"
"","271.6080","3.0889","0.0510"
"","271.7080","3.0992","0.0521"
"","271.8080","3.1093","0.0533"
"","271.9080","3.1193","0.0544"
"","272.0080","3.1291","0.0555"
"","272.1080","3.1392","0.0567"
"","272.2080","3.1493","0.0579"
"","272.3080","3.1590","0.0590"
"","272.4080","3.1692","0.0602"
"","272.5080","3.1792","0.0615"
"","272.6080","3.1892","0.0627"
"","272.7080","3.1992","0.0640"
"","272.8080","3.2093","0.0653"
"","272.9080","3.2192","0.0666"
"","273.0080","3.2290","0.0678"
"","273.1080","3.2393","0.0692"
"","273.2080","3.2492","0.0705"
"","273.3080","3.2592","0.0718"
"","273.4080","3.2689","0.0731"
"","273.5080","3.2793","0.0746"
"","273.6080","3.2893","0.0760"
"","273.7080","3.2991","0.0773"
"","273.8080","3.3092","0.0788"
"","273.9080","3.3193","0.0802"
"","274.0080","3.3294","0.0816"
"","274.1080","3.3389","0.0830"
"","274.2080","3.3491","0.0845"
"","274.3080","3.3592","0.0860"
"","274.4080","3.3693","0.0875"
"","274.5080","3.3791","0.0890"
"","274.6080","3.3893","0.0906"
"","274.7080","3.3993","0.0921"
"","274.8080","3.4091","0.0936"
"","274.9080","3.4192","0.0951"
"","275.0080","3.4292","0.0967"
"","275.1080","3.4392","0.0982"
"","275.2080","3.4492","0.0998"
"","275.3080","3.4592","0.1014"
"","275.4080","3.4692","0.1030"
"","275.5080","3.4790","0.1046"
"","275.6080","3.4894","0.1063"
"","275.7080","3.4992","0.1079"
"","275.8080","3.5092","0.1095"
"","275.9080","3.5190","0.1111"
"","276.0080","3.5293","0.1129"
"","276.1080","3.5392","0.1145"
"","276.2080","3.5491","0.1162"
"","276.3080","3.5593","0.1179"
"","276.4080","3.5693","0.1196"
"","276.5080","3.5793","0.1213"
"","276.6080","3.5888","0.1229"
"","276.7080","3.5993","0.1248"
"","276.8080","3.6093","0.1265"
"","276.9080","3.6192","0.1283"
"","277.0080","3.6291","0.1300"
"","277.1080","3.6393","0.1319"
"","277.2080","3.6494","0.1337"
"","277.3080","3.6590","0.1354"
"","277.4080","3.6692","0.1373"
"","277.5080","3.6793","0.1391"
"","277.6080","3.6893","0.1410"
"","277.7080","3.6991","0.1428"
"","277.8080","3.7093","0.1446"
"","277.9080","3.7193","0.1465"
"","278.0080","3.7290","0.1483"
"","278.1080","3.7393","0.1502"
"","278.2080","3.7492","0.1521"
"","278.3080","3.7592","0.1540"
"","278.4080","3.7690","0.1559"
"","278.5080","3.7793","0.1579"
"","278.6080","3.7892","0.1598"
"","278.7080","3.7991","0.1617"
"","278.8080","3.8092","0.1637"
"","278.9080","3.8193","0.1657"
"","279.0080","3.8293","0.1676"
"","279.1080","3.8389","0.1695"
"","279.2080","3.8492","0.1715"
"","279.3080","3.8593","0.1735"
"","279.4080","3.8693","0.1755"
"","279.5080","3.8791","0.1775"
"","279.6080","3.8893","0.1795"
"","279.7080","3.8994","0.1815"
"","279.8080","3.9090","0.1834"
"","279.9080","3.9192","0.1855"
"","280.0080","3.9292","0.1875"
"","280.1080","3.9393","0.1895"
"","280.2080","3.9491","0.1915"
"","280.3080","3.9592","0.1936"
"","280.4080","3.9692","0.1956"
"","280.5080","3.9790","0.1976"
"","280.6080","3.9893","0.1996"
"","280.7080","3.9993","0.2016"
"","280.7160","4.0000","0.2017"
"","280.7170","4.0001","0.2017"
"","280.7180","4.0002","0.2017"
"","280.8180","4.0007","0.2012"
"","280.9180","3.9930","0.1985"
"","281.0180","3.9811","0.1946"
"","281.1180","3.9711","0.1913"
"","281.2180","3.9607","0.1880"
"","281.3180","3.9506","0.1850"
"","281.4180","3.9406","0.1819"
"","281.5180","3.9307","0.1790"
"","281.6180","3.9207","0.1760"
"","281.7180","3.9105","0.1732"
"","281.8180","3.9008","0.1704"
"","281.9180","3.8906","0.1675"
"","282.0180","3.8806","0.1648"
"","282.1180","3.8706","0.1621"
"","282.2180","3.8608","0.1594"
"","282.3180","3.8506","0.1567"
"","282.4180","3.8406","0.1541"
"","282.5180","3.8308","0.1515"
"","282.6180","3.8206","0.1489"
"","282.7180","3.8106","0.1464"
"","282.8180","3.8006","0.1438"
"","282.9180","3.7908","0.1414"
"","283.0180","3.7805","0.1389"
"","283.1180","3.7706","0.1365"
"","283.2180","3.7608","0.1341"
"","283.3180","3.7506","0.1317"
"","283.4180","3.7406","0.1293"
"","283.5180","3.7306","0.1270"
"","283.6180","3.7208","0.1248"
"","283.7180","3.7105","0.1224"
"","283.8180","3.7005","0.1202"
"","283.9180","3.6907","0.1181"
"","284.0180","3.6807","0.1159"
"","284.1180","3.6705","0.1137"
"","284.2180","3.6605","0.1116"
"","284.3180","3.6508","0.1095"
"","284.4180","3.6406","0.1074"
"","284.5180","3.6305","0.1053"
"","284.6180","3.6206","0.1034"
"","284.7180","3.6107","0.1014"
"","284.8180","3.6007","0.0994"
"","284.9180","3.5906","0.0974"
"","285.0180","3.5808","0.0956"
"","285.1180","3.5704","0.0936"
"","285.2180","3.5606","0.0918"
"","285.3180","3.5506","0.0900"
"","285.4180","3.5408","0.0882"
"","285.5180","3.5305","0.0864"
"","285.6180","3.5206","0.0846"
"","285.7180","3.5108","0.0829"
"","285.8180","3.5007","0.0812"
"","285.9180","3.4905","0.0795"
"","286.0180","3.4805","0.0779"
"","286.1180","3.4709","0.0763"
"","286.2180","3.4606","0.0746"
"","286.3180","3.4505","0.0730"
"","286.4180","3.4406","0.0715"
"","286.5180","3.4308","0.0700"
"","286.6180","3.4207","0.0685"
"","286.7180","3.4105","0.0670"
"","286.8180","3.4007","0.0656"
"","286.9180","3.3907","0.0641"
"","287.0180","3.3806","0.0627"
"","287.1180","3.3706","0.0613"
"","287.2180","3.3607","0.0600"
"","287.3180","3.3507","0.0587"
"","287.4180","3.3406","0.0573"
"","287.5180","3.3308","0.0561"
"","287.6180","3.3205","0.0548"
"","287.7180","3.3106","0.0536"
"","287.8180","3.3006","0.0524"
"","287.9180","3.2908","0.0512"
"","288.0180","3.2805","0.0500"
"","288.1180","3.2706","0.0489"
"","288.2180","3.2608","0.0478"
"","288.3180","3.2507","0.0467"
"","288.4180","3.2405","0.0457"
"","288.5180","3.2305","0.0447"
"","288.6180","3.2209","0.0437"
"","288.7180","3.2106","0.0427"
"","288.8180","3.2005","0.0417"
"","288.9180","3.1906","0.0408"
"","289.0180","3.1808","0.0399"
"","289.1180","3.1706","0.0389"
"","289.2180","3.1605","0.0381"
"","289.3180","3.1507","0.0372"
"","289.4180","3.1406","0.0364"
"","289.5180","3.1306","0.0356"
"","289.6180","3.1206","0.0348"
"","289.7180","3.1107","0.0340"
"","289.8180","3.1006","0.0333"
"","289.9180","3.0906","0.0326"
"","290.0180","3.0808","0.0322"
"","290.1180","3.0705","0.0317"
"","290.2180","3.0606","0.0316"
"","290.3180","3.0507","0.0315"
"","290.4180","3.0408","0.0315"
"","290.5180","3.0305","0.0314"
"","290.6180","3.0206","0.0314"
"","290.7180","3.0108","0.0314"
"","290.8180","3.0007","0.0314"
"","290.9180","2.9905","0.0314"
"","291.0180","2.9806","0.0314"
"","291.1180","2.9709","0.0314"
"","291.2180","2.9606","0.0314"
"","291.3180","2.9505","0.0314"
"","291.4180","2.9406","0.0314"
"","291.5180","2.9308","0.0314"
"","291.6180","2.9206","0.0314"
"","291.7180","2.9105","0.0314"
"","291.8180","2.9007","0.0313"
"","291.9180","2.8906","0.0312"
"","292.0180","2.8806","0.0309"
"","292.1180","2.8706","0.0306"
"","292.2180","2.8606","0.0300"
"","292.3180","2.8506","0.0294"
"","292.4180","2.8406","0.0288"
"","292.5180","2.8309","0.0281"
"","292.6180","2.8204","0.0273"
"","292.7180","2.8105","0.0266"
"","292.8180","2.8006","0.0260"
"","292.9180","2.7908","0.0254"
"","293.0180","2.7805","0.0248"
"","293.1180","2.7706","0.0242"
"","293.2180","2.7608","0.0236"
"","293.3180","2.7507","0.0231"
"","293.4180","2.7405","0.0225"
"","293.5180","2.7305","0.0220"
"","293.6180","2.7209","0.0215"
"","293.7180","2.7106","0.0210"
"","293.8180","2.7005","0.0206"
"","293.9180","2.6906","0.0201"
"","294.0180","2.6808","0.0197"
"","294.1180","2.6707","0.0192"
"","294.2180","2.6605","0.0188"
"","294.3180","2.6507","0.0184"
"","294.4180","2.6407","0.0180"
"","294.5180","2.6305","0.0176"
"","294.6180","2.6205","0.0172"
"","294.7180","2.6107","0.0168"
"","294.8180","2.6007","0.0164"
"","294.9180","2.5906","0.0161"
"","295.0180","2.5808","0.0157"
"","295.1180","2.5705","0.0154"
"","295.2180","2.5606","0.0151"
"","295.3180","2.5505","0.0147"
"","295.4180","2.5408","0.0144"
"","295.5180","2.5305","0.0141"
"","295.6180","2.5206","0.0138"
"","295.7180","2.5108","0.0135"
"","295.8180","2.5007","0.0132"
"","295.9180","2.4905","0.0130"
"","296.0180","2.4805","0.0127"
"","296.1180","2.4709","0.0124"
"","296.2180","2.4605","0.0122"
"","296.3180","2.4505","0.0119"
"","296.4180","2.4406","0.0117"
"","296.5180","2.4308","0.0114"
"","296.6180","2.4207","0.0112"
"","296.7180","2.4105","0.0110"
"","296.8180","2.4007","0.0107"
"","296.9180","2.3906","0.0105"
"","297.0180","2.3806","0.0103"
"","297.1180","2.3706","0.0101"
"","297.2180","2.3606","0.0099"
"","297.3180","2.3506","0.0097"
"","297.4180","2.3406","0.0095"
"","297.5180","2.3308","0.0093"
"","297.6180","2.3205","0.0091"
"","297.7180","2.3106","0.0089"
"","297.8180","2.3007","0.0088"
"","297.9180","2.2908","0.0086"
"","298.0180","2.2805","0.0084"
"","298.1180","2.2707","0.0082"
"","298.2180","2.2608","0.0081"
"","298.3180","2.2507","0.0079"
"","298.4180","2.2405","0.0077"
"","298.5180","2.2306","0.0075"
"","298.6180","2.2209","0.0073"
"","298.7180","2.2105","0.0072"
"","298.8180","2.2005","0.0070"
"","298.9180","2.1907","0.0068"
"","299.0180","2.1808","0.0067"
"","299.1180","2.1706","0.0065"
"","299.2180","2.1605","0.0063"
"","299.3180","2.1507","0.0062"
"","299.4180","2.1406","0.0060"
"","299.5180","2.1306","0.0059"
"","299.6180","2.1206","0.0057"
"","299.7180","2.1107","0.0056"
"","299.8180","2.1007","0.0055"
"","299.9180","2.0906","0.0053"
"","300.0180","2.0808","0.0052"
"","300.1180","2.0704","0.0051"
"","300.2180","2.0605","0.0049"
"","300.3180","2.0506","0.0048"
"","300.4180","2.0409","0.0047"
"","300.5180","2.0305","0.0046"
"","300.6180","2.0206","0.0045"
"","300.7180","2.0108","0.0044"
"","300.8180","2.0007","0.0043"
"","300.9180","1.9905","0.0041"
"","301.0180","1.9805","0.0040"
"","301.1180","1.9709","0.0039"
"","301.2180","1.9606","0.0038"
"","301.3180","1.9505","0.0037"
"","301.4180","1.9406","0.0037"
"","301.5180","1.9308","0.0036"
"","301.6180","1.9207","0.0035"
"","301.7180","1.9105","0.0034"
"","301.8180","1.9008","0.0033"
"","301.9180","1.8906","0.0032"
"","302.0180","1.8805","0.0031"
"","302.1180","1.8706","0.0030"
"","302.2180","1.8608","0.0030"
"","302.3180","1.8506","0.0029"
"","302.4180","1.8406","0.0028"
"","302.5180","1.8307","0.0027"
"","302.6180","1.8206","0.0026"
"","302.7180","1.8105","0.0026"
"","302.8180","1.8005","0.0025"
"","302.9180","1.7908","0.0024"
"","303.0180","1.7805","0.0024"
"","303.1180","1.7705","0.0023"
"","303.2180","1.7607","0.0022"
"","303.3180","1.7507","0.0022"
"","303.4180","1.7406","0.0021"
"","303.5180","1.7305","0.0020"
"","303.6180","1.7209","0.0020"
"","303.7180","1.7106","0.0019"
"","303.8180","1.7005","0.0019"
"","303.9180","1.6906","0.0018"
"","304.0180","1.6808","0.0018"
"","304.1180","1.6707","0.0017"
"","304.2180","1.6605","0.0017"
"","304.3180","1.6508","0.0016"
"","304.4180","1.6406","0.0016"
"","304.5180","1.6306","0.0015"
"","304.6180","1.6206","0.0015"
"","304.7180","1.6107","0.0014"
"","304.8180","1.6006","0.0014"
"","304.9180","1.5906","0.0014"
"","305.0180","1.5807","0.0013"
"","305.1180","1.5705","0.0013"
"","305.2180","1.5606","0.0012"
"","305.3180","1.5507","0.0012"
"","305.4180","1.5408","0.0012"
"","305.5180","1.5305","0.0011"
"","305.6180","1.5206","0.0011"
"","305.7180","1.5108","0.0010"
"","305.8180","1.5006","0.0010"
"","305.9180","1.4905","0.0010"
"","306.0180","1.4806","0.0009"
"","306.1180","1.4709","0.0009"
"","306.2180","1.4605","0.0009"
"","306.3180","1.4505","0.0008"
"","306.4180","1.4407","0.0008"
"","306.5180","1.4308","0.0008"
"","306.6180","1.4206","0.0008"
"","306.7180","1.4105","0.0007"
"","306.8180","1.4008","0.0007"
"","306.9180","1.3907","0.0007"
"","307.0180","1.3806","0.0006"
"","307.1180","1.3705","0.0006"
"","307.2180","1.3607","0.0006"
"","307.3180","1.3507","0.0005"
"","307.4180","1.3406","0.0005"
"","307.5180","1.3308","0.0005"
"","307.6180","1.3204","0.0005"
"","307.7180","1.3106","0.0005"
"","307.8180","1.3007","0.0004"
"","307.9180","1.2909","0.0004"
"","308.0180","1.2805","0.0004"
"","308.1180","1.2706","0.0004"
"","308.2180","1.2608","0.0003"
"","308.3180","1.2507","0.0003"
"","308.4180","1.2405","0.0003"
"","308.5180","1.2305","0.0003"
"","308.6180","1.2209","0.0003"
"","308.7180","1.2106","0.0002"
"","308.8180","1.2004","0.0002"
"","308.9180","1.1906","0.0002"
"","309.0180","1.1808","0.0002"
"","309.1180","1.1707","0.0002"
"","309.2180","1.1605","0.0001"
"","309.3180","1.1507","0.0001"
"","309.4180","1.1407","0.0001"
"","309.5180","1.1305","0.0001"
"","309.6180","1.1205","0.0001"
"","309.7180","1.1108","0.0001"
"","309.8180","1.1007","0.0000"
"","309.9180","1.0906","0.0000"
"","310.0180","1.0807","0.0000"
"","310.1180","1.0705","0.0000"
"","310.2180","1.0607","0.0000"
"","310.3180","1.0506","0.0000"
"","310.4180","1.0408","-0.0001"
"","310.5180","1.0305","-0.0001"
"","310.6180","1.0206","-0.0001"
"","310.7180","1.0108","-0.0001"
"","310.8180","1.0007","-0.0001"
"","310.9180","0.9905","-0.0001"
"","311.0180","0.9805","-0.0002"
"","311.1180","0.9709","-0.0002"
"","311.2180","0.9606","-0.0002"
"","311.3180","0.9505","-0.0002"
"","311.4180","0.9406","-0.0002"
"","311.5180","0.9308","-0.0002"
"","311.6180","0.9207","-0.0002"
"","311.7180","0.9105","-0.0003"
"","311.8180","0.9008","-0.0003"
"","311.9180","0.8906","-0.0003"
"","312.0180","0.8806","-0.0003"
"","312.1180","0.8705","-0.0003"
"","312.2180","0.8608","-0.0003"
"","312.3180","0.8506","-0.0003"
"","312.4180","0.8406","-0.0003"
"","312.5180","0.8308","-0.0004"
"","312.6180","0.8205","-0.0004"
"","312.7180","0.8107","-0.0004"
"","312.8180","0.8006","-0.0004"
"","312.9180","0.7908","-0.0004"
"","313.0180","0.7805","-0.0004"
"","313.1180","0.7706","-0.0004"
"","313.2180","0.7608","-0.0005"
"","313.3180","0.7507","-0.0005"
"","313.4180","0.7405","-0.0005"
"","313.5180","0.7306","-0.0005"
"","313.6180","0.7209","-0.0005"
"","313.7180","0.7105","-0.0005"
"","313.8180","0.7005","-0.0005"
"","313.9180","0.6907","-0.0005"
"","314.0180","0.6808","-0.0005"
"","314.1180","0.6705","-0.0006"
"","314.2180","0.6605","-0.0006"
"","314.3180","0.6508","-0.0006"
"","314.4180","0.6406","-0.0006"
"","314.5180","0.6305","-0.0006"
"","314.6180","0.6206","-0.0006"
"","314.7180","0.6107","-0.0006"
"","314.8180","0.6006","-0.0006"
"","314.9180","0.5906","-0.0007"
"","315.0180","0.5808","-0.0007"
"","315.1180","0.5705","-0.0007"
"","315.2180","0.5606","-0.0007"
"","315.3180","0.5506","-0.0007"
"","315.4180","0.5408","-0.0007"
"","315.5180","0.5304","-0.0007"
"","315.6180","0.5206","-0.0007"
"","315.7180","0.5108","-0.0007"
"","315.8180","0.5007","-0.0008"
"","315.9180","0.4905","-0.0008"
"","316.0180","0.4806","-0.0008"
"","316.1180","0.4709","-0.0008"
"","316.2180","0.4606","-0.0008"
"","316.3180","0.4504","-0.0008"
"","316.4180","0.4406","-0.0008"
"","316.5180","0.4308","-0.0008"
"","316.6180","0.4207","-0.0008"
"","316.7180","0.4105","-0.0008"
"","316.8180","0.4007","-0.0009"
"","316.9180","0.3907","-0.0009"
"","317.0180","0.3805","-0.0009"
"","317.1180","0.3705","-0.0009"
"","317.2180","0.3607","-0.0009"
"","317.3180","0.3507","-0.0009"
"","317.4180","0.3406","-0.0009"
"","317.5180","0.3307","-0.0009"
"","317.6180","0.3205","-0.0009"
"","317.7180","0.3106","-0.0009"
"","317.8180","0.3005","-0.0010"
"","317.9180","0.2908","-0.0010"
"","318.0180","0.2806","-0.0010"
"","318.1180","0.2708","-0.0010"
"","318.2180","0.2608","-0.0010"
"","318.3180","0.2507","-0.0010"
"","318.4180","0.2405","-0.0010"
"","318.5180","0.2306","-0.0010"
"","318.6180","0.2209","-0.0010"
"","318.7180","0.2105","-0.0010"
"","318.8180","0.2005","-0.0010"
"","318.9180","0.1906","-0.0011"
"","319.0180","0.1808","-0.0011"
"","319.1180","0.1706","-0.0011"
"","319.2180","0.1605","-0.0011"
"","319.3180","0.1508","-0.0011"
"","319.4180","0.1406","-0.0011"
"","319.5180","0.1306","-0.0011"
"","319.6180","0.1206","-0.0011"
"","319.7180","0.1107","-0.0011"
"","319.8180","0.1006","-0.0011"
"","319.9180","0.0906","-0.0012"
"","320.0180","0.0808","-0.0012"
"","320.1180","0.0705","-0.0012"
"","320.2180","0.0606","-0.0012"
"","320.3180","0.0506","-0.0012"
"","320.4180","0.0408","-0.0012"
"","320.5180","0.0305","-0.0012"
"","320.6180","0.0206","-0.0012"
"","320.7180","0.0108","-0.0012"
"","320.8180","0.0007","-0.0012"
"","320.8250","0.0000","-0.0012"
"","320.8260","-0.0001","-0.0012"
"","320.8270","-0.0002","-0.0012"
"","320.9270","-0.0007","-0.0012"
"","321.0270","0.0071","-0.0012"
"","321.1270","0.0187","-0.0012"
"","321.2270","0.0293","-0.0012"
"","321.3270","0.0394","-0.0011"
"","321.4270","0.0492","-0.0011"
"","321.5270","0.0593","-0.0011"
"","321.6270","0.0694","-0.0011"
"","321.7270","0.0794","-0.0011"
"","321.8270","0.0890","-0.0011"
"","321.9270","0.0993","-0.0011"
"","322.0270","0.1094","-0.0011"
"","322.1270","0.1194","-0.0010"
"","322.2270","0.1292","-0.0010"
"","322.3270","0.1394","-0.0010"
"","322.4270","0.1494","-0.0010"
"","322.5270","0.1592","-0.0010"
"","322.6270","0.1693","-0.0010"
"","322.7270","0.1793","-0.0010"
"","322.8270","0.1893","-0.0009"
"","322.9270","0.1993","-0.0009"
"","323.0270","0.2094","-0.0009"
"","323.1270","0.2194","-0.0009"
"","323.2270","0.2291","-0.0009"
"","323.3270","0.2395","-0.0009"
"","323.4270","0.2494","-0.0009"
"","323.5270","0.2593","-0.0008"
"","323.6270","0.2691","-0.0008"
"","323.7270","0.2793","-0.0008"
"","323.8270","0.2892","-0.0008"
"","323.9270","0.2991","-0.0008"
"","324.0270","0.3094","-0.0008"
"","324.1270","0.3194","-0.0008"
"","324.2270","0.3295","-0.0008"
"","324.3270","0.3390","-0.0007"
"","324.4270","0.3492","-0.0007"
"","324.5270","0.3594","-0.0007"
"","324.6270","0.3694","-0.0007"
"","324.7270","0.3792","-0.0007"
"","324.8270","0.3894","-0.0007"
"","324.9270","0.3994","-0.0007"
"","325.0270","0.4093","-0.0006"
"","325.1270","0.4193","-0.0006"
"","325.2270","0.4293","-0.0006"
"","325.3270","0.4393","-0.0006"
"","325.4270","0.4493","-0.0006"
"","325.5270","0.4593","-0.0006"
"","325.6270","0.4693","-0.0006"
"","325.7270","0.4791","-0.0005"
"","325.8270","0.4895","-0.0005"
"","325.9270","0.4993","-0.0005"
"","326.0270","0.5093","-0.0005"
"","326.1270","0.5191","-0.0005"
"","326.2270","0.5294","-0.0005"
"","326.3270","0.5393","-0.0004"
"","326.4270","0.5493","-0.0004"
"","326.5270","0.5594","-0.0004"
"","326.6270","0.5694","-0.0004"
"","326.7270","0.5795","-0.0004"
"","326.8270","0.5890","-0.0004"
"","326.9270","0.5994","-0.0003"
"","327.0270","0.6093","-0.0003"
"","327.1270","0.6194","-0.0003"
"","327.2270","0.6293","-0.0003"
"","327.3270","0.6394","-0.0003"
"","327.4270","0.6494","-0.0003"
"","327.5270","0.6592","-0.0003"
"","327.6270","0.6694","-0.0002"
"","327.7270","0.6794","-0.0002"
"","327.8270","0.6894","-0.0002"
"","327.9270","0.6993","-0.0002"
"","328.0270","0.7094","-0.0002"
"","328.1270","0.7194","-0.0002"
"","328.2270","0.7291","-0.0002"
"","328.3270","0.7394","-0.0001"
"","328.4270","0.7494","-0.0001"
"","328.5270","0.7593","-0.0001"
"","328.6270","0.7691","-0.0001"
"","328.7270","0.7794","-0.0001"
"","328.8270","0.7894","-0.0001"
"","328.9270","0.7992","0.0000"
"","329.0270","0.8093","0.0000"
"","329.1270","0.8194","0.0000"
"","329.2270","0.8295","0.0000"
"","329.3270","0.8390","0.0000"
"","329.4270","0.8493","0.0000"
"","329.5270","0.8594","0.0000"
"","329.6270","0.8694","0.0000"
"","329.7270","0.8792","0.0001"
"","329.8270","0.8894","0.0001"
"","329.9270","0.8994","0.0001"
"","330.0270","0.9092","0.0001"
"","330.1270","0.9193","0.0002"
"","330.2270","0.9293","0.0002"
"","330.3270","0.9393","0.0002"
"","330.4270","0.9493","0.0002"
"","330.5270","0.9594","0.0002"
"","330.6270","0.9693","0.0002"
"","330.7270","0.9791","0.0003"
"","330.8270","0.9895","0.0003"
"","330.9270","0.9994","0.0003"
"","331.0270","1.0093","0.0003"
"","331.1270","1.0191","0.0003"
"","331.2270","1.0294","0.0004"
"","331.3270","1.0395","0.0004"
"","331.4270","1.0492","0.0004"
"","331.5270","1.0593","0.0004"
"","331.6270","1.0694","0.0004"
"","331.7270","1.0795","0.0005"
"","331.8270","1.0890","0.0005"
"","331.9270","1.0992","0.0005"
"","332.0270","1.1094","0.0005"
"","332.1270","1.1194","0.0006"
"","332.2270","1.1292","0.0006"
"","332.3270","1.1394","0.0006"
"","332.4270","1.1494","0.0006"
"","332.5270","1.1593","0.0007"
"","332.6270","1.1693","0.0007"
"","332.7270","1.1793","0.0007"
"","332.8270","1.1893","0.0008"
"","332.9270","1.1993","0.0008"
"","333.0270","1.2094","0.0008"
"","333.1270","1.2193","0.0008"
"","333.2270","1.2291","0.0008"
"","333.3270","1.2395","0.0009"
"","333.4270","1.2494","0.0009"
"","333.5270","1.2593","0.0010"
"","333.6270","1.2691","0.0010"
"","333.7270","1.2794","0.0010"
"","333.8270","1.2894","0.0011"
"","333.9270","1.2992","0.0011"
"","334.0270","1.3093","0.0011"
"","334.1270","1.3194","0.0012"
"","334.2270","1.3296","0.0012"
"","334.3270","1.3390","0.0013"
"","334.4270","1.3493","0.0013"
"","334.5270","1.3593","0.0013"
"","334.6270","1.3694","0.0014"
"","334.7270","1.3793","0.0014"
"","334.8270","1.3894","0.0015"
"","334.9270","1.3993","0.0015"
"","335.0270","1.4091","0.0015"
"","335.1270","1.4195","0.0016"
"","335.2270","1.4293","0.0016"
"","335.3270","1.4393","0.0017"
"","335.4270","1.4492","0.0017"
"","335.5270","1.4595","0.0018"
"","335.6270","1.4694","0.0018"
"","335.7270","1.4791","0.0019"
"","335.8270","1.4894","0.0020"
"","335.9270","1.4995","0.0020"
"","336.0270","1.5093","0.0021"
"","336.1270","1.5191","0.0021"
"","336.2270","1.5294","0.0022"
"","336.3270","1.5394","0.0022"
"","336.4270","1.5492","0.0023"
"","336.5270","1.5592","0.0024"
"","336.6270","1.5694","0.0024"
"","336.7270","1.5794","0.0025"
"","336.8270","1.5891","0.0026"
"","336.9270","1.5993","0.0026"
"","337.0270","1.6094","0.0027"
"","337.1270","1.6193","0.0028"
"","337.2270","1.6293","0.0029"
"","337.3270","1.6394","0.0029"
"","337.4270","1.6494","0.0030"
"","337.5270","1.6591","0.0031"
"","337.6270","1.6694","0.0032"
"","337.7270","1.6793","0.0033"
"","337.8270","1.6894","0.0033"
"","337.9270","1.6992","0.0034"
"","338.0270","1.7094","0.0035"
"","338.1270","1.7194","0.0036"
"","338.2270","1.7291","0.0037"
"","338.3270","1.7394","0.0037"
"","338.4270","1.7494","0.0038"
"","338.5270","1.7594","0.0039"
"","338.6270","1.7691","0.0040"
"","338.7270","1.7794","0.0041"
"","338.8270","1.7895","0.0042"
"","338.9270","1.7992","0.0043"
"","339.0270","1.8093","0.0045"
"","339.1270","1.8194","0.0045"
"","339.2270","1.8295","0.0047"
"","339.3270","1.8390","0.0048"
"","339.4270","1.8492","0.0049"
"","339.5270","1.8594","0.0050"
"","339.6270","1.8694","0.0051"
"","339.7270","1.8793","0.0052"
"","339.8270","1.8894","0.0054"
"","339.9270","1.8994","0.0055"
"","340.0270","1.9092","0.0056"
"","340.1270","1.9193","0.0058"
"","340.2270","1.9293","0.0059"
"","340.3270","1.9393","0.0060"
"","340.4270","1.9493","0.0062"
"","340.5270","1.9594","0.0063"
"","340.6270","1.9693","0.0065"
"","340.7270","1.9791","0.0066"
"","340.8270","1.9895","0.0068"
"","340.9270","1.9994","0.0070"
"","341.0270","2.0093","0.0071"
"","341.1270","2.0190","0.0073"
"","341.2270","2.0295","0.0075"
"","341.3270","2.0395","0.0076"
"","341.4270","2.0492","0.0078"
"","341.5270","2.0594","0.0080"
"","341.6270","2.0694","0.0082"
"","341.7270","2.0796","0.0083"
"","341.8270","2.0890","0.0085"
"","341.9270","2.0994","0.0087"
"","342.0270","2.1093","0.0089"
"","342.1270","2.1194","0.0091"
"","342.2270","2.1292","0.0093"
"","342.3270","2.1394","0.0095"
"","342.4270","2.1494","0.0097"
"","342.5270","2.1592","0.0099"
"","342.6270","2.1694","0.0101"
"","342.7270","2.1793","0.0103"
"","342.8270","2.1894","0.0106"
"","342.9270","2.1993","0.0108"
"","343.0270","2.2094","0.0110"
"","343.1270","2.2193","0.0112"
"","343.2270","2.2291","0.0115"
"","343.3270","2.2395","0.0117"
"","343.4270","2.2494","0.0120"
"","343.5270","2.2593","0.0123"
"","343.6270","2.2691","0.0125"
"","343.7270","2.2794","0.0128"
"","343.8270","2.2894","0.0131"
"","343.9270","2.2992","0.0134"
"","344.0270","2.3092","0.0137"
"","344.1270","2.3194","0.0140"
"","344.2270","2.3295","0.0143"
"","344.3270","2.3390","0.0146"
"","344.4270","2.3492","0.0149"
"","344.5270","2.3594","0.0152"
"","344.6270","2.3694","0.0156"
"","344.7270","2.3793","0.0159"
"","344.8270","2.3894","0.0162"
"","344.9270","2.3994","0.0166"
"","345.0270","2.4092","0.0169"
"","345.1270","2.4194","0.0173"
"","345.2270","2.4294","0.0177"
"","345.3270","2.4393","0.0181"
"","345.4270","2.4493","0.0184"
"","345.5270","2.4594","0.0188"
"","345.6270","2.4693","0.0192"
"","345.7270","2.4791","0.0196"
"","345.8270","2.4895","0.0201"
"","345.9270","2.4994","0.0205"
"","346.0270","2.5094","0.0209"
"","346.1270","2.5191","0.0214"
"","346.2270","2.5293","0.0218"
"","346.3270","2.5395","0.0223"
"","346.4270","2.5492","0.0227"
"","346.5270","2.5593","0.0232"
"","346.6270","2.5694","0.0237"
"","346.7270","2.5795","0.0243"
"","346.8270","2.5890","0.0248"
"","346.9270","2.5992","0.0253"
"","347.0270","2.6094","0.0259"
"","347.1270","2.6194","0.0264"
"","347.2270","2.6292","0.0270"
"","347.3270","2.6393","0.0276"
"","347.4270","2.6493","0.0281"
"","347.5270","2.6592","0.0287"
"","347.6270","2.6693","0.0293"
"","347.7270","2.6793","0.0300"
"","347.8270","2.6892","0.0306"
"","347.9270","2.6993","0.0313"
"","348.0270","2.7093","0.0318"
"","348.1270","2.7193","0.0320"
"","348.2270","2.7291","0.0320"
"","348.3270","2.7395","0.0321"
"","348.4270","2.7495","0.0321"
"","348.5270","2.7593","0.0321"
"","348.6270","2.7691","0.0320"
"","348.7270","2.7793","0.0320"
"","348.8270","2.7894","0.0320"
"","348.9270","2.7992","0.0320"
"","349.0270","2.8094","0.0320"
"","349.1270","2.8194","0.0321"
"","349.2270","2.8296","0.0321"
"","349.3270","2.8390","0.0321"
"","349.4270","2.8493","0.0322"
"","349.5270","2.8593","0.0322"
"","349.6270","2.8694","0.0323"
"","349.7270","2.8792","0.0324"
"","349.8270","2.8894","0.0327"
"","349.9270","2.8994","0.0331"
"","350.0270","2.9092","0.0335"
"","350.1270","2.9194","0.0342"
"","350.2270","2.9294","0.0350"
"","350.3270","2.9394","0.0357"
"","350.4270","2.9493","0.0365"
"","350.5270","2.9594","0.0372"
"","350.6270","2.9694","0.0380"
"","350.7270","2.9791","0.0387"
"","350.8270","2.9894","0.0395"
"","350.9270","2.9995","0.0403"
"","351.0270","3.0093","0.0411"
"","351.1270","3.0191","0.0419"
"","351.2270","3.0293","0.0429"
"","351.3270","3.0394","0.0439"
"","351.4270","3.0492","0.0448"
"","351.5270","3.0593","0.0458"
"","351.6270","3.0694","0.0468"
"","351.7270","3.0795","0.0479"
"","351.8270","3.0890","0.0489"
"","351.9270","3.0993","0.0500"
"","352.0270","3.1094","0.0511"
"","352.1270","3.1194","0.0522"
"","352.2270","3.1292","0.0533"
"","352.3270","3.1393","0.0545"
"","352.4270","3.1494","0.0556"
"","352.5270","3.1592","0.0568"
"","352.6270","3.1693","0.0580"
"","352.7270","3.1793","0.0592"
"","352.8270","3.1893","0.0604"
"","352.9270","3.1993","0.0617"
"","353.0270","3.2094","0.0629"
"","353.1270","3.2193","0.0642"
"","353.2270","3.2291","0.0655"
"","353.3270","3.2394","0.0668"
"","353.4270","3.2494","0.0681"
"","353.5270","3.2593","0.0695"
"","353.6270","3.2690","0.0708"
"","353.7270","3.2794","0.0722"
"","353.8270","3.2895","0.0736"
"","353.9270","3.2992","0.0749"
"","354.0270","3.3093","0.0764"
"","354.1270","3.3194","0.0778"
"","354.2270","3.3295","0.0792"
"","354.3270","3.3390","0.0806"
"","354.4270","3.3492","0.0821"
"","354.5270","3.3593","0.0836"
"","354.6270","3.3694","0.0851"
"","354.7270","3.3793","0.0866"
"","354.8270","3.3894","0.0881"
"","354.9270","3.3994","0.0896"
"","355.0270","3.4092","0.0911"
"","355.1270","3.4193","0.0927"
"","355.2270","3.4293","0.0942"
"","355.3270","3.4393","0.0958"
"","355.4270","3.4493","0.0974"
"","355.5270","3.4594","0.0990"
"","355.6270","3.4693","0.1006"
"","355.7270","3.4791","0.1022"
"","355.8270","3.4895","0.1039"
"","355.9270","3.4993","0.1055"
"","356.0270","3.5093","0.1071"
"","356.1270","3.5191","0.1088"
"","356.2270","3.5294","0.1105"
"","356.3270","3.5393","0.1122"
"","356.4270","3.5492","0.1138"
"","356.5270","3.5594","0.1156"
"","356.6270","3.5694","0.1173"
"","356.7270","3.5795","0.1190"
"","356.8270","3.5889","0.1206"
"","356.9270","3.5994","0.1225"
"","357.0270","3.6094","0.1242"
"","357.1270","3.6193","0.1260"
"","357.2270","3.6292","0.1278"
"","357.3270","3.6394","0.1296"
"","357.4270","3.6495","0.1314"
"","357.5270","3.6591","0.1332"
"","357.6270","3.6693","0.1351"
"","357.7270","3.6794","0.1369"
"","357.8270","3.6894","0.1388"
"","357.9270","3.6992","0.1406"
"","358.0270","3.7094","0.1425"
"","358.1270","3.7194","0.1444"
"","358.2270","3.7292","0.1462"
"","358.3270","3.7394","0.1481"
"","358.4270","3.7494","0.1500"
"","358.5270","3.7594","0.1519"
"","358.6270","3.7691","0.1538"
"","358.7270","3.7794","0.1558"
"","358.8270","3.7894","0.1578"
"","358.9270","3.7992","0.1597"
"","359.0270","3.8093","0.1617"
"","359.1270","3.8194","0.1637"
"","359.2270","3.8294","0.1657"
"","359.3270","3.8390","0.1676"
"","359.4270","3.8493","0.1697"
"","359.5270","3.8594","0.1717"
"","359.6270","3.8693","0.1737"
"","359.7270","3.8791","0.1756"
"","359.8270","3.8894","0.1778"
"","359.9270","3.8995","0.1798"
"","360.0270","3.9091","0.1817"
"","360.1270","3.9193","0.1838"
"","360.2270","3.9294","0.1859"
"","360.3270","3.9393","0.1879"
"","360.4270","3.9493","0.1899"
"","360.5270","3.9594","0.1920"
"","360.6270","3.9693","0.1941"
"","360.7270","3.9791","0.1960"
"","360.8270","3.9895","0.1982"
"","360.9270","3.9993","0.2001"
"","360.9340","4.0000","0.2003"
"","360.9350","4.0001","0.2003"
"","360.9360","4.0002","0.2003"
"","361.0360","4.0009","0.1999"
"","361.1360","3.9934","0.1973"
"","361.2360","3.9814","0.1933"
"","361.3360","3.9714","0.1901"
"","361.4360","3.9610","0.1868"
"","361.5360","3.9509","0.1838"
"","361.6360","3.9409","0.1807"
"","361.7360","3.9311","0.1778"
"","361.8360","3.9210","0.1749"
"","361.9360","3.9108","0.1720"
"","362.0360","3.9011","0.1692"
"","362.1360","3.8909","0.1664"
"","362.2360","3.8809","0.1636"
"","362.3360","3.8709","0.1609"
"","362.4360","3.8611","0.1582"
"","362.5360","3.8509","0.1555"
"","362.6360","3.8409","0.1528"
"","362.7360","3.8311","0.1503"
"","362.8360","3.8209","0.1477"
"","362.9360","3.8109","0.1451"
"","363.0360","3.8009","0.1426"
"","363.1360","3.7911","0.1401"
"","363.2360","3.7808","0.1376"
"","363.3360","3.7709","0.1352"
"","363.4360","3.7611","0.1328"
"","363.5360","3.7509","0.1304"
"","363.6360","3.7409","0.1281"
"","363.7360","3.7309","0.1258"
"","363.8360","3.7211","0.1235"
"","363.9360","3.7108","0.1212"
"","364.0360","3.7008","0.1190"
"","364.1360","3.6910","0.1168"
"","364.2360","3.6811","0.1147"
"","364.3360","3.6709","0.1124"
"","364.4360","3.6608","0.1103"
"","364.5360","3.6511","0.1083"
"","364.6360","3.6409","0.1062"
"","364.7360","3.6308","0.1041"
"","364.8360","3.6209","0.1021"
"","364.9360","3.6111","0.1002"
"","365.0360","3.6010","0.0982"
"","365.1360","3.5908","0.0962"
"","365.2360","3.5811","0.0944"
"","365.3360","3.5708","0.0924"
"","365.4360","3.5609","0.0906"
"","365.5360","3.5509","0.0888"
"","365.6360","3.5411","0.0870"
"","365.7360","3.5308","0.0852"
"","365.8360","3.5209","0.0835"
"","365.9360","3.5111","0.0818"
"","366.0360","3.5010","0.0800"
"","366.1360","3.4908","0.0783"
"","366.2360","3.4809","0.0767"
"","366.3360","3.4712","0.0752"
"","366.4360","3.4609","0.0735"
"","366.5360","3.4508","0.0719"
"","366.6360","3.4409","0.0704"
"","366.7360","3.4311","0.0689"
"","366.8360","3.4210","0.0674"
"","366.9360","3.4109","0.0659"
"","367.0360","3.4010","0.0645"
"","367.1360","3.3910","0.0631"
"","367.2360","3.3809","0.0616"
"","367.3360","3.3709","0.0603"
"","367.4360","3.3610","0.0590"
"","367.5360","3.3510","0.0576"
"","367.6360","3.3409","0.0563"
"","367.7360","3.3311","0.0551"
"","367.8360","3.3208","0.0538"
"","367.9360","3.3109","0.0526"
"","368.0360","3.3009","0.0514"
"","368.1360","3.2911","0.0502"
"","368.2360","3.2808","0.0491"
"","368.3360","3.2709","0.0480"
"","368.4360","3.2611","0.0469"
"","368.5360","3.2511","0.0458"
"","368.6360","3.2408","0.0448"
"","368.7360","3.2308","0.0438"
"","368.8360","3.2212","0.0428"
"","368.9360","3.2109","0.0418"
"","369.0360","3.2008","0.0409"
"","369.1360","3.1909","0.0399"
"","369.2360","3.1811","0.0390"
"","369.3360","3.1709","0.0381"
"","369.4360","3.1608","0.0373"
"","369.5360","3.1510","0.0364"
"","369.6360","3.1409","0.0356"
"","369.7360","3.1310","0.0348"
"","369.8360","3.1210","0.0340"
"","369.9360","3.1110","0.0333"
"","370.0360","3.1009","0.0327"
"","370.1360","3.0909","0.0322"
"","370.2360","3.0811","0.0317"
"","370.3360","3.0708","0.0316"
"","370.4360","3.0610","0.0316"
"","370.5360","3.0510","0.0315"
"","370.6360","3.0411","0.0314"
"","370.7360","3.0308","0.0314"
"","370.8360","3.0209","0.0314"
"","370.9360","3.0111","0.0314"
"","371.0360","3.0010","0.0314"
"","371.1360","2.9908","0.0314"
"","371.2360","2.9809","0.0314"
"","371.3360","2.9712","0.0314"
"","371.4360","2.9609","0.0314"
"","371.5360","2.9508","0.0314"
"","371.6360","2.9409","0.0314"
"","371.7360","2.9311","0.0314"
"","371.8360","2.9210","0.0313"
"","371.9360","2.9108","0.0313"
"","372.0360","2.9011","0.0312"
"","372.1360","2.8909","0.0308"
"","372.2360","2.8809","0.0305"
"","372.3360","2.8710","0.0299"
"","372.4360","2.8610","0.0293"
"","372.5360","2.8509","0.0287"
"","372.6360","2.8409","0.0280"
"","372.7360","2.8312","0.0273"
"","372.8360","2.8207","0.0266"
"","372.9360","2.8108","0.0259"
"","373.0360","2.8009","0.0253"
"","373.1360","2.7912","0.0247"
"","373.2360","2.7808","0.0241"
"","373.3360","2.7709","0.0236"
"","373.4360","2.7612","0.0230"
"","373.5360","2.7510","0.0225"
"","373.6360","2.7408","0.0219"
"","373.7360","2.7308","0.0215"
"","373.8360","2.7212","0.0210"
"","373.9360","2.7109","0.0205"
"","374.0360","2.7008","0.0200"
"","374.1360","2.6909","0.0196"
"","374.2360","2.6812","0.0191"
"","374.3360","2.6710","0.0187"
"","374.4360","2.6608","0.0183"
"","374.5360","2.6510","0.0179"
"","374.6360","2.6410","0.0175"
"","374.7360","2.6308","0.0171"
"","374.8360","2.6209","0.0167"
"","374.9360","2.6110","0.0164"
"","375.0360","2.6010","0.0160"
"","375.1360","2.5909","0.0157"
"","375.2360","2.5811","0.0153"
"","375.3360","2.5708","0.0150"
"","375.4360","2.5609","0.0146"
"","375.5360","2.5508","0.0143"
"","375.6360","2.5411","0.0140"
"","375.7360","2.5308","0.0137"
"","375.8360","2.5209","0.0134"
"","375.9360","2.5111","0.0132"
"","376.0360","2.5010","0.0129"
"","376.1360","2.4908","0.0126"
"","376.2360","2.4809","0.0124"
"","376.3360","2.4712","0.0121"
"","376.4360","2.4609","0.0118"
"","376.5360","2.4508","0.0116"
"","376.6360","2.4409","0.0114"
"","376.7360","2.4311","0.0111"
"","376.8360","2.4209","0.0109"
"","376.9360","2.4108","0.0107"
"","377.0360","2.4010","0.0104"
"","377.1360","2.3909","0.0102"
"","377.2360","2.3810","0.0100"
"","377.3360","2.3709","0.0098"
"","377.4360","2.3609","0.0096"
"","377.5360","2.3509","0.0094"
"","377.6360","2.3409","0.0093"
"","377.7360","2.3311","0.0091"
"","377.8360","2.3208","0.0089"
"","377.9360","2.3110","0.0087"
"","378.0360","2.3010","0.0085"
"","378.1360","2.2911","0.0083"
"","378.2360","2.2808","0.0081"
"","378.3360","2.2710","0.0080"
"","378.4360","2.2611","0.0078"
"","378.5360","2.2510","0.0076"
"","378.6360","2.2408","0.0075"
"","378.7360","2.2309","0.0073"
"","378.8360","2.2212","0.0071"
"","378.9360","2.2109","0.0070"
"","379.0360","2.2008","0.0068"
"","379.1360","2.1910","0.0067"
"","379.2360","2.1811","0.0065"
"","379.3360","2.1709","0.0063"
"","379.4360","2.1608","0.0062"
"","379.5360","2.1510","0.0060"
"","379.6360","2.1410","0.0059"
"","379.7360","2.1309","0.0057"
"","379.8360","2.1209","0.0056"
"","379.9360","2.1110","0.0055"
"","380.0360","2.1010","0.0053"
"","380.1360","2.0909","0.0052"
"","380.2360","2.0811","0.0051"
"","380.3360","2.0707","0.0049"
"","380.4360","2.0608","0.0048"
"","380.5360","2.0510","0.0047"
"","380.6360","2.0412","0.0046"
"","380.7360","2.0308","0.0044"
"","380.8360","2.0209","0.0043"
"","380.9360","2.0111","0.0042"
"","381.0360","2.0011","0.0041"
"","381.1360","1.9908","0.0040"
"","381.2360","1.9808","0.0039"
"","381.3360","1.9712","0.0038"
"","381.4360","1.9609","0.0037"
"","381.5360","1.9508","0.0036"
"","381.6360","1.9409","0.0035"
"","381.7360","1.9311","0.0034"
"","381.8360","1.9210","0.0034"
"","381.9360","1.9109","0.0033"
"","382.0360","1.9011","0.0032"
"","382.1360","1.8909","0.0031"
"","382.2360","1.8808","0.0030"
"","382.3360","1.8708","0.0029"
"","382.4360","1.8611","0.0028"
"","382.5360","1.8509","0.0028"
"","382.6360","1.8409","0.0027"
"","382.7360","1.8310","0.0026"
"","382.8360","1.8209","0.0025"
"","382.9360","1.8108","0.0025"
"","383.0360","1.8009","0.0024"
"","383.1360","1.7911","0.0023"
"","383.2360","1.7808","0.0023"
"","383.3360","1.7708","0.0022"
"","383.4360","1.7610","0.0021"
"","383.5360","1.7510","0.0021"
"","383.6360","1.7409","0.0020"
"","383.7360","1.7308","0.0019"
"","383.8360","1.7212","0.0019"
"","383.9360","1.7109","0.0018"
"","384.0360","1.7008","0.0018"
"","384.1360","1.6909","0.0017"
"","384.2360","1.6811","0.0017"
"","384.3360","1.6710","0.0016"
"","384.4360","1.6608","0.0016"
"","384.5360","1.6511","0.0015"
"","384.6360","1.6409","0.0015"
"","384.7360","1.6309","0.0014"
"","384.8360","1.6209","0.0014"
"","384.9360","1.6110","0.0014"
"","385.0360","1.6009","0.0013"
"","385.1360","1.5909","0.0013"
"","385.2360","1.5811","0.0012"
"","385.3360","1.5708","0.0012"
"","385.4360","1.5609","0.0012"
"","385.5360","1.5510","0.0011"
"","385.6360","1.5411","0.0011"
"","385.7360","1.5308","0.0010"
"","385.8360","1.5209","0.0010"
"","385.9360","1.5111","0.0010"
"","386.0360","1.5010","0.0009"
"","386.1360","1.4908","0.0009"
"","386.2360","1.4809","0.0009"
"","386.3360","1.4712","0.0008"
"","386.4360","1.4609","0.0008"
"","386.5360","1.4508","0.0008"
"","386.6360","1.4410","0.0007"
"","386.7360","1.4311","0.0007"
"","386.8360","1.4209","0.0007"
"","386.9360","1.4108","0.0007"
"","387.0360","1.4011","0.0006"
"","387.1360","1.3910","0.0006"
"","387.2360","1.3809","0.0006"
"","387.3360","1.3709","0.0005"
"","387.4360","1.3610","0.0005"
"","387.5360","1.3509","0.0005"
"","387.6360","1.3409","0.0005"
"","387.7360","1.3311","0.0004"
"","387.8360","1.3207","0.0004"
"","387.9360","1.3109","0.0004"
"","388.0360","1.3009","0.0004"
"","388.1360","1.2912","0.0004"
"","388.2360","1.2808","0.0003"
"","388.3360","1.2709","0.0003"
"","388.4360","1.2611","0.0003"
"","388.5360","1.2510","0.0003"
"","388.6360","1.2408","0.0002"
"","388.7360","1.2309","0.0002"
"","388.8360","1.2212","0.0002"
"","388.9360","1.2109","0.0002"
"","389.0360","1.2007","0.0002"
"","389.1360","1.1909","0.0002"
"","389.2360","1.1812","0.0001"
"","389.3360","1.1710","0.0001"
"","389.4360","1.1609","0.0001"
"","389.5360","1.1510","0.0001"
"","389.6360","1.1410","0.0001"
"","389.7360","1.1308","0.0000"
"","389.8360","1.1209","0.0000"
"","389.9360","1.1111","0.0000"
"","390.0360","1.1010","0.0000"
"","390.1360","1.0909","0.0000"
"","390.2360","1.0811","0.0000"
"","390.3360","1.0709","-0.0001"
"","390.4360","1.0610","-0.0001"
"","390.5360","1.0509","-0.0001"
"","390.6360","1.0411","-0.0001"
"","390.7360","1.0308","-0.0001"
"","390.8360","1.0209","-0.0001"
"","390.9360","1.0111","-0.0002"
"","391.0360","1.0010","-0.0002"
"","391.1360","0.9908","-0.0002"
"","391.2360","0.9808","-0.0002"
"","391.3360","0.9712","-0.0002"
"","391.4360","0.9609","-0.0002"
"","391.5360","0.9508","-0.0003"
"","391.6360","0.9409","-0.0003"
"","391.7360","0.9311","-0.0003"
"","391.8360","0.9210","-0.0003"
"","391.9360","0.9108","-0.0003"
"","392.0360","0.9011","-0.0003"
"","392.1360","0.8909","-0.0003"
"","392.2360","0.8809","-0.0003"
"","392.3360","0.8709","-0.0004"
"","392.4360","0.8610","-0.0004"
"","392.5360","0.8509","-0.0004"
"","392.6360","0.8409","-0.0004"
"","392.7360","0.8311","-0.0004"
"","392.8360","0.8208","-0.0004"
"","392.9360","0.8110","-0.0004"
"","393.0360","0.8010","-0.0004"
"","393.1360","0.7911","-0.0005"
"","393.2360","0.7808","-0.0005"
"","393.3360","0.7709","-0.0005"
"","393.4360","0.7611","-0.0005"
"","393.5360","0.7510","-0.0005"
"","393.6360","0.7408","-0.0005"
"","393.7360","0.7309","-0.0005"
"","393.8360","0.7212","-0.0005"
"","393.9360","0.7108","-0.0005"
"","394.0360","0.7008","-0.0006"
"","394.1360","0.6910","-0.0006"
"","394.2360","0.6811","-0.0006"
"","394.3360","0.6709","-0.0006"
"","394.4360","0.6608","-0.0006"
"","394.5360","0.6511","-0.0006"
"","394.6360","0.6409","-0.0006"
"","394.7360","0.6308","-0.0006"
"","394.8360","0.6209","-0.0006"
"","394.9360","0.6110","-0.0007"
"","395.0360","0.6010","-0.0007"
"","395.1360","0.5909","-0.0007"
"","395.2360","0.5811","-0.0007"
"","395.3360","0.5708","-0.0007"
"","395.4360","0.5609","-0.0007"
"","395.5360","0.5509","-0.0007"
"","395.6360","0.5411","-0.0008"
"","395.7360","0.5307","-0.0008"
"","395.8360","0.5209","-0.0008"
"","395.9360","0.5111","-0.0008"
"","396.0360","0.5010","-0.0008"
"","396.1360","0.4908","-0.0008"
"","396.2360","0.4809","-0.0008"
"","396.3360","0.4712","-0.0008"
"","396.4360","0.4609","-0.0008"
"","396.5360","0.4507","-0.0008"
"","396.6360","0.4409","-0.0008"
"","396.7360","0.4312","-0.0009"
"","396.8360","0.4210","-0.0009"
"","396.9360","0.4108","-0.0009"
"","397.0360","0.4010","-0.0009"
"","397.1360","0.3910","-0.0009"
"","397.2360","0.3808","-0.0009"
"","397.3360","0.3708","-0.0009"
"","397.4360","0.3610","-0.0009"
"","397.5360","0.3510","-0.0009"
"","397.6360","0.3409","-0.0010"
"","397.7360","0.3311","-0.0010"
"","397.8360","0.3208","-0.0010"
"","397.9360","0.3109","-0.0010"
"","398.0360","0.3008","-0.0010"
"","398.1360","0.2911","-0.0010"
"","398.2360","0.2809","-0.0010"
"","398.3360","0.2710","-0.0010"
"","398.4360","0.2611","-0.0010"
"","398.5360","0.2510","-0.0010"
"","398.6360","0.2409","-0.0010"
"","398.7360","0.2309","-0.0011"
"","398.8360","0.2212","-0.0011"
"","398.9360","0.2109","-0.0011"
"","399.0360","0.2008","-0.0011"
"","399.1360","0.1909","-0.0011"
"","399.2360","0.1811","-0.0011"
"","399.3360","0.1709","-0.0011"
"","399.4360","0.1608","-0.0011"
"","399.5360","0.1511","-0.0011"
"","399.6360","0.1410","-0.0011"
"","399.7360","0.1309","-0.0011"
"","399.8360","0.1209","-0.0012"
"","399.9360","0.1109","-0.0012"
"","400.0360","0.1009","-0.0012"
"","400.1360","0.0909","-0.0012"
"","400.2360","0.0811","-0.0012"
"","400.3360","0.0708","-0.0012"
"","400.4360","0.0610","-0.0012"
"","400.5360","0.0509","-0.0012"
"","400.6360","0.0411","-0.0012"
"","400.7360","0.0308","-0.0012"
"","400.8360","0.0209","-0.0012"
"","400.9360","0.0111","-0.0012"
"","401.0360","0.0010","-0.0013"
"","401.0460","0.0000","-0.0013"

