1,Time,Displacement,Force
,(s),(mm),(kN)
"","0.0000","0.0000","0.0000"
"","0.1000","0.0035","0.0000"
"","0.2000","0.0120","0.0000"
"","0.3000","0.0237","0.0000"
"","0.4000","0.0337","0.0000"
"","0.5000","0.0440","0.0000"
"","0.6000","0.0541","0.0000"
"","0.7000","0.0638","0.0000"
"","0.8000","0.0741","0.0000"
"","0.9000","0.0840","0.0000"
"","1.0000","0.0940","0.0000"
"","1.1000","0.1038","0.0000"
"","1.2000","0.1141","0.0000"
"","1.3000","0.1240","0.0000"
"","1.4000","0.1338","0.0000"
"","1.5000","0.1440","0.0000"
"","1.6000","0.1541","0.0000"
"","1.7000","0.1640","0.0001"
"","1.8000","0.1737","0.0001"
"","1.9000","0.1840","0.0001"
"","2.0000","0.1941","0.0000"
"","2.1000","0.2039","0.0001"
"","2.2000","0.2139","0.0001"
"","2.3000","0.2240","0.0001"
"","2.4000","0.2342","0.0001"
"","2.5000","0.2437","0.0000"
"","2.6000","0.2539","0.0001"
"","2.7000","0.2640","0.0001"
"","2.8000","0.2740","0.0001"
"","2.9000","0.2839","0.0000"
"","3.0000","0.2940","0.0001"
"","3.1000","0.3041","0.0001"
"","3.2000","0.3138","0.0001"
"","3.3000","0.3241","0.0001"
"","3.4000","0.3339","0.0001"
"","3.5000","0.3440","0.0001"
"","3.6000","0.3538","0.0001"
"","3.7000","0.3641","0.0001"
"","3.8000","0.3740","0.0001"
"","3.9000","0.3839","0.0001"
"","4.0000","0.3940","0.0001"
"","4.1000","0.4040","0.0002"
"","4.2000","0.4140","0.0001"
"","4.3000","0.4237","0.0001"
"","4.4000","0.4340","0.0001"
"","4.5000","0.4441","0.0001"
"","4.6000","0.4539","0.0002"
"","4.7000","0.4639","0.0002"
"","4.8000","0.4740","0.0002"
"","4.9000","0.4841","0.0001"
"","5.0000","0.4937","0.0002"
"","5.1000","0.5040","0.0002"
"","5.2000","0.5140","0.0002"
"","5.3000","0.5240","0.0001"
"","5.4000","0.5339","0.0001"
"","5.5000","0.5441","0.0002"
"","5.6000","0.5541","0.0002"
"","5.7000","0.5638","0.0002"
"","5.8000","0.5741","0.0001"
"","5.9000","0.5840","0.0002"
"","6.0000","0.5940","0.0002"
"","6.1000","0.6038","0.0003"
"","6.2000","0.6141","0.0002"
"","6.3000","0.6240","0.0002"
"","6.4000","0.6339","0.0002"
"","6.5000","0.6439","0.0002"
"","6.6000","0.6541","0.0003"
"","6.7000","0.6640","0.0003"
"","6.8000","0.6737","0.0003"
"","6.9000","0.6839","0.0002"
"","7.0000","0.6942","0.0002"
"","7.1000","0.7039","0.0003"
"","7.2000","0.7139","0.0002"
"","7.3000","0.7241","0.0003"
"","7.4000","0.7342","0.0003"
"","7.5000","0.7438","0.0003"
"","7.6000","0.7539","0.0003"
"","7.7000","0.7640","0.0003"
"","7.8000","0.7739","0.0003"
"","7.9000","0.7839","0.0003"
"","8.0000","0.7940","0.0003"
"","8.1000","0.8041","0.0003"
"","8.2000","0.8138","0.0003"
"","8.3000","0.8241","0.0004"
"","8.4000","0.8340","0.0003"
"","8.5000","0.8440","0.0004"
"","8.6000","0.8538","0.0003"
"","8.7000","0.8641","0.0004"
"","8.8000","0.8740","0.0004"
"","8.9000","0.8838","0.0004"
"","9.0000","0.8940","0.0004"
"","9.1000","0.9041","0.0004"
"","9.2000","0.9140","0.0004"
"","9.3000","0.9237","0.0004"
"","9.4000","0.9340","0.0004"
"","9.5000","0.9441","0.0005"
"","9.6000","0.9539","0.0005"
"","9.7000","0.9639","0.0005"
"","9.8000","0.9740","0.0005"
"","9.9000","0.9841","0.0005"
"","10.0000","0.9938","0.0005"
"","10.1000","1.0039","0.0005"
"","10.2000","1.0140","0.0006"
"","10.3000","1.0240","0.0006"
"","10.4000","1.0339","0.0006"
"","10.5000","1.0440","0.0006"
"","10.6000","1.0540","0.0006"
"","10.7000","1.0638","0.0007"
"","10.8000","1.0741","0.0007"
"","10.9000","1.0840","0.0007"
"","11.0000","1.0940","0.0007"
"","11.1000","1.1038","0.0007"
"","11.2000","1.1141","0.0008"
"","11.3000","1.1240","0.0008"
"","11.4000","1.1339","0.0008"
"","11.5000","1.1440","0.0009"
"","11.6000","1.1541","0.0009"
"","11.7000","1.1640","0.0009"
"","11.8000","1.1737","0.0010"
"","11.9000","1.1840","0.0010"
"","12.0000","1.1941","0.0010"
"","12.1000","1.2040","0.0011"
"","12.2000","1.2139","0.0011"
"","12.3000","1.2240","0.0011"
"","12.4000","1.2341","0.0011"
"","12.5000","1.2438","0.0012"
"","12.6000","1.2540","0.0012"
"","12.7000","1.2640","0.0013"
"","12.8000","1.2740","0.0013"
"","12.9000","1.2839","0.0013"
"","13.0000","1.2941","0.0014"
"","13.1000","1.3040","0.0014"
"","13.2000","1.3137","0.0014"
"","13.3000","1.3241","0.0015"
"","13.4000","1.3340","0.0015"
"","13.5000","1.3439","0.0016"
"","13.6000","1.3538","0.0016"
"","13.7000","1.3641","0.0016"
"","13.8000","1.3741","0.0017"
"","13.9000","1.3839","0.0017"
"","14.0000","1.3939","0.0018"
"","14.1000","1.4041","0.0018"
"","14.2000","1.4140","0.0019"
"","14.3000","1.4236","0.0019"
"","14.4000","1.4339","0.0019"
"","14.5000","1.4441","0.0020"
"","14.6000","1.4539","0.0020"
"","14.7000","1.4639","0.0021"
"","14.8000","1.4740","0.0022"
"","14.9000","1.4842","0.0022"
"","15.0000","1.4937","0.0023"
"","15.1000","1.5039","0.0023"
"","15.2000","1.5139","0.0023"
"","15.3000","1.5239","0.0024"
"","15.4000","1.5338","0.0025"
"","15.5000","1.5441","0.0025"
"","15.6000","1.5541","0.0026"
"","15.7000","1.5638","0.0027"
"","15.8000","1.5741","0.0027"
"","15.9000","1.5840","0.0028"
"","16.0000","1.5940","0.0028"
"","16.1000","1.6038","0.0029"
"","16.2000","1.6141","0.0030"
"","16.3000","1.6240","0.0031"
"","16.4000","1.6338","0.0031"
"","16.5000","1.6440","0.0032"
"","16.6000","1.6541","0.0033"
"","16.7000","1.6641","0.0033"
"","16.8000","1.6737","0.0034"
"","16.9000","1.6840","0.0035"
"","17.0000","1.6940","0.0035"
"","17.1000","1.7039","0.0037"
"","17.2000","1.7139","0.0037"
"","17.3000","1.7240","0.0038"
"","17.4000","1.7341","0.0039"
"","17.5000","1.7439","0.0040"
"","17.6000","1.7539","0.0041"
"","17.7000","1.7640","0.0042"
"","17.8000","1.7740","0.0044"
"","17.9000","1.7840","0.0044"
"","18.0000","1.7939","0.0046"
"","18.1000","1.8040","0.0047"
"","18.2000","1.8138","0.0048"
"","18.3000","1.8241","0.0050"
"","18.4000","1.8339","0.0051"
"","18.5000","1.8439","0.0053"
"","18.6000","1.8538","0.0054"
"","18.7000","1.8641","0.0056"
"","18.8000","1.8740","0.0058"
"","18.9000","1.8838","0.0060"
"","19.0000","1.8940","0.0061"
"","19.1000","1.9041","0.0063"
"","19.2000","1.9140","0.0066"
"","19.3000","1.9237","0.0067"
"","19.4000","1.9340","0.0070"
"","19.5000","1.9441","0.0072"
"","19.6000","1.9539","0.0074"
"","19.7000","1.9639","0.0076"
"","19.8000","1.9740","0.0079"
"","19.9000","1.9841","0.0082"
"","20.0000","1.9938","0.0084"
"","20.1000","2.0040","0.0087"
"","20.2000","2.0140","0.0089"
"","20.3000","2.0240","0.0092"
"","20.4000","2.0340","0.0095"
"","20.5000","2.0441","0.0098"
"","20.6000","2.0540","0.0101"
"","20.7000","2.0638","0.0104"
"","20.8000","2.0741","0.0107"
"","20.9000","2.0840","0.0110"
"","21.0000","2.0939","0.0113"
"","21.1000","2.1038","0.0116"
"","21.2000","2.1142","0.0120"
"","21.3000","2.1240","0.0123"
"","21.4000","2.1339","0.0127"
"","21.5000","2.1439","0.0130"
"","21.6000","2.1541","0.0134"
"","21.7000","2.1639","0.0137"
"","21.8000","2.1736","0.0141"
"","21.9000","2.1839","0.0145"
"","22.0000","2.1941","0.0149"
"","22.1000","2.2039","0.0153"
"","22.2000","2.2139","0.0157"
"","22.3000","2.2241","0.0161"
"","22.4000","2.2342","0.0166"
"","22.5000","2.2438","0.0170"
"","22.6000","2.2539","0.0174"
"","22.7000","2.2640","0.0179"
"","22.8000","2.2739","0.0183"
"","22.9000","2.2839","0.0188"
"","23.0000","2.2940","0.0193"
"","23.1000","2.3041","0.0198"
"","23.2000","2.3138","0.0202"
"","23.3000","2.3242","0.0208"
"","23.4000","2.3339","0.0213"
"","23.5000","2.3440","0.0218"
"","23.6000","2.3538","0.0223"
"","23.7000","2.3641","0.0228"
"","23.8000","2.3740","0.0234"
"","23.9000","2.3839","0.0239"
"","24.0000","2.3940","0.0245"
"","24.1000","2.4041","0.0250"
"","24.2000","2.4140","0.0256"
"","24.3000","2.4237","0.0262"
"","24.4000","2.4340","0.0268"
"","24.5000","2.4440","0.0274"
"","24.6000","2.4539","0.0280"
"","24.7000","2.4639","0.0286"
"","24.8000","2.4740","0.0293"
"","24.9000","2.4841","0.0299"
"","25.0000","2.4939","0.0305"
"","25.1000","2.5039","0.0311"
"","25.2000","2.5140","0.0316"
"","25.3000","2.5240","0.0322"
"","25.4000","2.5340","0.0326"
"","25.5000","2.5440","0.0330"
"","25.6000","2.5540","0.0332"
"","25.7000","2.5638","0.0334"
"","25.8000","2.5740","0.0337"
"","25.9000","2.5839","0.0338"
"","26.0000","2.5939","0.0339"
"","26.1000","2.6038","0.0340"
"","26.2000","2.6142","0.0340"
"","26.3000","2.6240","0.0340"
"","26.4000","2.6338","0.0340"
"","26.5000","2.6440","0.0341"
"","26.6000","2.6541","0.0341"
"","26.7000","2.6640","0.0340"
"","26.8000","2.6737","0.0340"
"","26.9000","2.6840","0.0341"
"","27.0000","2.6941","0.0341"
"","27.1000","2.7039","0.0342"
"","27.2000","2.7139","0.0342"
"","27.3000","2.7240","0.0343"
"","27.4000","2.7341","0.0344"
"","27.5000","2.7437","0.0346"
"","27.6000","2.7540","0.0349"
"","27.7000","2.7640","0.0355"
"","27.8000","2.7740","0.0364"
"","27.9000","2.7839","0.0373"
"","28.0000","2.7941","0.0382"
"","28.1000","2.8040","0.0390"
"","28.2000","2.8137","0.0398"
"","28.3000","2.8241","0.0406"
"","28.4000","2.8340","0.0414"
"","28.5000","2.8440","0.0422"
"","28.6000","2.8538","0.0430"
"","28.7000","2.8641","0.0439"
"","28.8000","2.8740","0.0447"
"","28.9000","2.8839","0.0455"
"","29.0000","2.8939","0.0463"
"","29.1000","2.9041","0.0472"
"","29.2000","2.9140","0.0480"
"","29.3000","2.9237","0.0488"
"","29.4000","2.9339","0.0497"
"","29.5000","2.9441","0.0506"
"","29.6000","2.9539","0.0514"
"","29.7000","2.9639","0.0523"
"","29.8000","2.9740","0.0532"
"","29.9000","2.9842","0.0541"
"","30.0000","2.9939","0.0550"
"","30.1000","3.0038","0.0559"
"","30.2000","3.0140","0.0568"
"","30.3000","3.0240","0.0577"
"","30.4000","3.0339","0.0586"
"","30.5000","3.0440","0.0595"
"","30.6000","3.0541","0.0604"
"","30.7000","3.0638","0.0613"
"","30.8000","3.0741","0.0623"
"","30.9000","3.0839","0.0632"
"","31.0000","3.0940","0.0641"
"","31.1000","3.1037","0.0650"
"","31.2000","3.1141","0.0660"
"","31.3000","3.1240","0.0669"
"","31.4000","3.1338","0.0678"
"","31.5000","3.1440","0.0688"
"","31.6000","3.1541","0.0698"
"","31.7000","3.1640","0.0707"
"","31.8000","3.1737","0.0716"
"","31.9000","3.1839","0.0727"
"","32.0000","3.1940","0.0736"
"","32.1000","3.2039","0.0746"
"","32.2000","3.2139","0.0756"
"","32.3000","3.2240","0.0766"
"","32.4000","3.2341","0.0776"
"","32.5000","3.2438","0.0785"
"","32.6000","3.2539","0.0795"
"","32.7000","3.2640","0.0805"
"","32.8000","3.2740","0.0815"
"","32.9000","3.2838","0.0825"
"","33.0000","3.2939","0.0835"
"","33.1000","3.3040","0.0845"
"","33.2000","3.3138","0.0854"
"","33.3000","3.3241","0.0865"
"","33.4000","3.3339","0.0874"
"","33.5000","3.3439","0.0885"
"","33.6000","3.3538","0.0894"
"","33.7000","3.3641","0.0905"
"","33.8000","3.3740","0.0915"
"","33.9000","3.3838","0.0925"
"","34.0000","3.3940","0.0935"
"","34.1000","3.4040","0.0945"
"","34.2000","3.4140","0.0955"
"","34.3000","3.4237","0.0965"
"","34.4000","3.4341","0.0976"
"","34.5000","3.4441","0.0986"
"","34.6000","3.4539","0.0996"
"","34.7000","3.4640","0.1007"
"","34.8000","3.4740","0.1017"
"","34.9000","3.4841","0.1027"
"","35.0000","3.4936","0.1036"
"","35.1000","3.5040","0.1048"
"","35.2000","3.5140","0.1058"
"","35.3000","3.5241","0.1068"
"","35.4000","3.5338","0.1078"
"","35.5000","3.5441","0.1089"
"","35.6000","3.5541","0.1100"
"","35.7000","3.5638","0.1109"
"","35.8000","3.5741","0.1120"
"","35.9000","3.5840","0.1130"
"","36.0000","3.5940","0.1141"
"","36.1000","3.6039","0.1151"
"","36.2000","3.6139","0.1161"
"","36.3000","3.6240","0.1172"
"","36.4000","3.6339","0.1182"
"","36.5000","3.6440","0.1193"
"","36.6000","3.6540","0.1203"
"","36.7000","3.6640","0.1213"
"","36.8000","3.6737","0.1223"
"","36.9000","3.6840","0.1235"
"","37.0000","3.6941","0.1245"
"","37.1000","3.7038","0.1255"
"","37.2000","3.7139","0.1265"
"","37.3000","3.7241","0.1276"
"","37.4000","3.7341","0.1287"
"","37.5000","3.7437","0.1296"
"","37.6000","3.7539","0.1307"
"","37.7000","3.7640","0.1318"
"","37.8000","3.7740","0.1328"
"","37.9000","3.7839","0.1338"
"","38.0000","3.7940","0.1349"
"","38.1000","3.8041","0.1360"
"","38.2000","3.8138","0.1370"
"","38.3000","3.8241","0.1381"
"","38.4000","3.8339","0.1391"
"","38.5000","3.8440","0.1401"
"","38.6000","3.8537","0.1411"
"","38.7000","3.8641","0.1422"
"","38.8000","3.8740","0.1432"
"","38.9000","3.8838","0.1442"
"","39.0000","3.8940","0.1453"
"","39.1000","3.9041","0.1464"
"","39.2000","3.9140","0.1474"
"","39.3000","3.9237","0.1484"
"","39.4000","3.9340","0.1495"
"","39.5000","3.9441","0.1505"
"","39.6000","3.9539","0.1515"
"","39.7000","3.9638","0.1526"
"","39.8000","3.9740","0.1537"
"","39.9000","3.9842","0.1547"
"","40.0000","3.9937","0.1556"
"","40.0610","4.0000","0.1563"
"","40.0620","4.0001","0.1563"
"","40.0630","4.0002","0.1563"
"","40.1630","4.0006","0.1553"
"","40.2630","3.9930","0.1526"
"","40.3630","3.9812","0.1491"
"","40.4630","3.9707","0.1461"
"","40.5630","3.9606","0.1433"
"","40.6630","3.9508","0.1408"
"","40.7630","3.9406","0.1381"
"","40.8630","3.9306","0.1356"
"","40.9630","3.9206","0.1331"
"","41.0630","3.9107","0.1307"
"","41.1630","3.9005","0.1282"
"","41.2630","3.8906","0.1259"
"","41.3630","3.8808","0.1236"
"","41.4630","3.8707","0.1212"
"","41.5630","3.8605","0.1189"
"","41.6630","3.8505","0.1167"
"","41.7630","3.8409","0.1145"
"","41.8630","3.8306","0.1123"
"","41.9630","3.8205","0.1101"
"","42.0630","3.8106","0.1080"
"","42.1630","3.8007","0.1059"
"","42.2630","3.7906","0.1038"
"","42.3630","3.7805","0.1017"
"","42.4630","3.7707","0.0998"
"","42.5630","3.7606","0.0977"
"","42.6630","3.7506","0.0957"
"","42.7630","3.7405","0.0938"
"","42.8630","3.7308","0.0919"
"","42.9630","3.7206","0.0899"
"","43.0630","3.7105","0.0880"
"","43.1630","3.7007","0.0862"
"","43.2630","3.6906","0.0844"
"","43.3630","3.6806","0.0826"
"","43.4630","3.6705","0.0808"
"","43.5630","3.6607","0.0791"
"","43.6630","3.6505","0.0774"
"","43.7630","3.6406","0.0757"
"","43.8630","3.6307","0.0741"
"","43.9630","3.6206","0.0724"
"","44.0630","3.6105","0.0708"
"","44.1630","3.6006","0.0692"
"","44.2630","3.5908","0.0677"
"","44.3630","3.5805","0.0661"
"","44.4630","3.5704","0.0646"
"","44.5630","3.5607","0.0631"
"","44.6630","3.5507","0.0616"
"","44.7630","3.5405","0.0601"
"","44.8630","3.5305","0.0587"
"","44.9630","3.5207","0.0574"
"","45.0630","3.5105","0.0559"
"","45.1630","3.5005","0.0545"
"","45.2630","3.4906","0.0533"
"","45.3630","3.4808","0.0520"
"","45.4630","3.4706","0.0506"
"","45.5630","3.4605","0.0494"
"","45.6630","3.4508","0.0482"
"","45.7630","3.4404","0.0469"
"","45.8630","3.4305","0.0457"
"","45.9630","3.4205","0.0446"
"","46.0630","3.4108","0.0435"
"","46.1630","3.4005","0.0423"
"","46.2630","3.3905","0.0412"
"","46.3630","3.3807","0.0402"
"","46.4630","3.3706","0.0391"
"","46.5630","3.3604","0.0381"
"","46.6630","3.3505","0.0372"
"","46.7630","3.3408","0.0363"
"","46.8630","3.3305","0.0353"
"","46.9630","3.3205","0.0346"
"","47.0630","3.3106","0.0343"
"","47.1630","3.3008","0.0337"
"","47.2630","3.2907","0.0333"
"","47.3630","3.2805","0.0332"
"","47.4630","3.2707","0.0332"
"","47.5630","3.2607","0.0331"
"","47.6630","3.2505","0.0331"
"","47.7630","3.2405","0.0331"
"","47.8630","3.2307","0.0331"
"","47.9630","3.2206","0.0331"
"","48.0630","3.2106","0.0331"
"","48.1630","3.2007","0.0331"
"","48.2630","3.1905","0.0331"
"","48.3630","3.1806","0.0331"
"","48.4630","3.1705","0.0331"
"","48.5630","3.1608","0.0330"
"","48.6630","3.1504","0.0330"
"","48.7630","3.1406","0.0330"
"","48.8630","3.1307","0.0329"
"","48.9630","3.1206","0.0328"
"","49.0630","3.1105","0.0324"
"","49.1630","3.1005","0.0319"
"","49.2630","3.0909","0.0315"
"","49.3630","3.0805","0.0306"
"","49.4630","3.0704","0.0297"
"","49.5630","3.0606","0.0288"
"","49.6630","3.0508","0.0280"
"","49.7630","3.0406","0.0272"
"","49.8630","3.0305","0.0264"
"","49.9630","3.0207","0.0257"
"","50.0630","3.0106","0.0248"
"","50.1630","3.0006","0.0241"
"","50.2630","2.9905","0.0234"
"","50.3630","2.9806","0.0227"
"","50.4630","2.9706","0.0220"
"","50.5630","2.9605","0.0213"
"","50.6630","2.9507","0.0207"
"","50.7630","2.9405","0.0201"
"","50.8630","2.9306","0.0195"
"","50.9630","2.9206","0.0189"
"","51.0630","2.9108","0.0183"
"","51.1630","2.9004","0.0178"
"","51.2630","2.8906","0.0173"
"","51.3630","2.8808","0.0168"
"","51.4630","2.8706","0.0163"
"","51.5630","2.8604","0.0158"
"","51.6630","2.8506","0.0153"
"","51.7630","2.8409","0.0149"
"","51.8630","2.8305","0.0144"
"","51.9630","2.8204","0.0140"
"","52.0630","2.8107","0.0136"
"","52.1630","2.8007","0.0132"
"","52.2630","2.7905","0.0128"
"","52.3630","2.7805","0.0124"
"","52.4630","2.7708","0.0120"
"","52.5630","2.7606","0.0117"
"","52.6630","2.7505","0.0113"
"","52.7630","2.7406","0.0110"
"","52.8630","2.7307","0.0106"
"","52.9630","2.7206","0.0103"
"","53.0630","2.7105","0.0100"
"","53.1630","2.7008","0.0097"
"","53.2630","2.6903","0.0094"
"","53.3630","2.6805","0.0091"
"","53.4630","2.6705","0.0088"
"","53.5630","2.6608","0.0086"
"","53.6630","2.6504","0.0083"
"","53.7630","2.6406","0.0081"
"","53.8630","2.6308","0.0079"
"","53.9630","2.6206","0.0076"
"","54.0630","2.6104","0.0074"
"","54.1630","2.6005","0.0072"
"","54.2630","2.5909","0.0070"
"","54.3630","2.5805","0.0068"
"","54.4630","2.5705","0.0066"
"","54.5630","2.5606","0.0064"
"","54.6630","2.5508","0.0062"
"","54.7630","2.5406","0.0061"
"","54.8630","2.5305","0.0059"
"","54.9630","2.5207","0.0057"
"","55.0630","2.5107","0.0056"
"","55.1630","2.5005","0.0054"
"","55.2630","2.4905","0.0053"
"","55.3630","2.4807","0.0051"
"","55.4630","2.4706","0.0050"
"","55.5630","2.4605","0.0049"
"","55.6630","2.4507","0.0048"
"","55.7630","2.4405","0.0047"
"","55.8630","2.4306","0.0046"
"","55.9630","2.4205","0.0045"
"","56.0630","2.4108","0.0044"
"","56.1630","2.4004","0.0043"
"","56.2630","2.3906","0.0042"
"","56.3630","2.3807","0.0041"
"","56.4630","2.3706","0.0040"
"","56.5630","2.3605","0.0039"
"","56.6630","2.3505","0.0038"
"","56.7630","2.3409","0.0037"
"","56.8630","2.3305","0.0036"
"","56.9630","2.3205","0.0035"
"","57.0630","2.3106","0.0035"
"","57.1630","2.3008","0.0034"
"","57.2630","2.2906","0.0033"
"","57.3630","2.2805","0.0032"
"","57.4630","2.2706","0.0032"
"","57.5630","2.2606","0.0031"
"","57.6630","2.2506","0.0030"
"","57.7630","2.2405","0.0029"
"","57.8630","2.2307","0.0029"
"","57.9630","2.2206","0.0028"
"","58.0630","2.2105","0.0027"
"","58.1630","2.2007","0.0027"
"","58.2630","2.1904","0.0026"
"","58.3630","2.1806","0.0026"
"","58.4630","2.1706","0.0025"
"","58.5630","2.1608","0.0024"
"","58.6630","2.1504","0.0024"
"","58.7630","2.1406","0.0023"
"","58.8630","2.1308","0.0023"
"","58.9630","2.1206","0.0022"
"","59.0630","2.1104","0.0022"
"","59.1630","2.1005","0.0021"
"","59.2630","2.0909","0.0021"
"","59.3630","2.0805","0.0020"
"","59.4630","2.0704","0.0020"
"","59.5630","2.0607","0.0019"
"","59.6630","2.0507","0.0019"
"","59.7630","2.0406","0.0018"
"","59.8630","2.0305","0.0018"
"","59.9630","2.0207","0.0017"
"","60.0630","2.0106","0.0017"
"","60.1630","2.0005","0.0017"
"","60.2630","1.9906","0.0016"
"","60.3630","1.9806","0.0016"
"","60.4630","1.9706","0.0015"
"","60.5630","1.9605","0.0015"
"","60.6630","1.9508","0.0015"
"","60.7630","1.9404","0.0014"
"","60.8630","1.9305","0.0014"
"","60.9630","1.9206","0.0013"
"","61.0630","1.9108","0.0013"
"","61.1630","1.9004","0.0013"
"","61.2630","1.8905","0.0012"
"","61.3630","1.8808","0.0012"
"","61.4630","1.8707","0.0012"
"","61.5630","1.8605","0.0011"
"","61.6630","1.8505","0.0011"
"","61.7630","1.8408","0.0011"
"","61.8630","1.8305","0.0010"
"","61.9630","1.8204","0.0010"
"","62.0630","1.8105","0.0010"
"","62.1630","1.8008","0.0010"
"","62.2630","1.7907","0.0009"
"","62.3630","1.7805","0.0009"
"","62.4630","1.7707","0.0009"
"","62.5630","1.7606","0.0009"
"","62.6630","1.7505","0.0008"
"","62.7630","1.7405","0.0008"
"","62.8630","1.7307","0.0008"
"","62.9630","1.7206","0.0008"
"","63.0630","1.7106","0.0008"
"","63.1630","1.7007","0.0007"
"","63.2630","1.6905","0.0007"
"","63.3630","1.6805","0.0007"
"","63.4630","1.6705","0.0007"
"","63.5630","1.6608","0.0007"
"","63.6630","1.6505","0.0006"
"","63.7630","1.6405","0.0006"
"","63.8630","1.6307","0.0006"
"","63.9630","1.6206","0.0006"
"","64.0630","1.6106","0.0006"
"","64.1630","1.6005","0.0006"
"","64.2630","1.5909","0.0005"
"","64.3630","1.5805","0.0005"
"","64.4630","1.5705","0.0005"
"","64.5630","1.5605","0.0005"
"","64.6630","1.5508","0.0005"
"","64.7630","1.5406","0.0005"
"","64.8630","1.5305","0.0005"
"","64.9630","1.5207","0.0005"
"","65.0630","1.5106","0.0004"
"","65.1630","1.5006","0.0004"
"","65.2630","1.4905","0.0004"
"","65.3630","1.4807","0.0004"
"","65.4630","1.4706","0.0004"
"","65.5630","1.4605","0.0004"
"","65.6630","1.4507","0.0004"
"","65.7630","1.4405","0.0004"
"","65.8630","1.4306","0.0003"
"","65.9630","1.4206","0.0003"
"","66.0630","1.4108","0.0003"
"","66.1630","1.4004","0.0003"
"","66.2630","1.3906","0.0003"
"","66.3630","1.3808","0.0003"
"","66.4630","1.3706","0.0003"
"","66.5630","1.3605","0.0003"
"","66.6630","1.3506","0.0003"
"","66.7630","1.3409","0.0003"
"","66.8630","1.3305","0.0003"
"","66.9630","1.3204","0.0003"
"","67.0630","1.3107","0.0002"
"","67.1630","1.3008","0.0002"
"","67.2630","1.2905","0.0002"
"","67.3630","1.2804","0.0002"
"","67.4630","1.2707","0.0002"
"","67.5630","1.2606","0.0002"
"","67.6630","1.2505","0.0002"
"","67.7630","1.2405","0.0002"
"","67.8630","1.2307","0.0002"
"","67.9630","1.2206","0.0002"
"","68.0630","1.2105","0.0002"
"","68.1630","1.2008","0.0002"
"","68.2630","1.1903","0.0002"
"","68.3630","1.1805","0.0002"
"","68.4630","1.1705","0.0002"
"","68.5630","1.1608","0.0002"
"","68.6630","1.1504","0.0002"
"","68.7630","1.1406","0.0002"
"","68.8630","1.1308","0.0002"
"","68.9630","1.1206","0.0001"
"","69.0630","1.1104","0.0001"
"","69.1630","1.1005","0.0001"
"","69.2630","1.0909","0.0001"
"","69.3630","1.0805","0.0001"
"","69.4630","1.0704","0.0001"
"","69.5630","1.0606","0.0001"
"","69.6630","1.0508","0.0001"
"","69.7630","1.0407","0.0001"
"","69.8630","1.0305","0.0001"
"","69.9630","1.0207","0.0001"
"","70.0630","1.0107","0.0001"
"","70.1630","1.0005","0.0001"
"","70.2630","0.9905","0.0001"
"","70.3630","0.9807","0.0001"
"","70.4630","0.9707","0.0001"
"","70.5630","0.9606","0.0001"
"","70.6630","0.9507","0.0001"
"","70.7630","0.9405","0.0001"
"","70.8630","0.9306","0.0001"
"","70.9630","0.9205","0.0001"
"","71.0630","0.9108","0.0001"
"","71.1630","0.9004","0.0001"
"","71.2630","0.8906","0.0001"
"","71.3630","0.8807","0.0001"
"","71.4630","0.8707","0.0001"
"","71.5630","0.8605","0.0001"
"","71.6630","0.8505","0.0000"
"","71.7630","0.8409","0.0001"
"","71.8630","0.8305","0.0000"
"","71.9630","0.8204","0.0000"
"","72.0630","0.8106","0.0000"
"","72.1630","0.8008","0.0000"
"","72.2630","0.7906","0.0000"
"","72.3630","0.7804","0.0000"
"","72.4630","0.7707","0.0000"
"","72.5630","0.7606","0.0000"
"","72.6630","0.7506","0.0000"
"","72.7630","0.7405","0.0000"
"","72.8630","0.7308","0.0000"
"","72.9630","0.7206","0.0000"
"","73.0630","0.7105","0.0000"
"","73.1630","0.7007","0.0000"
"","73.2630","0.6904","0.0000"
"","73.3630","0.6806","0.0000"
"","73.4630","0.6706","0.0000"
"","73.5630","0.6608","0.0000"
"","73.6630","0.6504","0.0000"
"","73.7630","0.6406","0.0000"
"","73.8630","0.6308","0.0000"
"","73.9630","0.6206","0.0000"
"","74.0630","0.6104","0.0000"
"","74.1630","0.6006","0.0000"
"","74.2630","0.5909","0.0000"
"","74.3630","0.5805","0.0000"
"","74.4630","0.5704","0.0000"
"","74.5630","0.5608","0.0000"
"","74.6630","0.5507","0.0000"
"","74.7630","0.5405","0.0000"
"","74.8630","0.5304","0.0000"
"","74.9630","0.5208","0.0000"
"","75.0630","0.5106","0.0000"
"","75.1630","0.5005","0.0000"
"","75.2630","0.4906","0.0000"
"","75.3630","0.4807","0.0000"
"","75.4630","0.4706","0.0000"
"","75.5630","0.4605","0.0000"
"","75.6630","0.4508","0.0000"
"","75.7630","0.4404","0.0000"
"","75.8630","0.4305","0.0000"
"","75.9630","0.4205","0.0000"
"","76.0630","0.4108","0.0000"
"","76.1630","0.4004","0.0000"
"","76.2630","0.3905","0.0000"
"","76.3630","0.3807","0.0000"
"","76.4630","0.3706","0.0000"
"","76.5630","0.3604","0.0000"
"","76.6630","0.3505","0.0000"
"","76.7630","0.3408","-0.0001"
"","76.8630","0.3305","0.0000"
"","76.9630","0.3204","-0.0001"
"","77.0630","0.3106","0.0000"
"","77.1630","0.3008","0.0000"
"","77.2630","0.2906","0.0000"
"","77.3630","0.2805","-0.0001"
"","77.4630","0.2707","0.0000"
"","77.5630","0.2607","0.0000"
"","77.6630","0.2505","0.0000"
"","77.7630","0.2405","0.0000"
"","77.8630","0.2307","-0.0001"
"","77.9630","0.2206","-0.0001"
"","78.0630","0.2105","-0.0001"
"","78.1630","0.2007","-0.0001"
"","78.2630","0.1905","-0.0001"
"","78.3630","0.1806","-0.0001"
"","78.4630","0.1705","-0.0001"
"","78.5630","0.1608","-0.0001"
"","78.6630","0.1504","-0.0001"
"","78.7630","0.1406","-0.0001"
"","78.8630","0.1307","-0.0001"
"","78.9630","0.1207","-0.0001"
"","79.0630","0.1105","-0.0001"
"","79.1630","0.1005","-0.0001"
"","79.2630","0.0909","-0.0001"
"","79.3630","0.0805","-0.0001"
"","79.4630","0.0704","-0.0001"
"","79.5630","0.0606","-0.0001"
"","79.6630","0.0508","-0.0001"
"","79.7630","0.0406","-0.0001"
"","79.8630","0.0305","-0.0001"
"","79.9630","0.0207","-0.0001"
"","80.0630","0.0106","-0.0001"
"","80.1630","0.0006","-0.0001"
"","80.1690","0.0000","-0.0001"
"","80.1700","-0.0001","-0.0001"
"","80.1710","-0.0002","-0.0001"
"","80.2710","-0.0005","-0.0001"
"","80.3710","0.0072","0.0000"
"","80.4710","0.0191","-0.0001"
"","80.5710","0.0292","-0.0001"
"","80.6710","0.0394","-0.0001"
"","80.7710","0.0495","-0.0001"
"","80.8710","0.0594","-0.0001"
"","80.9710","0.0694","-0.0001"
"","81.0710","0.0795","-0.0001"
"","81.1710","0.0895","-0.0001"
"","81.2710","0.0993","0.0000"
"","81.3710","0.1096","-0.0001"
"","81.4710","0.1195","0.0000"
"","81.5710","0.1295","-0.0001"
"","81.6710","0.1392","0.0000"
"","81.7710","0.1496","0.0000"
"","81.8710","0.1595","0.0000"
"","81.9710","0.1694","0.0000"
"","82.0710","0.1795","0.0000"
"","82.1710","0.1896","0.0000"
"","82.2710","0.1996","0.0000"
"","82.3710","0.2091","0.0000"
"","82.4710","0.2194","0.0000"
"","82.5710","0.2295","0.0000"
"","82.6710","0.2395","0.0000"
"","82.7710","0.2494","0.0000"
"","82.8710","0.2595","0.0000"
"","82.9710","0.2696","0.0000"
"","83.0710","0.2793","0.0000"
"","83.1710","0.2894","0.0000"
"","83.2710","0.2995","0.0000"
"","83.3710","0.3094","0.0000"
"","83.4710","0.3195","0.0000"
"","83.5710","0.3294","0.0000"
"","83.6710","0.3395","0.0000"
"","83.7710","0.3493","0.0000"
"","83.8710","0.3597","0.0000"
"","83.9710","0.3695","0.0000"
"","84.0710","0.3795","0.0000"
"","84.1710","0.3893","0.0000"
"","84.2710","0.3996","0.0000"
"","84.3710","0.4095","0.0000"
"","84.4710","0.4193","0.0000"
"","84.5710","0.4296","0.0000"
"","84.6710","0.4395","0.0000"
"","84.7710","0.4496","0.0000"
"","84.8710","0.4592","0.0000"
"","84.9710","0.4695","0.0000"
"","85.0710","0.4795","0.0000"
"","85.1710","0.4895","0.0000"
"","85.2710","0.4994","0.0000"
"","85.3710","0.5095","0.0000"
"","85.4710","0.5195","0.0000"
"","85.5710","0.5293","0.0000"
"","85.6710","0.5395","0.0000"
"","85.7710","0.5495","0.0000"
"","85.8710","0.5595","0.0000"
"","85.9710","0.5694","0.0000"
"","86.0710","0.5795","0.0000"
"","86.1710","0.5895","0.0000"
"","86.2710","0.5993","0.0000"
"","86.3710","0.6096","0.0000"
"","86.4710","0.6195","0.0000"
"","86.5710","0.6294","0.0000"
"","86.6710","0.6393","0.0000"
"","86.7710","0.6495","0.0000"
"","86.8710","0.6595","0.0000"
"","86.9710","0.6693","0.0000"
"","87.0710","0.6794","0.0001"
"","87.1710","0.6896","0.0001"
"","87.2710","0.6996","0.0001"
"","87.3710","0.7091","0.0001"
"","87.4710","0.7195","0.0001"
"","87.5710","0.7296","0.0001"
"","87.6710","0.7395","0.0001"
"","87.7710","0.7494","0.0001"
"","87.8710","0.7595","0.0001"
"","87.9710","0.7696","0.0001"
"","88.0710","0.7793","0.0001"
"","88.1710","0.7894","0.0001"
"","88.2710","0.7995","0.0001"
"","88.3710","0.8094","0.0001"
"","88.4710","0.8194","0.0001"
"","88.5710","0.8295","0.0001"
"","88.6710","0.8395","0.0001"
"","88.7710","0.8492","0.0001"
"","88.8710","0.8596","0.0001"
"","88.9710","0.8695","0.0001"
"","89.0710","0.8795","0.0001"
"","89.1710","0.8892","0.0001"
"","89.2710","0.8996","0.0001"
"","89.3710","0.9096","0.0002"
"","89.4710","0.9193","0.0001"
"","89.5710","0.9294","0.0002"
"","89.6710","0.9396","0.0002"
"","89.7710","0.9496","0.0002"
"","89.8710","0.9591","0.0002"
"","89.9710","0.9694","0.0002"
"","90.0710","0.9795","0.0002"
"","90.1710","0.9895","0.0002"
"","90.2710","0.9994","0.0002"
"","90.3710","1.0095","0.0002"
"","90.4710","1.0195","0.0002"
"","90.5710","1.0294","0.0002"
"","90.6710","1.0394","0.0002"
"","90.7710","1.0494","0.0002"
"","90.8710","1.0594","0.0002"
"","90.9710","1.0695","0.0002"
"","91.0710","1.0795","0.0003"
"","91.1710","1.0895","0.0002"
"","91.2710","1.0993","0.0003"
"","91.3710","1.1097","0.0003"
"","91.4710","1.1195","0.0003"
"","91.5710","1.1295","0.0003"
"","91.6710","1.1392","0.0003"
"","91.7710","1.1495","0.0003"
"","91.8710","1.1596","0.0003"
"","91.9710","1.1693","0.0003"
"","92.0710","1.1795","0.0003"
"","92.1710","1.1895","0.0003"
"","92.2710","1.1997","0.0003"
"","92.3710","1.2091","0.0003"
"","92.4710","1.2195","0.0003"
"","92.5710","1.2295","0.0004"
"","92.6710","1.2395","0.0004"
"","92.7710","1.2494","0.0004"
"","92.8710","1.2595","0.0004"
"","92.9710","1.2695","0.0004"
"","93.0710","1.2793","0.0004"
"","93.1710","1.2896","0.0004"
"","93.2710","1.2995","0.0004"
"","93.3710","1.3094","0.0004"
"","93.4710","1.3194","0.0004"
"","93.5710","1.3296","0.0005"
"","93.6710","1.3395","0.0005"
"","93.7710","1.3492","0.0005"
"","93.8710","1.3595","0.0005"
"","93.9710","1.3696","0.0005"
"","94.0710","1.3795","0.0005"
"","94.1710","1.3892","0.0005"
"","94.2710","1.3996","0.0006"
"","94.3710","1.4096","0.0006"
"","94.4710","1.4194","0.0006"
"","94.5710","1.4294","0.0006"
"","94.6710","1.4395","0.0006"
"","94.7710","1.4496","0.0006"
"","94.8710","1.4592","0.0006"
"","94.9710","1.4694","0.0007"
"","95.0710","1.4796","0.0007"
"","95.1710","1.4895","0.0007"
"","95.2710","1.4994","0.0007"
"","95.3710","1.5095","0.0007"
"","95.4710","1.5196","0.0008"
"","95.5710","1.5292","0.0008"
"","95.6710","1.5395","0.0008"
"","95.7710","1.5495","0.0008"
"","95.8710","1.5595","0.0009"
"","95.9710","1.5694","0.0009"
"","96.0710","1.5796","0.0009"
"","96.1710","1.5895","0.0009"
"","96.2710","1.5993","0.0010"
"","96.3710","1.6095","0.0010"
"","96.4710","1.6195","0.0010"
"","96.5710","1.6295","0.0011"
"","96.6710","1.6392","0.0011"
"","96.7710","1.6495","0.0011"
"","96.8710","1.6596","0.0011"
"","96.9710","1.6694","0.0012"
"","97.0710","1.6795","0.0012"
"","97.1710","1.6896","0.0012"
"","97.2710","1.6996","0.0013"
"","97.3710","1.7092","0.0013"
"","97.4710","1.7194","0.0013"
"","97.5710","1.7295","0.0014"
"","97.6710","1.7395","0.0014"
"","97.7710","1.7494","0.0014"
"","97.8710","1.7595","0.0015"
"","97.9710","1.7696","0.0015"
"","98.0710","1.7793","0.0016"
"","98.1710","1.7895","0.0016"
"","98.2710","1.7994","0.0017"
"","98.3710","1.8094","0.0017"
"","98.4710","1.8194","0.0017"
"","98.5710","1.8295","0.0018"
"","98.6710","1.8394","0.0018"
"","98.7710","1.8493","0.0019"
"","98.8710","1.8597","0.0019"
"","98.9710","1.8695","0.0020"
"","99.0710","1.8794","0.0020"
"","99.1710","1.8892","0.0021"
"","99.2710","1.8996","0.0021"
"","99.3710","1.9096","0.0022"
"","99.4710","1.9193","0.0022"
"","99.5710","1.9295","0.0023"
"","99.6710","1.9395","0.0023"
"","99.7710","1.9497","0.0024"
"","99.8710","1.9591","0.0025"
"","99.9710","1.9695","0.0025"
"","100.0710","1.9795","0.0026"
"","100.1710","1.9896","0.0026"
"","100.2710","1.9994","0.0027"
"","100.3710","2.0095","0.0027"
"","100.4710","2.0195","0.0028"
"","100.5710","2.0293","0.0029"
"","100.6710","2.0395","0.0029"
"","100.7710","2.0495","0.0030"
"","100.8710","2.0595","0.0031"
"","100.9710","2.0694","0.0031"
"","101.0710","2.0795","0.0032"
"","101.1710","2.0894","0.0033"
"","101.2710","2.0992","0.0034"
"","101.3710","2.1096","0.0035"
"","101.4710","2.1195","0.0035"
"","101.5710","2.1294","0.0036"
"","101.6710","2.1393","0.0037"
"","101.7710","2.1495","0.0038"
"","101.8710","2.1596","0.0039"
"","101.9710","2.1693","0.0039"
"","102.0710","2.1794","0.0040"
"","102.1710","2.1895","0.0041"
"","102.2710","2.1996","0.0042"
"","102.3710","2.2091","0.0043"
"","102.4710","2.2195","0.0044"
"","102.5710","2.2296","0.0045"
"","102.6710","2.2396","0.0046"
"","102.7710","2.2494","0.0048"
"","102.8710","2.2595","0.0049"
"","102.9710","2.2696","0.0050"
"","103.0710","2.2793","0.0051"
"","103.1710","2.2894","0.0053"
"","103.2710","2.2995","0.0054"
"","103.3710","2.3095","0.0055"
"","103.4710","2.3194","0.0057"
"","103.5710","2.3295","0.0058"
"","103.6710","2.3395","0.0060"
"","103.7710","2.3492","0.0062"
"","103.8710","2.3596","0.0064"
"","103.9710","2.3695","0.0066"
"","104.0710","2.3795","0.0068"
"","104.1710","2.3892","0.0070"
"","104.2710","2.3995","0.0072"
"","104.3710","2.4096","0.0074"
"","104.4710","2.4194","0.0077"
"","104.5710","2.4295","0.0079"
"","104.6710","2.4395","0.0082"
"","104.7710","2.4496","0.0084"
"","104.8710","2.4591","0.0087"
"","104.9710","2.4694","0.0090"
"","105.0710","2.4795","0.0093"
"","105.1710","2.4896","0.0096"
"","105.2710","2.4994","0.0099"
"","105.3710","2.5095","0.0103"
"","105.4710","2.5195","0.0106"
"","105.5710","2.5293","0.0109"
"","105.6710","2.5395","0.0113"
"","105.7710","2.5495","0.0117"
"","105.8710","2.5595","0.0120"
"","105.9710","2.5694","0.0124"
"","106.0710","2.5794","0.0128"
"","106.1710","2.5894","0.0132"
"","106.2710","2.5992","0.0137"
"","106.3710","2.6097","0.0141"
"","106.4710","2.6196","0.0146"
"","106.5710","2.6295","0.0150"
"","106.6710","2.6392","0.0155"
"","106.7710","2.6495","0.0160"
"","106.8710","2.6596","0.0165"
"","106.9710","2.6693","0.0169"
"","107.0710","2.6795","0.0175"
"","107.1710","2.6895","0.0180"
"","107.2710","2.6996","0.0185"
"","107.3710","2.7091","0.0191"
"","107.4710","2.7195","0.0197"
"","107.5710","2.7295","0.0202"
"","107.6710","2.7395","0.0208"
"","107.7710","2.7494","0.0214"
"","107.8710","2.7595","0.0220"
"","107.9710","2.7695","0.0226"
"","108.0710","2.7793","0.0232"
"","108.1710","2.7895","0.0239"
"","108.2710","2.7995","0.0246"
"","108.3710","2.8095","0.0253"
"","108.4710","2.8195","0.0260"
"","108.5710","2.8295","0.0267"
"","108.6710","2.8395","0.0274"
"","108.7710","2.8493","0.0281"
"","108.8710","2.8596","0.0289"
"","108.9710","2.8695","0.0297"
"","109.0710","2.8794","0.0305"
"","109.1710","2.8892","0.0312"
"","109.2710","2.8995","0.0320"
"","109.3710","2.9096","0.0326"
"","109.4710","2.9193","0.0330"
"","109.5710","2.9295","0.0334"
"","109.6710","2.9396","0.0337"
"","109.7710","2.9496","0.0339"
"","109.8710","2.9591","0.0340"
"","109.9710","2.9695","0.0340"
"","110.0710","2.9796","0.0341"
"","110.1710","2.9896","0.0341"
"","110.2710","2.9994","0.0341"
"","110.3710","3.0095","0.0341"
"","110.4710","3.0196","0.0341"
"","110.5710","3.0293","0.0341"
"","110.6710","3.0395","0.0342"
"","110.7710","3.0495","0.0341"
"","110.8710","3.0595","0.0342"
"","110.9710","3.0694","0.0342"
"","111.0710","3.0795","0.0342"
"","111.1710","3.0895","0.0343"
"","111.2710","3.0993","0.0343"
"","111.3710","3.1096","0.0345"
"","111.4710","3.1195","0.0347"
"","111.5710","3.1295","0.0353"
"","111.6710","3.1392","0.0359"
"","111.7710","3.1495","0.0370"
"","111.8710","3.1596","0.0380"
"","111.9710","3.1693","0.0390"
"","112.0710","3.1794","0.0400"
"","112.1710","3.1895","0.0410"
"","112.2710","3.1997","0.0421"
"","112.3710","3.2091","0.0431"
"","112.4710","3.2194","0.0442"
"","112.5710","3.2295","0.0452"
"","112.6710","3.2395","0.0463"
"","112.7710","3.2494","0.0474"
"","112.8710","3.2595","0.0485"
"","112.9710","3.2695","0.0496"
"","113.0710","3.2793","0.0507"
"","113.1710","3.2894","0.0518"
"","113.2710","3.2994","0.0529"
"","113.3710","3.3094","0.0540"
"","113.4710","3.3194","0.0552"
"","113.5710","3.3295","0.0563"
"","113.6710","3.3394","0.0575"
"","113.7710","3.3493","0.0586"
"","113.8710","3.3597","0.0599"
"","113.9710","3.3695","0.0610"
"","114.0710","3.3794","0.0622"
"","114.1710","3.3893","0.0634"
"","114.2710","3.3995","0.0647"
"","114.3710","3.4095","0.0659"
"","114.4710","3.4193","0.0671"
"","114.5710","3.4295","0.0683"
"","114.6710","3.4396","0.0696"
"","114.7710","3.4496","0.0708"
"","114.8710","3.4592","0.0721"
"","114.9710","3.4696","0.0734"
"","115.0710","3.4795","0.0747"
"","115.1710","3.4894","0.0760"
"","115.2710","3.4994","0.0773"
"","115.3710","3.5095","0.0786"
"","115.4710","3.5196","0.0800"
"","115.5710","3.5292","0.0812"
"","115.6710","3.5395","0.0826"
"","115.7710","3.5495","0.0840"
"","115.8710","3.5595","0.0853"
"","115.9710","3.5694","0.0867"
"","116.0710","3.5795","0.0881"
"","116.1710","3.5896","0.0895"
"","116.2710","3.5993","0.0908"
"","116.3710","3.6095","0.0923"
"","116.4710","3.6194","0.0937"
"","116.5710","3.6295","0.0951"
"","116.6710","3.6393","0.0965"
"","116.7710","3.6496","0.0980"
"","116.8710","3.6595","0.0994"
"","116.9710","3.6694","0.1009"
"","117.0710","3.6795","0.1023"
"","117.1710","3.6896","0.1038"
"","117.2710","3.6995","0.1053"
"","117.3710","3.7091","0.1067"
"","117.4710","3.7195","0.1083"
"","117.5710","3.7296","0.1098"
"","117.6710","3.7395","0.1112"
"","117.7710","3.7494","0.1127"
"","117.8710","3.7595","0.1143"
"","117.9710","3.7696","0.1158"
"","118.0710","3.7792","0.1173"
"","118.1710","3.7894","0.1189"
"","118.2710","3.7995","0.1204"
"","118.3710","3.8095","0.1220"
"","118.4710","3.8194","0.1235"
"","118.5710","3.8295","0.1251"
"","118.6710","3.8394","0.1267"
"","118.7710","3.8492","0.1282"
"","118.8710","3.8596","0.1299"
"","118.9710","3.8695","0.1314"
"","119.0710","3.8795","0.1330"
"","119.1710","3.8892","0.1345"
"","119.2710","3.8995","0.1362"
"","119.3710","3.9096","0.1378"
"","119.4710","3.9194","0.1393"
"","119.5710","3.9295","0.1409"
"","119.6710","3.9395","0.1425"
"","119.7710","3.9496","0.1440"
"","119.8710","3.9591","0.1455"
"","119.9710","3.9694","0.1471"
"","120.0710","3.9795","0.1487"
"","120.1710","3.9895","0.1502"
"","120.2710","3.9994","0.1516"
"","120.2770","4.0000","0.1517"
"","120.2780","4.0001","0.1518"
"","120.2790","4.0002","0.1518"
"","120.3790","4.0006","0.1511"
"","120.4790","3.9929","0.1486"
"","120.5790","3.9812","0.1452"
"","120.6790","3.9707","0.1423"
"","120.7790","3.9606","0.1395"
"","120.8790","3.9508","0.1369"
"","120.9790","3.9406","0.1343"
"","121.0790","3.9306","0.1317"
"","121.1790","3.9206","0.1292"
"","121.2790","3.9107","0.1268"
"","121.3790","3.9005","0.1244"
"","121.4790","3.8906","0.1220"
"","121.5790","3.8807","0.1197"
"","121.6790","3.8706","0.1173"
"","121.7790","3.8605","0.1150"
"","121.8790","3.8505","0.1128"
"","121.9790","3.8409","0.1106"
"","122.0790","3.8306","0.1083"
"","122.1790","3.8205","0.1062"
"","122.2790","3.8106","0.1040"
"","122.3790","3.8007","0.1019"
"","122.4790","3.7906","0.0998"
"","122.5790","3.7804","0.0977"
"","122.6790","3.7707","0.0958"
"","122.7790","3.7605","0.0937"
"","122.8790","3.7506","0.0917"
"","122.9790","3.7405","0.0898"
"","123.0790","3.7308","0.0879"
"","123.1790","3.7205","0.0860"
"","123.2790","3.7105","0.0841"
"","123.3790","3.7007","0.0823"
"","123.4790","3.6906","0.0805"
"","123.5790","3.6806","0.0788"
"","123.6790","3.6705","0.0770"
"","123.7790","3.6607","0.0753"
"","123.8790","3.6505","0.0736"
"","123.9790","3.6405","0.0719"
"","124.0790","3.6307","0.0703"
"","124.1790","3.6206","0.0686"
"","124.2790","3.6105","0.0670"
"","124.3790","3.6005","0.0654"
"","124.4790","3.5908","0.0639"
"","124.5790","3.5805","0.0623"
"","124.6790","3.5704","0.0608"
"","124.7790","3.5607","0.0594"
"","124.8790","3.5507","0.0579"
"","124.9790","3.5405","0.0565"
"","125.0790","3.5305","0.0551"
"","125.1790","3.5207","0.0537"
"","125.2790","3.5106","0.0524"
"","125.3790","3.5005","0.0510"
"","125.4790","3.4906","0.0497"
"","125.5790","3.4808","0.0485"
"","125.6790","3.4706","0.0472"
"","125.7790","3.4605","0.0460"
"","125.8790","3.4507","0.0448"
"","125.9790","3.4404","0.0436"
"","126.0790","3.4305","0.0425"
"","126.1790","3.4205","0.0414"
"","126.2790","3.4108","0.0403"
"","126.3790","3.4005","0.0392"
"","126.4790","3.3905","0.0382"
"","126.5790","3.3807","0.0372"
"","126.6790","3.3706","0.0362"
"","126.7790","3.3604","0.0353"
"","126.8790","3.3505","0.0345"
"","126.9790","3.3408","0.0343"
"","127.0790","3.3305","0.0338"
"","127.1790","3.3205","0.0334"
"","127.2790","3.3106","0.0333"
"","127.3790","3.3008","0.0333"
"","127.4790","3.2906","0.0332"
"","127.5790","3.2805","0.0332"
"","127.6790","3.2707","0.0332"
"","127.7790","3.2607","0.0332"
"","127.8790","3.2505","0.0332"
"","127.9790","3.2405","0.0332"
"","128.0790","3.2307","0.0332"
"","128.1790","3.2206","0.0332"
"","128.2790","3.2106","0.0331"
"","128.3790","3.2007","0.0331"
"","128.4790","3.1904","0.0331"
"","128.5790","3.1806","0.0331"
"","128.6790","3.1705","0.0331"
"","128.7790","3.1608","0.0330"
"","128.8790","3.1504","0.0327"
"","128.9790","3.1406","0.0324"
"","129.0790","3.1307","0.0319"
"","129.1790","3.1206","0.0311"
"","129.2790","3.1105","0.0302"
"","129.3790","3.1005","0.0293"
"","129.4790","3.0909","0.0285"
"","129.5790","3.0805","0.0276"
"","129.6790","3.0705","0.0268"
"","129.7790","3.0606","0.0261"
"","129.8790","3.0508","0.0253"
"","129.9790","3.0406","0.0244"
"","130.0790","3.0304","0.0237"
"","130.1790","3.0206","0.0229"
"","130.2790","3.0106","0.0222"
"","130.3790","3.0006","0.0215"
"","130.4790","2.9905","0.0208"
"","130.5790","2.9806","0.0202"
"","130.6790","2.9706","0.0196"
"","130.7790","2.9605","0.0190"
"","130.8790","2.9507","0.0184"
"","130.9790","2.9405","0.0179"
"","131.0790","2.9306","0.0173"
"","131.1790","2.9206","0.0168"
"","131.2790","2.9108","0.0163"
"","131.3790","2.9004","0.0158"
"","131.4790","2.8906","0.0153"
"","131.5790","2.8808","0.0149"
"","131.6790","2.8706","0.0144"
"","131.7790","2.8604","0.0140"
"","131.8790","2.8506","0.0135"
"","131.9790","2.8408","0.0131"
"","132.0790","2.8305","0.0127"
"","132.1790","2.8204","0.0123"
"","132.2790","2.8106","0.0119"
"","132.3790","2.8007","0.0116"
"","132.4790","2.7905","0.0112"
"","132.5790","2.7804","0.0108"
"","132.6790","2.7707","0.0105"
"","132.7790","2.7606","0.0102"
"","132.8790","2.7505","0.0099"
"","132.9790","2.7405","0.0096"
"","133.0790","2.7307","0.0093"
"","133.1790","2.7206","0.0090"
"","133.2790","2.7105","0.0087"
"","133.3790","2.7008","0.0085"
"","133.4790","2.6903","0.0082"
"","133.5790","2.6804","0.0080"
"","133.6790","2.6705","0.0077"
"","133.7790","2.6608","0.0075"
"","133.8790","2.6504","0.0073"
"","133.9790","2.6406","0.0071"
"","134.0790","2.6308","0.0069"
"","134.1790","2.6206","0.0067"
"","134.2790","2.6104","0.0065"
"","134.3790","2.6005","0.0063"
"","134.4790","2.5908","0.0061"
"","134.5790","2.5806","0.0060"
"","134.6790","2.5704","0.0058"
"","134.7790","2.5606","0.0057"
"","134.8790","2.5508","0.0055"
"","134.9790","2.5406","0.0054"
"","135.0790","2.5305","0.0052"
"","135.1790","2.5207","0.0051"
"","135.2790","2.5107","0.0049"
"","135.3790","2.5005","0.0048"
"","135.4790","2.4905","0.0047"
"","135.5790","2.4807","0.0046"
"","135.6790","2.4706","0.0045"
"","135.7790","2.4605","0.0044"
"","135.8790","2.4507","0.0043"
"","135.9790","2.4404","0.0042"
"","136.0790","2.4306","0.0041"
"","136.1790","2.4205","0.0040"
"","136.2790","2.4108","0.0039"
"","136.3790","2.4004","0.0038"
"","136.4790","2.3906","0.0037"
"","136.5790","2.3807","0.0037"
"","136.6790","2.3706","0.0036"
"","136.7790","2.3605","0.0035"
"","136.8790","2.3505","0.0034"
"","136.9790","2.3409","0.0033"
"","137.0790","2.3305","0.0033"
"","137.1790","2.3205","0.0032"
"","137.2790","2.3105","0.0031"
"","137.3790","2.3007","0.0030"
"","137.4790","2.2906","0.0030"
"","137.5790","2.2805","0.0029"
"","137.6790","2.2706","0.0028"
"","137.7790","2.2606","0.0028"
"","137.8790","2.2506","0.0027"
"","137.9790","2.2405","0.0026"
"","138.0790","2.2306","0.0026"
"","138.1790","2.2206","0.0025"
"","138.2790","2.2105","0.0025"
"","138.3790","2.2007","0.0024"
"","138.4790","2.1904","0.0023"
"","138.5790","2.1806","0.0023"
"","138.6790","2.1706","0.0022"
"","138.7790","2.1608","0.0022"
"","138.8790","2.1504","0.0021"
"","138.9790","2.1405","0.0021"
"","139.0790","2.1308","0.0020"
"","139.1790","2.1206","0.0020"
"","139.2790","2.1104","0.0019"
"","139.3790","2.1005","0.0019"
"","139.4790","2.0909","0.0018"
"","139.5790","2.0805","0.0018"
"","139.6790","2.0704","0.0017"
"","139.7790","2.0607","0.0017"
"","139.8790","2.0508","0.0017"
"","139.9790","2.0405","0.0016"
"","140.0790","2.0305","0.0016"
"","140.1790","2.0206","0.0015"
"","140.2790","2.0106","0.0015"
"","140.3790","2.0005","0.0015"
"","140.4790","1.9906","0.0014"
"","140.5790","1.9807","0.0014"
"","140.6790","1.9706","0.0013"
"","140.7790","1.9605","0.0013"
"","140.8790","1.9508","0.0013"
"","140.9790","1.9403","0.0012"
"","141.0790","1.9305","0.0012"
"","141.1790","1.9205","0.0012"
"","141.2790","1.9108","0.0011"
"","141.3790","1.9004","0.0011"
"","141.4790","1.8905","0.0011"
"","141.5790","1.8808","0.0011"
"","141.6790","1.8707","0.0010"
"","141.7790","1.8604","0.0010"
"","141.8790","1.8504","0.0010"
"","141.9790","1.8408","0.0009"
"","142.0790","1.8305","0.0009"
"","142.1790","1.8204","0.0009"
"","142.2790","1.8105","0.0009"
"","142.3790","1.8008","0.0008"
"","142.4790","1.7907","0.0008"
"","142.5790","1.7804","0.0008"
"","142.6790","1.7707","0.0008"
"","142.7790","1.7606","0.0008"
"","142.8790","1.7505","0.0007"
"","142.9790","1.7405","0.0007"
"","143.0790","1.7307","0.0007"
"","143.1790","1.7206","0.0007"
"","143.2790","1.7105","0.0006"
"","143.3790","1.7007","0.0006"
"","143.4790","1.6906","0.0006"
"","143.5790","1.6805","0.0006"
"","143.6790","1.6705","0.0006"
"","143.7790","1.6607","0.0006"
"","143.8790","1.6505","0.0005"
"","143.9790","1.6405","0.0005"
"","144.0790","1.6307","0.0005"
"","144.1790","1.6206","0.0005"
"","144.2790","1.6105","0.0005"
"","144.3790","1.6004","0.0005"
"","144.4790","1.5909","0.0004"
"","144.5790","1.5805","0.0005"
"","144.6790","1.5705","0.0004"
"","144.7790","1.5605","0.0004"
"","144.8790","1.5507","0.0004"
"","144.9790","1.5406","0.0004"
"","145.0790","1.5304","0.0004"
"","145.1790","1.5207","0.0004"
"","145.2790","1.5106","0.0004"
"","145.3790","1.5006","0.0004"
"","145.4790","1.4905","0.0004"
"","145.5790","1.4807","0.0003"
"","145.6790","1.4705","0.0003"
"","145.7790","1.4605","0.0003"
"","145.8790","1.4507","0.0003"
"","145.9790","1.4405","0.0003"
"","146.0790","1.4305","0.0003"
"","146.1790","1.4206","0.0003"
"","146.2790","1.4108","0.0003"
"","146.3790","1.4005","0.0003"
"","146.4790","1.3906","0.0003"
"","146.5790","1.3808","0.0003"
"","146.6790","1.3706","0.0002"
"","146.7790","1.3605","0.0002"
"","146.8790","1.3506","0.0002"
"","146.9790","1.3409","0.0002"
"","147.0790","1.3305","0.0002"
"","147.1790","1.3204","0.0002"
"","147.2790","1.3107","0.0002"
"","147.3790","1.3008","0.0002"
"","147.4790","1.2905","0.0002"
"","147.5790","1.2804","0.0002"
"","147.6790","1.2707","0.0002"
"","147.7790","1.2606","0.0002"
"","147.8790","1.2505","0.0002"
"","147.9790","1.2405","0.0002"
"","148.0790","1.2307","0.0002"
"","148.1790","1.2206","0.0002"
"","148.2790","1.2105","0.0002"
"","148.3790","1.2008","0.0002"
"","148.4790","1.1903","0.0002"
"","148.5790","1.1805","0.0001"
"","148.6790","1.1705","0.0001"
"","148.7790","1.1608","0.0001"
"","148.8790","1.1504","0.0001"
"","148.9790","1.1405","0.0001"
"","149.0790","1.1308","0.0001"
"","149.1790","1.1206","0.0001"
"","149.2790","1.1104","0.0001"
"","149.3790","1.1005","0.0001"
"","149.4790","1.0908","0.0001"
"","149.5790","1.0805","0.0001"
"","149.6790","1.0704","0.0001"
"","149.7790","1.0606","0.0001"
"","149.8790","1.0508","0.0001"
"","149.9790","1.0407","0.0001"
"","150.0790","1.0305","0.0001"
"","150.1790","1.0206","0.0001"
"","150.2790","1.0106","0.0001"
"","150.3790","1.0005","0.0001"
"","150.4790","0.9905","0.0001"
"","150.5790","0.9807","0.0001"
"","150.6790","0.9706","0.0001"
"","150.7790","0.9605","0.0001"
"","150.8790","0.9507","0.0001"
"","150.9790","0.9404","0.0000"
"","151.0790","0.9306","0.0001"
"","151.1790","0.9205","0.0000"
"","151.2790","0.9108","0.0000"
"","151.3790","0.9004","0.0000"
"","151.4790","0.8906","0.0000"
"","151.5790","0.8807","0.0000"
"","151.6790","0.8706","0.0000"
"","151.7790","0.8605","0.0000"
"","151.8790","0.8505","0.0000"
"","151.9790","0.8409","0.0000"
"","152.0790","0.8305","0.0000"
"","152.1790","0.8204","0.0000"
"","152.2790","0.8106","0.0000"
"","152.3790","0.8008","0.0000"
"","152.4790","0.7906","0.0000"
"","152.5790","0.7804","0.0000"
"","152.6790","0.7707","0.0000"
"","152.7790","0.7606","0.0000"
"","152.8790","0.7506","0.0000"
"","152.9790","0.7405","0.0000"
"","153.0790","0.7307","0.0000"
"","153.1790","0.7206","0.0000"
"","153.2790","0.7105","0.0000"
"","153.3790","0.7007","0.0000"
"","153.4790","0.6904","0.0000"
"","153.5790","0.6806","0.0000"
"","153.6790","0.6706","0.0000"
"","153.7790","0.6608","0.0000"
"","153.8790","0.6504","0.0000"
"","153.9790","0.6405","0.0000"
"","154.0790","0.6307","0.0000"
"","154.1790","0.6206","0.0000"
"","154.2790","0.6104","0.0000"
"","154.3790","0.6006","0.0000"
"","154.4790","0.5909","0.0000"
"","154.5790","0.5805","0.0000"
"","154.6790","0.5704","0.0000"
"","154.7790","0.5607","0.0000"
"","154.8790","0.5507","0.0000"
"","154.9790","0.5405","0.0000"
"","155.0790","0.5304","0.0000"
"","155.1790","0.5208","0.0000"
"","155.2790","0.5105","0.0000"
"","155.3790","0.5004","0.0000"
"","155.4790","0.4905","0.0000"
"","155.5790","0.4807","0.0000"
"","155.6790","0.4706","0.0000"
"","155.7790","0.4605","0.0000"
"","155.8790","0.4508","0.0000"
"","155.9790","0.4404","0.0000"
"","156.0790","0.4305","0.0000"
"","156.1790","0.4205","-0.0001"
"","156.2790","0.4108","-0.0001"
"","156.3790","0.4004","-0.0001"
"","156.4790","0.3905","0.0000"
"","156.5790","0.3807","-0.0001"
"","156.6790","0.3706","-0.0001"
"","156.7790","0.3604","-0.0001"
"","156.8790","0.3505","-0.0001"
"","156.9790","0.3408","-0.0001"
"","157.0790","0.3305","-0.0001"
"","157.1790","0.3204","-0.0001"
"","157.2790","0.3106","-0.0001"
"","157.3790","0.3008","-0.0001"
"","157.4790","0.2906","-0.0001"
"","157.5790","0.2805","-0.0001"
"","157.6790","0.2707","-0.0001"
"","157.7790","0.2606","-0.0001"
"","157.8790","0.2504","-0.0001"
"","157.9790","0.2405","-0.0001"
"","158.0790","0.2307","-0.0001"
"","158.1790","0.2207","-0.0001"
"","158.2790","0.2105","-0.0001"
"","158.3790","0.2007","-0.0001"
"","158.4790","0.1904","-0.0001"
"","158.5790","0.1806","-0.0001"
"","158.6790","0.1705","-0.0001"
"","158.7790","0.1608","-0.0001"
"","158.8790","0.1504","-0.0001"
"","158.9790","0.1406","-0.0001"
"","159.0790","0.1307","-0.0001"
"","159.1790","0.1207","-0.0001"
"","159.2790","0.1105","-0.0001"
"","159.3790","0.1005","-0.0001"
"","159.4790","0.0909","-0.0001"
"","159.5790","0.0805","-0.0001"
"","159.6790","0.0704","-0.0001"
"","159.7790","0.0606","-0.0001"
"","159.8790","0.0507","-0.0001"
"","159.9790","0.0406","-0.0001"
"","160.0790","0.0305","-0.0001"
"","160.1790","0.0207","-0.0001"
"","160.2790","0.0106","-0.0001"
"","160.3790","0.0006","-0.0001"
"","160.3850","0.0000","-0.0001"
"","160.3860","-0.0001","-0.0001"
"","160.3870","-0.0002","-0.0001"
"","160.4870","-0.0006","-0.0001"
"","160.5870","0.0072","-0.0001"
"","160.6870","0.0191","-0.0001"
"","160.7870","0.0291","-0.0001"
"","160.8870","0.0394","-0.0001"
"","160.9870","0.0495","-0.0001"
"","161.0870","0.0594","-0.0001"
"","161.1870","0.0694","-0.0001"
"","161.2870","0.0795","-0.0001"
"","161.3870","0.0895","-0.0001"
"","161.4870","0.0992","-0.0001"
"","161.5870","0.1095","-0.0001"
"","161.6870","0.1194","-0.0001"
"","161.7870","0.1294","-0.0001"
"","161.8870","0.1392","-0.0001"
"","161.9870","0.1496","-0.0001"
"","162.0870","0.1595","-0.0001"
"","162.1870","0.1693","-0.0001"
"","162.2870","0.1794","-0.0001"
"","162.3870","0.1895","-0.0001"
"","162.4870","0.1996","-0.0001"
"","162.5870","0.2091","-0.0001"
"","162.6870","0.2194","-0.0001"
"","162.7870","0.2295","-0.0001"
"","162.8870","0.2395","0.0000"
"","162.9870","0.2493","-0.0001"
"","163.0870","0.2595","-0.0001"
"","163.1870","0.2695","0.0000"
"","163.2870","0.2793","0.0000"
"","163.3870","0.2894","0.0000"
"","163.4870","0.2994","0.0000"
"","163.5870","0.3094","0.0000"
"","163.6870","0.3195","0.0000"
"","163.7870","0.3294","0.0000"
"","163.8870","0.3395","0.0000"
"","163.9870","0.3493","0.0000"
"","164.0870","0.3596","0.0000"
"","164.1870","0.3695","0.0000"
"","164.2870","0.3794","0.0000"
"","164.3870","0.3892","0.0000"
"","164.4870","0.3995","0.0000"
"","164.5870","0.4094","0.0000"
"","164.6870","0.4193","0.0000"
"","164.7870","0.4295","0.0000"
"","164.8870","0.4395","0.0000"
"","164.9870","0.4496","0.0000"
"","165.0870","0.4591","0.0000"
"","165.1870","0.4695","0.0000"
"","165.2870","0.4795","0.0000"
"","165.3870","0.4895","0.0000"
"","165.4870","0.4994","0.0000"
"","165.5870","0.5095","0.0000"
"","165.6870","0.5195","0.0000"
"","165.7870","0.5293","0.0000"
"","165.8870","0.5395","0.0000"
"","165.9870","0.5495","0.0000"
"","166.0870","0.5595","0.0000"
"","166.1870","0.5694","0.0000"
"","166.2870","0.5795","0.0000"
"","166.3870","0.5895","0.0000"
"","166.4870","0.5992","0.0000"
"","166.5870","0.6096","0.0000"
"","166.6870","0.6195","0.0000"
"","166.7870","0.6294","0.0000"
"","166.8870","0.6392","0.0000"
"","166.9870","0.6495","0.0000"
"","167.0870","0.6595","0.0000"
"","167.1870","0.6693","0.0000"
"","167.2870","0.6794","0.0000"
"","167.3870","0.6896","0.0000"
"","167.4870","0.6996","0.0000"
"","167.5870","0.7091","0.0000"
"","167.6870","0.7194","0.0000"
"","167.7870","0.7295","0.0000"
"","167.8870","0.7395","0.0000"
"","167.9870","0.7493","0.0000"
"","168.0870","0.7595","0.0000"
"","168.1870","0.7695","0.0001"
"","168.2870","0.7793","0.0001"
"","168.3870","0.7894","0.0001"
"","168.4870","0.7995","0.0001"
"","168.5870","0.8094","0.0001"
"","168.6870","0.8194","0.0001"
"","168.7870","0.8295","0.0001"
"","168.8870","0.8395","0.0001"
"","168.9870","0.8492","0.0001"
"","169.0870","0.8596","0.0001"
"","169.1870","0.8694","0.0001"
"","169.2870","0.8795","0.0001"
"","169.3870","0.8892","0.0001"
"","169.4870","0.8996","0.0001"
"","169.5870","0.9096","0.0001"
"","169.6870","0.9193","0.0001"
"","169.7870","0.9294","0.0001"
"","169.8870","0.9395","0.0001"
"","169.9870","0.9496","0.0001"
"","170.0870","0.9591","0.0001"
"","170.1870","0.9694","0.0001"
"","170.2870","0.9795","0.0001"
"","170.3870","0.9895","0.0002"
"","170.4870","0.9994","0.0002"
"","170.5870","1.0095","0.0002"
"","170.6870","1.0195","0.0002"
"","170.7870","1.0294","0.0002"
"","170.8870","1.0394","0.0002"
"","170.9870","1.0495","0.0002"
"","171.0870","1.0594","0.0002"
"","171.1870","1.0694","0.0002"
"","171.2870","1.0795","0.0002"
"","171.3870","1.0895","0.0002"
"","171.4870","1.0993","0.0002"
"","171.5870","1.1096","0.0002"
"","171.6870","1.1195","0.0002"
"","171.7870","1.1294","0.0002"
"","171.8870","1.1392","0.0002"
"","171.9870","1.1495","0.0002"
"","172.0870","1.1595","0.0003"
"","172.1870","1.1693","0.0003"
"","172.2870","1.1795","0.0003"
"","172.3870","1.1895","0.0003"
"","172.4870","1.1996","0.0003"
"","172.5870","1.2091","0.0003"
"","172.6870","1.2195","0.0003"
"","172.7870","1.2295","0.0003"
"","172.8870","1.2395","0.0003"
"","172.9870","1.2494","0.0003"
"","173.0870","1.2595","0.0003"
"","173.1870","1.2695","0.0003"
"","173.2870","1.2793","0.0003"
"","173.3870","1.2896","0.0003"
"","173.4870","1.2994","0.0003"
"","173.5870","1.3094","0.0004"
"","173.6870","1.3193","0.0004"
"","173.7870","1.3296","0.0004"
"","173.8870","1.3395","0.0004"
"","173.9870","1.3492","0.0004"
"","174.0870","1.3595","0.0004"
"","174.1870","1.3696","0.0004"
"","174.2870","1.3794","0.0004"
"","174.3870","1.3892","0.0005"
"","174.4870","1.3995","0.0005"
"","174.5870","1.4095","0.0005"
"","174.6870","1.4193","0.0005"
"","174.7870","1.4294","0.0005"
"","174.8870","1.4395","0.0005"
"","174.9870","1.4495","0.0005"
"","175.0870","1.4592","0.0005"
"","175.1870","1.4694","0.0006"
"","175.2870","1.4796","0.0006"
"","175.3870","1.4894","0.0006"
"","175.4870","1.4994","0.0006"
"","175.5870","1.5095","0.0006"
"","175.6870","1.5196","0.0006"
"","175.7870","1.5292","0.0007"
"","175.8870","1.5395","0.0007"
"","175.9870","1.5495","0.0007"
"","176.0870","1.5595","0.0007"
"","176.1870","1.5693","0.0007"
"","176.2870","1.5795","0.0008"
"","176.3870","1.5895","0.0008"
"","176.4870","1.5992","0.0008"
"","176.5870","1.6095","0.0008"
"","176.6870","1.6195","0.0008"
"","176.7870","1.6295","0.0009"
"","176.8870","1.6392","0.0009"
"","176.9870","1.6495","0.0009"
"","177.0870","1.6596","0.0009"
"","177.1870","1.6694","0.0010"
"","177.2870","1.6794","0.0010"
"","177.3870","1.6895","0.0010"
"","177.4870","1.6996","0.0010"
"","177.5870","1.7091","0.0011"
"","177.6870","1.7193","0.0011"
"","177.7870","1.7295","0.0011"
"","177.8870","1.7395","0.0012"
"","177.9870","1.7494","0.0012"
"","178.0870","1.7595","0.0012"
"","178.1870","1.7695","0.0013"
"","178.2870","1.7793","0.0013"
"","178.3870","1.7895","0.0013"
"","178.4870","1.7994","0.0014"
"","178.5870","1.8094","0.0014"
"","178.6870","1.8194","0.0015"
"","178.7870","1.8295","0.0015"
"","178.8870","1.8394","0.0015"
"","178.9870","1.8492","0.0016"
"","179.0870","1.8597","0.0016"
"","179.1870","1.8695","0.0017"
"","179.2870","1.8794","0.0017"
"","179.3870","1.8892","0.0018"
"","179.4870","1.8996","0.0018"
"","179.5870","1.9096","0.0018"
"","179.6870","1.9193","0.0019"
"","179.7870","1.9295","0.0019"
"","179.8870","1.9395","0.0020"
"","179.9870","1.9496","0.0020"
"","180.0870","1.9591","0.0021"
"","180.1870","1.9695","0.0021"
"","180.2870","1.9795","0.0022"
"","180.3870","1.9895","0.0022"
"","180.4870","1.9994","0.0023"
"","180.5870","2.0095","0.0023"
"","180.6870","2.0195","0.0024"
"","180.7870","2.0293","0.0025"
"","180.8870","2.0395","0.0025"
"","180.9870","2.0495","0.0026"
"","181.0870","2.0595","0.0026"
"","181.1870","2.0694","0.0027"
"","181.2870","2.0795","0.0028"
"","181.3870","2.0894","0.0028"
"","181.4870","2.0992","0.0029"
"","181.5870","2.1095","0.0030"
"","181.6870","2.1195","0.0030"
"","181.7870","2.1294","0.0031"
"","181.8870","2.1392","0.0032"
"","181.9870","2.1495","0.0033"
"","182.0870","2.1596","0.0033"
"","182.1870","2.1693","0.0034"
"","182.2870","2.1794","0.0035"
"","182.3870","2.1895","0.0036"
"","182.4870","2.1996","0.0036"
"","182.5870","2.2091","0.0037"
"","182.6870","2.2194","0.0038"
"","182.7870","2.2295","0.0039"
"","182.8870","2.2396","0.0040"
"","182.9870","2.2494","0.0041"
"","183.0870","2.2595","0.0042"
"","183.1870","2.2695","0.0043"
"","183.2870","2.2793","0.0044"
"","183.3870","2.2894","0.0045"
"","183.4870","2.2995","0.0046"
"","183.5870","2.3095","0.0047"
"","183.6870","2.3194","0.0048"
"","183.7870","2.3295","0.0049"
"","183.8870","2.3395","0.0050"
"","183.9870","2.3492","0.0052"
"","184.0870","2.3596","0.0053"
"","184.1870","2.3695","0.0054"
"","184.2870","2.3795","0.0056"
"","184.3870","2.3892","0.0057"
"","184.4870","2.3995","0.0059"
"","184.5870","2.4096","0.0060"
"","184.6870","2.4194","0.0062"
"","184.7870","2.4294","0.0064"
"","184.8870","2.4395","0.0066"
"","184.9870","2.4496","0.0068"
"","185.0870","2.4591","0.0070"
"","185.1870","2.4694","0.0072"
"","185.2870","2.4795","0.0075"
"","185.3870","2.4895","0.0077"
"","185.4870","2.4994","0.0079"
"","185.5870","2.5095","0.0082"
"","185.6870","2.5195","0.0085"
"","185.7870","2.5293","0.0087"
"","185.8870","2.5394","0.0090"
"","185.9870","2.5494","0.0093"
"","186.0870","2.5594","0.0096"
"","186.1870","2.5694","0.0099"
"","186.2870","2.5794","0.0103"
"","186.3870","2.5894","0.0106"
"","186.4870","2.5992","0.0110"
"","186.5870","2.6096","0.0114"
"","186.6870","2.6196","0.0117"
"","186.7870","2.6294","0.0121"
"","186.8870","2.6392","0.0125"
"","186.9870","2.6495","0.0129"
"","187.0870","2.6596","0.0133"
"","187.1870","2.6693","0.0138"
"","187.2870","2.6795","0.0142"
"","187.3870","2.6895","0.0147"
"","187.4870","2.6996","0.0152"
"","187.5870","2.7091","0.0156"
"","187.6870","2.7195","0.0162"
"","187.7870","2.7295","0.0167"
"","187.8870","2.7395","0.0172"
"","187.9870","2.7494","0.0177"
"","188.0870","2.7595","0.0183"
"","188.1870","2.7696","0.0188"
"","188.2870","2.7793","0.0194"
"","188.3870","2.7895","0.0200"
"","188.4870","2.7995","0.0206"
"","188.5870","2.8095","0.0212"
"","188.6870","2.8194","0.0218"
"","188.7870","2.8295","0.0224"
"","188.8870","2.8395","0.0231"
"","188.9870","2.8493","0.0237"
"","189.0870","2.8596","0.0244"
"","189.1870","2.8695","0.0251"
"","189.2870","2.8794","0.0258"
"","189.3870","2.8892","0.0265"
"","189.4870","2.8995","0.0273"
"","189.5870","2.9095","0.0281"
"","189.6870","2.9193","0.0288"
"","189.7870","2.9294","0.0296"
"","189.8870","2.9395","0.0305"
"","189.9870","2.9496","0.0312"
"","190.0870","2.9591","0.0320"
"","190.1870","2.9694","0.0326"
"","190.2870","2.9795","0.0331"
"","190.3870","2.9896","0.0335"
"","190.4870","2.9994","0.0337"
"","190.5870","3.0095","0.0339"
"","190.6870","3.0195","0.0340"
"","190.7870","3.0293","0.0340"
"","190.8870","3.0395","0.0340"
"","190.9870","3.0495","0.0340"
"","191.0870","3.0594","0.0341"
"","191.1870","3.0694","0.0341"
"","191.2870","3.0795","0.0341"
"","191.3870","3.0895","0.0341"
"","191.4870","3.0992","0.0341"
"","191.5870","3.1095","0.0341"
"","191.6870","3.1195","0.0341"
"","191.7870","3.1295","0.0342"
"","191.8870","3.1392","0.0342"
"","191.9870","3.1495","0.0343"
"","192.0870","3.1596","0.0344"
"","192.1870","3.1693","0.0346"
"","192.2870","3.1794","0.0348"
"","192.3870","3.1895","0.0355"
"","192.4870","3.1996","0.0363"
"","192.5870","3.2091","0.0373"
"","192.6870","3.2194","0.0383"
"","192.7870","3.2295","0.0394"
"","192.8870","3.2395","0.0404"
"","192.9870","3.2494","0.0415"
"","193.0870","3.2595","0.0426"
"","193.1870","3.2695","0.0437"
"","193.2870","3.2792","0.0447"
"","193.3870","3.2894","0.0458"
"","193.4870","3.2994","0.0470"
"","193.5870","3.3094","0.0481"
"","193.6870","3.3194","0.0492"
"","193.7870","3.3294","0.0503"
"","193.8870","3.3394","0.0515"
"","193.9870","3.3493","0.0526"
"","194.0870","3.3596","0.0539"
"","194.1870","3.3695","0.0550"
"","194.2870","3.3794","0.0562"
"","194.3870","3.3892","0.0574"
"","194.4870","3.3995","0.0586"
"","194.5870","3.4094","0.0598"
"","194.6870","3.4193","0.0611"
"","194.7870","3.4295","0.0623"
"","194.8870","3.4395","0.0636"
"","194.9870","3.4496","0.0649"
"","195.0870","3.4591","0.0661"
"","195.1870","3.4695","0.0674"
"","195.2870","3.4795","0.0687"
"","195.3870","3.4894","0.0700"
"","195.4870","3.4993","0.0713"
"","195.5870","3.5095","0.0727"
"","195.6870","3.5196","0.0741"
"","195.7870","3.5292","0.0753"
"","195.8870","3.5395","0.0768"
"","195.9870","3.5495","0.0781"
"","196.0870","3.5595","0.0795"
"","196.1870","3.5694","0.0809"
"","196.2870","3.5795","0.0823"
"","196.3870","3.5896","0.0837"
"","196.4870","3.5993","0.0851"
"","196.5870","3.6095","0.0866"
"","196.6870","3.6194","0.0880"
"","196.7870","3.6294","0.0895"
"","196.8870","3.6393","0.0909"
"","196.9870","3.6496","0.0924"
"","197.0870","3.6595","0.0939"
"","197.1870","3.6693","0.0954"
"","197.2870","3.6794","0.0969"
"","197.3870","3.6896","0.0984"
"","197.4870","3.6995","0.0999"
"","197.5870","3.7091","0.1014"
"","197.6870","3.7195","0.1030"
"","197.7870","3.7296","0.1046"
"","197.8870","3.7395","0.1061"
"","197.9870","3.7493","0.1076"
"","198.0870","3.7595","0.1093"
"","198.1870","3.7696","0.1109"
"","198.2870","3.7792","0.1124"
"","198.3870","3.7894","0.1140"
"","198.4870","3.7995","0.1157"
"","198.5870","3.8095","0.1173"
"","198.6870","3.8193","0.1189"
"","198.7870","3.8295","0.1206"
"","198.8870","3.8394","0.1222"
"","198.9870","3.8492","0.1238"
"","199.0870","3.8596","0.1256"
"","199.1870","3.8695","0.1272"
"","199.2870","3.8795","0.1289"
"","199.3870","3.8892","0.1305"
"","199.4870","3.8995","0.1323"
"","199.5870","3.9096","0.1340"
"","199.6870","3.9194","0.1356"
"","199.7870","3.9295","0.1373"
"","199.8870","3.9395","0.1391"
"","199.9870","3.9496","0.1407"
"","200.0870","3.9591","0.1423"
"","200.1870","3.9694","0.1441"
"","200.2870","3.9795","0.1458"
"","200.3870","3.9895","0.1474"
"","200.4870","3.9994","0.1490"
"","200.4940","4.0001","0.1492"
"","200.4950","4.0002","0.1492"
"","200.4960","4.0003","0.1492"
"","200.5960","4.0007","0.1486"
"","200.6960","3.9930","0.1462"
"","200.7960","3.9813","0.1429"
"","200.8960","3.9708","0.1400"
"","200.9960","3.9607","0.1372"
"","201.0960","3.9509","0.1346"
"","201.1960","3.9406","0.1320"
"","201.2960","3.9307","0.1295"
"","201.3960","3.9207","0.1269"
"","201.4960","3.9108","0.1245"
"","201.5960","3.9006","0.1221"
"","201.6960","3.8907","0.1197"
"","201.7960","3.8808","0.1174"
"","201.8960","3.8707","0.1150"
"","201.9960","3.8606","0.1127"
"","202.0960","3.8506","0.1104"
"","202.1960","3.8410","0.1083"
"","202.2960","3.8307","0.1060"
"","202.3960","3.8206","0.1038"
"","202.4960","3.8107","0.1017"
"","202.5960","3.8008","0.0996"
"","202.6960","3.7907","0.0975"
"","202.7960","3.7805","0.0954"
"","202.8960","3.7708","0.0934"
"","202.9960","3.7606","0.0914"
"","203.0960","3.7507","0.0894"
"","203.1960","3.7406","0.0875"
"","203.2960","3.7308","0.0856"
"","203.3960","3.7206","0.0837"
"","203.4960","3.7106","0.0818"
"","203.5960","3.7008","0.0800"
"","203.6960","3.6907","0.0782"
"","203.7960","3.6807","0.0764"
"","203.8960","3.6706","0.0747"
"","203.9960","3.6608","0.0730"
"","204.0960","3.6506","0.0713"
"","204.1960","3.6406","0.0696"
"","204.2960","3.6308","0.0680"
"","204.3960","3.6207","0.0664"
"","204.4960","3.6106","0.0648"
"","204.5960","3.6007","0.0633"
"","204.6960","3.5909","0.0618"
"","204.7960","3.5806","0.0602"
"","204.8960","3.5705","0.0586"
"","204.9960","3.5608","0.0572"
"","205.0960","3.5508","0.0558"
"","205.1960","3.5406","0.0546"
"","205.2960","3.5305","0.0531"
"","205.3960","3.5208","0.0518"
"","205.4960","3.5107","0.0503"
"","205.5960","3.5006","0.0490"
"","205.6960","3.4907","0.0476"
"","205.7960","3.4809","0.0465"
"","205.8960","3.4707","0.0452"
"","205.9960","3.4606","0.0440"
"","206.0960","3.4509","0.0430"
"","206.1960","3.4405","0.0418"
"","206.2960","3.4306","0.0406"
"","206.3960","3.4206","0.0396"
"","206.4960","3.4109","0.0385"
"","206.5960","3.4005","0.0374"
"","206.6960","3.3906","0.0364"
"","206.7960","3.3808","0.0355"
"","206.8960","3.3707","0.0346"
"","206.9960","3.3605","0.0343"
"","207.0960","3.3506","0.0338"
"","207.1960","3.3409","0.0336"
"","207.2960","3.3306","0.0333"
"","207.3960","3.3206","0.0333"
"","207.4960","3.3107","0.0332"
"","207.5960","3.3009","0.0333"
"","207.6960","3.2907","0.0333"
"","207.7960","3.2806","0.0332"
"","207.8960","3.2708","0.0333"
"","207.9960","3.2608","0.0332"
"","208.0960","3.2506","0.0332"
"","208.1960","3.2406","0.0332"
"","208.2960","3.2308","0.0332"
"","208.3960","3.2207","0.0332"
"","208.4960","3.2106","0.0331"
"","208.5960","3.2008","0.0331"
"","208.6960","3.1905","0.0331"
"","208.7960","3.1807","0.0330"
"","208.8960","3.1706","0.0328"
"","208.9960","3.1609","0.0325"
"","209.0960","3.1505","0.0320"
"","209.1960","3.1407","0.0311"
"","209.2960","3.1308","0.0302"
"","209.3960","3.1207","0.0293"
"","209.4960","3.1106","0.0285"
"","209.5960","3.1006","0.0277"
"","209.6960","3.0910","0.0269"
"","209.7960","3.0806","0.0260"
"","209.8960","3.0705","0.0251"
"","209.9960","3.0607","0.0244"
"","210.0960","3.0509","0.0236"
"","210.1960","3.0407","0.0228"
"","210.2960","3.0305","0.0221"
"","210.3960","3.0207","0.0214"
"","210.4960","3.0107","0.0208"
"","210.5960","3.0007","0.0201"
"","210.6960","2.9906","0.0195"
"","210.7960","2.9808","0.0189"
"","210.8960","2.9707","0.0183"
"","210.9960","2.9606","0.0178"
"","211.0960","2.9508","0.0172"
"","211.1960","2.9406","0.0167"
"","211.2960","2.9307","0.0162"
"","211.3960","2.9207","0.0157"
"","211.4960","2.9109","0.0152"
"","211.5960","2.9005","0.0147"
"","211.6960","2.8906","0.0143"
"","211.7960","2.8809","0.0138"
"","211.8960","2.8707","0.0134"
"","211.9960","2.8605","0.0130"
"","212.0960","2.8507","0.0126"
"","212.1960","2.8409","0.0122"
"","212.2960","2.8306","0.0118"
"","212.3960","2.8205","0.0114"
"","212.4960","2.8107","0.0111"
"","212.5960","2.8008","0.0107"
"","212.6960","2.7906","0.0104"
"","212.7960","2.7806","0.0100"
"","212.8960","2.7708","0.0097"
"","212.9960","2.7607","0.0094"
"","213.0960","2.7506","0.0091"
"","213.1960","2.7406","0.0089"
"","213.2960","2.7308","0.0086"
"","213.3960","2.7207","0.0083"
"","213.4960","2.7106","0.0081"
"","213.5960","2.7009","0.0078"
"","213.6960","2.6904","0.0076"
"","213.7960","2.6805","0.0074"
"","213.8960","2.6706","0.0072"
"","213.9960","2.6609","0.0070"
"","214.0960","2.6505","0.0068"
"","214.1960","2.6406","0.0066"
"","214.2960","2.6309","0.0064"
"","214.3960","2.6207","0.0062"
"","214.4960","2.6105","0.0060"
"","214.5960","2.6006","0.0059"
"","214.6960","2.5909","0.0057"
"","214.7960","2.5806","0.0056"
"","214.8960","2.5705","0.0054"
"","214.9960","2.5607","0.0053"
"","215.0960","2.5509","0.0052"
"","215.1960","2.5407","0.0050"
"","215.2960","2.5306","0.0049"
"","215.3960","2.5208","0.0048"
"","215.4960","2.5108","0.0047"
"","215.5960","2.5006","0.0046"
"","215.6960","2.4906","0.0045"
"","215.7960","2.4808","0.0044"
"","215.8960","2.4707","0.0043"
"","215.9960","2.4606","0.0042"
"","216.0960","2.4508","0.0041"
"","216.1960","2.4405","0.0040"
"","216.2960","2.4307","0.0039"
"","216.3960","2.4206","0.0038"
"","216.4960","2.4108","0.0037"
"","216.5960","2.4005","0.0036"
"","216.6960","2.3907","0.0035"
"","216.7960","2.3808","0.0035"
"","216.8960","2.3707","0.0034"
"","216.9960","2.3606","0.0033"
"","217.0960","2.3506","0.0032"
"","217.1960","2.3410","0.0032"
"","217.2960","2.3306","0.0031"
"","217.3960","2.3206","0.0030"
"","217.4960","2.3106","0.0029"
"","217.5960","2.3008","0.0029"
"","217.6960","2.2907","0.0028"
"","217.7960","2.2806","0.0027"
"","217.8960","2.2707","0.0027"
"","217.9960","2.2607","0.0026"
"","218.0960","2.2507","0.0025"
"","218.1960","2.2406","0.0025"
"","218.2960","2.2308","0.0024"
"","218.3960","2.2207","0.0024"
"","218.4960","2.2106","0.0023"
"","218.5960","2.2008","0.0023"
"","218.6960","2.1905","0.0022"
"","218.7960","2.1807","0.0021"
"","218.8960","2.1707","0.0021"
"","218.9960","2.1609","0.0021"
"","219.0960","2.1505","0.0020"
"","219.1960","2.1407","0.0020"
"","219.2960","2.1308","0.0019"
"","219.3960","2.1207","0.0018"
"","219.4960","2.1105","0.0018"
"","219.5960","2.1007","0.0018"
"","219.6960","2.0910","0.0017"
"","219.7960","2.0806","0.0017"
"","219.8960","2.0705","0.0016"
"","219.9960","2.0608","0.0016"
"","220.0960","2.0508","0.0015"
"","220.1960","2.0406","0.0015"
"","220.2960","2.0305","0.0015"
"","220.3960","2.0207","0.0014"
"","220.4960","2.0107","0.0014"
"","220.5960","2.0006","0.0014"
"","220.6960","1.9906","0.0013"
"","220.7960","1.9807","0.0013"
"","220.8960","1.9707","0.0012"
"","220.9960","1.9606","0.0012"
"","221.0960","1.9509","0.0012"
"","221.1960","1.9404","0.0011"
"","221.2960","1.9306","0.0011"
"","221.3960","1.9206","0.0011"
"","221.4960","1.9109","0.0011"
"","221.5960","1.9005","0.0010"
"","221.6960","1.8906","0.0010"
"","221.7960","1.8809","0.0010"
"","221.8960","1.8708","0.0009"
"","221.9960","1.8605","0.0009"
"","222.0960","1.8506","0.0009"
"","222.1960","1.8409","0.0009"
"","222.2960","1.8306","0.0008"
"","222.3960","1.8205","0.0008"
"","222.4960","1.8106","0.0008"
"","222.5960","1.8009","0.0008"
"","222.6960","1.7908","0.0007"
"","222.7960","1.7805","0.0007"
"","222.8960","1.7708","0.0007"
"","222.9960","1.7607","0.0007"
"","223.0960","1.7506","0.0007"
"","223.1960","1.7406","0.0007"
"","223.2960","1.7308","0.0006"
"","223.3960","1.7207","0.0006"
"","223.4960","1.7107","0.0006"
"","223.5960","1.7008","0.0006"
"","223.6960","1.6906","0.0006"
"","223.7960","1.6806","0.0005"
"","223.8960","1.6706","0.0005"
"","223.9960","1.6608","0.0005"
"","224.0960","1.6506","0.0005"
"","224.1960","1.6406","0.0005"
"","224.2960","1.6308","0.0005"
"","224.3960","1.6207","0.0005"
"","224.4960","1.6106","0.0005"
"","224.5960","1.6005","0.0004"
"","224.6960","1.5910","0.0004"
"","224.7960","1.5806","0.0004"
"","224.8960","1.5706","0.0004"
"","224.9960","1.5606","0.0004"
"","225.0960","1.5508","0.0004"
"","225.1960","1.5407","0.0004"
"","225.2960","1.5305","0.0004"
"","225.3960","1.5208","0.0003"
"","225.4960","1.5106","0.0003"
"","225.5960","1.5007","0.0003"
"","225.6960","1.4906","0.0003"
"","225.7960","1.4808","0.0003"
"","225.8960","1.4706","0.0003"
"","225.9960","1.4606","0.0003"
"","226.0960","1.4508","0.0003"
"","226.1960","1.4406","0.0003"
"","226.2960","1.4306","0.0003"
"","226.3960","1.4207","0.0003"
"","226.4960","1.4109","0.0003"
"","226.5960","1.4005","0.0003"
"","226.6960","1.3907","0.0002"
"","226.7960","1.3809","0.0002"
"","226.8960","1.3707","0.0002"
"","226.9960","1.3605","0.0002"
"","227.0960","1.3507","0.0002"
"","227.1960","1.3410","0.0002"
"","227.2960","1.3306","0.0002"
"","227.3960","1.3205","0.0002"
"","227.4960","1.3108","0.0002"
"","227.5960","1.3009","0.0002"
"","227.6960","1.2906","0.0002"
"","227.7960","1.2805","0.0002"
"","227.8960","1.2708","0.0002"
"","227.9960","1.2607","0.0002"
"","228.0960","1.2506","0.0002"
"","228.1960","1.2406","0.0001"
"","228.2960","1.2308","0.0002"
"","228.3960","1.2207","0.0001"
"","228.4960","1.2106","0.0001"
"","228.5960","1.2008","0.0001"
"","228.6960","1.1904","0.0001"
"","228.7960","1.1806","0.0001"
"","228.8960","1.1706","0.0001"
"","228.9960","1.1609","0.0001"
"","229.0960","1.1505","0.0001"
"","229.1960","1.1406","0.0001"
"","229.2960","1.1309","0.0001"
"","229.3960","1.1207","0.0001"
"","229.4960","1.1105","0.0001"
"","229.5960","1.1006","0.0001"
"","229.6960","1.0909","0.0001"
"","229.7960","1.0806","0.0001"
"","229.8960","1.0705","0.0001"
"","229.9960","1.0607","0.0001"
"","230.0960","1.0509","0.0001"
"","230.1960","1.0407","0.0001"
"","230.2960","1.0306","0.0001"
"","230.3960","1.0207","0.0001"
"","230.4960","1.0107","0.0001"
"","230.5960","1.0006","0.0001"
"","230.6960","0.9906","0.0001"
"","230.7960","0.9808","0.0000"
"","230.8960","0.9707","0.0000"
"","230.9960","0.9607","0.0000"
"","231.0960","0.9508","0.0000"
"","231.1960","0.9405","0.0000"
"","231.2960","0.9307","0.0000"
"","231.3960","0.9206","0.0000"
"","231.4960","0.9109","0.0000"
"","231.5960","0.9005","0.0000"
"","231.6960","0.8907","0.0000"
"","231.7960","0.8808","0.0000"
"","231.8960","0.8708","0.0000"
"","231.9960","0.8606","0.0000"
"","232.0960","0.8506","0.0000"
"","232.1960","0.8410","0.0000"
"","232.2960","0.8306","0.0000"
"","232.3960","0.8205","0.0000"
"","232.4960","0.8107","0.0000"
"","232.5960","0.8009","0.0000"
"","232.6960","0.7907","0.0000"
"","232.7960","0.7805","0.0000"
"","232.8960","0.7708","0.0000"
"","232.9960","0.7607","0.0000"
"","233.0960","0.7507","0.0000"
"","233.1960","0.7406","0.0000"
"","233.2960","0.7308","0.0000"
"","233.3960","0.7206","0.0000"
"","233.4960","0.7106","0.0000"
"","233.5960","0.7008","0.0000"
"","233.6960","0.6905","0.0000"
"","233.7960","0.6807","0.0000"
"","233.8960","0.6706","0.0000"
"","233.9960","0.6609","0.0000"
"","234.0960","0.6505","0.0000"
"","234.1960","0.6407","0.0000"
"","234.2960","0.6308","0.0000"
"","234.3960","0.6207","0.0000"
"","234.4960","0.6105","0.0000"
"","234.5960","0.6007","0.0000"
"","234.6960","0.5909","0.0000"
"","234.7960","0.5806","0.0000"
"","234.8960","0.5705","0.0000"
"","234.9960","0.5608","0.0000"
"","235.0960","0.5508","0.0000"
"","235.1960","0.5406","0.0000"
"","235.2960","0.5305","0.0000"
"","235.3960","0.5208","0.0000"
"","235.4960","0.5106","-0.0001"
"","235.5960","0.5005","0.0000"
"","235.6960","0.4907","0.0000"
"","235.7960","0.4808","0.0000"
"","235.8960","0.4706","0.0000"
"","235.9960","0.4606","-0.0001"
"","236.0960","0.4509","0.0000"
"","236.1960","0.4405","-0.0001"
"","236.2960","0.4306","-0.0001"
"","236.3960","0.4206","-0.0001"
"","236.4960","0.4109","-0.0001"
"","236.5960","0.4005","0.0000"
"","236.6960","0.3906","-0.0001"
"","236.7960","0.3808","-0.0001"
"","236.8960","0.3707","-0.0001"
"","236.9960","0.3605","-0.0001"
"","237.0960","0.3506","-0.0001"
"","237.1960","0.3409","-0.0001"
"","237.2960","0.3306","-0.0001"
"","237.3960","0.3205","-0.0001"
"","237.4960","0.3107","-0.0001"
"","237.5960","0.3009","-0.0001"
"","237.6960","0.2907","-0.0001"
"","237.7960","0.2806","-0.0001"
"","237.8960","0.2708","-0.0001"
"","237.9960","0.2608","-0.0001"
"","238.0960","0.2506","-0.0001"
"","238.1960","0.2406","-0.0001"
"","238.2960","0.2308","-0.0001"
"","238.3960","0.2207","-0.0001"
"","238.4960","0.2106","-0.0001"
"","238.5960","0.2008","-0.0001"
"","238.6960","0.1905","-0.0001"
"","238.7960","0.1807","-0.0001"
"","238.8960","0.1706","-0.0001"
"","238.9960","0.1609","-0.0001"
"","239.0960","0.1505","-0.0001"
"","239.1960","0.1406","-0.0001"
"","239.2960","0.1308","-0.0001"
"","239.3960","0.1207","-0.0001"
"","239.4960","0.1106","-0.0001"
"","239.5960","0.1006","-0.0001"
"","239.6960","0.0910","-0.0001"
"","239.7960","0.0806","-0.0001"
"","239.8960","0.0705","-0.0001"
"","239.9960","0.0607","-0.0001"
"","240.0960","0.0508","-0.0001"
"","240.1960","0.0407","-0.0001"
"","240.2960","0.0306","-0.0001"
"","240.3960","0.0208","-0.0001"
"","240.4960","0.0107","-0.0001"
"","240.5960","0.0007","-0.0001"
"","240.6030","0.0000","-0.0001"
"","240.6040","-0.0001","-0.0001"
"","240.6050","-0.0002","-0.0001"
"","240.7050","-0.0006","-0.0001"
"","240.8050","0.0072","-0.0001"
"","240.9050","0.0191","-0.0001"
"","241.0050","0.0291","-0.0001"
"","241.1050","0.0394","-0.0001"
"","241.2050","0.0495","-0.0001"
"","241.3050","0.0594","-0.0001"
"","241.4050","0.0694","-0.0001"
"","241.5050","0.0795","-0.0001"
"","241.6050","0.0895","-0.0001"
"","241.7050","0.0992","-0.0001"
"","241.8050","0.1096","-0.0001"
"","241.9050","0.1194","-0.0001"
"","242.0050","0.1294","-0.0001"
"","242.1050","0.1392","-0.0001"
"","242.2050","0.1495","-0.0001"
"","242.3050","0.1595","-0.0001"
"","242.4050","0.1693","-0.0001"
"","242.5050","0.1794","-0.0001"
"","242.6050","0.1895","-0.0001"
"","242.7050","0.1995","-0.0001"
"","242.8050","0.2091","-0.0001"
"","242.9050","0.2194","-0.0001"
"","243.0050","0.2295","-0.0001"
"","243.1050","0.2395","-0.0001"
"","243.2050","0.2493","-0.0001"
"","243.3050","0.2595","-0.0001"
"","243.4050","0.2695","-0.0001"
"","243.5050","0.2793","-0.0001"
"","243.6050","0.2894","0.0000"
"","243.7050","0.2994","0.0000"
"","243.8050","0.3094","-0.0001"
"","243.9050","0.3194","0.0000"
"","244.0050","0.3294","0.0000"
"","244.1050","0.3395","-0.0001"
"","244.2050","0.3493","0.0000"
"","244.3050","0.3596","0.0000"
"","244.4050","0.3694","0.0000"
"","244.5050","0.3794","0.0000"
"","244.6050","0.3892","0.0000"
"","244.7050","0.3995","0.0000"
"","244.8050","0.4094","0.0000"
"","244.9050","0.4193","0.0000"
"","245.0050","0.4295","0.0000"
"","245.1050","0.4395","0.0000"
"","245.2050","0.4496","0.0000"
"","245.3050","0.4591","0.0000"
"","245.4050","0.4695","0.0000"
"","245.5050","0.4795","0.0000"
"","245.6050","0.4895","0.0000"
"","245.7050","0.4994","0.0000"
"","245.8050","0.5095","0.0000"
"","245.9050","0.5195","0.0000"
"","246.0050","0.5293","0.0000"
"","246.1050","0.5395","0.0000"
"","246.2050","0.5495","0.0000"
"","246.3050","0.5595","0.0000"
"","246.4050","0.5694","0.0000"
"","246.5050","0.5795","0.0000"
"","246.6050","0.5895","0.0000"
"","246.7050","0.5993","0.0000"
"","246.8050","0.6096","0.0000"
"","246.9050","0.6195","0.0000"
"","247.0050","0.6294","0.0000"
"","247.1050","0.6392","0.0000"
"","247.2050","0.6495","0.0000"
"","247.3050","0.6595","0.0000"
"","247.4050","0.6693","0.0000"
"","247.5050","0.6794","0.0000"
"","247.6050","0.6895","0.0000"
"","247.7050","0.6996","0.0000"
"","247.8050","0.7091","0.0000"
"","247.9050","0.7194","0.0000"
"","248.0050","0.7295","0.0000"
"","248.1050","0.7395","0.0000"
"","248.2050","0.7493","0.0000"
"","248.3050","0.7595","0.0000"
"","248.4050","0.7695","0.0000"
"","248.5050","0.7793","0.0000"
"","248.6050","0.7894","0.0000"
"","248.7050","0.7995","0.0001"
"","248.8050","0.8094","0.0001"
"","248.9050","0.8194","0.0001"
"","249.0050","0.8295","0.0001"
"","249.1050","0.8395","0.0001"
"","249.2050","0.8492","0.0001"
"","249.3050","0.8596","0.0001"
"","249.4050","0.8694","0.0001"
"","249.5050","0.8795","0.0001"
"","249.6050","0.8892","0.0001"
"","249.7050","0.8996","0.0001"
"","249.8050","0.9096","0.0001"
"","249.9050","0.9193","0.0001"
"","250.0050","0.9294","0.0001"
"","250.1050","0.9395","0.0001"
"","250.2050","0.9496","0.0001"
"","250.3050","0.9591","0.0001"
"","250.4050","0.9694","0.0001"
"","250.5050","0.9795","0.0001"
"","250.6050","0.9895","0.0001"
"","250.7050","0.9993","0.0001"
"","250.8050","1.0095","0.0001"
"","250.9050","1.0195","0.0002"
"","251.0050","1.0294","0.0002"
"","251.1050","1.0394","0.0002"
"","251.2050","1.0494","0.0002"
"","251.3050","1.0594","0.0002"
"","251.4050","1.0694","0.0002"
"","251.5050","1.0795","0.0002"
"","251.6050","1.0895","0.0002"
"","251.7050","1.0992","0.0002"
"","251.8050","1.1096","0.0002"
"","251.9050","1.1195","0.0002"
"","252.0050","1.1294","0.0002"
"","252.1050","1.1392","0.0002"
"","252.2050","1.1495","0.0002"
"","252.3050","1.1595","0.0002"
"","252.4050","1.1693","0.0002"
"","252.5050","1.1795","0.0002"
"","252.6050","1.1895","0.0002"
"","252.7050","1.1996","0.0002"
"","252.8050","1.2091","0.0003"
"","252.9050","1.2195","0.0003"
"","253.0050","1.2295","0.0003"
"","253.1050","1.2395","0.0003"
"","253.2050","1.2494","0.0003"
"","253.3050","1.2595","0.0003"
"","253.4050","1.2695","0.0003"
"","253.5050","1.2793","0.0003"
"","253.6050","1.2896","0.0003"
"","253.7050","1.2995","0.0003"
"","253.8050","1.3094","0.0003"
"","253.9050","1.3193","0.0003"
"","254.0050","1.3296","0.0004"
"","254.1050","1.3395","0.0004"
"","254.2050","1.3492","0.0004"
"","254.3050","1.3595","0.0004"
"","254.4050","1.3696","0.0004"
"","254.5050","1.3794","0.0004"
"","254.6050","1.3892","0.0004"
"","254.7050","1.3995","0.0004"
"","254.8050","1.4095","0.0004"
"","254.9050","1.4193","0.0005"
"","255.0050","1.4294","0.0005"
"","255.1050","1.4395","0.0005"
"","255.2050","1.4495","0.0005"
"","255.3050","1.4592","0.0005"
"","255.4050","1.4694","0.0005"
"","255.5050","1.4796","0.0005"
"","255.6050","1.4894","0.0005"
"","255.7050","1.4994","0.0006"
"","255.8050","1.5095","0.0006"
"","255.9050","1.5196","0.0006"
"","256.0050","1.5292","0.0006"
"","256.1050","1.5395","0.0006"
"","256.2050","1.5495","0.0006"
"","256.3050","1.5595","0.0007"
"","256.4050","1.5693","0.0007"
"","256.5050","1.5795","0.0007"
"","256.6050","1.5894","0.0007"
"","256.7050","1.5992","0.0007"
"","256.8050","1.6095","0.0007"
"","256.9050","1.6195","0.0008"
"","257.0050","1.6295","0.0008"
"","257.1050","1.6392","0.0008"
"","257.2050","1.6495","0.0008"
"","257.3050","1.6596","0.0008"
"","257.4050","1.6693","0.0009"
"","257.5050","1.6794","0.0009"
"","257.6050","1.6895","0.0009"
"","257.7050","1.6996","0.0010"
"","257.8050","1.7091","0.0010"
"","257.9050","1.7193","0.0010"
"","258.0050","1.7295","0.0010"
"","258.1050","1.7395","0.0011"
"","258.2050","1.7494","0.0011"
"","258.3050","1.7595","0.0011"
"","258.4050","1.7695","0.0011"
"","258.5050","1.7793","0.0012"
"","258.6050","1.7895","0.0012"
"","258.7050","1.7994","0.0012"
"","258.8050","1.8094","0.0013"
"","258.9050","1.8194","0.0013"
"","259.0050","1.8295","0.0013"
"","259.1050","1.8394","0.0014"
"","259.2050","1.8492","0.0015"
"","259.3050","1.8597","0.0015"
"","259.4050","1.8695","0.0015"
"","259.5050","1.8794","0.0016"
"","259.6050","1.8892","0.0016"
"","259.7050","1.8995","0.0017"
"","259.8050","1.9096","0.0017"
"","259.9050","1.9193","0.0017"
"","260.0050","1.9295","0.0018"
"","260.1050","1.9395","0.0019"
"","260.2050","1.9496","0.0019"
"","260.3050","1.9591","0.0019"
"","260.4050","1.9695","0.0020"
"","260.5050","1.9795","0.0020"
"","260.6050","1.9895","0.0021"
"","260.7050","1.9994","0.0021"
"","260.8050","2.0094","0.0022"
"","260.9050","2.0195","0.0022"
"","261.0050","2.0293","0.0023"
"","261.1050","2.0395","0.0023"
"","261.2050","2.0495","0.0024"
"","261.3050","2.0595","0.0025"
"","261.4050","2.0694","0.0025"
"","261.5050","2.0795","0.0026"
"","261.6050","2.0894","0.0026"
"","261.7050","2.0992","0.0027"
"","261.8050","2.1095","0.0027"
"","261.9050","2.1195","0.0028"
"","262.0050","2.1294","0.0029"
"","262.1050","2.1392","0.0029"
"","262.2050","2.1495","0.0030"
"","262.3050","2.1596","0.0031"
"","262.4050","2.1693","0.0031"
"","262.5050","2.1794","0.0032"
"","262.6050","2.1895","0.0033"
"","262.7050","2.1996","0.0034"
"","262.8050","2.2091","0.0035"
"","262.9050","2.2194","0.0035"
"","263.0050","2.2295","0.0036"
"","263.1050","2.2395","0.0037"
"","263.2050","2.2493","0.0038"
"","263.3050","2.2594","0.0039"
"","263.4050","2.2695","0.0040"
"","263.5050","2.2793","0.0041"
"","263.6050","2.2894","0.0042"
"","263.7050","2.2995","0.0043"
"","263.8050","2.3095","0.0044"
"","263.9050","2.3194","0.0044"
"","264.0050","2.3295","0.0046"
"","264.1050","2.3394","0.0047"
"","264.2050","2.3492","0.0048"
"","264.3050","2.3595","0.0049"
"","264.4050","2.3695","0.0050"
"","264.5050","2.3795","0.0051"
"","264.6050","2.3892","0.0052"
"","264.7050","2.3995","0.0054"
"","264.8050","2.4095","0.0055"
"","264.9050","2.4193","0.0057"
"","265.0050","2.4294","0.0058"
"","265.1050","2.4395","0.0060"
"","265.2050","2.4496","0.0062"
"","265.3050","2.4591","0.0063"
"","265.4050","2.4694","0.0065"
"","265.5050","2.4795","0.0067"
"","265.6050","2.4895","0.0069"
"","265.7050","2.4994","0.0071"
"","265.8050","2.5095","0.0074"
"","265.9050","2.5195","0.0076"
"","266.0050","2.5293","0.0078"
"","266.1050","2.5394","0.0081"
"","266.2050","2.5494","0.0083"
"","266.3050","2.5594","0.0086"
"","266.4050","2.5694","0.0089"
"","266.5050","2.5794","0.0092"
"","266.6050","2.5894","0.0094"
"","266.7050","2.5992","0.0098"
"","266.8050","2.6096","0.0101"
"","266.9050","2.6196","0.0104"
"","267.0050","2.6294","0.0108"
"","267.1050","2.6392","0.0111"
"","267.2050","2.6495","0.0115"
"","267.3050","2.6596","0.0119"
"","267.4050","2.6693","0.0123"
"","267.5050","2.6795","0.0127"
"","267.6050","2.6895","0.0132"
"","267.7050","2.6996","0.0136"
"","267.8050","2.7091","0.0140"
"","267.9050","2.7195","0.0145"
"","268.0050","2.7295","0.0150"
"","268.1050","2.7395","0.0155"
"","268.2050","2.7493","0.0160"
"","268.3050","2.7595","0.0165"
"","268.4050","2.7695","0.0170"
"","268.5050","2.7792","0.0175"
"","268.6050","2.7895","0.0181"
"","268.7050","2.7995","0.0187"
"","268.8050","2.8095","0.0192"
"","268.9050","2.8194","0.0198"
"","269.0050","2.8295","0.0204"
"","269.1050","2.8395","0.0210"
"","269.2050","2.8493","0.0216"
"","269.3050","2.8596","0.0223"
"","269.4050","2.8695","0.0229"
"","269.5050","2.8794","0.0236"
"","269.6050","2.8892","0.0243"
"","269.7050","2.8995","0.0250"
"","269.8050","2.9095","0.0257"
"","269.9050","2.9193","0.0264"
"","270.0050","2.9294","0.0272"
"","270.1050","2.9395","0.0280"
"","270.2050","2.9496","0.0288"
"","270.3050","2.9591","0.0295"
"","270.4050","2.9694","0.0304"
"","270.5050","2.9795","0.0312"
"","270.6050","2.9895","0.0320"
"","270.7050","2.9993","0.0326"
"","270.8050","3.0095","0.0330"
"","270.9050","3.0195","0.0335"
"","271.0050","3.0292","0.0337"
"","271.1050","3.0395","0.0338"
"","271.2050","3.0495","0.0339"
"","271.3050","3.0594","0.0340"
"","271.4050","3.0694","0.0340"
"","271.5050","3.0795","0.0340"
"","271.6050","3.0894","0.0340"
"","271.7050","3.0992","0.0341"
"","271.8050","3.1095","0.0341"
"","271.9050","3.1195","0.0341"
"","272.0050","3.1295","0.0341"
"","272.1050","3.1392","0.0341"
"","272.2050","3.1495","0.0341"
"","272.3050","3.1596","0.0342"
"","272.4050","3.1693","0.0342"
"","272.5050","3.1794","0.0342"
"","272.6050","3.1895","0.0344"
"","272.7050","3.1997","0.0346"
"","272.8050","3.2091","0.0349"
"","272.9050","3.2194","0.0356"
"","273.0050","3.2295","0.0364"
"","273.1050","3.2395","0.0374"
"","273.2050","3.2494","0.0384"
"","273.3050","3.2594","0.0395"
"","273.4050","3.2695","0.0406"
"","273.5050","3.2793","0.0416"
"","273.6050","3.2894","0.0427"
"","273.7050","3.2995","0.0439"
"","273.8050","3.3094","0.0450"
"","273.9050","3.3194","0.0461"
"","274.0050","3.3294","0.0472"
"","274.1050","3.3394","0.0484"
"","274.2050","3.3493","0.0495"
"","274.3050","3.3596","0.0507"
"","274.4050","3.3695","0.0519"
"","274.5050","3.3794","0.0531"
"","274.6050","3.3892","0.0542"
"","274.7050","3.3995","0.0555"
"","274.8050","3.4094","0.0567"
"","274.9050","3.4193","0.0579"
"","275.0050","3.4295","0.0592"
"","275.1050","3.4395","0.0604"
"","275.2050","3.4496","0.0617"
"","275.3050","3.4591","0.0629"
"","275.4050","3.4695","0.0643"
"","275.5050","3.4795","0.0656"
"","275.6050","3.4893","0.0669"
"","275.7050","3.4993","0.0682"
"","275.8050","3.5095","0.0696"
"","275.9050","3.5196","0.0709"
"","276.0050","3.5292","0.0722"
"","276.1050","3.5394","0.0736"
"","276.2050","3.5495","0.0751"
"","276.3050","3.5595","0.0765"
"","276.4050","3.5694","0.0778"
"","276.5050","3.5795","0.0793"
"","276.6050","3.5896","0.0807"
"","276.7050","3.5993","0.0821"
"","276.8050","3.6095","0.0836"
"","276.9050","3.6194","0.0850"
"","277.0050","3.6294","0.0865"
"","277.1050","3.6393","0.0879"
"","277.2050","3.6495","0.0895"
"","277.3050","3.6595","0.0909"
"","277.4050","3.6693","0.0924"
"","277.5050","3.6794","0.0940"
"","277.6050","3.6896","0.0955"
"","277.7050","3.6995","0.0970"
"","277.8050","3.7091","0.0985"
"","277.9050","3.7195","0.1001"
"","278.0050","3.7295","0.1017"
"","278.1050","3.7395","0.1033"
"","278.2050","3.7493","0.1049"
"","278.3050","3.7595","0.1065"
"","278.4050","3.7696","0.1081"
"","278.5050","3.7792","0.1096"
"","278.6050","3.7894","0.1113"
"","278.7050","3.7995","0.1130"
"","278.8050","3.8095","0.1147"
"","278.9050","3.8193","0.1163"
"","279.0050","3.8295","0.1180"
"","279.1050","3.8394","0.1197"
"","279.2050","3.8492","0.1213"
"","279.3050","3.8596","0.1231"
"","279.4050","3.8695","0.1248"
"","279.5050","3.8795","0.1265"
"","279.6050","3.8892","0.1281"
"","279.7050","3.8995","0.1299"
"","279.8050","3.9096","0.1316"
"","279.9050","3.9193","0.1333"
"","280.0050","3.9295","0.1352"
"","280.1050","3.9395","0.1369"
"","280.2050","3.9496","0.1387"
"","280.3050","3.9591","0.1403"
"","280.4050","3.9694","0.1421"
"","280.5050","3.9795","0.1439"
"","280.6050","3.9895","0.1456"
"","280.7050","3.9993","0.1473"
"","280.7120","4.0001","0.1474"
"","280.7130","4.0002","0.1474"
"","280.7140","4.0003","0.1474"
"","280.8140","4.0007","0.1469"
"","280.9140","3.9931","0.1446"
"","281.0140","3.9813","0.1412"
"","281.1140","3.9708","0.1383"
"","281.2140","3.9607","0.1355"
"","281.3140","3.9508","0.1329"
"","281.4140","3.9406","0.1303"
"","281.5140","3.9307","0.1278"
"","281.6140","3.9207","0.1252"
"","281.7140","3.9108","0.1228"
"","281.8140","3.9006","0.1204"
"","281.9140","3.8907","0.1180"
"","282.0140","3.8808","0.1157"
"","282.1140","3.8707","0.1133"
"","282.2140","3.8606","0.1110"
"","282.3140","3.8506","0.1088"
"","282.4140","3.8410","0.1066"
"","282.5140","3.8306","0.1043"
"","282.6140","3.8205","0.1022"
"","282.7140","3.8107","0.1000"
"","282.8140","3.8008","0.0979"
"","282.9140","3.7907","0.0958"
"","283.0140","3.7805","0.0937"
"","283.1140","3.7708","0.0918"
"","283.2140","3.7606","0.0898"
"","283.3140","3.7507","0.0878"
"","283.4140","3.7406","0.0859"
"","283.5140","3.7308","0.0840"
"","283.6140","3.7206","0.0821"
"","283.7140","3.7106","0.0802"
"","283.8140","3.7008","0.0784"
"","283.9140","3.6906","0.0766"
"","284.0140","3.6807","0.0749"
"","284.1140","3.6706","0.0731"
"","284.2140","3.6608","0.0714"
"","284.3140","3.6506","0.0697"
"","284.4140","3.6407","0.0681"
"","284.5140","3.6308","0.0664"
"","284.6140","3.6207","0.0648"
"","284.7140","3.6106","0.0633"
"","284.8140","3.6006","0.0617"
"","284.9140","3.5909","0.0602"
"","285.0140","3.5805","0.0586"
"","285.1140","3.5705","0.0572"
"","285.2140","3.5608","0.0558"
"","285.3140","3.5508","0.0543"
"","285.4140","3.5406","0.0529"
"","285.5140","3.5305","0.0515"
"","285.6140","3.5208","0.0502"
"","285.7140","3.5107","0.0489"
"","285.8140","3.5006","0.0476"
"","285.9140","3.4906","0.0463"
"","286.0140","3.4809","0.0451"
"","286.1140","3.4707","0.0439"
"","286.2140","3.4606","0.0427"
"","286.3140","3.4508","0.0416"
"","286.4140","3.4405","0.0404"
"","286.5140","3.4306","0.0393"
"","286.6140","3.4206","0.0382"
"","286.7140","3.4109","0.0372"
"","286.8140","3.4005","0.0362"
"","286.9140","3.3906","0.0353"
"","287.0140","3.3808","0.0345"
"","287.1140","3.3707","0.0343"
"","287.2140","3.3605","0.0338"
"","287.3140","3.3506","0.0334"
"","287.4140","3.3409","0.0333"
"","287.5140","3.3306","0.0333"
"","287.6140","3.3205","0.0333"
"","287.7140","3.3106","0.0333"
"","287.8140","3.3009","0.0333"
"","287.9140","3.2907","0.0333"
"","288.0140","3.2806","0.0333"
"","288.1140","3.2708","0.0333"
"","288.2140","3.2608","0.0332"
"","288.3140","3.2506","0.0332"
"","288.4140","3.2406","0.0332"
"","288.5140","3.2308","0.0332"
"","288.6140","3.2207","0.0331"
"","288.7140","3.2106","0.0331"
"","288.8140","3.2008","0.0331"
"","288.9140","3.1905","0.0331"
"","289.0140","3.1807","0.0326"
"","289.1140","3.1706","0.0323"
"","289.2140","3.1609","0.0318"
"","289.3140","3.1505","0.0308"
"","289.4140","3.1406","0.0299"
"","289.5140","3.1308","0.0290"
"","289.6140","3.1207","0.0282"
"","289.7140","3.1106","0.0273"
"","289.8140","3.1006","0.0265"
"","289.9140","3.0910","0.0257"
"","290.0140","3.0806","0.0248"
"","290.1140","3.0705","0.0240"
"","290.2140","3.0606","0.0233"
"","290.3140","3.0509","0.0225"
"","290.4140","3.0407","0.0218"
"","290.5140","3.0305","0.0211"
"","290.6140","3.0207","0.0205"
"","290.7140","3.0107","0.0198"
"","290.8140","3.0007","0.0192"
"","290.9140","2.9906","0.0186"
"","291.0140","2.9807","0.0180"
"","291.1140","2.9707","0.0175"
"","291.2140","2.9606","0.0169"
"","291.3140","2.9508","0.0164"
"","291.4140","2.9405","0.0159"
"","291.5140","2.9307","0.0154"
"","291.6140","2.9207","0.0149"
"","291.7140","2.9109","0.0145"
"","291.8140","2.9005","0.0140"
"","291.9140","2.8906","0.0135"
"","292.0140","2.8808","0.0131"
"","292.1140","2.8707","0.0127"
"","292.2140","2.8605","0.0123"
"","292.3140","2.8506","0.0119"
"","292.4140","2.8409","0.0115"
"","292.5140","2.8306","0.0111"
"","292.6140","2.8205","0.0108"
"","292.7140","2.8107","0.0105"
"","292.8140","2.8008","0.0101"
"","292.9140","2.7906","0.0098"
"","293.0140","2.7805","0.0095"
"","293.1140","2.7708","0.0092"
"","293.2140","2.7607","0.0089"
"","293.3140","2.7506","0.0086"
"","293.4140","2.7406","0.0084"
"","293.5140","2.7308","0.0081"
"","293.6140","2.7207","0.0079"
"","293.7140","2.7106","0.0077"
"","293.8140","2.7009","0.0074"
"","293.9140","2.6904","0.0072"
"","294.0140","2.6805","0.0070"
"","294.1140","2.6706","0.0068"
"","294.2140","2.6609","0.0066"
"","294.3140","2.6505","0.0064"
"","294.4140","2.6407","0.0063"
"","294.5140","2.6309","0.0061"
"","294.6140","2.6207","0.0059"
"","294.7140","2.6105","0.0058"
"","294.8140","2.6006","0.0056"
"","294.9140","2.5909","0.0055"
"","295.0140","2.5806","0.0053"
"","295.1140","2.5705","0.0052"
"","295.2140","2.5607","0.0051"
"","295.3140","2.5509","0.0049"
"","295.4140","2.5407","0.0048"
"","295.5140","2.5306","0.0047"
"","295.6140","2.5208","0.0046"
"","295.7140","2.5108","0.0045"
"","295.8140","2.5006","0.0044"
"","295.9140","2.4906","0.0043"
"","296.0140","2.4808","0.0042"
"","296.1140","2.4707","0.0041"
"","296.2140","2.4606","0.0040"
"","296.3140","2.4508","0.0039"
"","296.4140","2.4405","0.0038"
"","296.5140","2.4307","0.0037"
"","296.6140","2.4206","0.0036"
"","296.7140","2.4108","0.0036"
"","296.8140","2.4005","0.0035"
"","296.9140","2.3907","0.0034"
"","297.0140","2.3808","0.0033"
"","297.1140","2.3707","0.0032"
"","297.2140","2.3606","0.0032"
"","297.3140","2.3506","0.0031"
"","297.4140","2.3410","0.0030"
"","297.5140","2.3306","0.0029"
"","297.6140","2.3205","0.0029"
"","297.7140","2.3106","0.0028"
"","297.8140","2.3008","0.0027"
"","297.9140","2.2907","0.0027"
"","298.0140","2.2806","0.0026"
"","298.1140","2.2707","0.0026"
"","298.2140","2.2607","0.0025"
"","298.3140","2.2507","0.0024"
"","298.4140","2.2406","0.0024"
"","298.5140","2.2308","0.0023"
"","298.6140","2.2207","0.0023"
"","298.7140","2.2106","0.0022"
"","298.8140","2.2008","0.0022"
"","298.9140","2.1905","0.0021"
"","299.0140","2.1807","0.0021"
"","299.1140","2.1707","0.0020"
"","299.2140","2.1609","0.0020"
"","299.3140","2.1505","0.0019"
"","299.4140","2.1406","0.0019"
"","299.5140","2.1309","0.0018"
"","299.6140","2.1207","0.0018"
"","299.7140","2.1105","0.0017"
"","299.8140","2.1006","0.0017"
"","299.9140","2.0910","0.0016"
"","300.0140","2.0806","0.0016"
"","300.1140","2.0705","0.0015"
"","300.2140","2.0608","0.0015"
"","300.3140","2.0508","0.0015"
"","300.4140","2.0406","0.0014"
"","300.5140","2.0305","0.0014"
"","300.6140","2.0207","0.0014"
"","300.7140","2.0107","0.0013"
"","300.8140","2.0006","0.0013"
"","300.9140","1.9906","0.0013"
"","301.0140","1.9807","0.0012"
"","301.1140","1.9707","0.0012"
"","301.2140","1.9606","0.0011"
"","301.3140","1.9509","0.0011"
"","301.4140","1.9404","0.0011"
"","301.5140","1.9306","0.0010"
"","301.6140","1.9206","0.0010"
"","301.7140","1.9109","0.0010"
"","301.8140","1.9005","0.0010"
"","301.9140","1.8906","0.0009"
"","302.0140","1.8809","0.0009"
"","302.1140","1.8708","0.0009"
"","302.2140","1.8605","0.0009"
"","302.3140","1.8506","0.0008"
"","302.4140","1.8409","0.0008"
"","302.5140","1.8306","0.0008"
"","302.6140","1.8205","0.0008"
"","302.7140","1.8106","0.0007"
"","302.8140","1.8009","0.0007"
"","302.9140","1.7908","0.0007"
"","303.0140","1.7805","0.0007"
"","303.1140","1.7708","0.0007"
"","303.2140","1.7607","0.0007"
"","303.3140","1.7506","0.0006"
"","303.4140","1.7406","0.0006"
"","303.5140","1.7308","0.0006"
"","303.6140","1.7206","0.0006"
"","303.7140","1.7106","0.0006"
"","303.8140","1.7008","0.0005"
"","303.9140","1.6906","0.0005"
"","304.0140","1.6806","0.0005"
"","304.1140","1.6706","0.0005"
"","304.2140","1.6608","0.0005"
"","304.3140","1.6506","0.0005"
"","304.4140","1.6406","0.0004"
"","304.5140","1.6308","0.0005"
"","304.6140","1.6207","0.0004"
"","304.7140","1.6107","0.0004"
"","304.8140","1.6005","0.0004"
"","304.9140","1.5910","0.0004"
"","305.0140","1.5806","0.0004"
"","305.1140","1.5706","0.0004"
"","305.2140","1.5606","0.0004"
"","305.3140","1.5508","0.0004"
"","305.4140","1.5407","0.0003"
"","305.5140","1.5305","0.0003"
"","305.6140","1.5208","0.0003"
"","305.7140","1.5106","0.0003"
"","305.8140","1.5007","0.0003"
"","305.9140","1.4906","0.0003"
"","306.0140","1.4808","0.0003"
"","306.1140","1.4706","0.0003"
"","306.2140","1.4606","0.0003"
"","306.3140","1.4508","0.0003"
"","306.4140","1.4406","0.0003"
"","306.5140","1.4306","0.0002"
"","306.6140","1.4207","0.0002"
"","306.7140","1.4109","0.0002"
"","306.8140","1.4005","0.0002"
"","306.9140","1.3906","0.0002"
"","307.0140","1.3809","0.0002"
"","307.1140","1.3707","0.0002"
"","307.2140","1.3605","0.0002"
"","307.3140","1.3507","0.0002"
"","307.4140","1.3410","0.0002"
"","307.5140","1.3306","0.0002"
"","307.6140","1.3205","0.0002"
"","307.7140","1.3108","0.0002"
"","307.8140","1.3009","0.0002"
"","307.9140","1.2906","0.0002"
"","308.0140","1.2805","0.0002"
"","308.1140","1.2708","0.0002"
"","308.2140","1.2607","0.0001"
"","308.3140","1.2506","0.0001"
"","308.4140","1.2406","0.0001"
"","308.5140","1.2308","0.0001"
"","308.6140","1.2207","0.0001"
"","308.7140","1.2106","0.0001"
"","308.8140","1.2008","0.0001"
"","308.9140","1.1904","0.0001"
"","309.0140","1.1806","0.0001"
"","309.1140","1.1706","0.0001"
"","309.2140","1.1609","0.0001"
"","309.3140","1.1505","0.0001"
"","309.4140","1.1406","0.0001"
"","309.5140","1.1309","0.0001"
"","309.6140","1.1207","0.0001"
"","309.7140","1.1105","0.0001"
"","309.8140","1.1006","0.0001"
"","309.9140","1.0909","0.0001"
"","310.0140","1.0806","0.0001"
"","310.1140","1.0705","0.0001"
"","310.2140","1.0607","0.0001"
"","310.3140","1.0509","0.0001"
"","310.4140","1.0407","0.0001"
"","310.5140","1.0305","0.0001"
"","310.6140","1.0207","0.0000"
"","310.7140","1.0107","0.0000"
"","310.8140","1.0006","0.0000"
"","310.9140","0.9906","0.0000"
"","311.0140","0.9808","0.0000"
"","311.1140","0.9707","0.0000"
"","311.2140","0.9607","0.0000"
"","311.3140","0.9508","0.0000"
"","311.4140","0.9405","0.0000"
"","311.5140","0.9307","0.0000"
"","311.6140","0.9206","0.0000"
"","311.7140","0.9109","0.0000"
"","311.8140","0.9005","0.0000"
"","311.9140","0.8907","0.0000"
"","312.0140","0.8808","0.0000"
"","312.1140","0.8707","0.0000"
"","312.2140","0.8606","0.0000"
"","312.3140","0.8506","0.0000"
"","312.4140","0.8410","0.0000"
"","312.5140","0.8306","0.0000"
"","312.6140","0.8205","0.0000"
"","312.7140","0.8107","0.0000"
"","312.8140","0.8008","0.0000"
"","312.9140","0.7907","0.0000"
"","313.0140","0.7805","0.0000"
"","313.1140","0.7708","0.0000"
"","313.2140","0.7606","0.0000"
"","313.3140","0.7507","0.0000"
"","313.4140","0.7406","0.0000"
"","313.5140","0.7308","0.0000"
"","313.6140","0.7206","0.0000"
"","313.7140","0.7106","0.0000"
"","313.8140","0.7008","0.0000"
"","313.9140","0.6905","0.0000"
"","314.0140","0.6807","0.0000"
"","314.1140","0.6706","0.0000"
"","314.2140","0.6609","0.0000"
"","314.3140","0.6505","0.0000"
"","314.4140","0.6407","0.0000"
"","314.5140","0.6309","0.0000"
"","314.6140","0.6207","-0.0001"
"","314.7140","0.6105","0.0000"
"","314.8140","0.6006","0.0000"
"","314.9140","0.5909","-0.0001"
"","315.0140","0.5806","0.0000"
"","315.1140","0.5705","0.0000"
"","315.2140","0.5608","0.0000"
"","315.3140","0.5508","0.0000"
"","315.4140","0.5406","-0.0001"
"","315.5140","0.5305","-0.0001"
"","315.6140","0.5208","0.0000"
"","315.7140","0.5107","-0.0001"
"","315.8140","0.5006","0.0000"
"","315.9140","0.4906","-0.0001"
"","316.0140","0.4808","-0.0001"
"","316.1140","0.4706","-0.0001"
"","316.2140","0.4606","-0.0001"
"","316.3140","0.4509","-0.0001"
"","316.4140","0.4405","-0.0001"
"","316.5140","0.4306","-0.0001"
"","316.6140","0.4206","-0.0001"
"","316.7140","0.4109","-0.0001"
"","316.8140","0.4005","-0.0001"
"","316.9140","0.3906","-0.0001"
"","317.0140","0.3808","-0.0001"
"","317.1140","0.3707","-0.0001"
"","317.2140","0.3605","-0.0001"
"","317.3140","0.3506","-0.0001"
"","317.4140","0.3409","-0.0001"
"","317.5140","0.3306","-0.0001"
"","317.6140","0.3205","-0.0001"
"","317.7140","0.3107","-0.0001"
"","317.8140","0.3009","-0.0001"
"","317.9140","0.2907","-0.0001"
"","318.0140","0.2806","-0.0001"
"","318.1140","0.2708","-0.0001"
"","318.2140","0.2607","-0.0001"
"","318.3140","0.2505","-0.0001"
"","318.4140","0.2406","-0.0001"
"","318.5140","0.2308","-0.0001"
"","318.6140","0.2207","-0.0001"
"","318.7140","0.2106","-0.0001"
"","318.8140","0.2008","-0.0001"
"","318.9140","0.1905","-0.0001"
"","319.0140","0.1807","-0.0001"
"","319.1140","0.1706","-0.0001"
"","319.2140","0.1609","-0.0001"
"","319.3140","0.1505","-0.0001"
"","319.4140","0.1407","-0.0001"
"","319.5140","0.1308","-0.0001"
"","319.6140","0.1207","-0.0001"
"","319.7140","0.1106","-0.0001"
"","319.8140","0.1006","-0.0001"
"","319.9140","0.0910","-0.0001"
"","320.0140","0.0806","-0.0001"
"","320.1140","0.0705","-0.0001"
"","320.2140","0.0607","-0.0001"
"","320.3140","0.0508","-0.0001"
"","320.4140","0.0407","-0.0001"
"","320.5140","0.0306","-0.0001"
"","320.6140","0.0208","-0.0001"
"","320.7140","0.0106","-0.0001"
"","320.8140","0.0007","-0.0001"
"","320.8210","-0.0001","-0.0001"
"","320.8220","-0.0002","-0.0001"
"","320.8230","-0.0003","-0.0001"
"","320.9230","-0.0006","-0.0001"
"","321.0230","0.0072","-0.0001"
"","321.1230","0.0191","-0.0001"
"","321.2230","0.0291","-0.0001"
"","321.3230","0.0394","-0.0001"
"","321.4230","0.0494","-0.0001"
"","321.5230","0.0594","-0.0001"
"","321.6230","0.0694","-0.0001"
"","321.7230","0.0795","-0.0001"
"","321.8230","0.0895","-0.0001"
"","321.9230","0.0992","-0.0001"
"","322.0230","0.1095","-0.0001"
"","322.1230","0.1194","-0.0001"
"","322.2230","0.1294","-0.0001"
"","322.3230","0.1392","-0.0001"
"","322.4230","0.1495","-0.0001"
"","322.5230","0.1595","-0.0001"
"","322.6230","0.1693","-0.0001"
"","322.7230","0.1794","-0.0001"
"","322.8230","0.1895","-0.0001"
"","322.9230","0.1995","-0.0001"
"","323.0230","0.2091","-0.0001"
"","323.1230","0.2194","-0.0001"
"","323.2230","0.2294","-0.0001"
"","323.3230","0.2395","-0.0001"
"","323.4230","0.2493","-0.0001"
"","323.5230","0.2595","-0.0001"
"","323.6230","0.2695","-0.0001"
"","323.7230","0.2793","-0.0001"
"","323.8230","0.2894","0.0000"
"","323.9230","0.2994","-0.0001"
"","324.0230","0.3094","-0.0001"
"","324.1230","0.3194","-0.0001"
"","324.2230","0.3294","-0.0001"
"","324.3230","0.3395","0.0000"
"","324.4230","0.3493","-0.0001"
"","324.5230","0.3596","0.0000"
"","324.6230","0.3694","0.0000"
"","324.7230","0.3794","-0.0001"
"","324.8230","0.3892","-0.0001"
"","324.9230","0.3995","0.0000"
"","325.0230","0.4094","-0.0001"
"","325.1230","0.4193","0.0000"
"","325.2230","0.4295","0.0000"
"","325.3230","0.4395","0.0000"
"","325.4230","0.4496","0.0000"
"","325.5230","0.4591","0.0000"
"","325.6230","0.4695","0.0000"
"","325.7230","0.4795","0.0000"
"","325.8230","0.4895","0.0000"
"","325.9230","0.4994","0.0000"
"","326.0230","0.5095","0.0000"
"","326.1230","0.5195","0.0000"
"","326.2230","0.5293","0.0000"
"","326.3230","0.5395","0.0000"
"","326.4230","0.5495","0.0000"
"","326.5230","0.5595","0.0000"
"","326.6230","0.5694","0.0000"
"","326.7230","0.5795","0.0000"
"","326.8230","0.5895","0.0000"
"","326.9230","0.5992","0.0000"
"","327.0230","0.6096","0.0000"
"","327.1230","0.6195","0.0000"
"","327.2230","0.6294","0.0000"
"","327.3230","0.6392","0.0000"
"","327.4230","0.6495","0.0000"
"","327.5230","0.6595","0.0000"
"","327.6230","0.6693","0.0000"
"","327.7230","0.6794","0.0000"
"","327.8230","0.6896","0.0000"
"","327.9230","0.6996","0.0000"
"","328.0230","0.7091","0.0000"
"","328.1230","0.7195","0.0000"
"","328.2230","0.7295","0.0000"
"","328.3230","0.7395","0.0000"
"","328.4230","0.7493","0.0000"
"","328.5230","0.7595","0.0000"
"","328.6230","0.7695","0.0000"
"","328.7230","0.7792","0.0000"
"","328.8230","0.7894","0.0000"
"","328.9230","0.7995","0.0000"
"","329.0230","0.8094","0.0000"
"","329.1230","0.8194","0.0000"
"","329.2230","0.8295","0.0001"
"","329.3230","0.8395","0.0001"
"","329.4230","0.8492","0.0001"
"","329.5230","0.8596","0.0001"
"","329.6230","0.8694","0.0001"
"","329.7230","0.8794","0.0001"
"","329.8230","0.8892","0.0001"
"","329.9230","0.8996","0.0001"
"","330.0230","0.9095","0.0001"
"","330.1230","0.9193","0.0001"
"","330.2230","0.9294","0.0001"
"","330.3230","0.9395","0.0001"
"","330.4230","0.9496","0.0001"
"","330.5230","0.9591","0.0001"
"","330.6230","0.9694","0.0001"
"","330.7230","0.9795","0.0001"
"","330.8230","0.9895","0.0001"
"","330.9230","0.9993","0.0001"
"","331.0230","1.0095","0.0001"
"","331.1230","1.0195","0.0001"
"","331.2230","1.0294","0.0001"
"","331.3230","1.0394","0.0001"
"","331.4230","1.0494","0.0001"
"","331.5230","1.0594","0.0002"
"","331.6230","1.0694","0.0002"
"","331.7230","1.0795","0.0002"
"","331.8230","1.0895","0.0002"
"","331.9230","1.0992","0.0002"
"","332.0230","1.1096","0.0002"
"","332.1230","1.1195","0.0002"
"","332.2230","1.1294","0.0002"
"","332.3230","1.1392","0.0002"
"","332.4230","1.1495","0.0002"
"","332.5230","1.1595","0.0002"
"","332.6230","1.1693","0.0002"
"","332.7230","1.1794","0.0002"
"","332.8230","1.1895","0.0002"
"","332.9230","1.1996","0.0002"
"","333.0230","1.2091","0.0003"
"","333.1230","1.2195","0.0002"
"","333.2230","1.2295","0.0002"
"","333.3230","1.2394","0.0003"
"","333.4230","1.2494","0.0003"
"","333.5230","1.2595","0.0003"
"","333.6230","1.2695","0.0003"
"","333.7230","1.2792","0.0003"
"","333.8230","1.2896","0.0003"
"","333.9230","1.2994","0.0003"
"","334.0230","1.3094","0.0003"
"","334.1230","1.3193","0.0003"
"","334.2230","1.3296","0.0003"
"","334.3230","1.3395","0.0003"
"","334.4230","1.3492","0.0003"
"","334.5230","1.3595","0.0004"
"","334.6230","1.3696","0.0004"
"","334.7230","1.3794","0.0004"
"","334.8230","1.3892","0.0004"
"","334.9230","1.3995","0.0004"
"","335.0230","1.4095","0.0004"
"","335.1230","1.4193","0.0004"
"","335.2230","1.4294","0.0004"
"","335.3230","1.4395","0.0004"
"","335.4230","1.4495","0.0004"
"","335.5230","1.4591","0.0005"
"","335.6230","1.4694","0.0005"
"","335.7230","1.4796","0.0005"
"","335.8230","1.4894","0.0005"
"","335.9230","1.4993","0.0005"
"","336.0230","1.5094","0.0005"
"","336.1230","1.5196","0.0005"
"","336.2230","1.5291","0.0006"
"","336.3230","1.5395","0.0006"
"","336.4230","1.5494","0.0006"
"","336.5230","1.5594","0.0006"
"","336.6230","1.5693","0.0006"
"","336.7230","1.5795","0.0007"
"","336.8230","1.5894","0.0007"
"","336.9230","1.5992","0.0007"
"","337.0230","1.6095","0.0007"
"","337.1230","1.6195","0.0007"
"","337.2230","1.6295","0.0007"
"","337.3230","1.6392","0.0008"
"","337.4230","1.6495","0.0008"
"","337.5230","1.6595","0.0008"
"","337.6230","1.6693","0.0008"
"","337.7230","1.6794","0.0008"
"","337.8230","1.6895","0.0009"
"","337.9230","1.6996","0.0009"
"","338.0230","1.7091","0.0009"
"","338.1230","1.7193","0.0009"
"","338.2230","1.7295","0.0010"
"","338.3230","1.7395","0.0010"
"","338.4230","1.7494","0.0010"
"","338.5230","1.7595","0.0010"
"","338.6230","1.7695","0.0011"
"","338.7230","1.7793","0.0011"
"","338.8230","1.7895","0.0011"
"","338.9230","1.7994","0.0012"
"","339.0230","1.8094","0.0012"
"","339.1230","1.8194","0.0012"
"","339.2230","1.8294","0.0013"
"","339.3230","1.8394","0.0013"
"","339.4230","1.8492","0.0014"
"","339.5230","1.8596","0.0014"
"","339.6230","1.8695","0.0014"
"","339.7230","1.8794","0.0015"
"","339.8230","1.8891","0.0015"
"","339.9230","1.8995","0.0015"
"","340.0230","1.9096","0.0016"
"","340.1230","1.9193","0.0016"
"","340.2230","1.9295","0.0017"
"","340.3230","1.9395","0.0017"
"","340.4230","1.9496","0.0018"
"","340.5230","1.9591","0.0018"
"","340.6230","1.9695","0.0018"
"","340.7230","1.9795","0.0019"
"","340.8230","1.9895","0.0019"
"","340.9230","1.9993","0.0020"
"","341.0230","2.0094","0.0020"
"","341.1230","2.0195","0.0021"
"","341.2230","2.0293","0.0021"
"","341.3230","2.0395","0.0022"
"","341.4230","2.0495","0.0023"
"","341.5230","2.0595","0.0023"
"","341.6230","2.0693","0.0024"
"","341.7230","2.0795","0.0024"
"","341.8230","2.0894","0.0025"
"","341.9230","2.0992","0.0025"
"","342.0230","2.1095","0.0026"
"","342.1230","2.1195","0.0027"
"","342.2230","2.1294","0.0027"
"","342.3230","2.1392","0.0028"
"","342.4230","2.1495","0.0029"
"","342.5230","2.1595","0.0029"
"","342.6230","2.1693","0.0030"
"","342.7230","2.1794","0.0031"
"","342.8230","2.1895","0.0031"
"","342.9230","2.1996","0.0032"
"","343.0230","2.2091","0.0033"
"","343.1230","2.2194","0.0033"
"","343.2230","2.2295","0.0034"
"","343.3230","2.2395","0.0035"
"","343.4230","2.2493","0.0036"
"","343.5230","2.2594","0.0037"
"","343.6230","2.2695","0.0038"
"","343.7230","2.2793","0.0038"
"","343.8230","2.2894","0.0039"
"","343.9230","2.2995","0.0040"
"","344.0230","2.3095","0.0041"
"","344.1230","2.3194","0.0042"
"","344.2230","2.3295","0.0043"
"","344.3230","2.3394","0.0044"
"","344.4230","2.3492","0.0045"
"","344.5230","2.3595","0.0046"
"","344.6230","2.3695","0.0047"
"","344.7230","2.3795","0.0048"
"","344.8230","2.3892","0.0049"
"","344.9230","2.3995","0.0051"
"","345.0230","2.4095","0.0052"
"","345.1230","2.4193","0.0053"
"","345.2230","2.4294","0.0054"
"","345.3230","2.4395","0.0056"
"","345.4230","2.4496","0.0057"
"","345.5230","2.4591","0.0059"
"","345.6230","2.4694","0.0061"
"","345.7230","2.4795","0.0062"
"","345.8230","2.4895","0.0064"
"","345.9230","2.4994","0.0066"
"","346.0230","2.5094","0.0068"
"","346.1230","2.5194","0.0070"
"","346.2230","2.5293","0.0072"
"","346.3230","2.5394","0.0074"
"","346.4230","2.5494","0.0077"
"","346.5230","2.5594","0.0079"
"","346.6230","2.5694","0.0082"
"","346.7230","2.5794","0.0084"
"","346.8230","2.5894","0.0087"
"","346.9230","2.5992","0.0090"
"","347.0230","2.6096","0.0093"
"","347.1230","2.6196","0.0096"
"","347.2230","2.6294","0.0099"
"","347.3230","2.6392","0.0102"
"","347.4230","2.6495","0.0106"
"","347.5230","2.6595","0.0109"
"","347.6230","2.6693","0.0113"
"","347.7230","2.6795","0.0117"
"","347.8230","2.6895","0.0121"
"","347.9230","2.6996","0.0125"
"","348.0230","2.7091","0.0129"
"","348.1230","2.7195","0.0134"
"","348.2230","2.7295","0.0138"
"","348.3230","2.7395","0.0143"
"","348.4230","2.7493","0.0147"
"","348.5230","2.7595","0.0152"
"","348.6230","2.7695","0.0157"
"","348.7230","2.7792","0.0162"
"","348.8230","2.7895","0.0168"
"","348.9230","2.7995","0.0173"
"","349.0230","2.8095","0.0179"
"","349.1230","2.8194","0.0184"
"","349.2230","2.8295","0.0190"
"","349.3230","2.8395","0.0196"
"","349.4230","2.8493","0.0202"
"","349.5230","2.8595","0.0208"
"","349.6230","2.8695","0.0214"
"","349.7230","2.8794","0.0221"
"","349.8230","2.8892","0.0227"
"","349.9230","2.8995","0.0234"
"","350.0230","2.9095","0.0241"
"","350.1230","2.9193","0.0248"
"","350.2230","2.9294","0.0255"
"","350.3230","2.9395","0.0262"
"","350.4230","2.9496","0.0270"
"","350.5230","2.9591","0.0277"
"","350.6230","2.9694","0.0286"
"","350.7230","2.9795","0.0294"
"","350.8230","2.9895","0.0302"
"","350.9230","2.9993","0.0310"
"","351.0230","3.0094","0.0318"
"","351.1230","3.0195","0.0326"
"","351.2230","3.0293","0.0329"
"","351.3230","3.0394","0.0335"
"","351.4230","3.0495","0.0337"
"","351.5230","3.0594","0.0338"
"","351.6230","3.0694","0.0339"
"","351.7230","3.0795","0.0340"
"","351.8230","3.0894","0.0340"
"","351.9230","3.0992","0.0340"
"","352.0230","3.1095","0.0340"
"","352.1230","3.1195","0.0341"
"","352.2230","3.1295","0.0341"
"","352.3230","3.1392","0.0341"
"","352.4230","3.1495","0.0341"
"","352.5230","3.1596","0.0341"
"","352.6230","3.1693","0.0341"
"","352.7230","3.1794","0.0341"
"","352.8230","3.1895","0.0342"
"","352.9230","3.1996","0.0342"
"","353.0230","3.2091","0.0343"
"","353.1230","3.2194","0.0345"
"","353.2230","3.2295","0.0349"
"","353.3230","3.2395","0.0355"
"","353.4230","3.2493","0.0363"
"","353.5230","3.2594","0.0373"
"","353.6230","3.2694","0.0384"
"","353.7230","3.2792","0.0394"
"","353.8230","3.2893","0.0405"
"","353.9230","3.2994","0.0417"
"","354.0230","3.3094","0.0428"
"","354.1230","3.3194","0.0439"
"","354.2230","3.3294","0.0450"
"","354.3230","3.3394","0.0462"
"","354.4230","3.3493","0.0473"
"","354.5230","3.3596","0.0485"
"","354.6230","3.3694","0.0497"
"","354.7230","3.3794","0.0508"
"","354.8230","3.3892","0.0520"
"","354.9230","3.3995","0.0533"
"","355.0230","3.4094","0.0545"
"","355.1230","3.4193","0.0557"
"","355.2230","3.4295","0.0569"
"","355.3230","3.4395","0.0582"
"","355.4230","3.4495","0.0595"
"","355.5230","3.4591","0.0607"
"","355.6230","3.4695","0.0621"
"","355.7230","3.4795","0.0633"
"","355.8230","3.4893","0.0646"
"","355.9230","3.4993","0.0660"
"","356.0230","3.5095","0.0673"
"","356.1230","3.5196","0.0687"
"","356.2230","3.5292","0.0700"
"","356.3230","3.5394","0.0714"
"","356.4230","3.5495","0.0728"
"","356.5230","3.5595","0.0742"
"","356.6230","3.5694","0.0756"
"","356.7230","3.5795","0.0770"
"","356.8230","3.5895","0.0785"
"","356.9230","3.5993","0.0799"
"","357.0230","3.6095","0.0814"
"","357.1230","3.6194","0.0828"
"","357.2230","3.6294","0.0843"
"","357.3230","3.6393","0.0857"
"","357.4230","3.6495","0.0873"
"","357.5230","3.6595","0.0888"
"","357.6230","3.6693","0.0903"
"","357.7230","3.6794","0.0918"
"","357.8230","3.6895","0.0934"
"","357.9230","3.6995","0.0949"
"","358.0230","3.7091","0.0964"
"","358.1230","3.7194","0.0981"
"","358.2230","3.7296","0.0997"
"","358.3230","3.7395","0.1012"
"","358.4230","3.7493","0.1028"
"","358.5230","3.7595","0.1045"
"","358.6230","3.7696","0.1061"
"","358.7230","3.7792","0.1077"
"","358.8230","3.7894","0.1094"
"","358.9230","3.7995","0.1111"
"","359.0230","3.8095","0.1127"
"","359.1230","3.8193","0.1144"
"","359.2230","3.8295","0.1161"
"","359.3230","3.8394","0.1178"
"","359.4230","3.8492","0.1195"
"","359.5230","3.8595","0.1213"
"","359.6230","3.8695","0.1230"
"","359.7230","3.8795","0.1248"
"","359.8230","3.8891","0.1264"
"","359.9230","3.8995","0.1283"
"","360.0230","3.9095","0.1300"
"","360.1230","3.9193","0.1318"
"","360.2230","3.9294","0.1336"
"","360.3230","3.9395","0.1354"
"","360.4230","3.9496","0.1371"
"","360.5230","3.9590","0.1388"
"","360.6230","3.9694","0.1407"
"","360.7230","3.9794","0.1425"
"","360.8230","3.9895","0.1442"
"","360.9230","3.9993","0.1460"
"","360.9300","4.0001","0.1461"
"","360.9310","4.0002","0.1461"
"","360.9320","4.0003","0.1462"
"","361.0320","4.0007","0.1457"
"","361.1320","3.9931","0.1434"
"","361.2320","3.9813","0.1400"
"","361.3320","3.9708","0.1371"
"","361.4320","3.9607","0.1343"
"","361.5320","3.9508","0.1317"
"","361.6320","3.9406","0.1291"
"","361.7320","3.9307","0.1266"
"","361.8320","3.9207","0.1240"
"","361.9320","3.9108","0.1216"
"","362.0320","3.9006","0.1192"
"","362.1320","3.8907","0.1168"
"","362.2320","3.8808","0.1144"
"","362.3320","3.8707","0.1121"
"","362.4320","3.8606","0.1098"
"","362.5320","3.8506","0.1075"
"","362.6320","3.8410","0.1054"
"","362.7320","3.8306","0.1031"
"","362.8320","3.8206","0.1009"
"","362.9320","3.8107","0.0988"
"","363.0320","3.8008","0.0967"
"","363.1320","3.7907","0.0946"
"","363.2320","3.7805","0.0925"
"","363.3320","3.7708","0.0905"
"","363.4320","3.7606","0.0885"
"","363.5320","3.7507","0.0865"
"","363.6320","3.7406","0.0846"
"","363.7320","3.7308","0.0828"
"","363.8320","3.7206","0.0808"
"","363.9320","3.7106","0.0790"
"","364.0320","3.7008","0.0772"
"","364.1320","3.6907","0.0754"
"","364.2320","3.6807","0.0736"
"","364.3320","3.6707","0.0719"
"","364.4320","3.6608","0.0702"
"","364.5320","3.6506","0.0685"
"","364.6320","3.6406","0.0669"
"","364.7320","3.6308","0.0653"
"","364.8320","3.6207","0.0637"
"","364.9320","3.6106","0.0621"
"","365.0320","3.6007","0.0605"
"","365.1320","3.5909","0.0591"
"","365.2320","3.5805","0.0575"
"","365.3320","3.5705","0.0560"
"","365.4320","3.5608","0.0546"
"","365.5320","3.5508","0.0532"
"","365.6320","3.5406","0.0518"
"","365.7320","3.5306","0.0504"
"","365.8320","3.5208","0.0491"
"","365.9320","3.5107","0.0478"
"","366.0320","3.5006","0.0465"
"","366.1320","3.4907","0.0453"
"","366.2320","3.4809","0.0441"
"","366.3320","3.4707","0.0429"
"","366.4320","3.4606","0.0417"
"","366.5320","3.4509","0.0406"
"","366.6320","3.4405","0.0394"
"","366.7320","3.4306","0.0384"
"","366.8320","3.4206","0.0373"
"","366.9320","3.4109","0.0363"
"","367.0320","3.4005","0.0353"
"","367.1320","3.3906","0.0345"
"","367.2320","3.3808","0.0342"
"","367.3320","3.3707","0.0338"
"","367.4320","3.3605","0.0335"
"","367.5320","3.3506","0.0334"
"","367.6320","3.3409","0.0333"
"","367.7320","3.3306","0.0333"
"","367.8320","3.3206","0.0333"
"","367.9320","3.3107","0.0333"
"","368.0320","3.3009","0.0333"
"","368.1320","3.2907","0.0333"
"","368.2320","3.2806","0.0333"
"","368.3320","3.2708","0.0333"
"","368.4320","3.2608","0.0332"
"","368.5320","3.2506","0.0332"
"","368.6320","3.2406","0.0332"
"","368.7320","3.2308","0.0332"
"","368.8320","3.2207","0.0331"
"","368.9320","3.2106","0.0331"
"","369.0320","3.2008","0.0331"
"","369.1320","3.1905","0.0326"
"","369.2320","3.1807","0.0323"
"","369.3320","3.1706","0.0317"
"","369.4320","3.1609","0.0307"
"","369.5320","3.1505","0.0298"
"","369.6320","3.1407","0.0290"
"","369.7320","3.1308","0.0281"
"","369.8320","3.1207","0.0273"
"","369.9320","3.1106","0.0264"
"","370.0320","3.1006","0.0256"
"","370.1320","3.0910","0.0248"
"","370.2320","3.0806","0.0239"
"","370.3320","3.0705","0.0232"
"","370.4320","3.0607","0.0225"
"","370.5320","3.0509","0.0217"
"","370.6320","3.0407","0.0210"
"","370.7320","3.0305","0.0204"
"","370.8320","3.0208","0.0197"
"","370.9320","3.0107","0.0191"
"","371.0320","3.0007","0.0185"
"","371.1320","2.9906","0.0179"
"","371.2320","2.9808","0.0174"
"","371.3320","2.9707","0.0168"
"","371.4320","2.9606","0.0163"
"","371.5320","2.9508","0.0158"
"","371.6320","2.9406","0.0153"
"","371.7320","2.9307","0.0148"
"","371.8320","2.9207","0.0143"
"","371.9320","2.9109","0.0139"
"","372.0320","2.9005","0.0135"
"","372.1320","2.8907","0.0130"
"","372.2320","2.8809","0.0126"
"","372.3320","2.8707","0.0122"
"","372.4320","2.8605","0.0118"
"","372.5320","2.8507","0.0114"
"","372.6320","2.8409","0.0111"
"","372.7320","2.8306","0.0107"
"","372.8320","2.8205","0.0103"
"","372.9320","2.8107","0.0100"
"","373.0320","2.8008","0.0097"
"","373.1320","2.7906","0.0094"
"","373.2320","2.7806","0.0091"
"","373.3320","2.7709","0.0088"
"","373.4320","2.7607","0.0086"
"","373.5320","2.7506","0.0083"
"","373.6320","2.7406","0.0080"
"","373.7320","2.7308","0.0078"
"","373.8320","2.7207","0.0076"
"","373.9320","2.7106","0.0073"
"","374.0320","2.7009","0.0071"
"","374.1320","2.6904","0.0069"
"","374.2320","2.6806","0.0067"
"","374.3320","2.6706","0.0065"
"","374.4320","2.6609","0.0064"
"","374.5320","2.6505","0.0062"
"","374.6320","2.6407","0.0060"
"","374.7320","2.6309","0.0059"
"","374.8320","2.6207","0.0057"
"","374.9320","2.6105","0.0056"
"","375.0320","2.6006","0.0054"
"","375.1320","2.5909","0.0053"
"","375.2320","2.5806","0.0051"
"","375.3320","2.5705","0.0050"
"","375.4320","2.5607","0.0049"
"","375.5320","2.5509","0.0048"
"","375.6320","2.5407","0.0047"
"","375.7320","2.5306","0.0045"
"","375.8320","2.5208","0.0044"
"","375.9320","2.5108","0.0043"
"","376.0320","2.5006","0.0042"
"","376.1320","2.4906","0.0042"
"","376.2320","2.4808","0.0041"
"","376.3320","2.4707","0.0040"
"","376.4320","2.4606","0.0039"
"","376.5320","2.4508","0.0038"
"","376.6320","2.4405","0.0037"
"","376.7320","2.4307","0.0036"
"","376.8320","2.4206","0.0035"
"","376.9320","2.4109","0.0035"
"","377.0320","2.4005","0.0034"
"","377.1320","2.3907","0.0033"
"","377.2320","2.3808","0.0032"
"","377.3320","2.3707","0.0031"
"","377.4320","2.3606","0.0031"
"","377.5320","2.3506","0.0030"
"","377.6320","2.3410","0.0029"
"","377.7320","2.3306","0.0028"
"","377.8320","2.3206","0.0028"
"","377.9320","2.3106","0.0027"
"","378.0320","2.3008","0.0027"
"","378.1320","2.2907","0.0026"
"","378.2320","2.2806","0.0025"
"","378.3320","2.2707","0.0025"
"","378.4320","2.2607","0.0024"
"","378.5320","2.2507","0.0023"
"","378.6320","2.2406","0.0023"
"","378.7320","2.2308","0.0022"
"","378.8320","2.2207","0.0022"
"","378.9320","2.2106","0.0021"
"","379.0320","2.2008","0.0021"
"","379.1320","2.1905","0.0020"
"","379.2320","2.1807","0.0020"
"","379.3320","2.1707","0.0019"
"","379.4320","2.1609","0.0019"
"","379.5320","2.1505","0.0018"
"","379.6320","2.1407","0.0018"
"","379.7320","2.1309","0.0017"
"","379.8320","2.1207","0.0017"
"","379.9320","2.1105","0.0017"
"","380.0320","2.1006","0.0016"
"","380.1320","2.0910","0.0016"
"","380.2320","2.0806","0.0015"
"","380.3320","2.0705","0.0015"
"","380.4320","2.0608","0.0014"
"","380.5320","2.0508","0.0014"
"","380.6320","2.0406","0.0014"
"","380.7320","2.0305","0.0013"
"","380.8320","2.0207","0.0013"
"","380.9320","2.0107","0.0013"
"","381.0320","2.0006","0.0012"
"","381.1320","1.9906","0.0012"
"","381.2320","1.9808","0.0012"
"","381.3320","1.9707","0.0011"
"","381.4320","1.9606","0.0011"
"","381.5320","1.9509","0.0011"
"","381.6320","1.9404","0.0010"
"","381.7320","1.9306","0.0010"
"","381.8320","1.9206","0.0010"
"","381.9320","1.9109","0.0010"
"","382.0320","1.9005","0.0009"
"","382.1320","1.8906","0.0009"
"","382.2320","1.8809","0.0009"
"","382.3320","1.8708","0.0009"
"","382.4320","1.8605","0.0008"
"","382.5320","1.8506","0.0008"
"","382.6320","1.8409","0.0008"
"","382.7320","1.8306","0.0008"
"","382.8320","1.8205","0.0007"
"","382.9320","1.8106","0.0007"
"","383.0320","1.8009","0.0007"
"","383.1320","1.7908","0.0007"
"","383.2320","1.7805","0.0007"
"","383.3320","1.7708","0.0006"
"","383.4320","1.7607","0.0006"
"","383.5320","1.7506","0.0006"
"","383.6320","1.7406","0.0006"
"","383.7320","1.7308","0.0006"
"","383.8320","1.7207","0.0006"
"","383.9320","1.7107","0.0005"
"","384.0320","1.7008","0.0005"
"","384.1320","1.6906","0.0005"
"","384.2320","1.6806","0.0005"
"","384.3320","1.6706","0.0005"
"","384.4320","1.6608","0.0005"
"","384.5320","1.6506","0.0004"
"","384.6320","1.6406","0.0004"
"","384.7320","1.6308","0.0004"
"","384.8320","1.6207","0.0004"
"","384.9320","1.6107","0.0004"
"","385.0320","1.6005","0.0004"
"","385.1320","1.5910","0.0004"
"","385.2320","1.5806","0.0004"
"","385.3320","1.5706","0.0004"
"","385.4320","1.5606","0.0003"
"","385.5320","1.5508","0.0003"
"","385.6320","1.5407","0.0003"
"","385.7320","1.5306","0.0003"
"","385.8320","1.5208","0.0003"
"","385.9320","1.5106","0.0003"
"","386.0320","1.5007","0.0003"
"","386.1320","1.4906","0.0003"
"","386.2320","1.4808","0.0003"
"","386.3320","1.4706","0.0003"
"","386.4320","1.4606","0.0003"
"","386.5320","1.4508","0.0003"
"","386.6320","1.4406","0.0002"
"","386.7320","1.4306","0.0002"
"","386.8320","1.4207","0.0002"
"","386.9320","1.4109","0.0002"
"","387.0320","1.4005","0.0002"
"","387.1320","1.3907","0.0002"
"","387.2320","1.3809","0.0002"
"","387.3320","1.3707","0.0002"
"","387.4320","1.3605","0.0002"
"","387.5320","1.3507","0.0002"
"","387.6320","1.3410","0.0002"
"","387.7320","1.3306","0.0002"
"","387.8320","1.3205","0.0002"
"","387.9320","1.3108","0.0002"
"","388.0320","1.3008","0.0001"
"","388.1320","1.2907","0.0001"
"","388.2320","1.2805","0.0001"
"","388.3320","1.2708","0.0001"
"","388.4320","1.2607","0.0001"
"","388.5320","1.2506","0.0001"
"","388.6320","1.2406","0.0001"
"","388.7320","1.2308","0.0001"
"","388.8320","1.2207","0.0001"
"","388.9320","1.2106","0.0001"
"","389.0320","1.2009","0.0001"
"","389.1320","1.1904","0.0001"
"","389.2320","1.1806","0.0001"
"","389.3320","1.1707","0.0001"
"","389.4320","1.1609","0.0001"
"","389.5320","1.1505","0.0001"
"","389.6320","1.1406","0.0001"
"","389.7320","1.1309","0.0001"
"","389.8320","1.1207","0.0001"
"","389.9320","1.1105","0.0001"
"","390.0320","1.1006","0.0001"
"","390.1320","1.0910","0.0001"
"","390.2320","1.0806","0.0001"
"","390.3320","1.0705","0.0001"
"","390.4320","1.0607","0.0001"
"","390.5320","1.0509","0.0000"
"","390.6320","1.0407","0.0001"
"","390.7320","1.0306","0.0000"
"","390.8320","1.0207","0.0000"
"","390.9320","1.0108","0.0000"
"","391.0320","1.0006","0.0000"
"","391.1320","0.9906","0.0000"
"","391.2320","0.9808","0.0000"
"","391.3320","0.9707","0.0000"
"","391.4320","0.9607","0.0000"
"","391.5320","0.9508","0.0000"
"","391.6320","0.9405","0.0000"
"","391.7320","0.9307","0.0000"
"","391.8320","0.9206","0.0000"
"","391.9320","0.9109","0.0000"
"","392.0320","0.9005","0.0000"
"","392.1320","0.8907","0.0000"
"","392.2320","0.8808","0.0000"
"","392.3320","0.8708","0.0000"
"","392.4320","0.8606","0.0000"
"","392.5320","0.8506","0.0000"
"","392.6320","0.8410","0.0000"
"","392.7320","0.8306","0.0000"
"","392.8320","0.8205","0.0000"
"","392.9320","0.8107","0.0000"
"","393.0320","0.8008","0.0000"
"","393.1320","0.7907","0.0000"
"","393.2320","0.7805","0.0000"
"","393.3320","0.7708","0.0000"
"","393.4320","0.7607","0.0000"
"","393.5320","0.7507","0.0000"
"","393.6320","0.7406","0.0000"
"","393.7320","0.7308","0.0000"
"","393.8320","0.7207","0.0000"
"","393.9320","0.7106","0.0000"
"","394.0320","0.7008","0.0000"
"","394.1320","0.6905","0.0000"
"","394.2320","0.6807","0.0000"
"","394.3320","0.6706","0.0000"
"","394.4320","0.6609","0.0000"
"","394.5320","0.6505","0.0000"
"","394.6320","0.6406","0.0000"
"","394.7320","0.6308","-0.0001"
"","394.8320","0.6207","0.0000"
"","394.9320","0.6105","0.0000"
"","395.0320","0.6006","-0.0001"
"","395.1320","0.5909","-0.0001"
"","395.2320","0.5806","0.0000"
"","395.3320","0.5705","-0.0001"
"","395.4320","0.5608","0.0000"
"","395.5320","0.5508","-0.0001"
"","395.6320","0.5406","-0.0001"
"","395.7320","0.5305","-0.0001"
"","395.8320","0.5208","-0.0001"
"","395.9320","0.5107","-0.0001"
"","396.0320","0.5005","-0.0001"
"","396.1320","0.4906","-0.0001"
"","396.2320","0.4808","-0.0001"
"","396.3320","0.4706","-0.0001"
"","396.4320","0.4606","-0.0001"
"","396.5320","0.4509","-0.0001"
"","396.6320","0.4406","-0.0001"
"","396.7320","0.4306","-0.0001"
"","396.8320","0.4206","-0.0001"
"","396.9320","0.4109","-0.0001"
"","397.0320","0.4005","-0.0001"
"","397.1320","0.3906","-0.0001"
"","397.2320","0.3808","-0.0001"
"","397.3320","0.3707","-0.0001"
"","397.4320","0.3605","-0.0001"
"","397.5320","0.3506","-0.0001"
"","397.6320","0.3409","-0.0001"
"","397.7320","0.3306","-0.0001"
"","397.8320","0.3205","-0.0001"
"","397.9320","0.3107","-0.0001"
"","398.0320","0.3009","-0.0001"
"","398.1320","0.2907","-0.0001"
"","398.2320","0.2806","-0.0001"
"","398.3320","0.2708","-0.0001"
"","398.4320","0.2608","-0.0001"
"","398.5320","0.2506","-0.0001"
"","398.6320","0.2406","-0.0001"
"","398.7320","0.2308","-0.0001"
"","398.8320","0.2207","-0.0001"
"","398.9320","0.2106","-0.0001"
"","399.0320","0.2008","-0.0001"
"","399.1320","0.1905","-0.0001"
"","399.2320","0.1807","-0.0001"
"","399.3320","0.1706","-0.0001"
"","399.4320","0.1608","-0.0001"
"","399.5320","0.1505","-0.0001"
"","399.6320","0.1406","-0.0001"
"","399.7320","0.1308","-0.0001"
"","399.8320","0.1207","-0.0001"
"","399.9320","0.1106","-0.0001"
"","400.0320","0.1006","-0.0001"
"","400.1320","0.0910","-0.0001"
"","400.2320","0.0806","-0.0001"
"","400.3320","0.0705","-0.0001"
"","400.4320","0.0607","-0.0001"
"","400.5320","0.0508","-0.0001"
"","400.6320","0.0407","-0.0001"
"","400.7320","0.0305","-0.0001"
"","400.8320","0.0208","-0.0001"
"","400.9320","0.0107","-0.0001"
"","401.0320","0.0007","-0.0001"
"","401.0390","0.0000","-0.0001"

