1,Time,Displacement,Force
,(s),(mm),(kN)
"","0.0000","0.0000","0.0000"
"","0.1000","0.0031","0.0000"
"","0.2000","0.0113","0.0000"
"","0.3000","0.0229","0.0000"
"","0.4000","0.0331","0.0000"
"","0.5000","0.0434","0.0000"
"","0.6000","0.0535","0.0000"
"","0.7000","0.0630","0.0000"
"","0.8000","0.0733","0.0001"
"","0.9000","0.0834","0.0001"
"","1.0000","0.0934","0.0001"
"","1.1000","0.1032","0.0001"
"","1.2000","0.1133","0.0001"
"","1.3000","0.1235","0.0001"
"","1.4000","0.1332","0.0001"
"","1.5000","0.1434","0.0001"
"","1.6000","0.1534","0.0001"
"","1.7000","0.1634","0.0001"
"","1.8000","0.1732","0.0001"
"","1.9000","0.1835","0.0001"
"","2.0000","0.1934","0.0001"
"","2.1000","0.2032","0.0002"
"","2.2000","0.2134","0.0002"
"","2.3000","0.2234","0.0002"
"","2.4000","0.2334","0.0002"
"","2.5000","0.2430","0.0002"
"","2.6000","0.2534","0.0002"
"","2.7000","0.2635","0.0002"
"","2.8000","0.2733","0.0002"
"","2.9000","0.2832","0.0002"
"","3.0000","0.2934","0.0002"
"","3.1000","0.3035","0.0002"
"","3.2000","0.3131","0.0002"
"","3.3000","0.3233","0.0002"
"","3.4000","0.3334","0.0002"
"","3.5000","0.3434","0.0002"
"","3.6000","0.3532","0.0003"
"","3.7000","0.3633","0.0003"
"","3.8000","0.3734","0.0003"
"","3.9000","0.3833","0.0003"
"","4.0000","0.3934","0.0003"
"","4.1000","0.4033","0.0003"
"","4.2000","0.4133","0.0003"
"","4.3000","0.4232","0.0003"
"","4.4000","0.4334","0.0003"
"","4.5000","0.4433","0.0003"
"","4.6000","0.4532","0.0003"
"","4.7000","0.4635","0.0003"
"","4.8000","0.4734","0.0003"
"","4.9000","0.4834","0.0003"
"","5.0000","0.4930","0.0003"
"","5.1000","0.5034","0.0004"
"","5.2000","0.5134","0.0004"
"","5.3000","0.5232","0.0004"
"","5.4000","0.5333","0.0004"
"","5.5000","0.5435","0.0004"
"","5.6000","0.5535","0.0004"
"","5.7000","0.5630","0.0004"
"","5.8000","0.5733","0.0004"
"","5.9000","0.5834","0.0004"
"","6.0000","0.5934","0.0004"
"","6.1000","0.6031","0.0004"
"","6.2000","0.6133","0.0005"
"","6.3000","0.6234","0.0005"
"","6.4000","0.6333","0.0005"
"","6.5000","0.6434","0.0005"
"","6.6000","0.6534","0.0005"
"","6.7000","0.6634","0.0005"
"","6.8000","0.6732","0.0005"
"","6.9000","0.6833","0.0005"
"","7.0000","0.6933","0.0005"
"","7.1000","0.7032","0.0005"
"","7.2000","0.7134","0.0005"
"","7.3000","0.7235","0.0005"
"","7.4000","0.7334","0.0005"
"","7.5000","0.7431","0.0006"
"","7.6000","0.7533","0.0006"
"","7.7000","0.7634","0.0006"
"","7.8000","0.7732","0.0006"
"","7.9000","0.7832","0.0006"
"","8.0000","0.7934","0.0006"
"","8.1000","0.8035","0.0006"
"","8.2000","0.8130","0.0006"
"","8.3000","0.8233","0.0006"
"","8.4000","0.8334","0.0006"
"","8.5000","0.8435","0.0006"
"","8.6000","0.8532","0.0006"
"","8.7000","0.8633","0.0007"
"","8.8000","0.8734","0.0007"
"","8.9000","0.8832","0.0007"
"","9.0000","0.8934","0.0007"
"","9.1000","0.9034","0.0007"
"","9.2000","0.9134","0.0007"
"","9.3000","0.9232","0.0007"
"","9.4000","0.9334","0.0007"
"","9.5000","0.9433","0.0007"
"","9.6000","0.9532","0.0007"
"","9.7000","0.9634","0.0008"
"","9.8000","0.9734","0.0008"
"","9.9000","0.9834","0.0008"
"","10.0000","0.9930","0.0008"
"","10.1000","1.0033","0.0008"
"","10.2000","1.0134","0.0008"
"","10.3000","1.0233","0.0008"
"","10.4000","1.0332","0.0008"
"","10.5000","1.0434","0.0008"
"","10.6000","1.0535","0.0008"
"","10.7000","1.0631","0.0008"
"","10.8000","1.0733","0.0009"
"","10.9000","1.0833","0.0009"
"","11.0000","1.0934","0.0009"
"","11.1000","1.1032","0.0009"
"","11.2000","1.1133","0.0009"
"","11.3000","1.1234","0.0009"
"","11.4000","1.1333","0.0009"
"","11.5000","1.1433","0.0009"
"","11.6000","1.1533","0.0009"
"","11.7000","1.1633","0.0009"
"","11.8000","1.1732","0.0010"
"","11.9000","1.1834","0.0010"
"","12.0000","1.1934","0.0010"
"","12.1000","1.2033","0.0010"
"","12.2000","1.2135","0.0010"
"","12.3000","1.2234","0.0010"
"","12.4000","1.2334","0.0010"
"","12.5000","1.2431","0.0010"
"","12.6000","1.2534","0.0011"
"","12.7000","1.2634","0.0011"
"","12.8000","1.2733","0.0011"
"","12.9000","1.2833","0.0011"
"","13.0000","1.2934","0.0011"
"","13.1000","1.3035","0.0012"
"","13.2000","1.3130","0.0012"
"","13.3000","1.3234","0.0012"
"","13.4000","1.3333","0.0012"
"","13.5000","1.3434","0.0012"
"","13.6000","1.3532","0.0013"
"","13.7000","1.3634","0.0013"
"","13.8000","1.3734","0.0013"
"","13.9000","1.3833","0.0013"
"","14.0000","1.3934","0.0014"
"","14.1000","1.4034","0.0014"
"","14.2000","1.4134","0.0014"
"","14.3000","1.4232","0.0014"
"","14.4000","1.4333","0.0014"
"","14.5000","1.4434","0.0015"
"","14.6000","1.4532","0.0015"
"","14.7000","1.4634","0.0015"
"","14.8000","1.4734","0.0015"
"","14.9000","1.4834","0.0016"
"","15.0000","1.4931","0.0016"
"","15.1000","1.5034","0.0016"
"","15.2000","1.5134","0.0016"
"","15.3000","1.5232","0.0017"
"","15.4000","1.5332","0.0017"
"","15.5000","1.5434","0.0017"
"","15.6000","1.5535","0.0017"
"","15.7000","1.5630","0.0018"
"","15.8000","1.5733","0.0018"
"","15.9000","1.5834","0.0018"
"","16.0000","1.5935","0.0018"
"","16.1000","1.6032","0.0019"
"","16.2000","1.6133","0.0019"
"","16.3000","1.6234","0.0019"
"","16.4000","1.6332","0.0020"
"","16.5000","1.6434","0.0020"
"","16.6000","1.6534","0.0020"
"","16.7000","1.6634","0.0021"
"","16.8000","1.6732","0.0021"
"","16.9000","1.6834","0.0021"
"","17.0000","1.6933","0.0021"
"","17.1000","1.7032","0.0022"
"","17.2000","1.7134","0.0022"
"","17.3000","1.7234","0.0022"
"","17.4000","1.7334","0.0023"
"","17.5000","1.7430","0.0023"
"","17.6000","1.7534","0.0024"
"","17.7000","1.7635","0.0024"
"","17.8000","1.7733","0.0025"
"","17.9000","1.7832","0.0025"
"","18.0000","1.7934","0.0026"
"","18.1000","1.8035","0.0026"
"","18.2000","1.8131","0.0027"
"","18.3000","1.8233","0.0027"
"","18.4000","1.8333","0.0028"
"","18.5000","1.8434","0.0028"
"","18.6000","1.8532","0.0029"
"","18.7000","1.8633","0.0030"
"","18.8000","1.8734","0.0030"
"","18.9000","1.8833","0.0031"
"","19.0000","1.8934","0.0032"
"","19.1000","1.9033","0.0033"
"","19.2000","1.9133","0.0034"
"","19.3000","1.9232","0.0035"
"","19.4000","1.9334","0.0036"
"","19.5000","1.9433","0.0037"
"","19.6000","1.9532","0.0038"
"","19.7000","1.9635","0.0039"
"","19.8000","1.9735","0.0040"
"","19.9000","1.9834","0.0041"
"","20.0000","1.9930","0.0042"
"","20.1000","2.0034","0.0043"
"","20.2000","2.0134","0.0044"
"","20.3000","2.0232","0.0045"
"","20.4000","2.0332","0.0046"
"","20.5000","2.0434","0.0048"
"","20.6000","2.0535","0.0049"
"","20.7000","2.0630","0.0050"
"","20.8000","2.0733","0.0052"
"","20.9000","2.0833","0.0053"
"","21.0000","2.0934","0.0055"
"","21.1000","2.1032","0.0056"
"","21.2000","2.1134","0.0058"
"","21.3000","2.1233","0.0059"
"","21.4000","2.1332","0.0061"
"","21.5000","2.1435","0.0063"
"","21.6000","2.1534","0.0065"
"","21.7000","2.1633","0.0066"
"","21.8000","2.1731","0.0068"
"","21.9000","2.1834","0.0070"
"","22.0000","2.1934","0.0072"
"","22.1000","2.2032","0.0073"
"","22.2000","2.2134","0.0075"
"","22.3000","2.2235","0.0077"
"","22.4000","2.2334","0.0078"
"","22.5000","2.2431","0.0080"
"","22.6000","2.2533","0.0082"
"","22.7000","2.2634","0.0084"
"","22.8000","2.2733","0.0085"
"","22.9000","2.2832","0.0087"
"","23.0000","2.2934","0.0089"
"","23.1000","2.3035","0.0091"
"","23.2000","2.3131","0.0092"
"","23.3000","2.3233","0.0094"
"","23.4000","2.3334","0.0096"
"","23.5000","2.3434","0.0098"
"","23.6000","2.3532","0.0100"
"","23.7000","2.3633","0.0102"
"","23.8000","2.3734","0.0104"
"","23.9000","2.3832","0.0106"
"","24.0000","2.3934","0.0108"
"","24.1000","2.4034","0.0110"
"","24.2000","2.4134","0.0112"
"","24.3000","2.4232","0.0115"
"","24.4000","2.4334","0.0117"
"","24.5000","2.4433","0.0119"
"","24.6000","2.4532","0.0122"
"","24.7000","2.4634","0.0124"
"","24.8000","2.4734","0.0127"
"","24.9000","2.4834","0.0129"
"","25.0000","2.4930","0.0131"
"","25.1000","2.5033","0.0134"
"","25.2000","2.5135","0.0137"
"","25.3000","2.5233","0.0139"
"","25.4000","2.5333","0.0142"
"","25.5000","2.5434","0.0145"
"","25.6000","2.5535","0.0147"
"","25.7000","2.5631","0.0150"
"","25.8000","2.5733","0.0153"
"","25.9000","2.5834","0.0156"
"","26.0000","2.5934","0.0159"
"","26.1000","2.6033","0.0162"
"","26.2000","2.6134","0.0166"
"","26.3000","2.6234","0.0169"
"","26.4000","2.6333","0.0172"
"","26.5000","2.6434","0.0175"
"","26.6000","2.6533","0.0178"
"","26.7000","2.6633","0.0181"
"","26.8000","2.6732","0.0184"
"","26.9000","2.6834","0.0187"
"","27.0000","2.6933","0.0190"
"","27.1000","2.7032","0.0193"
"","27.2000","2.7135","0.0196"
"","27.3000","2.7234","0.0199"
"","27.4000","2.7333","0.0202"
"","27.5000","2.7430","0.0206"
"","27.6000","2.7534","0.0209"
"","27.7000","2.7635","0.0212"
"","27.8000","2.7733","0.0216"
"","27.9000","2.7833","0.0219"
"","28.0000","2.7934","0.0222"
"","28.1000","2.8036","0.0226"
"","28.2000","2.8130","0.0229"
"","28.3000","2.8234","0.0233"
"","28.4000","2.8333","0.0236"
"","28.5000","2.8434","0.0239"
"","28.6000","2.8532","0.0243"
"","28.7000","2.8634","0.0248"
"","28.8000","2.8733","0.0252"
"","28.9000","2.8832","0.0256"
"","29.0000","2.8935","0.0260"
"","29.1000","2.9034","0.0264"
"","29.2000","2.9134","0.0268"
"","29.3000","2.9232","0.0272"
"","29.4000","2.9334","0.0277"
"","29.5000","2.9433","0.0281"
"","29.6000","2.9532","0.0285"
"","29.7000","2.9634","0.0289"
"","29.8000","2.9735","0.0294"
"","29.9000","2.9834","0.0298"
"","30.0000","2.9931","0.0302"
"","30.1000","3.0033","0.0307"
"","30.2000","3.0134","0.0311"
"","30.3000","3.0232","0.0316"
"","30.4000","3.0332","0.0319"
"","30.5000","3.0434","0.0322"
"","30.6000","3.0535","0.0325"
"","30.7000","3.0630","0.0329"
"","30.8000","3.0734","0.0334"
"","30.9000","3.0834","0.0338"
"","31.0000","3.0935","0.0342"
"","31.1000","3.1032","0.0345"
"","31.2000","3.1133","0.0348"
"","31.3000","3.1234","0.0351"
"","31.4000","3.1332","0.0352"
"","31.5000","3.1434","0.0354"
"","31.6000","3.1534","0.0356"
"","31.7000","3.1634","0.0358"
"","31.8000","3.1731","0.0360"
"","31.9000","3.1834","0.0363"
"","32.0000","3.1933","0.0365"
"","32.1000","3.2032","0.0369"
"","32.2000","3.2134","0.0372"
"","32.3000","3.2234","0.0375"
"","32.4000","3.2334","0.0378"
"","32.5000","3.2430","0.0381"
"","32.6000","3.2534","0.0387"
"","32.7000","3.2634","0.0392"
"","32.8000","3.2733","0.0397"
"","32.9000","3.2832","0.0402"
"","33.0000","3.2934","0.0408"
"","33.1000","3.3035","0.0413"
"","33.2000","3.3130","0.0418"
"","33.3000","3.3233","0.0425"
"","33.4000","3.3333","0.0431"
"","33.5000","3.3435","0.0436"
"","33.6000","3.3532","0.0442"
"","33.7000","3.3633","0.0448"
"","33.8000","3.3734","0.0455"
"","33.9000","3.3833","0.0461"
"","34.0000","3.3934","0.0467"
"","34.1000","3.4033","0.0473"
"","34.2000","3.4133","0.0480"
"","34.3000","3.4232","0.0486"
"","34.4000","3.4333","0.0493"
"","34.5000","3.4433","0.0500"
"","34.6000","3.4532","0.0507"
"","34.7000","3.4635","0.0515"
"","34.8000","3.4735","0.0522"
"","34.9000","3.4834","0.0529"
"","35.0000","3.4931","0.0536"
"","35.1000","3.5034","0.0543"
"","35.2000","3.5134","0.0551"
"","35.3000","3.5232","0.0558"
"","35.4000","3.5333","0.0565"
"","35.5000","3.5435","0.0573"
"","35.6000","3.5535","0.0580"
"","35.7000","3.5630","0.0587"
"","35.8000","3.5734","0.0595"
"","35.9000","3.5834","0.0603"
"","36.0000","3.5934","0.0610"
"","36.1000","3.6032","0.0618"
"","36.2000","3.6133","0.0626"
"","36.3000","3.6234","0.0634"
"","36.4000","3.6332","0.0641"
"","36.5000","3.6434","0.0649"
"","36.6000","3.6534","0.0657"
"","36.7000","3.6634","0.0665"
"","36.8000","3.6732","0.0673"
"","36.9000","3.6833","0.0681"
"","37.0000","3.6933","0.0689"
"","37.1000","3.7032","0.0697"
"","37.2000","3.7134","0.0706"
"","37.3000","3.7235","0.0714"
"","37.4000","3.7334","0.0722"
"","37.5000","3.7431","0.0730"
"","37.6000","3.7534","0.0739"
"","37.7000","3.7634","0.0747"
"","37.8000","3.7732","0.0755"
"","37.9000","3.7832","0.0763"
"","38.0000","3.7934","0.0772"
"","38.1000","3.8035","0.0780"
"","38.2000","3.8130","0.0788"
"","38.3000","3.8233","0.0797"
"","38.4000","3.8334","0.0806"
"","38.5000","3.8435","0.0814"
"","38.6000","3.8532","0.0822"
"","38.7000","3.8633","0.0831"
"","38.8000","3.8734","0.0840"
"","38.9000","3.8832","0.0848"
"","39.0000","3.8933","0.0857"
"","39.1000","3.9034","0.0866"
"","39.2000","3.9135","0.0875"
"","39.3000","3.9232","0.0883"
"","39.4000","3.9334","0.0892"
"","39.5000","3.9433","0.0901"
"","39.6000","3.9532","0.0909"
"","39.7000","3.9634","0.0919"
"","39.8000","3.9734","0.0928"
"","39.9000","3.9834","0.0937"
"","40.0000","3.9930","0.0945"
"","40.0670","4.0001","0.0952"
"","40.0680","4.0002","0.0952"
"","40.0690","4.0003","0.0952"
"","40.1690","4.0006","0.0943"
"","40.2690","3.9930","0.0920"
"","40.3690","3.9812","0.0891"
"","40.4690","3.9706","0.0866"
"","40.5690","3.9606","0.0844"
"","40.6690","3.9507","0.0822"
"","40.7690","3.9406","0.0801"
"","40.8690","3.9306","0.0780"
"","40.9690","3.9205","0.0761"
"","41.0690","3.9108","0.0742"
"","41.1690","3.9005","0.0722"
"","41.2690","3.8904","0.0703"
"","41.3690","3.8805","0.0685"
"","41.4690","3.8707","0.0668"
"","41.5690","3.8607","0.0650"
"","41.6690","3.8505","0.0633"
"","41.7690","3.8406","0.0617"
"","41.8690","3.8305","0.0600"
"","41.9690","3.8205","0.0584"
"","42.0690","3.8105","0.0568"
"","42.1690","3.8007","0.0554"
"","42.2690","3.7905","0.0538"
"","42.3690","3.7806","0.0524"
"","42.4690","3.7708","0.0510"
"","42.5690","3.7605","0.0496"
"","42.6690","3.7505","0.0482"
"","42.7690","3.7406","0.0469"
"","42.8690","3.7307","0.0456"
"","42.9690","3.7204","0.0443"
"","43.0690","3.7105","0.0431"
"","43.1690","3.7007","0.0419"
"","43.2690","3.6906","0.0407"
"","43.3690","3.6805","0.0395"
"","43.4690","3.6704","0.0384"
"","43.5690","3.6608","0.0374"
"","43.6690","3.6505","0.0363"
"","43.7690","3.6404","0.0353"
"","43.8690","3.6306","0.0345"
"","43.9690","3.6207","0.0339"
"","44.0690","3.6106","0.0334"
"","44.1690","3.6004","0.0329"
"","44.2690","3.5907","0.0328"
"","44.3690","3.5805","0.0327"
"","44.4690","3.5705","0.0326"
"","44.5690","3.5605","0.0325"
"","44.6690","3.5506","0.0324"
"","44.7690","3.5405","0.0323"
"","44.8690","3.5305","0.0320"
"","44.9690","3.5207","0.0317"
"","45.0690","3.5104","0.0315"
"","45.1690","3.5005","0.0311"
"","45.2690","3.4906","0.0306"
"","45.3690","3.4808","0.0299"
"","45.4690","3.4704","0.0291"
"","45.5690","3.4604","0.0284"
"","45.6690","3.4507","0.0278"
"","45.7690","3.4407","0.0271"
"","45.8690","3.4305","0.0265"
"","45.9690","3.4204","0.0258"
"","46.0690","3.4108","0.0252"
"","46.1690","3.4005","0.0246"
"","46.2690","3.3905","0.0241"
"","46.3690","3.3805","0.0234"
"","46.4690","3.3708","0.0228"
"","46.5690","3.3606","0.0222"
"","46.6690","3.3505","0.0216"
"","46.7690","3.3405","0.0210"
"","46.8690","3.3306","0.0205"
"","46.9690","3.3205","0.0199"
"","47.0690","3.3105","0.0194"
"","47.1690","3.3007","0.0189"
"","47.2690","3.2905","0.0183"
"","47.3690","3.2805","0.0178"
"","47.4690","3.2707","0.0174"
"","47.5690","3.2604","0.0169"
"","47.6690","3.2504","0.0164"
"","47.7690","3.2405","0.0160"
"","47.8690","3.2307","0.0156"
"","47.9690","3.2205","0.0151"
"","48.0690","3.2104","0.0147"
"","48.1690","3.2007","0.0144"
"","48.2690","3.1906","0.0140"
"","48.3690","3.1805","0.0136"
"","48.4690","3.1703","0.0133"
"","48.5690","3.1607","0.0129"
"","48.6690","3.1505","0.0126"
"","48.7690","3.1405","0.0123"
"","48.8690","3.1305","0.0120"
"","48.9690","3.1207","0.0117"
"","49.0690","3.1106","0.0114"
"","49.1690","3.1006","0.0112"
"","49.2690","3.0906","0.0109"
"","49.3690","3.0805","0.0107"
"","49.4690","3.0705","0.0104"
"","49.5690","3.0605","0.0102"
"","49.6690","3.0506","0.0100"
"","49.7690","3.0405","0.0098"
"","49.8690","3.0305","0.0096"
"","49.9690","3.0207","0.0094"
"","50.0690","3.0105","0.0091"
"","50.1690","3.0004","0.0090"
"","50.2690","2.9906","0.0088"
"","50.3690","2.9807","0.0086"
"","50.4690","2.9704","0.0084"
"","50.5690","2.9604","0.0082"
"","50.6690","2.9507","0.0081"
"","50.7690","2.9406","0.0079"
"","50.8690","2.9305","0.0077"
"","50.9690","2.9204","0.0076"
"","51.0690","2.9108","0.0075"
"","51.1690","2.9005","0.0073"
"","51.2690","2.8904","0.0072"
"","51.3690","2.8805","0.0070"
"","51.4690","2.8707","0.0069"
"","51.5690","2.8607","0.0068"
"","51.6690","2.8505","0.0066"
"","51.7690","2.8407","0.0065"
"","51.8690","2.8304","0.0064"
"","51.9690","2.8205","0.0063"
"","52.0690","2.8105","0.0061"
"","52.1690","2.8007","0.0060"
"","52.2690","2.7904","0.0059"
"","52.3690","2.7805","0.0058"
"","52.4690","2.7707","0.0057"
"","52.5690","2.7604","0.0056"
"","52.6690","2.7503","0.0055"
"","52.7690","2.7406","0.0054"
"","52.8690","2.7309","0.0053"
"","52.9690","2.7204","0.0052"
"","53.0690","2.7103","0.0051"
"","53.1690","2.7007","0.0050"
"","53.2690","2.6906","0.0049"
"","53.3690","2.6805","0.0048"
"","53.4690","2.6704","0.0047"
"","53.5690","2.6607","0.0046"
"","53.6690","2.6506","0.0045"
"","53.7690","2.6405","0.0044"
"","53.8690","2.6305","0.0042"
"","53.9690","2.6207","0.0041"
"","54.0690","2.6106","0.0040"
"","54.1690","2.6005","0.0039"
"","54.2690","2.5907","0.0038"
"","54.3690","2.5805","0.0037"
"","54.4690","2.5705","0.0036"
"","54.5690","2.5605","0.0034"
"","54.6690","2.5507","0.0033"
"","54.7690","2.5405","0.0032"
"","54.8690","2.5305","0.0031"
"","54.9690","2.5207","0.0030"
"","55.0690","2.5105","0.0029"
"","55.1690","2.5004","0.0028"
"","55.2690","2.4905","0.0027"
"","55.3690","2.4807","0.0026"
"","55.4690","2.4705","0.0025"
"","55.5690","2.4605","0.0025"
"","55.6690","2.4507","0.0024"
"","55.7690","2.4406","0.0023"
"","55.8690","2.4305","0.0022"
"","55.9690","2.4204","0.0022"
"","56.0690","2.4107","0.0021"
"","56.1690","2.4005","0.0020"
"","56.2690","2.3904","0.0020"
"","56.3690","2.3805","0.0019"
"","56.4690","2.3707","0.0019"
"","56.5690","2.3607","0.0019"
"","56.6690","2.3505","0.0018"
"","56.7690","2.3407","0.0018"
"","56.8690","2.3303","0.0017"
"","56.9690","2.3205","0.0017"
"","57.0690","2.3105","0.0017"
"","57.1690","2.3007","0.0017"
"","57.2690","2.2904","0.0016"
"","57.3690","2.2805","0.0016"
"","57.4690","2.2707","0.0016"
"","57.5690","2.2605","0.0016"
"","57.6690","2.2504","0.0015"
"","57.7690","2.2406","0.0015"
"","57.8690","2.2307","0.0015"
"","57.9690","2.2204","0.0015"
"","58.0690","2.2104","0.0014"
"","58.1690","2.2007","0.0014"
"","58.2690","2.1906","0.0014"
"","58.3690","2.1805","0.0014"
"","58.4690","2.1704","0.0013"
"","58.5690","2.1608","0.0013"
"","58.6690","2.1505","0.0013"
"","58.7690","2.1404","0.0013"
"","58.8690","2.1305","0.0012"
"","58.9690","2.1207","0.0012"
"","59.0690","2.1106","0.0012"
"","59.1690","2.1004","0.0012"
"","59.2690","2.0907","0.0012"
"","59.3690","2.0805","0.0011"
"","59.4690","2.0705","0.0011"
"","59.5690","2.0605","0.0011"
"","59.6690","2.0507","0.0011"
"","59.7690","2.0405","0.0011"
"","59.8690","2.0305","0.0010"
"","59.9690","2.0207","0.0010"
"","60.0690","2.0104","0.0010"
"","60.1690","2.0004","0.0010"
"","60.2690","1.9906","0.0010"
"","60.3690","1.9808","0.0010"
"","60.4690","1.9704","0.0010"
"","60.5690","1.9603","0.0009"
"","60.6690","1.9507","0.0009"
"","60.7690","1.9407","0.0009"
"","60.8690","1.9305","0.0009"
"","60.9690","1.9204","0.0009"
"","61.0690","1.9108","0.0009"
"","61.1690","1.9005","0.0009"
"","61.2690","1.8905","0.0009"
"","61.3690","1.8805","0.0009"
"","61.4690","1.8708","0.0009"
"","61.5690","1.8606","0.0008"
"","61.6690","1.8505","0.0008"
"","61.7690","1.8406","0.0008"
"","61.8690","1.8306","0.0008"
"","61.9690","1.8205","0.0008"
"","62.0690","1.8105","0.0008"
"","62.1690","1.8007","0.0008"
"","62.2690","1.7906","0.0008"
"","62.3690","1.7805","0.0008"
"","62.4690","1.7707","0.0007"
"","62.5690","1.7604","0.0007"
"","62.6690","1.7504","0.0007"
"","62.7690","1.7405","0.0007"
"","62.8690","1.7307","0.0007"
"","62.9690","1.7204","0.0007"
"","63.0690","1.7104","0.0007"
"","63.1690","1.7007","0.0007"
"","63.2690","1.6906","0.0007"
"","63.3690","1.6805","0.0007"
"","63.4690","1.6704","0.0007"
"","63.5690","1.6608","0.0006"
"","63.6690","1.6504","0.0006"
"","63.7690","1.6404","0.0006"
"","63.8690","1.6305","0.0006"
"","63.9690","1.6207","0.0006"
"","64.0690","1.6106","0.0006"
"","64.1690","1.6005","0.0006"
"","64.2690","1.5907","0.0006"
"","64.3690","1.5805","0.0006"
"","64.4690","1.5705","0.0006"
"","64.5690","1.5605","0.0006"
"","64.6690","1.5507","0.0006"
"","64.7690","1.5405","0.0005"
"","64.8690","1.5305","0.0005"
"","64.9690","1.5207","0.0005"
"","65.0690","1.5105","0.0005"
"","65.1690","1.5005","0.0005"
"","65.2690","1.4905","0.0005"
"","65.3690","1.4807","0.0005"
"","65.4690","1.4704","0.0005"
"","65.5690","1.4604","0.0005"
"","65.6690","1.4507","0.0005"
"","65.7690","1.4406","0.0005"
"","65.8690","1.4305","0.0005"
"","65.9690","1.4205","0.0005"
"","66.0690","1.4108","0.0004"
"","66.1690","1.4005","0.0004"
"","66.2690","1.3904","0.0004"
"","66.3690","1.3805","0.0004"
"","66.4690","1.3707","0.0004"
"","66.5690","1.3605","0.0004"
"","66.6690","1.3504","0.0004"
"","66.7690","1.3407","0.0004"
"","66.8690","1.3305","0.0004"
"","66.9690","1.3204","0.0004"
"","67.0690","1.3105","0.0004"
"","67.1690","1.3007","0.0003"
"","67.2690","1.2905","0.0003"
"","67.3690","1.2804","0.0003"
"","67.4690","1.2707","0.0003"
"","67.5690","1.2605","0.0003"
"","67.6690","1.2504","0.0003"
"","67.7690","1.2405","0.0003"
"","67.8690","1.2308","0.0003"
"","67.9690","1.2204","0.0003"
"","68.0690","1.2104","0.0003"
"","68.1690","1.2007","0.0003"
"","68.2690","1.1906","0.0003"
"","68.3690","1.1805","0.0003"
"","68.4690","1.1704","0.0003"
"","68.5690","1.1608","0.0003"
"","68.6690","1.1505","0.0002"
"","68.7690","1.1405","0.0002"
"","68.8690","1.1304","0.0002"
"","68.9690","1.1208","0.0002"
"","69.0690","1.1106","0.0002"
"","69.1690","1.1005","0.0002"
"","69.2690","1.0905","0.0002"
"","69.3690","1.0805","0.0002"
"","69.4690","1.0705","0.0002"
"","69.5690","1.0605","0.0002"
"","69.6690","1.0507","0.0002"
"","69.7690","1.0406","0.0002"
"","69.8690","1.0305","0.0002"
"","69.9690","1.0207","0.0002"
"","70.0690","1.0104","0.0001"
"","70.1690","1.0004","0.0001"
"","70.2690","0.9906","0.0001"
"","70.3690","0.9808","0.0001"
"","70.4690","0.9705","0.0001"
"","70.5690","0.9605","0.0001"
"","70.6690","0.9507","0.0001"
"","70.7690","0.9406","0.0001"
"","70.8690","0.9305","0.0001"
"","70.9690","0.9204","0.0001"
"","71.0690","0.9107","0.0001"
"","71.1690","0.9004","0.0001"
"","71.2690","0.8904","0.0001"
"","71.3690","0.8805","0.0001"
"","71.4690","0.8707","0.0001"
"","71.5690","0.8606","0.0001"
"","71.6690","0.8505","0.0001"
"","71.7690","0.8406","0.0000"
"","71.8690","0.8305","0.0000"
"","71.9690","0.8205","0.0000"
"","72.0690","0.8105","0.0000"
"","72.1690","0.8006","0.0000"
"","72.2690","0.7905","0.0000"
"","72.3690","0.7805","0.0000"
"","72.4690","0.7707","0.0000"
"","72.5690","0.7604","0.0000"
"","72.6690","0.7504","0.0000"
"","72.7690","0.7406","0.0000"
"","72.8690","0.7307","0.0000"
"","72.9690","0.7204","0.0000"
"","73.0690","0.7103","0.0000"
"","73.1690","0.7007","0.0000"
"","73.2690","0.6906","0.0000"
"","73.3690","0.6805","-0.0001"
"","73.4690","0.6704","-0.0001"
"","73.5690","0.6608","-0.0001"
"","73.6690","0.6505","-0.0001"
"","73.7690","0.6404","-0.0001"
"","73.8690","0.6305","-0.0001"
"","73.9690","0.6207","-0.0001"
"","74.0690","0.6106","-0.0001"
"","74.1690","0.6005","-0.0001"
"","74.2690","0.5907","-0.0001"
"","74.3690","0.5804","-0.0001"
"","74.4690","0.5705","-0.0001"
"","74.5690","0.5605","-0.0001"
"","74.6690","0.5507","-0.0001"
"","74.7690","0.5404","-0.0001"
"","74.8690","0.5305","-0.0001"
"","74.9690","0.5207","-0.0001"
"","75.0690","0.5105","-0.0001"
"","75.1690","0.5004","-0.0001"
"","75.2690","0.4906","-0.0001"
"","75.3690","0.4809","-0.0002"
"","75.4690","0.4704","-0.0002"
"","75.5690","0.4603","-0.0002"
"","75.6690","0.4507","-0.0002"
"","75.7690","0.4407","-0.0002"
"","75.8690","0.4305","-0.0002"
"","75.9690","0.4204","-0.0002"
"","76.0690","0.4108","-0.0002"
"","76.1690","0.4005","-0.0002"
"","76.2690","0.3905","-0.0002"
"","76.3690","0.3805","-0.0002"
"","76.4690","0.3707","-0.0002"
"","76.5690","0.3606","-0.0002"
"","76.6690","0.3505","-0.0002"
"","76.7690","0.3406","-0.0002"
"","76.8690","0.3305","-0.0002"
"","76.9690","0.3205","-0.0002"
"","77.0690","0.3105","-0.0002"
"","77.1690","0.3007","-0.0002"
"","77.2690","0.2905","-0.0002"
"","77.3690","0.2806","-0.0002"
"","77.4690","0.2707","-0.0002"
"","77.5690","0.2604","-0.0002"
"","77.6690","0.2504","-0.0003"
"","77.7690","0.2405","-0.0003"
"","77.8690","0.2307","-0.0003"
"","77.9690","0.2204","-0.0003"
"","78.0690","0.2104","-0.0003"
"","78.1690","0.2008","-0.0003"
"","78.2690","0.1906","-0.0003"
"","78.3690","0.1805","-0.0003"
"","78.4690","0.1704","-0.0003"
"","78.5690","0.1607","-0.0003"
"","78.6690","0.1505","-0.0003"
"","78.7690","0.1404","-0.0003"
"","78.8690","0.1305","-0.0003"
"","78.9690","0.1207","-0.0003"
"","79.0690","0.1107","-0.0003"
"","79.1690","0.1006","-0.0003"
"","79.2690","0.0907","-0.0003"
"","79.3690","0.0804","-0.0003"
"","79.4690","0.0705","-0.0003"
"","79.5690","0.0606","-0.0003"
"","79.6690","0.0507","-0.0003"
"","79.7690","0.0404","-0.0003"
"","79.8690","0.0305","-0.0003"
"","79.9690","0.0208","-0.0003"
"","80.0690","0.0104","-0.0003"
"","80.1690","0.0004","-0.0003"
"","80.1740","-0.0001","-0.0003"
"","80.1750","-0.0002","-0.0003"
"","80.1760","-0.0003","-0.0003"
"","80.2760","-0.0006","-0.0004"
"","80.3760","0.0073","-0.0003"
"","80.4760","0.0191","-0.0003"
"","80.5760","0.0291","-0.0003"
"","80.6760","0.0395","-0.0003"
"","80.7760","0.0496","-0.0003"
"","80.8760","0.0593","-0.0003"
"","80.9760","0.0694","-0.0003"
"","81.0760","0.0795","-0.0003"
"","81.1760","0.0897","-0.0003"
"","81.2760","0.0993","-0.0003"
"","81.3760","0.1094","-0.0003"
"","81.4760","0.1195","-0.0003"
"","81.5760","0.1295","-0.0003"
"","81.6760","0.1394","-0.0003"
"","81.7760","0.1495","-0.0003"
"","81.8760","0.1595","-0.0003"
"","81.9760","0.1694","-0.0002"
"","82.0760","0.1796","-0.0002"
"","82.1760","0.1895","-0.0002"
"","82.2760","0.1994","-0.0002"
"","82.3760","0.2092","-0.0002"
"","82.4760","0.2196","-0.0002"
"","82.5760","0.2295","-0.0002"
"","82.6760","0.2393","-0.0002"
"","82.7760","0.2495","-0.0002"
"","82.8760","0.2596","-0.0002"
"","82.9760","0.2696","-0.0002"
"","83.0760","0.2792","-0.0002"
"","83.1760","0.2895","-0.0002"
"","83.2760","0.2995","-0.0002"
"","83.3760","0.3094","-0.0002"
"","83.4760","0.3194","-0.0002"
"","83.5760","0.3295","-0.0001"
"","83.6760","0.3397","-0.0001"
"","83.7760","0.3493","-0.0001"
"","83.8760","0.3594","-0.0001"
"","83.9760","0.3695","-0.0001"
"","84.0760","0.3795","-0.0001"
"","84.1760","0.3894","-0.0001"
"","84.2760","0.3994","-0.0001"
"","84.3760","0.4095","-0.0001"
"","84.4760","0.4194","-0.0001"
"","84.5760","0.4296","-0.0001"
"","84.6760","0.4395","-0.0001"
"","84.7760","0.4495","-0.0001"
"","84.8760","0.4593","-0.0001"
"","84.9760","0.4696","-0.0001"
"","85.0760","0.4795","0.0000"
"","85.1760","0.4893","0.0000"
"","85.2760","0.4995","0.0000"
"","85.3760","0.5095","0.0000"
"","85.4760","0.5195","0.0000"
"","85.5760","0.5292","0.0000"
"","85.6760","0.5396","0.0000"
"","85.7760","0.5496","0.0000"
"","85.8760","0.5594","0.0000"
"","85.9760","0.5694","0.0000"
"","86.0760","0.5795","0.0000"
"","86.1760","0.5897","0.0000"
"","86.2760","0.5992","0.0000"
"","86.3760","0.6095","0.0000"
"","86.4760","0.6195","0.0000"
"","86.5760","0.6296","0.0000"
"","86.6760","0.6394","0.0001"
"","86.7760","0.6496","0.0001"
"","86.8760","0.6596","0.0001"
"","86.9760","0.6693","0.0001"
"","87.0760","0.6796","0.0001"
"","87.1760","0.6894","0.0001"
"","87.2760","0.6994","0.0001"
"","87.3760","0.7094","0.0001"
"","87.4760","0.7197","0.0001"
"","87.5760","0.7295","0.0001"
"","87.6760","0.7394","0.0001"
"","87.7760","0.7494","0.0001"
"","87.8760","0.7596","0.0001"
"","87.9760","0.7695","0.0001"
"","88.0760","0.7792","0.0002"
"","88.1760","0.7894","0.0002"
"","88.2760","0.7997","0.0002"
"","88.3760","0.8094","0.0002"
"","88.4760","0.8194","0.0002"
"","88.5760","0.8295","0.0002"
"","88.6760","0.8397","0.0002"
"","88.7760","0.8493","0.0002"
"","88.8760","0.8594","0.0002"
"","88.9760","0.8694","0.0002"
"","89.0760","0.8795","0.0002"
"","89.1760","0.8893","0.0002"
"","89.2760","0.8995","0.0002"
"","89.3760","0.9096","0.0002"
"","89.4760","0.9193","0.0002"
"","89.5760","0.9297","0.0003"
"","89.6760","0.9395","0.0003"
"","89.7760","0.9495","0.0003"
"","89.8760","0.9593","0.0003"
"","89.9760","0.9697","0.0003"
"","90.0760","0.9795","0.0003"
"","90.1760","0.9893","0.0003"
"","90.2760","0.9994","0.0003"
"","90.3760","1.0096","0.0003"
"","90.4760","1.0196","0.0003"
"","90.5760","1.0292","0.0003"
"","90.6760","1.0395","0.0003"
"","90.7760","1.0496","0.0004"
"","90.8760","1.0594","0.0004"
"","90.9760","1.0694","0.0004"
"","91.0760","1.0795","0.0004"
"","91.1760","1.0897","0.0004"
"","91.2760","1.0993","0.0004"
"","91.3760","1.1094","0.0004"
"","91.4760","1.1195","0.0004"
"","91.5760","1.1295","0.0004"
"","91.6760","1.1394","0.0004"
"","91.7760","1.1494","0.0004"
"","91.8760","1.1595","0.0004"
"","91.9760","1.1693","0.0005"
"","92.0760","1.1796","0.0005"
"","92.1760","1.1895","0.0005"
"","92.2760","1.1995","0.0005"
"","92.3760","1.2093","0.0005"
"","92.4760","1.2196","0.0005"
"","92.5760","1.2295","0.0005"
"","92.6760","1.2394","0.0005"
"","92.7760","1.2495","0.0005"
"","92.8760","1.2596","0.0005"
"","92.9760","1.2696","0.0005"
"","93.0760","1.2792","0.0005"
"","93.1760","1.2895","0.0006"
"","93.2760","1.2996","0.0006"
"","93.3760","1.3094","0.0006"
"","93.4760","1.3194","0.0006"
"","93.5760","1.3295","0.0006"
"","93.6760","1.3396","0.0006"
"","93.7760","1.3492","0.0006"
"","93.8760","1.3595","0.0006"
"","93.9760","1.3695","0.0006"
"","94.0760","1.3796","0.0006"
"","94.1760","1.3894","0.0006"
"","94.2760","1.3996","0.0007"
"","94.3760","1.4095","0.0007"
"","94.4760","1.4193","0.0007"
"","94.5760","1.4296","0.0007"
"","94.6760","1.4395","0.0007"
"","94.7760","1.4494","0.0007"
"","94.8760","1.4593","0.0007"
"","94.9760","1.4696","0.0007"
"","95.0760","1.4795","0.0007"
"","95.1760","1.4894","0.0007"
"","95.2760","1.4995","0.0007"
"","95.3760","1.5097","0.0008"
"","95.4760","1.5195","0.0008"
"","95.5760","1.5292","0.0008"
"","95.6760","1.5394","0.0008"
"","95.7760","1.5497","0.0008"
"","95.8760","1.5594","0.0008"
"","95.9760","1.5694","0.0008"
"","96.0760","1.5796","0.0008"
"","96.1760","1.5897","0.0008"
"","96.2760","1.5993","0.0009"
"","96.3760","1.6094","0.0009"
"","96.4760","1.6195","0.0009"
"","96.5760","1.6295","0.0009"
"","96.6760","1.6394","0.0009"
"","96.7760","1.6495","0.0009"
"","96.8760","1.6596","0.0009"
"","96.9760","1.6693","0.0009"
"","97.0760","1.6797","0.0009"
"","97.1760","1.6894","0.0010"
"","97.2760","1.6995","0.0010"
"","97.3760","1.7093","0.0010"
"","97.4760","1.7196","0.0010"
"","97.5760","1.7295","0.0010"
"","97.6760","1.7393","0.0010"
"","97.7760","1.7495","0.0010"
"","97.8760","1.7597","0.0010"
"","97.9760","1.7696","0.0010"
"","98.0760","1.7792","0.0010"
"","98.1760","1.7895","0.0011"
"","98.2760","1.7996","0.0011"
"","98.3760","1.8095","0.0011"
"","98.4760","1.8194","0.0011"
"","98.5760","1.8295","0.0011"
"","98.6760","1.8396","0.0011"
"","98.7760","1.8493","0.0011"
"","98.8760","1.8594","0.0011"
"","98.9760","1.8695","0.0011"
"","99.0760","1.8795","0.0012"
"","99.1760","1.8895","0.0012"
"","99.2760","1.8995","0.0012"
"","99.3760","1.9095","0.0012"
"","99.4760","1.9193","0.0012"
"","99.5760","1.9296","0.0012"
"","99.6760","1.9395","0.0013"
"","99.7760","1.9495","0.0013"
"","99.8760","1.9593","0.0013"
"","99.9760","1.9696","0.0013"
"","100.0760","1.9795","0.0014"
"","100.1760","1.9893","0.0014"
"","100.2760","1.9995","0.0014"
"","100.3760","2.0096","0.0014"
"","100.4760","2.0196","0.0015"
"","100.5760","2.0292","0.0015"
"","100.6760","2.0395","0.0015"
"","100.7760","2.0495","0.0015"
"","100.8760","2.0595","0.0016"
"","100.9760","2.0694","0.0016"
"","101.0760","2.0795","0.0016"
"","101.1760","2.0896","0.0016"
"","101.2760","2.0993","0.0017"
"","101.3760","2.1095","0.0017"
"","101.4760","2.1194","0.0017"
"","101.5760","2.1295","0.0018"
"","101.6760","2.1394","0.0018"
"","101.7760","2.1496","0.0018"
"","101.8760","2.1595","0.0018"
"","101.9760","2.1692","0.0019"
"","102.0760","2.1796","0.0019"
"","102.1760","2.1895","0.0019"
"","102.2760","2.1995","0.0020"
"","102.3760","2.2093","0.0020"
"","102.4760","2.2196","0.0021"
"","102.5760","2.2296","0.0021"
"","102.6760","2.2393","0.0021"
"","102.7760","2.2495","0.0022"
"","102.8760","2.2596","0.0023"
"","102.9760","2.2696","0.0023"
"","103.0760","2.2792","0.0024"
"","103.1760","2.2895","0.0025"
"","103.2760","2.2996","0.0026"
"","103.3760","2.3094","0.0027"
"","103.4760","2.3194","0.0027"
"","103.5760","2.3295","0.0028"
"","103.6760","2.3396","0.0029"
"","103.7760","2.3493","0.0030"
"","103.8760","2.3594","0.0031"
"","103.9760","2.3695","0.0032"
"","104.0760","2.3795","0.0034"
"","104.1760","2.3893","0.0035"
"","104.2760","2.3996","0.0036"
"","104.3760","2.4095","0.0037"
"","104.4760","2.4193","0.0038"
"","104.5760","2.4296","0.0040"
"","104.6760","2.4395","0.0041"
"","104.7760","2.4495","0.0043"
"","104.8760","2.4593","0.0044"
"","104.9760","2.4696","0.0045"
"","105.0760","2.4796","0.0047"
"","105.1760","2.4893","0.0048"
"","105.2760","2.4995","0.0050"
"","105.3760","2.5096","0.0051"
"","105.4760","2.5196","0.0052"
"","105.5760","2.5292","0.0054"
"","105.6760","2.5395","0.0056"
"","105.7760","2.5495","0.0057"
"","105.8760","2.5595","0.0058"
"","105.9760","2.5693","0.0060"
"","106.0760","2.5795","0.0061"
"","106.1760","2.5896","0.0062"
"","106.2760","2.5994","0.0064"
"","106.3760","2.6094","0.0064"
"","106.4760","2.6195","0.0066"
"","106.5760","2.6295","0.0067"
"","106.6760","2.6395","0.0068"
"","106.7760","2.6495","0.0070"
"","106.8760","2.6595","0.0071"
"","106.9760","2.6693","0.0073"
"","107.0760","2.6796","0.0074"
"","107.1760","2.6895","0.0076"
"","107.2760","2.6995","0.0077"
"","107.3760","2.7093","0.0078"
"","107.4760","2.7196","0.0080"
"","107.5760","2.7295","0.0082"
"","107.6760","2.7393","0.0083"
"","107.7760","2.7495","0.0085"
"","107.8760","2.7596","0.0087"
"","107.9760","2.7695","0.0089"
"","108.0760","2.7792","0.0090"
"","108.1760","2.7896","0.0092"
"","108.2760","2.7996","0.0095"
"","108.3760","2.8094","0.0096"
"","108.4760","2.8194","0.0099"
"","108.5760","2.8295","0.0101"
"","108.6760","2.8396","0.0103"
"","108.7760","2.8493","0.0105"
"","108.8760","2.8595","0.0108"
"","108.9760","2.8694","0.0110"
"","109.0760","2.8795","0.0112"
"","109.1760","2.8895","0.0115"
"","109.2760","2.8996","0.0117"
"","109.3760","2.9095","0.0120"
"","109.4760","2.9193","0.0123"
"","109.5760","2.9297","0.0126"
"","109.6760","2.9395","0.0129"
"","109.7760","2.9494","0.0132"
"","109.8760","2.9593","0.0135"
"","109.9760","2.9697","0.0138"
"","110.0760","2.9795","0.0141"
"","110.1760","2.9894","0.0145"
"","110.2760","2.9995","0.0148"
"","110.3760","3.0096","0.0152"
"","110.4760","3.0195","0.0156"
"","110.5760","3.0292","0.0160"
"","110.6760","3.0394","0.0164"
"","110.7760","3.0496","0.0168"
"","110.8760","3.0594","0.0172"
"","110.9760","3.0694","0.0177"
"","111.0760","3.0796","0.0181"
"","111.1760","3.0897","0.0186"
"","111.2760","3.0993","0.0190"
"","111.3760","3.1094","0.0195"
"","111.4760","3.1195","0.0200"
"","111.5760","3.1295","0.0205"
"","111.6760","3.1394","0.0211"
"","111.7760","3.1495","0.0216"
"","111.8760","3.1596","0.0221"
"","111.9760","3.1693","0.0227"
"","112.0760","3.1797","0.0232"
"","112.1760","3.1895","0.0238"
"","112.2760","3.1995","0.0243"
"","112.3760","3.2093","0.0249"
"","112.4760","3.2196","0.0255"
"","112.5760","3.2295","0.0260"
"","112.6760","3.2393","0.0266"
"","112.7760","3.2495","0.0272"
"","112.8760","3.2597","0.0278"
"","112.9760","3.2695","0.0284"
"","113.0760","3.2792","0.0290"
"","113.1760","3.2895","0.0297"
"","113.2760","3.2995","0.0303"
"","113.3760","3.3094","0.0309"
"","113.4760","3.3194","0.0315"
"","113.5760","3.3295","0.0320"
"","113.6760","3.3396","0.0323"
"","113.7760","3.3494","0.0327"
"","113.8760","3.3594","0.0332"
"","113.9760","3.3695","0.0338"
"","114.0760","3.3795","0.0344"
"","114.1760","3.3894","0.0350"
"","114.2760","3.3994","0.0355"
"","114.3760","3.4095","0.0358"
"","114.4760","3.4193","0.0362"
"","114.5760","3.4295","0.0365"
"","114.6760","3.4394","0.0368"
"","114.7760","3.4495","0.0370"
"","114.8760","3.4593","0.0372"
"","114.9760","3.4697","0.0376"
"","115.0760","3.4795","0.0381"
"","115.1760","3.4894","0.0384"
"","115.2760","3.4995","0.0388"
"","115.3760","3.5095","0.0391"
"","115.4760","3.5195","0.0394"
"","115.5760","3.5292","0.0401"
"","115.6760","3.5396","0.0409"
"","115.7760","3.5496","0.0417"
"","115.8760","3.5594","0.0425"
"","115.9760","3.5694","0.0433"
"","116.0760","3.5795","0.0441"
"","116.1760","3.5896","0.0450"
"","116.2760","3.5992","0.0458"
"","116.3760","3.6095","0.0467"
"","116.4760","3.6195","0.0476"
"","116.5760","3.6295","0.0485"
"","116.6760","3.6394","0.0495"
"","116.7760","3.6496","0.0504"
"","116.8760","3.6595","0.0514"
"","116.9760","3.6693","0.0525"
"","117.0760","3.6796","0.0536"
"","117.1760","3.6895","0.0547"
"","117.2760","3.6995","0.0558"
"","117.3760","3.7093","0.0569"
"","117.4760","3.7196","0.0580"
"","117.5760","3.7295","0.0592"
"","117.6760","3.7394","0.0603"
"","117.7760","3.7495","0.0615"
"","117.8760","3.7597","0.0626"
"","117.9760","3.7695","0.0638"
"","118.0760","3.7792","0.0649"
"","118.1760","3.7894","0.0662"
"","118.2760","3.7997","0.0674"
"","118.3760","3.8094","0.0685"
"","118.4760","3.8194","0.0698"
"","118.5760","3.8295","0.0711"
"","118.6760","3.8397","0.0723"
"","118.7760","3.8493","0.0735"
"","118.8760","3.8594","0.0748"
"","118.9760","3.8695","0.0761"
"","119.0760","3.8795","0.0773"
"","119.1760","3.8894","0.0786"
"","119.2760","3.8995","0.0799"
"","119.3760","3.9096","0.0812"
"","119.4760","3.9193","0.0824"
"","119.5760","3.9296","0.0838"
"","119.6760","3.9394","0.0850"
"","119.7760","3.9495","0.0864"
"","119.8760","3.9593","0.0876"
"","119.9760","3.9696","0.0890"
"","120.0760","3.9795","0.0902"
"","120.1760","3.9893","0.0915"
"","120.2760","3.9995","0.0928"
"","120.2810","4.0000","0.0928"
"","120.2820","4.0001","0.0928"
"","120.2830","4.0002","0.0929"
"","120.3830","4.0005","0.0922"
"","120.4830","3.9930","0.0901"
"","120.5830","3.9812","0.0872"
"","120.6830","3.9706","0.0848"
"","120.7830","3.9606","0.0825"
"","120.8830","3.9507","0.0804"
"","120.9830","3.9405","0.0782"
"","121.0830","3.9305","0.0762"
"","121.1830","3.9204","0.0742"
"","121.2830","3.9107","0.0723"
"","121.3830","3.9005","0.0703"
"","121.4830","3.8904","0.0684"
"","121.5830","3.8805","0.0667"
"","121.6830","3.8707","0.0649"
"","121.7830","3.8606","0.0631"
"","121.8830","3.8505","0.0614"
"","121.9830","3.8406","0.0598"
"","122.0830","3.8305","0.0581"
"","122.1830","3.8204","0.0565"
"","122.2830","3.8104","0.0550"
"","122.3830","3.8006","0.0535"
"","122.4830","3.7904","0.0520"
"","122.5830","3.7805","0.0505"
"","122.6830","3.7707","0.0491"
"","122.7830","3.7605","0.0477"
"","122.8830","3.7504","0.0463"
"","122.9830","3.7405","0.0450"
"","123.0830","3.7306","0.0437"
"","123.1830","3.7203","0.0424"
"","123.2830","3.7104","0.0412"
"","123.3830","3.7006","0.0400"
"","123.4830","3.6905","0.0388"
"","123.5830","3.6804","0.0377"
"","123.6830","3.6704","0.0367"
"","123.7830","3.6607","0.0357"
"","123.8830","3.6504","0.0348"
"","123.9830","3.6403","0.0341"
"","124.0830","3.6305","0.0335"
"","124.1830","3.6207","0.0330"
"","124.2830","3.6105","0.0328"
"","124.3830","3.6004","0.0326"
"","124.4830","3.5906","0.0325"
"","124.5830","3.5805","0.0325"
"","124.6830","3.5705","0.0324"
"","124.7830","3.5605","0.0322"
"","124.8830","3.5506","0.0321"
"","124.9830","3.5404","0.0319"
"","125.0830","3.5304","0.0316"
"","125.1830","3.5207","0.0313"
"","125.2830","3.5104","0.0308"
"","125.3830","3.5004","0.0301"
"","125.4830","3.4905","0.0294"
"","125.5830","3.4808","0.0288"
"","125.6830","3.4703","0.0281"
"","125.7830","3.4604","0.0273"
"","125.8830","3.4506","0.0266"
"","125.9830","3.4406","0.0260"
"","126.0830","3.4305","0.0254"
"","126.1830","3.4203","0.0248"
"","126.2830","3.4107","0.0242"
"","126.3830","3.4005","0.0236"
"","126.4830","3.3905","0.0229"
"","126.5830","3.3804","0.0223"
"","126.6830","3.3707","0.0217"
"","126.7830","3.3605","0.0211"
"","126.8830","3.3504","0.0205"
"","126.9830","3.3405","0.0199"
"","127.0830","3.3305","0.0193"
"","127.1830","3.3205","0.0188"
"","127.2830","3.3105","0.0183"
"","127.3830","3.3006","0.0178"
"","127.4830","3.2905","0.0173"
"","127.5830","3.2805","0.0168"
"","127.6830","3.2706","0.0163"
"","127.7830","3.2604","0.0158"
"","127.8830","3.2504","0.0154"
"","127.9830","3.2405","0.0150"
"","128.0830","3.2307","0.0146"
"","128.1830","3.2204","0.0142"
"","128.2830","3.2104","0.0138"
"","128.3830","3.2007","0.0134"
"","128.4830","3.1905","0.0131"
"","128.5830","3.1805","0.0127"
"","128.6830","3.1703","0.0124"
"","128.7830","3.1607","0.0121"
"","128.8830","3.1504","0.0118"
"","128.9830","3.1404","0.0115"
"","129.0830","3.1304","0.0112"
"","129.1830","3.1206","0.0109"
"","129.2830","3.1106","0.0107"
"","129.3830","3.1005","0.0104"
"","129.4830","3.0906","0.0102"
"","129.5830","3.0805","0.0100"
"","129.6830","3.0704","0.0098"
"","129.7830","3.0604","0.0095"
"","129.8830","3.0506","0.0093"
"","129.9830","3.0405","0.0091"
"","130.0830","3.0305","0.0090"
"","130.1830","3.0207","0.0088"
"","130.2830","3.0104","0.0086"
"","130.3830","3.0004","0.0084"
"","130.4830","2.9906","0.0082"
"","130.5830","2.9807","0.0081"
"","130.6830","2.9704","0.0079"
"","130.7830","2.9603","0.0078"
"","130.8830","2.9507","0.0076"
"","130.9830","2.9406","0.0074"
"","131.0830","2.9304","0.0073"
"","131.1830","2.9203","0.0071"
"","131.2830","2.9107","0.0070"
"","131.3830","2.9004","0.0069"
"","131.4830","2.8904","0.0068"
"","131.5830","2.8804","0.0066"
"","131.6830","2.8706","0.0065"
"","131.7830","2.8606","0.0064"
"","131.8830","2.8504","0.0062"
"","131.9830","2.8407","0.0061"
"","132.0830","2.8304","0.0060"
"","132.1830","2.8204","0.0059"
"","132.2830","2.8105","0.0058"
"","132.3830","2.8006","0.0057"
"","132.4830","2.7904","0.0056"
"","132.5830","2.7804","0.0054"
"","132.6830","2.7706","0.0053"
"","132.7830","2.7604","0.0052"
"","132.8830","2.7503","0.0051"
"","132.9830","2.7405","0.0050"
"","133.0830","2.7308","0.0049"
"","133.1830","2.7204","0.0048"
"","133.2830","2.7103","0.0047"
"","133.3830","2.7006","0.0046"
"","133.4830","2.6906","0.0045"
"","133.5830","2.6804","0.0044"
"","133.6830","2.6704","0.0042"
"","133.7830","2.6607","0.0041"
"","133.8830","2.6505","0.0040"
"","133.9830","2.6404","0.0039"
"","134.0830","2.6304","0.0037"
"","134.1830","2.6206","0.0036"
"","134.2830","2.6105","0.0035"
"","134.3830","2.6004","0.0034"
"","134.4830","2.5906","0.0033"
"","134.5830","2.5804","0.0032"
"","134.6830","2.5704","0.0031"
"","134.7830","2.5605","0.0030"
"","134.8830","2.5507","0.0029"
"","134.9830","2.5405","0.0028"
"","135.0830","2.5305","0.0027"
"","135.1830","2.5206","0.0026"
"","135.2830","2.5104","0.0025"
"","135.3830","2.5004","0.0024"
"","135.4830","2.4904","0.0024"
"","135.5830","2.4807","0.0023"
"","135.6830","2.4704","0.0022"
"","135.7830","2.4604","0.0021"
"","135.8830","2.4506","0.0021"
"","135.9830","2.4406","0.0020"
"","136.0830","2.4305","0.0020"
"","136.1830","2.4204","0.0019"
"","136.2830","2.4106","0.0018"
"","136.3830","2.4005","0.0018"
"","136.4830","2.3904","0.0018"
"","136.5830","2.3805","0.0017"
"","136.6830","2.3706","0.0017"
"","136.7830","2.3606","0.0017"
"","136.8830","2.3505","0.0016"
"","136.9830","2.3406","0.0016"
"","137.0830","2.3303","0.0016"
"","137.1830","2.3204","0.0016"
"","137.2830","2.3105","0.0015"
"","137.3830","2.3006","0.0015"
"","137.4830","2.2904","0.0015"
"","137.5830","2.2805","0.0015"
"","137.6830","2.2707","0.0014"
"","137.7830","2.2604","0.0014"
"","137.8830","2.2504","0.0014"
"","137.9830","2.2406","0.0014"
"","138.0830","2.2307","0.0013"
"","138.1830","2.2203","0.0013"
"","138.2830","2.2103","0.0013"
"","138.3830","2.2007","0.0013"
"","138.4830","2.1906","0.0012"
"","138.5830","2.1804","0.0012"
"","138.6830","2.1704","0.0012"
"","138.7830","2.1607","0.0012"
"","138.8830","2.1505","0.0011"
"","138.9830","2.1403","0.0011"
"","139.0830","2.1305","0.0011"
"","139.1830","2.1207","0.0011"
"","139.2830","2.1106","0.0011"
"","139.3830","2.1004","0.0010"
"","139.4830","2.0907","0.0010"
"","139.5830","2.0804","0.0010"
"","139.6830","2.0704","0.0010"
"","139.7830","2.0605","0.0010"
"","139.8830","2.0506","0.0010"
"","139.9830","2.0405","0.0010"
"","140.0830","2.0305","0.0010"
"","140.1830","2.0207","0.0010"
"","140.2830","2.0104","0.0009"
"","140.3830","2.0004","0.0009"
"","140.4830","1.9906","0.0009"
"","140.5830","1.9808","0.0009"
"","140.6830","1.9704","0.0009"
"","140.7830","1.9603","0.0009"
"","140.8830","1.9506","0.0009"
"","140.9830","1.9406","0.0009"
"","141.0830","1.9304","0.0009"
"","141.1830","1.9203","0.0008"
"","141.2830","1.9108","0.0008"
"","141.3830","1.9005","0.0008"
"","141.4830","1.8904","0.0008"
"","141.5830","1.8804","0.0008"
"","141.6830","1.8707","0.0008"
"","141.7830","1.8605","0.0008"
"","141.8830","1.8504","0.0008"
"","141.9830","1.8405","0.0008"
"","142.0830","1.8305","0.0008"
"","142.1830","1.8205","0.0007"
"","142.2830","1.8105","0.0007"
"","142.3830","1.8006","0.0007"
"","142.4830","1.7905","0.0007"
"","142.5830","1.7805","0.0007"
"","142.6830","1.7707","0.0007"
"","142.7830","1.7604","0.0007"
"","142.8830","1.7504","0.0007"
"","142.9830","1.7405","0.0007"
"","143.0830","1.7307","0.0007"
"","143.1830","1.7204","0.0007"
"","143.2830","1.7104","0.0006"
"","143.3830","1.7007","0.0006"
"","143.4830","1.6905","0.0006"
"","143.5830","1.6805","0.0006"
"","143.6830","1.6703","0.0006"
"","143.7830","1.6607","0.0006"
"","143.8830","1.6504","0.0006"
"","143.9830","1.6404","0.0006"
"","144.0830","1.6304","0.0006"
"","144.1830","1.6207","0.0006"
"","144.2830","1.6106","0.0006"
"","144.3830","1.6005","0.0005"
"","144.4830","1.5906","0.0005"
"","144.5830","1.5804","0.0005"
"","144.6830","1.5704","0.0005"
"","144.7830","1.5604","0.0005"
"","144.8830","1.5506","0.0005"
"","144.9830","1.5404","0.0005"
"","145.0830","1.5304","0.0005"
"","145.1830","1.5207","0.0005"
"","145.2830","1.5104","0.0005"
"","145.3830","1.5004","0.0004"
"","145.4830","1.4905","0.0004"
"","145.5830","1.4806","0.0004"
"","145.6830","1.4703","0.0004"
"","145.7830","1.4604","0.0004"
"","145.8830","1.4507","0.0004"
"","145.9830","1.4406","0.0004"
"","146.0830","1.4304","0.0004"
"","146.1830","1.4204","0.0004"
"","146.2830","1.4107","0.0004"
"","146.3830","1.4004","0.0004"
"","146.4830","1.3903","0.0004"
"","146.5830","1.3805","0.0004"
"","146.6830","1.3707","0.0004"
"","146.7830","1.3605","0.0003"
"","146.8830","1.3504","0.0003"
"","146.9830","1.3406","0.0003"
"","147.0830","1.3305","0.0003"
"","147.1830","1.3204","0.0003"
"","147.2830","1.3105","0.0003"
"","147.3830","1.3006","0.0003"
"","147.4830","1.2905","0.0003"
"","147.5830","1.2804","0.0003"
"","147.6830","1.2707","0.0003"
"","147.7830","1.2604","0.0003"
"","147.8830","1.2504","0.0003"
"","147.9830","1.2405","0.0003"
"","148.0830","1.2308","0.0002"
"","148.1830","1.2204","0.0003"
"","148.2830","1.2104","0.0002"
"","148.3830","1.2006","0.0002"
"","148.4830","1.1906","0.0002"
"","148.5830","1.1804","0.0002"
"","148.6830","1.1704","0.0002"
"","148.7830","1.1607","0.0002"
"","148.8830","1.1505","0.0002"
"","148.9830","1.1404","0.0002"
"","149.0830","1.1304","0.0002"
"","149.1830","1.1207","0.0002"
"","149.2830","1.1105","0.0002"
"","149.3830","1.1004","0.0002"
"","149.4830","1.0905","0.0002"
"","149.5830","1.0805","0.0001"
"","149.6830","1.0704","0.0002"
"","149.7830","1.0605","0.0001"
"","149.8830","1.0506","0.0001"
"","149.9830","1.0405","0.0001"
"","150.0830","1.0305","0.0001"
"","150.1830","1.0206","0.0001"
"","150.2830","1.0104","0.0001"
"","150.3830","1.0004","0.0001"
"","150.4830","0.9905","0.0001"
"","150.5830","0.9807","0.0001"
"","150.6830","0.9704","0.0001"
"","150.7830","0.9604","0.0000"
"","150.8830","0.9507","0.0001"
"","150.9830","0.9405","0.0001"
"","151.0830","0.9305","0.0000"
"","151.1830","0.9204","0.0001"
"","151.2830","0.9107","0.0000"
"","151.3830","0.9004","0.0000"
"","151.4830","0.8903","0.0000"
"","151.5830","0.8804","0.0000"
"","151.6830","0.8707","0.0000"
"","151.7830","0.8606","0.0000"
"","151.8830","0.8505","0.0000"
"","151.9830","0.8406","0.0000"
"","152.0830","0.8304","0.0000"
"","152.1830","0.8204","0.0000"
"","152.2830","0.8104","0.0000"
"","152.3830","0.8006","0.0000"
"","152.4830","0.7904","0.0000"
"","152.5830","0.7805","0.0000"
"","152.6830","0.7707","0.0000"
"","152.7830","0.7604","0.0000"
"","152.8830","0.7504","-0.0001"
"","152.9830","0.7405","-0.0001"
"","153.0830","0.7307","-0.0001"
"","153.1830","0.7204","-0.0001"
"","153.2830","0.7103","-0.0001"
"","153.3830","0.7006","-0.0001"
"","153.4830","0.6906","-0.0001"
"","153.5830","0.6804","-0.0001"
"","153.6830","0.6704","-0.0001"
"","153.7830","0.6607","-0.0001"
"","153.8830","0.6504","-0.0001"
"","153.9830","0.6403","-0.0001"
"","154.0830","0.6304","-0.0001"
"","154.1830","0.6207","-0.0001"
"","154.2830","0.6105","-0.0001"
"","154.3830","0.6004","-0.0001"
"","154.4830","0.5907","-0.0001"
"","154.5830","0.5804","-0.0001"
"","154.6830","0.5704","-0.0002"
"","154.7830","0.5605","-0.0002"
"","154.8830","0.5507","-0.0002"
"","154.9830","0.5403","-0.0002"
"","155.0830","0.5304","-0.0002"
"","155.1830","0.5207","-0.0002"
"","155.2830","0.5104","-0.0002"
"","155.3830","0.5004","-0.0002"
"","155.4830","0.4905","-0.0002"
"","155.5830","0.4808","-0.0002"
"","155.6830","0.4704","-0.0002"
"","155.7830","0.4603","-0.0002"
"","155.8830","0.4506","-0.0002"
"","155.9830","0.4406","-0.0002"
"","156.0830","0.4305","-0.0002"
"","156.1830","0.4204","-0.0002"
"","156.2830","0.4107","-0.0002"
"","156.3830","0.4005","-0.0002"
"","156.4830","0.3904","-0.0002"
"","156.5830","0.3805","-0.0002"
"","156.6830","0.3706","-0.0002"
"","156.7830","0.3605","-0.0002"
"","156.8830","0.3504","-0.0002"
"","156.9830","0.3405","-0.0003"
"","157.0830","0.3305","-0.0002"
"","157.1830","0.3205","-0.0003"
"","157.2830","0.3105","-0.0003"
"","157.3830","0.3006","-0.0003"
"","157.4830","0.2905","-0.0003"
"","157.5830","0.2805","-0.0003"
"","157.6830","0.2706","-0.0003"
"","157.7830","0.2604","-0.0003"
"","157.8830","0.2503","-0.0003"
"","157.9830","0.2405","-0.0003"
"","158.0830","0.2307","-0.0003"
"","158.1830","0.2204","-0.0003"
"","158.2830","0.2104","-0.0003"
"","158.3830","0.2007","-0.0003"
"","158.4830","0.1906","-0.0003"
"","158.5830","0.1804","-0.0003"
"","158.6830","0.1703","-0.0003"
"","158.7830","0.1607","-0.0003"
"","158.8830","0.1505","-0.0003"
"","158.9830","0.1404","-0.0003"
"","159.0830","0.1305","-0.0003"
"","159.1830","0.1206","-0.0003"
"","159.2830","0.1106","-0.0003"
"","159.3830","0.1005","-0.0003"
"","159.4830","0.0906","-0.0004"
"","159.5830","0.0804","-0.0003"
"","159.6830","0.0705","-0.0004"
"","159.7830","0.0605","-0.0004"
"","159.8830","0.0506","-0.0004"
"","159.9830","0.0403","-0.0004"
"","160.0830","0.0305","-0.0004"
"","160.1830","0.0207","-0.0004"
"","160.2830","0.0104","-0.0004"
"","160.3830","0.0003","-0.0004"
"","160.3870","-0.0001","-0.0004"
"","160.3880","-0.0002","-0.0004"
"","160.3890","-0.0003","-0.0004"
"","160.4890","-0.0005","-0.0004"
"","160.5890","0.0074","-0.0004"
"","160.6890","0.0191","-0.0004"
"","160.7890","0.0292","-0.0004"
"","160.8890","0.0395","-0.0004"
"","160.9890","0.0496","-0.0003"
"","161.0890","0.0594","-0.0003"
"","161.1890","0.0694","-0.0003"
"","161.2890","0.0795","-0.0003"
"","161.3890","0.0897","-0.0003"
"","161.4890","0.0993","-0.0003"
"","161.5890","0.1094","-0.0003"
"","161.6890","0.1195","-0.0003"
"","161.7890","0.1295","-0.0003"
"","161.8890","0.1394","-0.0003"
"","161.9890","0.1495","-0.0003"
"","162.0890","0.1596","-0.0003"
"","162.1890","0.1694","-0.0003"
"","162.2890","0.1797","-0.0003"
"","162.3890","0.1895","-0.0003"
"","162.4890","0.1995","-0.0003"
"","162.5890","0.2093","-0.0002"
"","162.6890","0.2196","-0.0003"
"","162.7890","0.2295","-0.0003"
"","162.8890","0.2394","-0.0002"
"","162.9890","0.2496","-0.0002"
"","163.0890","0.2596","-0.0002"
"","163.1890","0.2696","-0.0002"
"","163.2890","0.2792","-0.0002"
"","163.3890","0.2895","-0.0002"
"","163.4890","0.2996","-0.0002"
"","163.5890","0.3095","-0.0002"
"","163.6890","0.3194","-0.0002"
"","163.7890","0.3295","-0.0002"
"","163.8890","0.3397","-0.0002"
"","163.9890","0.3493","-0.0002"
"","164.0890","0.3594","-0.0002"
"","164.1890","0.3696","-0.0002"
"","164.2890","0.3796","-0.0002"
"","164.3890","0.3895","-0.0002"
"","164.4890","0.3995","-0.0001"
"","164.5890","0.4095","-0.0001"
"","164.6890","0.4194","-0.0001"
"","164.7890","0.4297","-0.0001"
"","164.8890","0.4395","-0.0001"
"","164.9890","0.4495","-0.0001"
"","165.0890","0.4594","-0.0001"
"","165.1890","0.4697","-0.0001"
"","165.2890","0.4796","-0.0001"
"","165.3890","0.4894","-0.0001"
"","165.4890","0.4996","-0.0001"
"","165.5890","0.5096","-0.0001"
"","165.6890","0.5196","-0.0001"
"","165.7890","0.5293","-0.0001"
"","165.8890","0.5396","-0.0001"
"","165.9890","0.5497","-0.0001"
"","166.0890","0.5594","-0.0001"
"","166.1890","0.5695","0.0000"
"","166.2890","0.5796","-0.0001"
"","166.3890","0.5897","0.0000"
"","166.4890","0.5992","0.0000"
"","166.5890","0.6095","0.0000"
"","166.6890","0.6195","0.0000"
"","166.7890","0.6296","0.0000"
"","166.8890","0.6394","0.0000"
"","166.9890","0.6496","0.0000"
"","167.0890","0.6596","0.0000"
"","167.1890","0.6693","0.0000"
"","167.2890","0.6796","0.0000"
"","167.3890","0.6895","0.0000"
"","167.4890","0.6995","0.0000"
"","167.5890","0.7094","0.0001"
"","167.6890","0.7197","0.0001"
"","167.7890","0.7296","0.0001"
"","167.8890","0.7394","0.0001"
"","167.9890","0.7495","0.0001"
"","168.0890","0.7597","0.0000"
"","168.1890","0.7696","0.0001"
"","168.2890","0.7793","0.0001"
"","168.3890","0.7895","0.0001"
"","168.4890","0.7997","0.0001"
"","168.5890","0.8094","0.0001"
"","168.6890","0.8195","0.0001"
"","168.7890","0.8296","0.0001"
"","168.8890","0.8398","0.0001"
"","168.9890","0.8493","0.0001"
"","169.0890","0.8594","0.0002"
"","169.1890","0.8695","0.0002"
"","169.2890","0.8795","0.0002"
"","169.3890","0.8894","0.0002"
"","169.4890","0.8996","0.0002"
"","169.5890","0.9096","0.0002"
"","169.6890","0.9194","0.0002"
"","169.7890","0.9297","0.0002"
"","169.8890","0.9395","0.0002"
"","169.9890","0.9496","0.0002"
"","170.0890","0.9593","0.0002"
"","170.1890","0.9697","0.0002"
"","170.2890","0.9795","0.0002"
"","170.3890","0.9894","0.0002"
"","170.4890","0.9995","0.0003"
"","170.5890","1.0097","0.0003"
"","170.6890","1.0196","0.0003"
"","170.7890","1.0293","0.0003"
"","170.8890","1.0395","0.0003"
"","170.9890","1.0496","0.0003"
"","171.0890","1.0594","0.0003"
"","171.1890","1.0695","0.0003"
"","171.2890","1.0796","0.0003"
"","171.3890","1.0897","0.0003"
"","171.4890","1.0993","0.0003"
"","171.5890","1.1095","0.0003"
"","171.6890","1.1196","0.0003"
"","171.7890","1.1296","0.0004"
"","171.8890","1.1394","0.0004"
"","171.9890","1.1495","0.0004"
"","172.0890","1.1596","0.0004"
"","172.1890","1.1693","0.0004"
"","172.2890","1.1796","0.0004"
"","172.3890","1.1895","0.0004"
"","172.4890","1.1996","0.0004"
"","172.5890","1.2094","0.0005"
"","172.6890","1.2196","0.0004"
"","172.7890","1.2295","0.0004"
"","172.8890","1.2394","0.0004"
"","172.9890","1.2496","0.0004"
"","173.0890","1.2596","0.0005"
"","173.1890","1.2696","0.0005"
"","173.2890","1.2793","0.0005"
"","173.3890","1.2896","0.0005"
"","173.4890","1.2996","0.0005"
"","173.5890","1.3095","0.0005"
"","173.6890","1.3195","0.0005"
"","173.7890","1.3296","0.0005"
"","173.8890","1.3397","0.0005"
"","173.9890","1.3493","0.0006"
"","174.0890","1.3596","0.0005"
"","174.1890","1.3695","0.0005"
"","174.2890","1.3796","0.0006"
"","174.3890","1.3894","0.0006"
"","174.4890","1.3996","0.0006"
"","174.5890","1.4096","0.0006"
"","174.6890","1.4193","0.0006"
"","174.7890","1.4296","0.0006"
"","174.8890","1.4395","0.0006"
"","174.9890","1.4495","0.0006"
"","175.0890","1.4594","0.0006"
"","175.1890","1.4697","0.0007"
"","175.2890","1.4796","0.0007"
"","175.3890","1.4894","0.0007"
"","175.4890","1.4995","0.0007"
"","175.5890","1.5097","0.0007"
"","175.6890","1.5195","0.0007"
"","175.7890","1.5292","0.0007"
"","175.8890","1.5395","0.0007"
"","175.9890","1.5497","0.0007"
"","176.0890","1.5594","0.0007"
"","176.1890","1.5695","0.0008"
"","176.2890","1.5796","0.0007"
"","176.3890","1.5897","0.0008"
"","176.4890","1.5993","0.0008"
"","176.5890","1.6094","0.0008"
"","176.6890","1.6195","0.0008"
"","176.7890","1.6295","0.0008"
"","176.8890","1.6394","0.0008"
"","176.9890","1.6496","0.0008"
"","177.0890","1.6597","0.0008"
"","177.1890","1.6693","0.0008"
"","177.2890","1.6797","0.0008"
"","177.3890","1.6895","0.0009"
"","177.4890","1.6995","0.0009"
"","177.5890","1.7093","0.0009"
"","177.6890","1.7197","0.0009"
"","177.7890","1.7295","0.0009"
"","177.8890","1.7394","0.0009"
"","177.9890","1.7495","0.0009"
"","178.0890","1.7597","0.0009"
"","178.1890","1.7696","0.0010"
"","178.2890","1.7792","0.0010"
"","178.3890","1.7895","0.0010"
"","178.4890","1.7996","0.0010"
"","178.5890","1.8095","0.0010"
"","178.6890","1.8194","0.0010"
"","178.7890","1.8295","0.0010"
"","178.8890","1.8397","0.0010"
"","178.9890","1.8494","0.0010"
"","179.0890","1.8595","0.0011"
"","179.1890","1.8696","0.0011"
"","179.2890","1.8795","0.0011"
"","179.3890","1.8895","0.0011"
"","179.4890","1.8995","0.0011"
"","179.5890","1.9095","0.0011"
"","179.6890","1.9193","0.0011"
"","179.7890","1.9297","0.0011"
"","179.8890","1.9395","0.0011"
"","179.9890","1.9495","0.0012"
"","180.0890","1.9594","0.0012"
"","180.1890","1.9697","0.0012"
"","180.2890","1.9796","0.0012"
"","180.3890","1.9894","0.0012"
"","180.4890","1.9995","0.0012"
"","180.5890","2.0096","0.0012"
"","180.6890","2.0196","0.0013"
"","180.7890","2.0292","0.0013"
"","180.8890","2.0396","0.0013"
"","180.9890","2.0496","0.0013"
"","181.0890","2.0595","0.0014"
"","181.1890","2.0694","0.0014"
"","181.2890","2.0795","0.0014"
"","181.3890","2.0897","0.0014"
"","181.4890","2.0994","0.0015"
"","181.5890","2.1096","0.0015"
"","181.6890","2.1195","0.0015"
"","181.7890","2.1296","0.0015"
"","181.8890","2.1395","0.0016"
"","181.9890","2.1496","0.0016"
"","182.0890","2.1595","0.0016"
"","182.1890","2.1693","0.0017"
"","182.2890","2.1796","0.0017"
"","182.3890","2.1896","0.0017"
"","182.4890","2.1995","0.0018"
"","182.5890","2.2093","0.0017"
"","182.6890","2.2197","0.0018"
"","182.7890","2.2296","0.0018"
"","182.8890","2.2394","0.0019"
"","182.9890","2.2495","0.0019"
"","183.0890","2.2596","0.0019"
"","183.1890","2.2696","0.0020"
"","183.2890","2.2792","0.0020"
"","183.3890","2.2895","0.0020"
"","183.4890","2.2996","0.0021"
"","183.5890","2.3095","0.0022"
"","183.6890","2.3194","0.0022"
"","183.7890","2.3296","0.0023"
"","183.8890","2.3397","0.0024"
"","183.9890","2.3493","0.0025"
"","184.0890","2.3594","0.0025"
"","184.1890","2.3696","0.0027"
"","184.2890","2.3795","0.0028"
"","184.3890","2.3894","0.0028"
"","184.4890","2.3996","0.0030"
"","184.5890","2.4097","0.0031"
"","184.6890","2.4194","0.0031"
"","184.7890","2.4296","0.0033"
"","184.8890","2.4395","0.0034"
"","184.9890","2.4495","0.0035"
"","185.0890","2.4593","0.0036"
"","185.1890","2.4696","0.0037"
"","185.2890","2.4796","0.0039"
"","185.3890","2.4894","0.0040"
"","185.4890","2.4995","0.0041"
"","185.5890","2.5096","0.0042"
"","185.6890","2.5197","0.0044"
"","185.7890","2.5292","0.0045"
"","185.8890","2.5396","0.0047"
"","185.9890","2.5496","0.0048"
"","186.0890","2.5595","0.0050"
"","186.1890","2.5694","0.0052"
"","186.2890","2.5796","0.0053"
"","186.3890","2.5897","0.0054"
"","186.4890","2.5994","0.0056"
"","186.5890","2.6094","0.0057"
"","186.6890","2.6195","0.0058"
"","186.7890","2.6295","0.0059"
"","186.8890","2.6395","0.0060"
"","186.9890","2.6495","0.0061"
"","187.0890","2.6596","0.0063"
"","187.1890","2.6694","0.0064"
"","187.2890","2.6796","0.0065"
"","187.3890","2.6895","0.0067"
"","187.4890","2.6995","0.0068"
"","187.5890","2.7094","0.0069"
"","187.6890","2.7197","0.0071"
"","187.7890","2.7295","0.0072"
"","187.8890","2.7393","0.0074"
"","187.9890","2.7495","0.0075"
"","188.0890","2.7597","0.0076"
"","188.1890","2.7696","0.0078"
"","188.2890","2.7792","0.0080"
"","188.3890","2.7896","0.0081"
"","188.4890","2.7997","0.0083"
"","188.5890","2.8095","0.0084"
"","188.6890","2.8195","0.0086"
"","188.7890","2.8295","0.0088"
"","188.8890","2.8397","0.0090"
"","188.9890","2.8493","0.0092"
"","189.0890","2.8595","0.0094"
"","189.1890","2.8695","0.0096"
"","189.2890","2.8796","0.0098"
"","189.3890","2.8895","0.0100"
"","189.4890","2.8996","0.0103"
"","189.5890","2.9096","0.0105"
"","189.6890","2.9193","0.0107"
"","189.7890","2.9297","0.0110"
"","189.8890","2.9395","0.0112"
"","189.9890","2.9495","0.0115"
"","190.0890","2.9593","0.0117"
"","190.1890","2.9697","0.0120"
"","190.2890","2.9795","0.0123"
"","190.3890","2.9895","0.0126"
"","190.4890","2.9995","0.0129"
"","190.5890","3.0097","0.0132"
"","190.6890","3.0195","0.0135"
"","190.7890","3.0292","0.0139"
"","190.8890","3.0395","0.0142"
"","190.9890","3.0497","0.0146"
"","191.0890","3.0594","0.0150"
"","191.1890","3.0695","0.0154"
"","191.2890","3.0796","0.0158"
"","191.3890","3.0897","0.0162"
"","191.4890","3.0993","0.0166"
"","191.5890","3.1094","0.0171"
"","191.6890","3.1195","0.0175"
"","191.7890","3.1295","0.0180"
"","191.8890","3.1395","0.0185"
"","191.9890","3.1496","0.0189"
"","192.0890","3.1596","0.0195"
"","192.1890","3.1693","0.0199"
"","192.2890","3.1798","0.0205"
"","192.3890","3.1895","0.0210"
"","192.4890","3.1995","0.0216"
"","192.5890","3.2093","0.0221"
"","192.6890","3.2197","0.0227"
"","192.7890","3.2295","0.0233"
"","192.8890","3.2394","0.0238"
"","192.9890","3.2495","0.0245"
"","193.0890","3.2597","0.0250"
"","193.1890","3.2696","0.0256"
"","193.2890","3.2792","0.0262"
"","193.3890","3.2896","0.0268"
"","193.4890","3.2996","0.0274"
"","193.5890","3.3094","0.0281"
"","193.6890","3.3194","0.0287"
"","193.7890","3.3296","0.0294"
"","193.8890","3.3397","0.0301"
"","193.9890","3.3494","0.0308"
"","194.0890","3.3594","0.0314"
"","194.1890","3.3696","0.0319"
"","194.2890","3.3795","0.0323"
"","194.3890","3.3895","0.0327"
"","194.4890","3.3995","0.0333"
"","194.5890","3.4095","0.0340"
"","194.6890","3.4193","0.0346"
"","194.7890","3.4296","0.0353"
"","194.8890","3.4395","0.0358"
"","194.9890","3.4495","0.0362"
"","195.0890","3.4594","0.0367"
"","195.1890","3.4697","0.0369"
"","195.2890","3.4796","0.0372"
"","195.3890","3.4894","0.0373"
"","195.4890","3.4996","0.0375"
"","195.5890","3.5096","0.0378"
"","195.6890","3.5196","0.0382"
"","195.7890","3.5292","0.0386"
"","195.8890","3.5396","0.0389"
"","195.9890","3.5496","0.0393"
"","196.0890","3.5595","0.0397"
"","196.1890","3.5695","0.0405"
"","196.2890","3.5796","0.0412"
"","196.3890","3.5897","0.0420"
"","196.4890","3.5993","0.0428"
"","196.5890","3.6095","0.0437"
"","196.6890","3.6195","0.0445"
"","196.7890","3.6296","0.0454"
"","196.8890","3.6394","0.0463"
"","196.9890","3.6496","0.0472"
"","197.0890","3.6596","0.0482"
"","197.1890","3.6693","0.0491"
"","197.2890","3.6797","0.0502"
"","197.3890","3.6895","0.0511"
"","197.4890","3.6995","0.0522"
"","197.5890","3.7094","0.0534"
"","197.6890","3.7197","0.0546"
"","197.7890","3.7296","0.0557"
"","197.8890","3.7394","0.0569"
"","197.9890","3.7495","0.0581"
"","198.0890","3.7597","0.0593"
"","198.1890","3.7695","0.0605"
"","198.2890","3.7792","0.0617"
"","198.3890","3.7895","0.0630"
"","198.4890","3.7997","0.0643"
"","198.5890","3.8094","0.0655"
"","198.6890","3.8194","0.0668"
"","198.7890","3.8296","0.0681"
"","198.8890","3.8397","0.0694"
"","198.9890","3.8493","0.0706"
"","199.0890","3.8594","0.0720"
"","199.1890","3.8695","0.0733"
"","199.2890","3.8795","0.0747"
"","199.3890","3.8894","0.0760"
"","199.4890","3.8995","0.0774"
"","199.5890","3.9096","0.0789"
"","199.6890","3.9194","0.0802"
"","199.7890","3.9297","0.0816"
"","199.8890","3.9395","0.0830"
"","199.9890","3.9495","0.0844"
"","200.0890","3.9593","0.0858"
"","200.1890","3.9697","0.0873"
"","200.2890","3.9795","0.0886"
"","200.3890","3.9894","0.0900"
"","200.4890","3.9995","0.0915"
"","200.4940","4.0001","0.0915"
"","200.4950","4.0002","0.0915"
"","200.4960","4.0003","0.0916"
"","200.5960","4.0006","0.0910"
"","200.6960","3.9931","0.0890"
"","200.7960","3.9812","0.0861"
"","200.8960","3.9706","0.0837"
"","200.9960","3.9606","0.0815"
"","201.0960","3.9508","0.0793"
"","201.1960","3.9406","0.0772"
"","201.2960","3.9306","0.0751"
"","201.3960","3.9205","0.0731"
"","201.4960","3.9107","0.0712"
"","201.5960","3.9005","0.0692"
"","201.6960","3.8905","0.0674"
"","201.7960","3.8805","0.0656"
"","201.8960","3.8707","0.0638"
"","201.9960","3.8607","0.0620"
"","202.0960","3.8505","0.0603"
"","202.1960","3.8406","0.0587"
"","202.2960","3.8305","0.0570"
"","202.3960","3.8205","0.0554"
"","202.4960","3.8105","0.0539"
"","202.5960","3.8007","0.0524"
"","202.6960","3.7905","0.0509"
"","202.7960","3.7805","0.0494"
"","202.8960","3.7708","0.0480"
"","202.9960","3.7605","0.0466"
"","203.0960","3.7505","0.0453"
"","203.1960","3.7406","0.0439"
"","203.2960","3.7307","0.0427"
"","203.3960","3.7204","0.0414"
"","203.4960","3.7105","0.0401"
"","203.5960","3.7007","0.0390"
"","203.6960","3.6906","0.0378"
"","203.7960","3.6805","0.0367"
"","203.8960","3.6704","0.0356"
"","203.9960","3.6608","0.0347"
"","204.0960","3.6505","0.0340"
"","204.1960","3.6404","0.0334"
"","204.2960","3.6306","0.0328"
"","204.3960","3.6207","0.0327"
"","204.4960","3.6106","0.0325"
"","204.5960","3.6004","0.0324"
"","204.6960","3.5907","0.0323"
"","204.7960","3.5806","0.0322"
"","204.8960","3.5705","0.0320"
"","204.9960","3.5605","0.0319"
"","205.0960","3.5506","0.0318"
"","205.1960","3.5405","0.0314"
"","205.2960","3.5305","0.0312"
"","205.3960","3.5207","0.0308"
"","205.4960","3.5104","0.0301"
"","205.5960","3.5005","0.0295"
"","205.6960","3.4906","0.0288"
"","205.7960","3.4808","0.0280"
"","205.8960","3.4704","0.0273"
"","205.9960","3.4604","0.0266"
"","206.0960","3.4507","0.0259"
"","206.1960","3.4407","0.0253"
"","206.2960","3.4305","0.0247"
"","206.3960","3.4204","0.0241"
"","206.4960","3.4108","0.0235"
"","206.5960","3.4005","0.0228"
"","206.6960","3.3905","0.0221"
"","206.7960","3.3805","0.0215"
"","206.8960","3.3707","0.0209"
"","206.9960","3.3606","0.0203"
"","207.0960","3.3505","0.0197"
"","207.1960","3.3405","0.0192"
"","207.2960","3.3306","0.0186"
"","207.3960","3.3205","0.0181"
"","207.4960","3.3105","0.0176"
"","207.5960","3.3007","0.0171"
"","207.6960","3.2905","0.0166"
"","207.7960","3.2806","0.0161"
"","207.8960","3.2707","0.0157"
"","207.9960","3.2605","0.0152"
"","208.0960","3.2504","0.0148"
"","208.1960","3.2405","0.0144"
"","208.2960","3.2307","0.0140"
"","208.3960","3.2205","0.0136"
"","208.4960","3.2105","0.0132"
"","208.5960","3.2007","0.0129"
"","208.6960","3.1906","0.0125"
"","208.7960","3.1806","0.0122"
"","208.8960","3.1704","0.0119"
"","208.9960","3.1608","0.0116"
"","209.0960","3.1505","0.0113"
"","209.1960","3.1405","0.0110"
"","209.2960","3.1305","0.0108"
"","209.3960","3.1207","0.0105"
"","209.4960","3.1106","0.0103"
"","209.5960","3.1005","0.0100"
"","209.6960","3.0906","0.0098"
"","209.7960","3.0805","0.0096"
"","209.8960","3.0705","0.0094"
"","209.9960","3.0605","0.0092"
"","210.0960","3.0506","0.0090"
"","210.1960","3.0405","0.0088"
"","210.2960","3.0305","0.0086"
"","210.3960","3.0208","0.0084"
"","210.4960","3.0105","0.0083"
"","210.5960","3.0005","0.0081"
"","210.6960","2.9906","0.0079"
"","210.7960","2.9807","0.0078"
"","210.8960","2.9704","0.0076"
"","210.9960","2.9604","0.0074"
"","211.0960","2.9507","0.0073"
"","211.1960","2.9406","0.0072"
"","211.2960","2.9305","0.0070"
"","211.3960","2.9204","0.0069"
"","211.4960","2.9107","0.0068"
"","211.5960","2.9005","0.0066"
"","211.6960","2.8904","0.0065"
"","211.7960","2.8805","0.0064"
"","211.8960","2.8707","0.0062"
"","211.9960","2.8606","0.0061"
"","212.0960","2.8505","0.0060"
"","212.1960","2.8407","0.0059"
"","212.2960","2.8305","0.0058"
"","212.3960","2.8205","0.0057"
"","212.4960","2.8105","0.0055"
"","212.5960","2.8007","0.0054"
"","212.6960","2.7905","0.0053"
"","212.7960","2.7805","0.0052"
"","212.8960","2.7707","0.0051"
"","212.9960","2.7605","0.0050"
"","213.0960","2.7504","0.0049"
"","213.1960","2.7406","0.0048"
"","213.2960","2.7309","0.0046"
"","213.3960","2.7204","0.0045"
"","213.4960","2.7104","0.0044"
"","213.5960","2.7007","0.0043"
"","213.6960","2.6906","0.0041"
"","213.7960","2.6805","0.0040"
"","213.8960","2.6704","0.0039"
"","213.9960","2.6607","0.0038"
"","214.0960","2.6506","0.0037"
"","214.1960","2.6405","0.0036"
"","214.2960","2.6305","0.0034"
"","214.3960","2.6206","0.0033"
"","214.4960","2.6106","0.0032"
"","214.5960","2.6005","0.0031"
"","214.6960","2.5907","0.0030"
"","214.7960","2.5805","0.0029"
"","214.8960","2.5705","0.0028"
"","214.9960","2.5605","0.0027"
"","215.0960","2.5507","0.0027"
"","215.1960","2.5405","0.0026"
"","215.2960","2.5305","0.0025"
"","215.3960","2.5207","0.0024"
"","215.4960","2.5105","0.0023"
"","215.5960","2.5004","0.0022"
"","215.6960","2.4905","0.0022"
"","215.7960","2.4807","0.0021"
"","215.8960","2.4705","0.0020"
"","215.9960","2.4605","0.0020"
"","216.0960","2.4507","0.0019"
"","216.1960","2.4406","0.0019"
"","216.2960","2.4306","0.0018"
"","216.3960","2.4204","0.0018"
"","216.4960","2.4107","0.0017"
"","216.5960","2.4005","0.0017"
"","216.6960","2.3904","0.0017"
"","216.7960","2.3805","0.0016"
"","216.8960","2.3707","0.0016"
"","216.9960","2.3606","0.0016"
"","217.0960","2.3505","0.0015"
"","217.1960","2.3407","0.0015"
"","217.2960","2.3304","0.0015"
"","217.3960","2.3205","0.0015"
"","217.4960","2.3105","0.0014"
"","217.5960","2.3007","0.0014"
"","217.6960","2.2904","0.0014"
"","217.7960","2.2805","0.0014"
"","217.8960","2.2707","0.0013"
"","217.9960","2.2605","0.0013"
"","218.0960","2.2504","0.0013"
"","218.1960","2.2406","0.0013"
"","218.2960","2.2307","0.0012"
"","218.3960","2.2204","0.0012"
"","218.4960","2.2104","0.0012"
"","218.5960","2.2007","0.0012"
"","218.6960","2.1906","0.0011"
"","218.7960","2.1805","0.0011"
"","218.8960","2.1704","0.0011"
"","218.9960","2.1608","0.0011"
"","219.0960","2.1505","0.0011"
"","219.1960","2.1404","0.0010"
"","219.2960","2.1305","0.0010"
"","219.3960","2.1207","0.0010"
"","219.4960","2.1106","0.0010"
"","219.5960","2.1004","0.0010"
"","219.6960","2.0907","0.0010"
"","219.7960","2.0805","0.0010"
"","219.8960","2.0705","0.0010"
"","219.9960","2.0605","0.0010"
"","220.0960","2.0507","0.0009"
"","220.1960","2.0405","0.0009"
"","220.2960","2.0305","0.0009"
"","220.3960","2.0207","0.0009"
"","220.4960","2.0104","0.0009"
"","220.5960","2.0004","0.0009"
"","220.6960","1.9906","0.0009"
"","220.7960","1.9808","0.0009"
"","220.8960","1.9704","0.0009"
"","220.9960","1.9603","0.0008"
"","221.0960","1.9507","0.0008"
"","221.1960","1.9406","0.0008"
"","221.2960","1.9305","0.0008"
"","221.3960","1.9204","0.0008"
"","221.4960","1.9108","0.0008"
"","221.5960","1.9006","0.0008"
"","221.6960","1.8905","0.0008"
"","221.7960","1.8805","0.0008"
"","221.8960","1.8708","0.0008"
"","221.9960","1.8606","0.0007"
"","222.0960","1.8505","0.0007"
"","222.1960","1.8406","0.0007"
"","222.2960","1.8306","0.0007"
"","222.3960","1.8205","0.0007"
"","222.4960","1.8105","0.0007"
"","222.5960","1.8007","0.0007"
"","222.6960","1.7906","0.0007"
"","222.7960","1.7805","0.0007"
"","222.8960","1.7707","0.0007"
"","222.9960","1.7604","0.0006"
"","223.0960","1.7504","0.0006"
"","223.1960","1.7405","0.0006"
"","223.2960","1.7308","0.0006"
"","223.3960","1.7204","0.0006"
"","223.4960","1.7104","0.0006"
"","223.5960","1.7007","0.0006"
"","223.6960","1.6906","0.0006"
"","223.7960","1.6806","0.0006"
"","223.8960","1.6704","0.0006"
"","223.9960","1.6608","0.0005"
"","224.0960","1.6504","0.0005"
"","224.1960","1.6404","0.0005"
"","224.2960","1.6305","0.0005"
"","224.3960","1.6208","0.0005"
"","224.4960","1.6106","0.0005"
"","224.5960","1.6005","0.0005"
"","224.6960","1.5906","0.0005"
"","224.7960","1.5805","0.0005"
"","224.8960","1.5705","0.0005"
"","224.9960","1.5605","0.0005"
"","225.0960","1.5507","0.0005"
"","225.1960","1.5405","0.0004"
"","225.2960","1.5305","0.0004"
"","225.3960","1.5207","0.0004"
"","225.4960","1.5105","0.0004"
"","225.5960","1.5005","0.0004"
"","225.6960","1.4905","0.0004"
"","225.7960","1.4807","0.0004"
"","225.8960","1.4704","0.0004"
"","225.9960","1.4605","0.0004"
"","226.0960","1.4507","0.0004"
"","226.1960","1.4406","0.0004"
"","226.2960","1.4305","0.0004"
"","226.3960","1.4205","0.0004"
"","226.4960","1.4108","0.0003"
"","226.5960","1.4005","0.0003"
"","226.6960","1.3904","0.0003"
"","226.7960","1.3805","0.0003"
"","226.8960","1.3707","0.0003"
"","226.9960","1.3605","0.0003"
"","227.0960","1.3504","0.0003"
"","227.1960","1.3407","0.0003"
"","227.2960","1.3305","0.0003"
"","227.3960","1.3205","0.0003"
"","227.4960","1.3105","0.0003"
"","227.5960","1.3007","0.0003"
"","227.6960","1.2905","0.0003"
"","227.7960","1.2805","0.0003"
"","227.8960","1.2707","0.0002"
"","227.9960","1.2604","0.0002"
"","228.0960","1.2504","0.0002"
"","228.1960","1.2405","0.0002"
"","228.2960","1.2308","0.0002"
"","228.3960","1.2204","0.0002"
"","228.4960","1.2104","0.0002"
"","228.5960","1.2007","0.0002"
"","228.6960","1.1906","0.0002"
"","228.7960","1.1805","0.0002"
"","228.8960","1.1704","0.0002"
"","228.9960","1.1608","0.0002"
"","229.0960","1.1505","0.0002"
"","229.1960","1.1405","0.0002"
"","229.2960","1.1305","0.0002"
"","229.3960","1.1208","0.0001"
"","229.4960","1.1106","0.0001"
"","229.5960","1.1005","0.0001"
"","229.6960","1.0906","0.0001"
"","229.7960","1.0806","0.0001"
"","229.8960","1.0705","0.0001"
"","229.9960","1.0605","0.0001"
"","230.0960","1.0507","0.0001"
"","230.1960","1.0406","0.0001"
"","230.2960","1.0305","0.0001"
"","230.3960","1.0207","0.0001"
"","230.4960","1.0104","0.0001"
"","230.5960","1.0004","0.0001"
"","230.6960","0.9906","0.0001"
"","230.7960","0.9808","0.0000"
"","230.8960","0.9705","0.0000"
"","230.9960","0.9605","0.0000"
"","231.0960","0.9507","0.0000"
"","231.1960","0.9406","0.0000"
"","231.2960","0.9305","0.0000"
"","231.3960","0.9204","0.0000"
"","231.4960","0.9108","0.0000"
"","231.5960","0.9004","0.0000"
"","231.6960","0.8904","0.0000"
"","231.7960","0.8805","0.0000"
"","231.8960","0.8707","0.0000"
"","231.9960","0.8606","0.0000"
"","232.0960","0.8505","0.0000"
"","232.1960","0.8406","0.0000"
"","232.2960","0.8305","0.0000"
"","232.3960","0.8205","0.0000"
"","232.4960","0.8105","0.0000"
"","232.5960","0.8007","-0.0001"
"","232.6960","0.7905","-0.0001"
"","232.7960","0.7805","-0.0001"
"","232.8960","0.7707","-0.0001"
"","232.9960","0.7605","-0.0001"
"","233.0960","0.7504","-0.0001"
"","233.1960","0.7406","-0.0001"
"","233.2960","0.7307","-0.0001"
"","233.3960","0.7204","-0.0001"
"","233.4960","0.7103","-0.0001"
"","233.5960","0.7007","-0.0001"
"","233.6960","0.6906","-0.0001"
"","233.7960","0.6805","-0.0001"
"","233.8960","0.6704","-0.0001"
"","233.9960","0.6608","-0.0001"
"","234.0960","0.6505","-0.0001"
"","234.1960","0.6404","-0.0001"
"","234.2960","0.6305","-0.0001"
"","234.3960","0.6207","-0.0002"
"","234.4960","0.6106","-0.0002"
"","234.5960","0.6005","-0.0002"
"","234.6960","0.5907","-0.0002"
"","234.7960","0.5805","-0.0002"
"","234.8960","0.5705","-0.0002"
"","234.9960","0.5605","-0.0002"
"","235.0960","0.5507","-0.0002"
"","235.1960","0.5404","-0.0002"
"","235.2960","0.5305","-0.0002"
"","235.3960","0.5207","-0.0002"
"","235.4960","0.5105","-0.0002"
"","235.5960","0.5004","-0.0002"
"","235.6960","0.4906","-0.0002"
"","235.7960","0.4809","-0.0002"
"","235.8960","0.4704","-0.0002"
"","235.9960","0.4603","-0.0002"
"","236.0960","0.4507","-0.0002"
"","236.1960","0.4407","-0.0002"
"","236.2960","0.4305","-0.0002"
"","236.3960","0.4204","-0.0002"
"","236.4960","0.4108","-0.0002"
"","236.5960","0.4006","-0.0003"
"","236.6960","0.3905","-0.0003"
"","236.7960","0.3805","-0.0003"
"","236.8960","0.3707","-0.0003"
"","236.9960","0.3605","-0.0003"
"","237.0960","0.3505","-0.0003"
"","237.1960","0.3406","-0.0003"
"","237.2960","0.3306","-0.0003"
"","237.3960","0.3205","-0.0003"
"","237.4960","0.3105","-0.0003"
"","237.5960","0.3007","-0.0003"
"","237.6960","0.2905","-0.0003"
"","237.7960","0.2805","-0.0003"
"","237.8960","0.2707","-0.0003"
"","237.9960","0.2604","-0.0003"
"","238.0960","0.2504","-0.0003"
"","238.1960","0.2405","-0.0003"
"","238.2960","0.2308","-0.0003"
"","238.3960","0.2204","-0.0003"
"","238.4960","0.2104","-0.0003"
"","238.5960","0.2008","-0.0003"
"","238.6960","0.1907","-0.0003"
"","238.7960","0.1805","-0.0003"
"","238.8960","0.1704","-0.0003"
"","238.9960","0.1607","-0.0003"
"","239.0960","0.1505","-0.0003"
"","239.1960","0.1404","-0.0004"
"","239.2960","0.1305","-0.0004"
"","239.3960","0.1207","-0.0004"
"","239.4960","0.1106","-0.0004"
"","239.5960","0.1006","-0.0004"
"","239.6960","0.0906","-0.0004"
"","239.7960","0.0804","-0.0004"
"","239.8960","0.0705","-0.0004"
"","239.9960","0.0605","-0.0004"
"","240.0960","0.0507","-0.0004"
"","240.1960","0.0404","-0.0004"
"","240.2960","0.0305","-0.0004"
"","240.3960","0.0208","-0.0004"
"","240.4960","0.0104","-0.0004"
"","240.5960","0.0004","-0.0004"
"","240.6010","-0.0001","-0.0004"
"","240.6020","-0.0002","-0.0004"
"","240.6030","-0.0003","-0.0004"
"","240.7030","-0.0006","-0.0004"
"","240.8030","0.0073","-0.0004"
"","240.9030","0.0191","-0.0004"
"","241.0030","0.0291","-0.0004"
"","241.1030","0.0394","-0.0004"
"","241.2030","0.0496","-0.0004"
"","241.3030","0.0594","-0.0004"
"","241.4030","0.0694","-0.0004"
"","241.5030","0.0795","-0.0004"
"","241.6030","0.0897","-0.0004"
"","241.7030","0.0992","-0.0003"
"","241.8030","0.1094","-0.0003"
"","241.9030","0.1195","-0.0003"
"","242.0030","0.1295","-0.0003"
"","242.1030","0.1394","-0.0003"
"","242.2030","0.1495","-0.0003"
"","242.3030","0.1595","-0.0003"
"","242.4030","0.1693","-0.0003"
"","242.5030","0.1796","-0.0003"
"","242.6030","0.1895","-0.0003"
"","242.7030","0.1995","-0.0003"
"","242.8030","0.2092","-0.0003"
"","242.9030","0.2196","-0.0003"
"","243.0030","0.2295","-0.0003"
"","243.1030","0.2393","-0.0003"
"","243.2030","0.2495","-0.0003"
"","243.3030","0.2596","-0.0003"
"","243.4030","0.2696","-0.0002"
"","243.5030","0.2792","-0.0003"
"","243.6030","0.2895","-0.0002"
"","243.7030","0.2996","-0.0002"
"","243.8030","0.3094","-0.0002"
"","243.9030","0.3194","-0.0002"
"","244.0030","0.3295","-0.0002"
"","244.1030","0.3397","-0.0002"
"","244.2030","0.3493","-0.0002"
"","244.3030","0.3594","-0.0002"
"","244.4030","0.3696","-0.0002"
"","244.5030","0.3795","-0.0002"
"","244.6030","0.3894","-0.0002"
"","244.7030","0.3994","-0.0002"
"","244.8030","0.4095","-0.0002"
"","244.9030","0.4194","-0.0002"
"","245.0030","0.4296","-0.0002"
"","245.1030","0.4394","-0.0001"
"","245.2030","0.4495","-0.0002"
"","245.3030","0.4593","-0.0002"
"","245.4030","0.4696","-0.0001"
"","245.5030","0.4795","-0.0001"
"","245.6030","0.4893","-0.0001"
"","245.7030","0.4995","-0.0001"
"","245.8030","0.5095","-0.0001"
"","245.9030","0.5195","-0.0001"
"","246.0030","0.5292","-0.0001"
"","246.1030","0.5396","-0.0001"
"","246.2030","0.5496","-0.0001"
"","246.3030","0.5594","-0.0001"
"","246.4030","0.5694","-0.0001"
"","246.5030","0.5795","-0.0001"
"","246.6030","0.5897","-0.0001"
"","246.7030","0.5992","-0.0001"
"","246.8030","0.6095","-0.0001"
"","246.9030","0.6195","-0.0001"
"","247.0030","0.6296","-0.0001"
"","247.1030","0.6394","0.0000"
"","247.2030","0.6496","0.0000"
"","247.3030","0.6596","0.0000"
"","247.4030","0.6693","0.0000"
"","247.5030","0.6795","0.0000"
"","247.6030","0.6894","0.0000"
"","247.7030","0.6994","0.0000"
"","247.8030","0.7093","0.0000"
"","247.9030","0.7197","0.0000"
"","248.0030","0.7295","0.0000"
"","248.1030","0.7394","0.0000"
"","248.2030","0.7494","0.0000"
"","248.3030","0.7597","0.0000"
"","248.4030","0.7695","0.0000"
"","248.5030","0.7792","0.0001"
"","248.6030","0.7894","0.0001"
"","248.7030","0.7997","0.0001"
"","248.8030","0.8094","0.0001"
"","248.9030","0.8194","0.0001"
"","249.0030","0.8295","0.0001"
"","249.1030","0.8397","0.0001"
"","249.2030","0.8493","0.0001"
"","249.3030","0.8594","0.0001"
"","249.4030","0.8695","0.0001"
"","249.5030","0.8795","0.0001"
"","249.6030","0.8893","0.0001"
"","249.7030","0.8995","0.0001"
"","249.8030","0.9096","0.0001"
"","249.9030","0.9193","0.0002"
"","250.0030","0.9297","0.0002"
"","250.1030","0.9395","0.0002"
"","250.2030","0.9495","0.0002"
"","250.3030","0.9593","0.0002"
"","250.4030","0.9697","0.0002"
"","250.5030","0.9795","0.0002"
"","250.6030","0.9893","0.0002"
"","250.7030","0.9994","0.0002"
"","250.8030","1.0096","0.0002"
"","250.9030","1.0196","0.0002"
"","251.0030","1.0292","0.0002"
"","251.1030","1.0395","0.0002"
"","251.2030","1.0496","0.0002"
"","251.3030","1.0594","0.0003"
"","251.4030","1.0694","0.0003"
"","251.5030","1.0795","0.0003"
"","251.6030","1.0897","0.0003"
"","251.7030","1.0993","0.0003"
"","251.8030","1.1094","0.0003"
"","251.9030","1.1195","0.0003"
"","252.0030","1.1295","0.0003"
"","252.1030","1.1394","0.0003"
"","252.2030","1.1494","0.0003"
"","252.3030","1.1595","0.0003"
"","252.4030","1.1693","0.0003"
"","252.5030","1.1796","0.0003"
"","252.6030","1.1895","0.0004"
"","252.7030","1.1995","0.0004"
"","252.8030","1.2093","0.0004"
"","252.9030","1.2196","0.0004"
"","253.0030","1.2295","0.0004"
"","253.1030","1.2394","0.0004"
"","253.2030","1.2495","0.0004"
"","253.3030","1.2596","0.0004"
"","253.4030","1.2695","0.0004"
"","253.5030","1.2792","0.0004"
"","253.6030","1.2895","0.0004"
"","253.7030","1.2996","0.0004"
"","253.8030","1.3094","0.0005"
"","253.9030","1.3194","0.0005"
"","254.0030","1.3295","0.0005"
"","254.1030","1.3397","0.0005"
"","254.2030","1.3492","0.0005"
"","254.3030","1.3595","0.0005"
"","254.4030","1.3695","0.0005"
"","254.5030","1.3795","0.0005"
"","254.6030","1.3894","0.0005"
"","254.7030","1.3996","0.0005"
"","254.8030","1.4095","0.0005"
"","254.9030","1.4192","0.0006"
"","255.0030","1.4296","0.0006"
"","255.1030","1.4395","0.0006"
"","255.2030","1.4494","0.0006"
"","255.3030","1.4593","0.0006"
"","255.4030","1.4696","0.0006"
"","255.5030","1.4795","0.0006"
"","255.6030","1.4894","0.0006"
"","255.7030","1.4995","0.0006"
"","255.8030","1.5097","0.0006"
"","255.9030","1.5195","0.0006"
"","256.0030","1.5292","0.0007"
"","256.1030","1.5394","0.0007"
"","256.2030","1.5497","0.0007"
"","256.3030","1.5594","0.0007"
"","256.4030","1.5694","0.0007"
"","256.5030","1.5796","0.0007"
"","256.6030","1.5897","0.0007"
"","256.7030","1.5993","0.0007"
"","256.8030","1.6094","0.0007"
"","256.9030","1.6195","0.0007"
"","257.0030","1.6295","0.0008"
"","257.1030","1.6394","0.0008"
"","257.2030","1.6495","0.0008"
"","257.3030","1.6596","0.0008"
"","257.4030","1.6693","0.0008"
"","257.5030","1.6797","0.0008"
"","257.6030","1.6894","0.0008"
"","257.7030","1.6995","0.0008"
"","257.8030","1.7093","0.0008"
"","257.9030","1.7196","0.0008"
"","258.0030","1.7295","0.0009"
"","258.1030","1.7393","0.0009"
"","258.2030","1.7495","0.0009"
"","258.3030","1.7597","0.0009"
"","258.4030","1.7696","0.0009"
"","258.5030","1.7792","0.0009"
"","258.6030","1.7895","0.0009"
"","258.7030","1.7996","0.0009"
"","258.8030","1.8094","0.0009"
"","258.9030","1.8194","0.0009"
"","259.0030","1.8295","0.0010"
"","259.1030","1.8396","0.0010"
"","259.2030","1.8493","0.0010"
"","259.3030","1.8594","0.0010"
"","259.4030","1.8695","0.0010"
"","259.5030","1.8795","0.0010"
"","259.6030","1.8895","0.0010"
"","259.7030","1.8995","0.0010"
"","259.8030","1.9095","0.0011"
"","259.9030","1.9193","0.0011"
"","260.0030","1.9296","0.0011"
"","260.1030","1.9395","0.0011"
"","260.2030","1.9495","0.0011"
"","260.3030","1.9593","0.0011"
"","260.4030","1.9696","0.0011"
"","260.5030","1.9795","0.0011"
"","260.6030","1.9893","0.0011"
"","260.7030","1.9995","0.0011"
"","260.8030","2.0096","0.0012"
"","260.9030","2.0196","0.0012"
"","261.0030","2.0292","0.0012"
"","261.1030","2.0395","0.0012"
"","261.2030","2.0495","0.0012"
"","261.3030","2.0594","0.0012"
"","261.4030","2.0694","0.0013"
"","261.5030","2.0795","0.0013"
"","261.6030","2.0896","0.0013"
"","261.7030","2.0993","0.0013"
"","261.8030","2.1095","0.0014"
"","261.9030","2.1194","0.0014"
"","262.0030","2.1295","0.0014"
"","262.1030","2.1394","0.0014"
"","262.2030","2.1496","0.0015"
"","262.3030","2.1595","0.0015"
"","262.4030","2.1692","0.0015"
"","262.5030","2.1796","0.0016"
"","262.6030","2.1895","0.0016"
"","262.7030","2.1995","0.0016"
"","262.8030","2.2093","0.0016"
"","262.9030","2.2196","0.0017"
"","263.0030","2.2296","0.0017"
"","263.1030","2.2393","0.0017"
"","263.2030","2.2494","0.0018"
"","263.3030","2.2596","0.0018"
"","263.4030","2.2696","0.0018"
"","263.5030","2.2792","0.0019"
"","263.6030","2.2895","0.0019"
"","263.7030","2.2996","0.0019"
"","263.8030","2.3094","0.0020"
"","263.9030","2.3194","0.0020"
"","264.0030","2.3296","0.0021"
"","264.1030","2.3396","0.0021"
"","264.2030","2.3493","0.0022"
"","264.3030","2.3594","0.0023"
"","264.4030","2.3695","0.0023"
"","264.5030","2.3795","0.0024"
"","264.6030","2.3894","0.0025"
"","264.7030","2.3996","0.0026"
"","264.8030","2.4096","0.0027"
"","264.9030","2.4193","0.0028"
"","265.0030","2.4296","0.0029"
"","265.1030","2.4395","0.0030"
"","265.2030","2.4495","0.0031"
"","265.3030","2.4593","0.0032"
"","265.4030","2.4696","0.0033"
"","265.5030","2.4796","0.0034"
"","265.6030","2.4893","0.0036"
"","265.7030","2.4995","0.0037"
"","265.8030","2.5096","0.0038"
"","265.9030","2.5196","0.0039"
"","266.0030","2.5292","0.0041"
"","266.1030","2.5395","0.0042"
"","266.2030","2.5495","0.0043"
"","266.3030","2.5595","0.0045"
"","266.4030","2.5694","0.0046"
"","266.5030","2.5795","0.0048"
"","266.6030","2.5896","0.0049"
"","266.7030","2.5994","0.0051"
"","266.8030","2.6094","0.0052"
"","266.9030","2.6195","0.0054"
"","267.0030","2.6295","0.0055"
"","267.1030","2.6395","0.0056"
"","267.2030","2.6495","0.0058"
"","267.3030","2.6595","0.0059"
"","267.4030","2.6694","0.0060"
"","267.5030","2.6796","0.0062"
"","267.6030","2.6894","0.0063"
"","267.7030","2.6994","0.0064"
"","267.8030","2.7093","0.0065"
"","267.9030","2.7196","0.0067"
"","268.0030","2.7295","0.0068"
"","268.1030","2.7393","0.0069"
"","268.2030","2.7495","0.0070"
"","268.3030","2.7596","0.0072"
"","268.4030","2.7695","0.0073"
"","268.5030","2.7792","0.0075"
"","268.6030","2.7896","0.0076"
"","268.7030","2.7996","0.0077"
"","268.8030","2.8094","0.0079"
"","268.9030","2.8194","0.0080"
"","269.0030","2.8295","0.0082"
"","269.1030","2.8397","0.0084"
"","269.2030","2.8493","0.0086"
"","269.3030","2.8595","0.0087"
"","269.4030","2.8694","0.0089"
"","269.5030","2.8795","0.0091"
"","269.6030","2.8895","0.0093"
"","269.7030","2.8995","0.0095"
"","269.8030","2.9095","0.0097"
"","269.9030","2.9193","0.0100"
"","270.0030","2.9297","0.0102"
"","270.1030","2.9395","0.0104"
"","270.2030","2.9494","0.0107"
"","270.3030","2.9593","0.0109"
"","270.4030","2.9697","0.0112"
"","270.5030","2.9795","0.0114"
"","270.6030","2.9894","0.0117"
"","270.7030","2.9995","0.0120"
"","270.8030","3.0096","0.0123"
"","270.9030","3.0195","0.0125"
"","271.0030","3.0292","0.0129"
"","271.1030","3.0394","0.0132"
"","271.2030","3.0496","0.0135"
"","271.3030","3.0594","0.0139"
"","271.4030","3.0694","0.0142"
"","271.5030","3.0796","0.0146"
"","271.6030","3.0897","0.0150"
"","271.7030","3.0993","0.0154"
"","271.8030","3.1094","0.0158"
"","271.9030","3.1195","0.0162"
"","272.0030","3.1295","0.0167"
"","272.1030","3.1394","0.0171"
"","272.2030","3.1495","0.0176"
"","272.3030","3.1596","0.0181"
"","272.4030","3.1693","0.0186"
"","272.5030","3.1797","0.0191"
"","272.6030","3.1895","0.0196"
"","272.7030","3.1995","0.0201"
"","272.8030","3.2093","0.0206"
"","272.9030","3.2196","0.0212"
"","273.0030","3.2295","0.0218"
"","273.1030","3.2394","0.0223"
"","273.2030","3.2495","0.0230"
"","273.3030","3.2596","0.0235"
"","273.4030","3.2695","0.0241"
"","273.5030","3.2792","0.0247"
"","273.6030","3.2895","0.0253"
"","273.7030","3.2995","0.0259"
"","273.8030","3.3094","0.0266"
"","273.9030","3.3194","0.0272"
"","274.0030","3.3295","0.0279"
"","274.1030","3.3396","0.0286"
"","274.2030","3.3493","0.0292"
"","274.3030","3.3594","0.0299"
"","274.4030","3.3695","0.0306"
"","274.5030","3.3795","0.0313"
"","274.6030","3.3895","0.0319"
"","274.7030","3.3995","0.0322"
"","274.8030","3.4095","0.0327"
"","274.9030","3.4193","0.0333"
"","275.0030","3.4295","0.0341"
"","275.1030","3.4394","0.0348"
"","275.2030","3.4495","0.0353"
"","275.3030","3.4593","0.0358"
"","275.4030","3.4697","0.0363"
"","275.5030","3.4795","0.0368"
"","275.6030","3.4893","0.0372"
"","275.7030","3.4995","0.0375"
"","275.8030","3.5095","0.0377"
"","275.9030","3.5195","0.0377"
"","276.0030","3.5292","0.0380"
"","276.1030","3.5395","0.0384"
"","276.2030","3.5496","0.0388"
"","276.3030","3.5594","0.0391"
"","276.4030","3.5694","0.0395"
"","276.5030","3.5796","0.0399"
"","276.6030","3.5896","0.0406"
"","276.7030","3.5992","0.0414"
"","276.8030","3.6095","0.0421"
"","276.9030","3.6195","0.0430"
"","277.0030","3.6295","0.0439"
"","277.1030","3.6394","0.0448"
"","277.2030","3.6495","0.0457"
"","277.3030","3.6596","0.0466"
"","277.4030","3.6693","0.0475"
"","277.5030","3.6797","0.0485"
"","277.6030","3.6895","0.0494"
"","277.7030","3.6995","0.0504"
"","277.8030","3.7093","0.0515"
"","277.9030","3.7196","0.0527"
"","278.0030","3.7295","0.0538"
"","278.1030","3.7394","0.0550"
"","278.2030","3.7495","0.0563"
"","278.3030","3.7596","0.0575"
"","278.4030","3.7695","0.0587"
"","278.5030","3.7792","0.0599"
"","278.6030","3.7894","0.0612"
"","278.7030","3.7996","0.0625"
"","278.8030","3.8094","0.0638"
"","278.9030","3.8194","0.0651"
"","279.0030","3.8295","0.0664"
"","279.1030","3.8397","0.0678"
"","279.2030","3.8493","0.0690"
"","279.3030","3.8594","0.0704"
"","279.4030","3.8695","0.0718"
"","279.5030","3.8795","0.0732"
"","279.6030","3.8894","0.0745"
"","279.7030","3.8995","0.0760"
"","279.8030","3.9096","0.0774"
"","279.9030","3.9193","0.0788"
"","280.0030","3.9296","0.0803"
"","280.1030","3.9394","0.0817"
"","280.2030","3.9495","0.0832"
"","280.3030","3.9593","0.0846"
"","280.4030","3.9696","0.0861"
"","280.5030","3.9794","0.0876"
"","280.6030","3.9893","0.0890"
"","280.7030","3.9995","0.0905"
"","280.7080","4.0000","0.0906"
"","280.7090","4.0001","0.0906"
"","280.7100","4.0002","0.0906"
"","280.8100","4.0005","0.0901"
"","280.9100","3.9930","0.0881"
"","281.0100","3.9812","0.0853"
"","281.1100","3.9705","0.0828"
"","281.2100","3.9606","0.0806"
"","281.3100","3.9507","0.0785"
"","281.4100","3.9405","0.0763"
"","281.5100","3.9305","0.0743"
"","281.6100","3.9204","0.0723"
"","281.7100","3.9107","0.0704"
"","281.8100","3.9005","0.0684"
"","281.9100","3.8904","0.0665"
"","282.0100","3.8805","0.0647"
"","282.1100","3.8707","0.0630"
"","282.2100","3.8606","0.0612"
"","282.3100","3.8505","0.0595"
"","282.4100","3.8406","0.0579"
"","282.5100","3.8305","0.0562"
"","282.6100","3.8204","0.0546"
"","282.7100","3.8104","0.0530"
"","282.8100","3.8006","0.0516"
"","282.9100","3.7904","0.0501"
"","283.0100","3.7805","0.0486"
"","283.1100","3.7707","0.0472"
"","283.2100","3.7605","0.0458"
"","283.3100","3.7504","0.0445"
"","283.4100","3.7406","0.0431"
"","283.5100","3.7307","0.0419"
"","283.6100","3.7203","0.0406"
"","283.7100","3.7104","0.0394"
"","283.8100","3.7006","0.0382"
"","283.9100","3.6906","0.0370"
"","284.0100","3.6804","0.0360"
"","284.1100","3.6704","0.0350"
"","284.2100","3.6607","0.0342"
"","284.3100","3.6504","0.0336"
"","284.4100","3.6403","0.0330"
"","284.5100","3.6305","0.0327"
"","284.6100","3.6207","0.0325"
"","284.7100","3.6105","0.0324"
"","284.8100","3.6004","0.0322"
"","284.9100","3.5906","0.0322"
"","285.0100","3.5805","0.0320"
"","285.1100","3.5705","0.0318"
"","285.2100","3.5605","0.0317"
"","285.3100","3.5506","0.0314"
"","285.4100","3.5404","0.0312"
"","285.5100","3.5304","0.0308"
"","285.6100","3.5206","0.0302"
"","285.7100","3.5104","0.0297"
"","285.8100","3.5004","0.0291"
"","285.9100","3.4906","0.0282"
"","286.0100","3.4808","0.0275"
"","286.1100","3.4703","0.0267"
"","286.2100","3.4604","0.0260"
"","286.3100","3.4506","0.0254"
"","286.4100","3.4406","0.0248"
"","286.5100","3.4305","0.0242"
"","286.6100","3.4203","0.0235"
"","286.7100","3.4108","0.0229"
"","286.8100","3.4005","0.0222"
"","286.9100","3.3905","0.0216"
"","287.0100","3.3804","0.0210"
"","287.1100","3.3707","0.0204"
"","287.2100","3.3605","0.0198"
"","287.3100","3.3505","0.0192"
"","287.4100","3.3405","0.0187"
"","287.5100","3.3305","0.0181"
"","287.6100","3.3205","0.0176"
"","287.7100","3.3105","0.0171"
"","287.8100","3.3006","0.0166"
"","287.9100","3.2905","0.0161"
"","288.0100","3.2805","0.0156"
"","288.1100","3.2706","0.0152"
"","288.2100","3.2604","0.0148"
"","288.3100","3.2504","0.0144"
"","288.4100","3.2405","0.0139"
"","288.5100","3.2307","0.0136"
"","288.6100","3.2204","0.0132"
"","288.7100","3.2104","0.0128"
"","288.8100","3.2007","0.0125"
"","288.9100","3.1906","0.0121"
"","289.0100","3.1805","0.0118"
"","289.1100","3.1703","0.0115"
"","289.2100","3.1607","0.0112"
"","289.3100","3.1504","0.0109"
"","289.4100","3.1404","0.0107"
"","289.5100","3.1304","0.0104"
"","289.6100","3.1206","0.0102"
"","289.7100","3.1106","0.0100"
"","289.8100","3.1005","0.0097"
"","289.9100","3.0906","0.0095"
"","290.0100","3.0805","0.0093"
"","290.1100","3.0705","0.0091"
"","290.2100","3.0605","0.0089"
"","290.3100","3.0506","0.0087"
"","290.4100","3.0405","0.0085"
"","290.5100","3.0305","0.0084"
"","290.6100","3.0207","0.0082"
"","290.7100","3.0104","0.0080"
"","290.8100","3.0004","0.0079"
"","290.9100","2.9906","0.0077"
"","291.0100","2.9807","0.0076"
"","291.1100","2.9704","0.0074"
"","291.2100","2.9603","0.0073"
"","291.3100","2.9507","0.0071"
"","291.4100","2.9406","0.0070"
"","291.5100","2.9304","0.0068"
"","291.6100","2.9203","0.0067"
"","291.7100","2.9107","0.0066"
"","291.8100","2.9004","0.0064"
"","291.9100","2.8903","0.0063"
"","292.0100","2.8805","0.0062"
"","292.1100","2.8707","0.0061"
"","292.2100","2.8606","0.0059"
"","292.3100","2.8504","0.0058"
"","292.4100","2.8407","0.0057"
"","292.5100","2.8304","0.0056"
"","292.6100","2.8204","0.0055"
"","292.7100","2.8105","0.0054"
"","292.8100","2.8006","0.0053"
"","292.9100","2.7904","0.0052"
"","293.0100","2.7804","0.0050"
"","293.1100","2.7706","0.0049"
"","293.2100","2.7604","0.0047"
"","293.3100","2.7503","0.0046"
"","293.4100","2.7406","0.0045"
"","293.5100","2.7308","0.0044"
"","293.6100","2.7204","0.0042"
"","293.7100","2.7103","0.0041"
"","293.8100","2.7006","0.0040"
"","293.9100","2.6906","0.0039"
"","294.0100","2.6804","0.0038"
"","294.1100","2.6704","0.0037"
"","294.2100","2.6607","0.0036"
"","294.3100","2.6505","0.0034"
"","294.4100","2.6404","0.0033"
"","294.5100","2.6305","0.0032"
"","294.6100","2.6206","0.0031"
"","294.7100","2.6105","0.0031"
"","294.8100","2.6004","0.0030"
"","294.9100","2.5906","0.0029"
"","295.0100","2.5804","0.0028"
"","295.1100","2.5704","0.0027"
"","295.2100","2.5605","0.0026"
"","295.3100","2.5507","0.0025"
"","295.4100","2.5405","0.0024"
"","295.5100","2.5305","0.0023"
"","295.6100","2.5206","0.0023"
"","295.7100","2.5104","0.0022"
"","295.8100","2.5004","0.0021"
"","295.9100","2.4905","0.0020"
"","296.0100","2.4807","0.0020"
"","296.1100","2.4704","0.0019"
"","296.2100","2.4604","0.0019"
"","296.3100","2.4506","0.0018"
"","296.4100","2.4406","0.0018"
"","296.5100","2.4305","0.0017"
"","296.6100","2.4204","0.0017"
"","296.7100","2.4106","0.0017"
"","296.8100","2.4004","0.0016"
"","296.9100","2.3904","0.0016"
"","297.0100","2.3805","0.0016"
"","297.1100","2.3706","0.0015"
"","297.2100","2.3606","0.0015"
"","297.3100","2.3505","0.0015"
"","297.4100","2.3406","0.0014"
"","297.5100","2.3303","0.0014"
"","297.6100","2.3204","0.0014"
"","297.7100","2.3105","0.0014"
"","297.8100","2.3007","0.0013"
"","297.9100","2.2904","0.0013"
"","298.0100","2.2805","0.0013"
"","298.1100","2.2707","0.0013"
"","298.2100","2.2604","0.0012"
"","298.3100","2.2504","0.0012"
"","298.4100","2.2406","0.0012"
"","298.5100","2.2307","0.0012"
"","298.6100","2.2203","0.0011"
"","298.7100","2.2104","0.0011"
"","298.8100","2.2007","0.0011"
"","298.9100","2.1906","0.0011"
"","299.0100","2.1804","0.0011"
"","299.1100","2.1704","0.0010"
"","299.2100","2.1607","0.0010"
"","299.3100","2.1505","0.0010"
"","299.4100","2.1403","0.0010"
"","299.5100","2.1305","0.0010"
"","299.6100","2.1207","0.0010"
"","299.7100","2.1106","0.0010"
"","299.8100","2.1004","0.0010"
"","299.9100","2.0907","0.0010"
"","300.0100","2.0804","0.0009"
"","300.1100","2.0704","0.0009"
"","300.2100","2.0605","0.0009"
"","300.3100","2.0507","0.0009"
"","300.4100","2.0405","0.0009"
"","300.5100","2.0305","0.0009"
"","300.6100","2.0207","0.0009"
"","300.7100","2.0104","0.0009"
"","300.8100","2.0004","0.0008"
"","300.9100","1.9905","0.0008"
"","301.0100","1.9808","0.0008"
"","301.1100","1.9704","0.0008"
"","301.2100","1.9603","0.0008"
"","301.3100","1.9506","0.0008"
"","301.4100","1.9406","0.0008"
"","301.5100","1.9304","0.0008"
"","301.6100","1.9204","0.0008"
"","301.7100","1.9107","0.0008"
"","301.8100","1.9005","0.0008"
"","301.9100","1.8904","0.0007"
"","302.0100","1.8804","0.0007"
"","302.1100","1.8707","0.0007"
"","302.2100","1.8606","0.0007"
"","302.3100","1.8504","0.0007"
"","302.4100","1.8405","0.0007"
"","302.5100","1.8305","0.0007"
"","302.6100","1.8205","0.0007"
"","302.7100","1.8105","0.0007"
"","302.8100","1.8006","0.0007"
"","302.9100","1.7905","0.0006"
"","303.0100","1.7805","0.0006"
"","303.1100","1.7706","0.0006"
"","303.2100","1.7604","0.0006"
"","303.3100","1.7504","0.0006"
"","303.4100","1.7405","0.0006"
"","303.5100","1.7307","0.0006"
"","303.6100","1.7204","0.0006"
"","303.7100","1.7104","0.0006"
"","303.8100","1.7007","0.0006"
"","303.9100","1.6906","0.0005"
"","304.0100","1.6805","0.0005"
"","304.1100","1.6703","0.0005"
"","304.2100","1.6607","0.0005"
"","304.3100","1.6504","0.0005"
"","304.4100","1.6404","0.0005"
"","304.5100","1.6305","0.0005"
"","304.6100","1.6207","0.0005"
"","304.7100","1.6106","0.0005"
"","304.8100","1.6005","0.0005"
"","304.9100","1.5906","0.0005"
"","305.0100","1.5804","0.0005"
"","305.1100","1.5704","0.0004"
"","305.2100","1.5604","0.0004"
"","305.3100","1.5506","0.0004"
"","305.4100","1.5404","0.0004"
"","305.5100","1.5304","0.0004"
"","305.6100","1.5206","0.0004"
"","305.7100","1.5104","0.0004"
"","305.8100","1.5004","0.0004"
"","305.9100","1.4905","0.0004"
"","306.0100","1.4806","0.0004"
"","306.1100","1.4703","0.0004"
"","306.2100","1.4604","0.0004"
"","306.3100","1.4506","0.0004"
"","306.4100","1.4405","0.0003"
"","306.5100","1.4304","0.0003"
"","306.6100","1.4205","0.0003"
"","306.7100","1.4107","0.0003"
"","306.8100","1.4004","0.0003"
"","306.9100","1.3903","0.0003"
"","307.0100","1.3805","0.0003"
"","307.1100","1.3707","0.0003"
"","307.2100","1.3605","0.0003"
"","307.3100","1.3504","0.0003"
"","307.4100","1.3407","0.0003"
"","307.5100","1.3305","0.0003"
"","307.6100","1.3204","0.0003"
"","307.7100","1.3105","0.0002"
"","307.8100","1.3006","0.0002"
"","307.9100","1.2905","0.0002"
"","308.0100","1.2804","0.0002"
"","308.1100","1.2706","0.0002"
"","308.2100","1.2604","0.0002"
"","308.3100","1.2504","0.0002"
"","308.4100","1.2405","0.0002"
"","308.5100","1.2308","0.0002"
"","308.6100","1.2204","0.0002"
"","308.7100","1.2104","0.0002"
"","308.8100","1.2006","0.0002"
"","308.9100","1.1906","0.0002"
"","309.0100","1.1804","0.0002"
"","309.1100","1.1704","0.0001"
"","309.2100","1.1607","0.0001"
"","309.3100","1.1505","0.0001"
"","309.4100","1.1404","0.0001"
"","309.5100","1.1304","0.0001"
"","309.6100","1.1207","0.0001"
"","309.7100","1.1105","0.0001"
"","309.8100","1.1004","0.0001"
"","309.9100","1.0905","0.0001"
"","310.0100","1.0805","0.0001"
"","310.1100","1.0705","0.0001"
"","310.2100","1.0605","0.0001"
"","310.3100","1.0506","0.0001"
"","310.4100","1.0405","0.0001"
"","310.5100","1.0305","0.0001"
"","310.6100","1.0206","0.0000"
"","310.7100","1.0104","0.0000"
"","310.8100","1.0004","0.0000"
"","310.9100","0.9905","0.0000"
"","311.0100","0.9807","0.0000"
"","311.1100","0.9704","0.0000"
"","311.2100","0.9604","0.0000"
"","311.3100","0.9507","0.0000"
"","311.4100","0.9405","0.0000"
"","311.5100","0.9305","0.0000"
"","311.6100","0.9204","0.0000"
"","311.7100","0.9107","0.0000"
"","311.8100","0.9004","0.0000"
"","311.9100","0.8904","0.0000"
"","312.0100","0.8804","0.0000"
"","312.1100","0.8707","-0.0001"
"","312.2100","0.8606","-0.0001"
"","312.3100","0.8505","-0.0001"
"","312.4100","0.8406","-0.0001"
"","312.5100","0.8304","-0.0001"
"","312.6100","0.8204","-0.0001"
"","312.7100","0.8104","-0.0001"
"","312.8100","0.8006","-0.0001"
"","312.9100","0.7904","-0.0001"
"","313.0100","0.7805","-0.0001"
"","313.1100","0.7707","-0.0001"
"","313.2100","0.7604","-0.0001"
"","313.3100","0.7504","-0.0001"
"","313.4100","0.7406","-0.0001"
"","313.5100","0.7307","-0.0001"
"","313.6100","0.7203","-0.0001"
"","313.7100","0.7103","-0.0001"
"","313.8100","0.7007","-0.0001"
"","313.9100","0.6906","-0.0001"
"","314.0100","0.6805","-0.0001"
"","314.1100","0.6704","-0.0002"
"","314.2100","0.6607","-0.0002"
"","314.3100","0.6504","-0.0002"
"","314.4100","0.6403","-0.0002"
"","314.5100","0.6305","-0.0002"
"","314.6100","0.6207","-0.0002"
"","314.7100","0.6105","-0.0002"
"","314.8100","0.6004","-0.0002"
"","314.9100","0.5907","-0.0002"
"","315.0100","0.5804","-0.0002"
"","315.1100","0.5704","-0.0002"
"","315.2100","0.5605","-0.0002"
"","315.3100","0.5507","-0.0002"
"","315.4100","0.5403","-0.0002"
"","315.5100","0.5305","-0.0002"
"","315.6100","0.5207","-0.0002"
"","315.7100","0.5104","-0.0002"
"","315.8100","0.5003","-0.0002"
"","315.9100","0.4905","-0.0002"
"","316.0100","0.4808","-0.0002"
"","316.1100","0.4704","-0.0002"
"","316.2100","0.4603","-0.0003"
"","316.3100","0.4506","-0.0003"
"","316.4100","0.4406","-0.0003"
"","316.5100","0.4305","-0.0003"
"","316.6100","0.4204","-0.0003"
"","316.7100","0.4107","-0.0003"
"","316.8100","0.4005","-0.0003"
"","316.9100","0.3904","-0.0003"
"","317.0100","0.3805","-0.0003"
"","317.1100","0.3706","-0.0003"
"","317.2100","0.3605","-0.0003"
"","317.3100","0.3504","-0.0003"
"","317.4100","0.3405","-0.0003"
"","317.5100","0.3305","-0.0003"
"","317.6100","0.3205","-0.0003"
"","317.7100","0.3106","-0.0003"
"","317.8100","0.3006","-0.0003"
"","317.9100","0.2905","-0.0003"
"","318.0100","0.2805","-0.0003"
"","318.1100","0.2707","-0.0003"
"","318.2100","0.2604","-0.0003"
"","318.3100","0.2504","-0.0003"
"","318.4100","0.2405","-0.0003"
"","318.5100","0.2307","-0.0003"
"","318.6100","0.2204","-0.0003"
"","318.7100","0.2104","-0.0004"
"","318.8100","0.2007","-0.0004"
"","318.9100","0.1906","-0.0004"
"","319.0100","0.1804","-0.0004"
"","319.1100","0.1703","-0.0004"
"","319.2100","0.1607","-0.0004"
"","319.3100","0.1505","-0.0004"
"","319.4100","0.1404","-0.0004"
"","319.5100","0.1305","-0.0004"
"","319.6100","0.1206","-0.0004"
"","319.7100","0.1106","-0.0004"
"","319.8100","0.1005","-0.0004"
"","319.9100","0.0906","-0.0004"
"","320.0100","0.0804","-0.0004"
"","320.1100","0.0705","-0.0004"
"","320.2100","0.0605","-0.0004"
"","320.3100","0.0506","-0.0004"
"","320.4100","0.0403","-0.0004"
"","320.5100","0.0305","-0.0004"
"","320.6100","0.0207","-0.0004"
"","320.7100","0.0104","-0.0004"
"","320.8100","0.0003","-0.0004"
"","320.8140","-0.0001","-0.0004"
"","320.8150","-0.0002","-0.0004"
"","320.8160","-0.0003","-0.0004"
"","320.9160","-0.0005","-0.0004"
"","321.0160","0.0074","-0.0004"
"","321.1160","0.0191","-0.0004"
"","321.2160","0.0292","-0.0004"
"","321.3160","0.0395","-0.0004"
"","321.4160","0.0497","-0.0004"
"","321.5160","0.0594","-0.0004"
"","321.6160","0.0694","-0.0004"
"","321.7160","0.0795","-0.0004"
"","321.8160","0.0897","-0.0004"
"","321.9160","0.0993","-0.0004"
"","322.0160","0.1094","-0.0004"
"","322.1160","0.1196","-0.0004"
"","322.2160","0.1295","-0.0004"
"","322.3160","0.1394","-0.0003"
"","322.4160","0.1495","-0.0003"
"","322.5160","0.1596","-0.0003"
"","322.6160","0.1694","-0.0003"
"","322.7160","0.1797","-0.0003"
"","322.8160","0.1895","-0.0003"
"","322.9160","0.1995","-0.0003"
"","323.0160","0.2093","-0.0003"
"","323.1160","0.2196","-0.0003"
"","323.2160","0.2295","-0.0003"
"","323.3160","0.2394","-0.0003"
"","323.4160","0.2496","-0.0003"
"","323.5160","0.2597","-0.0003"
"","323.6160","0.2696","-0.0003"
"","323.7160","0.2792","-0.0003"
"","323.8160","0.2895","-0.0003"
"","323.9160","0.2996","-0.0003"
"","324.0160","0.3095","-0.0003"
"","324.1160","0.3195","-0.0003"
"","324.2160","0.3295","-0.0002"
"","324.3160","0.3397","-0.0002"
"","324.4160","0.3494","-0.0002"
"","324.5160","0.3595","-0.0002"
"","324.6160","0.3696","-0.0002"
"","324.7160","0.3796","-0.0002"
"","324.8160","0.3895","-0.0002"
"","324.9160","0.3995","-0.0002"
"","325.0160","0.4095","-0.0002"
"","325.1160","0.4194","-0.0002"
"","325.2160","0.4297","-0.0002"
"","325.3160","0.4395","-0.0002"
"","325.4160","0.4495","-0.0002"
"","325.5160","0.4594","-0.0002"
"","325.6160","0.4697","-0.0002"
"","325.7160","0.4796","-0.0002"
"","325.8160","0.4894","-0.0002"
"","325.9160","0.4996","-0.0002"
"","326.0160","0.5096","-0.0001"
"","326.1160","0.5196","-0.0001"
"","326.2160","0.5293","-0.0001"
"","326.3160","0.5396","-0.0001"
"","326.4160","0.5497","-0.0001"
"","326.5160","0.5595","-0.0001"
"","326.6160","0.5695","-0.0001"
"","326.7160","0.5795","-0.0001"
"","326.8160","0.5897","-0.0001"
"","326.9160","0.5993","-0.0001"
"","327.0160","0.6096","-0.0001"
"","327.1160","0.6195","-0.0001"
"","327.2160","0.6296","-0.0001"
"","327.3160","0.6395","-0.0001"
"","327.4160","0.6496","-0.0001"
"","327.5160","0.6596","-0.0001"
"","327.6160","0.6693","-0.0001"
"","327.7160","0.6796","0.0000"
"","327.8160","0.6895","0.0000"
"","327.9160","0.6995","0.0000"
"","328.0160","0.7094","0.0000"
"","328.1160","0.7197","0.0000"
"","328.2160","0.7296","0.0000"
"","328.3160","0.7394","0.0000"
"","328.4160","0.7495","0.0000"
"","328.5160","0.7597","0.0000"
"","328.6160","0.7696","0.0000"
"","328.7160","0.7793","0.0000"
"","328.8160","0.7895","0.0000"
"","328.9160","0.7997","0.0000"
"","329.0160","0.8095","0.0000"
"","329.1160","0.8195","0.0001"
"","329.2160","0.8296","0.0001"
"","329.3160","0.8398","0.0001"
"","329.4160","0.8493","0.0001"
"","329.5160","0.8595","0.0001"
"","329.6160","0.8695","0.0001"
"","329.7160","0.8795","0.0001"
"","329.8160","0.8894","0.0001"
"","329.9160","0.8996","0.0001"
"","330.0160","0.9097","0.0001"
"","330.1160","0.9194","0.0001"
"","330.2160","0.9297","0.0001"
"","330.3160","0.9395","0.0001"
"","330.4160","0.9496","0.0001"
"","330.5160","0.9593","0.0001"
"","330.6160","0.9697","0.0001"
"","330.7160","0.9795","0.0002"
"","330.8160","0.9894","0.0002"
"","330.9160","0.9995","0.0002"
"","331.0160","1.0097","0.0002"
"","331.1160","1.0196","0.0002"
"","331.2160","1.0293","0.0002"
"","331.3160","1.0395","0.0002"
"","331.4160","1.0496","0.0002"
"","331.5160","1.0594","0.0002"
"","331.6160","1.0695","0.0002"
"","331.7160","1.0796","0.0002"
"","331.8160","1.0897","0.0002"
"","331.9160","1.0993","0.0003"
"","332.0160","1.1095","0.0003"
"","332.1160","1.1196","0.0003"
"","332.2160","1.1296","0.0003"
"","332.3160","1.1395","0.0003"
"","332.4160","1.1495","0.0003"
"","332.5160","1.1596","0.0003"
"","332.6160","1.1694","0.0003"
"","332.7160","1.1796","0.0003"
"","332.8160","1.1895","0.0003"
"","332.9160","1.1996","0.0003"
"","333.0160","1.2094","0.0003"
"","333.1160","1.2196","0.0003"
"","333.2160","1.2295","0.0003"
"","333.3160","1.2394","0.0004"
"","333.4160","1.2496","0.0004"
"","333.5160","1.2596","0.0004"
"","333.6160","1.2696","0.0004"
"","333.7160","1.2793","0.0004"
"","333.8160","1.2896","0.0004"
"","333.9160","1.2996","0.0004"
"","334.0160","1.3095","0.0004"
"","334.1160","1.3195","0.0004"
"","334.2160","1.3296","0.0004"
"","334.3160","1.3397","0.0004"
"","334.4160","1.3493","0.0005"
"","334.5160","1.3596","0.0005"
"","334.6160","1.3696","0.0005"
"","334.7160","1.3796","0.0005"
"","334.8160","1.3894","0.0005"
"","334.9160","1.3996","0.0005"
"","335.0160","1.4096","0.0005"
"","335.1160","1.4193","0.0005"
"","335.2160","1.4296","0.0005"
"","335.3160","1.4395","0.0005"
"","335.4160","1.4495","0.0005"
"","335.5160","1.4594","0.0005"
"","335.6160","1.4697","0.0006"
"","335.7160","1.4796","0.0006"
"","335.8160","1.4894","0.0006"
"","335.9160","1.4995","0.0006"
"","336.0160","1.5097","0.0006"
"","336.1160","1.5196","0.0006"
"","336.2160","1.5292","0.0006"
"","336.3160","1.5395","0.0006"
"","336.4160","1.5497","0.0006"
"","336.5160","1.5594","0.0006"
"","336.6160","1.5695","0.0007"
"","336.7160","1.5796","0.0007"
"","336.8160","1.5897","0.0007"
"","336.9160","1.5993","0.0007"
"","337.0160","1.6094","0.0007"
"","337.1160","1.6196","0.0007"
"","337.2160","1.6295","0.0007"
"","337.3160","1.6394","0.0007"
"","337.4160","1.6496","0.0007"
"","337.5160","1.6596","0.0007"
"","337.6160","1.6694","0.0007"
"","337.7160","1.6797","0.0008"
"","337.8160","1.6895","0.0008"
"","337.9160","1.6995","0.0008"
"","338.0160","1.7093","0.0008"
"","338.1160","1.7197","0.0008"
"","338.2160","1.7295","0.0008"
"","338.3160","1.7394","0.0008"
"","338.4160","1.7496","0.0008"
"","338.5160","1.7597","0.0008"
"","338.6160","1.7696","0.0009"
"","338.7160","1.7792","0.0009"
"","338.8160","1.7895","0.0009"
"","338.9160","1.7996","0.0009"
"","339.0160","1.8095","0.0009"
"","339.1160","1.8194","0.0009"
"","339.2160","1.8295","0.0009"
"","339.3160","1.8397","0.0009"
"","339.4160","1.8494","0.0009"
"","339.5160","1.8595","0.0010"
"","339.6160","1.8696","0.0010"
"","339.7160","1.8796","0.0010"
"","339.8160","1.8895","0.0010"
"","339.9160","1.8995","0.0010"
"","340.0160","1.9095","0.0010"
"","340.1160","1.9193","0.0010"
"","340.2160","1.9297","0.0010"
"","340.3160","1.9395","0.0010"
"","340.4160","1.9495","0.0011"
"","340.5160","1.9594","0.0011"
"","340.6160","1.9697","0.0011"
"","340.7160","1.9796","0.0011"
"","340.8160","1.9894","0.0011"
"","340.9160","1.9996","0.0011"
"","341.0160","2.0096","0.0011"
"","341.1160","2.0196","0.0011"
"","341.2160","2.0292","0.0011"
"","341.3160","2.0396","0.0011"
"","341.4160","2.0496","0.0012"
"","341.5160","2.0595","0.0012"
"","341.6160","2.0695","0.0012"
"","341.7160","2.0795","0.0012"
"","341.8160","2.0897","0.0012"
"","341.9160","2.0994","0.0013"
"","342.0160","2.1096","0.0013"
"","342.1160","2.1195","0.0013"
"","342.2160","2.1296","0.0013"
"","342.3160","2.1395","0.0014"
"","342.4160","2.1496","0.0014"
"","342.5160","2.1595","0.0014"
"","342.6160","2.1693","0.0014"
"","342.7160","2.1797","0.0015"
"","342.8160","2.1896","0.0015"
"","342.9160","2.1995","0.0015"
"","343.0160","2.2093","0.0015"
"","343.1160","2.2196","0.0016"
"","343.2160","2.2297","0.0016"
"","343.3160","2.2394","0.0016"
"","343.4160","2.2495","0.0017"
"","343.5160","2.2596","0.0017"
"","343.6160","2.2696","0.0017"
"","343.7160","2.2792","0.0018"
"","343.8160","2.2896","0.0018"
"","343.9160","2.2996","0.0018"
"","344.0160","2.3095","0.0018"
"","344.1160","2.3195","0.0019"
"","344.2160","2.3297","0.0019"
"","344.3160","2.3397","0.0020"
"","344.4160","2.3493","0.0020"
"","344.5160","2.3595","0.0021"
"","344.6160","2.3696","0.0022"
"","344.7160","2.3795","0.0022"
"","344.8160","2.3894","0.0023"
"","344.9160","2.3997","0.0024"
"","345.0160","2.4097","0.0025"
"","345.1160","2.4194","0.0026"
"","345.2160","2.4296","0.0027"
"","345.3160","2.4395","0.0028"
"","345.4160","2.4495","0.0029"
"","345.5160","2.4593","0.0030"
"","345.6160","2.4696","0.0031"
"","345.7160","2.4796","0.0032"
"","345.8160","2.4894","0.0033"
"","345.9160","2.4996","0.0034"
"","346.0160","2.5096","0.0035"
"","346.1160","2.5197","0.0036"
"","346.2160","2.5292","0.0038"
"","346.3160","2.5396","0.0039"
"","346.4160","2.5496","0.0040"
"","346.5160","2.5595","0.0041"
"","346.6160","2.5695","0.0043"
"","346.7160","2.5796","0.0044"
"","346.8160","2.5897","0.0045"
"","346.9160","2.5994","0.0047"
"","347.0160","2.6094","0.0048"
"","347.1160","2.6196","0.0050"
"","347.2160","2.6296","0.0052"
"","347.3160","2.6395","0.0053"
"","347.4160","2.6495","0.0054"
"","347.5160","2.6596","0.0056"
"","347.6160","2.6694","0.0057"
"","347.7160","2.6797","0.0058"
"","347.8160","2.6895","0.0060"
"","347.9160","2.6995","0.0061"
"","348.0160","2.7094","0.0062"
"","348.1160","2.7197","0.0064"
"","348.2160","2.7295","0.0065"
"","348.3160","2.7394","0.0066"
"","348.4160","2.7496","0.0067"
"","348.5160","2.7597","0.0069"
"","348.6160","2.7696","0.0070"
"","348.7160","2.7793","0.0071"
"","348.8160","2.7896","0.0073"
"","348.9160","2.7997","0.0074"
"","349.0160","2.8095","0.0075"
"","349.1160","2.8195","0.0077"
"","349.2160","2.8296","0.0078"
"","349.3160","2.8397","0.0080"
"","349.4160","2.8493","0.0082"
"","349.5160","2.8595","0.0083"
"","349.6160","2.8695","0.0085"
"","349.7160","2.8796","0.0087"
"","349.8160","2.8895","0.0089"
"","349.9160","2.8996","0.0091"
"","350.0160","2.9096","0.0093"
"","350.1160","2.9193","0.0095"
"","350.2160","2.9297","0.0097"
"","350.3160","2.9395","0.0099"
"","350.4160","2.9495","0.0101"
"","350.5160","2.9593","0.0104"
"","350.6160","2.9697","0.0106"
"","350.7160","2.9796","0.0108"
"","350.8160","2.9895","0.0111"
"","350.9160","2.9995","0.0114"
"","351.0160","3.0097","0.0116"
"","351.1160","3.0195","0.0119"
"","351.2160","3.0292","0.0122"
"","351.3160","3.0395","0.0125"
"","351.4160","3.0497","0.0128"
"","351.5160","3.0594","0.0131"
"","351.6160","3.0695","0.0135"
"","351.7160","3.0796","0.0138"
"","351.8160","3.0897","0.0142"
"","351.9160","3.0993","0.0146"
"","352.0160","3.1094","0.0150"
"","352.1160","3.1196","0.0154"
"","352.2160","3.1295","0.0158"
"","352.3160","3.1395","0.0162"
"","352.4160","3.1496","0.0167"
"","352.5160","3.1596","0.0172"
"","352.6160","3.1693","0.0177"
"","352.7160","3.1798","0.0182"
"","352.8160","3.1895","0.0186"
"","352.9160","3.1995","0.0191"
"","353.0160","3.2093","0.0196"
"","353.1160","3.2197","0.0202"
"","353.2160","3.2295","0.0207"
"","353.3160","3.2394","0.0213"
"","353.4160","3.2496","0.0219"
"","353.5160","3.2597","0.0225"
"","353.6160","3.2696","0.0231"
"","353.7160","3.2793","0.0236"
"","353.8160","3.2896","0.0243"
"","353.9160","3.2996","0.0249"
"","354.0160","3.3094","0.0255"
"","354.1160","3.3195","0.0262"
"","354.2160","3.3296","0.0268"
"","354.3160","3.3397","0.0275"
"","354.4160","3.3494","0.0281"
"","354.5160","3.3594","0.0288"
"","354.6160","3.3696","0.0295"
"","354.7160","3.3795","0.0302"
"","354.8160","3.3895","0.0309"
"","354.9160","3.3995","0.0316"
"","355.0160","3.4096","0.0321"
"","355.1160","3.4193","0.0325"
"","355.2160","3.4296","0.0332"
"","355.3160","3.4395","0.0339"
"","355.4160","3.4495","0.0346"
"","355.5160","3.4594","0.0353"
"","355.6160","3.4697","0.0357"
"","355.7160","3.4796","0.0361"
"","355.8160","3.4894","0.0366"
"","355.9160","3.4996","0.0372"
"","356.0160","3.5096","0.0376"
"","356.1160","3.5196","0.0379"
"","356.2160","3.5293","0.0381"
"","356.3160","3.5396","0.0382"
"","356.4160","3.5496","0.0384"
"","356.5160","3.5595","0.0389"
"","356.6160","3.5695","0.0392"
"","356.7160","3.5796","0.0396"
"","356.8160","3.5897","0.0400"
"","356.9160","3.5993","0.0404"
"","357.0160","3.6096","0.0413"
"","357.1160","3.6196","0.0420"
"","357.2160","3.6296","0.0428"
"","357.3160","3.6395","0.0437"
"","357.4160","3.6496","0.0446"
"","357.5160","3.6596","0.0455"
"","357.6160","3.6693","0.0464"
"","357.7160","3.6797","0.0474"
"","357.8160","3.6895","0.0483"
"","357.9160","3.6995","0.0493"
"","358.0160","3.7094","0.0503"
"","358.1160","3.7197","0.0514"
"","358.2160","3.7296","0.0525"
"","358.3160","3.7394","0.0537"
"","358.4160","3.7495","0.0550"
"","358.5160","3.7597","0.0562"
"","358.6160","3.7695","0.0574"
"","358.7160","3.7792","0.0587"
"","358.8160","3.7895","0.0600"
"","358.9160","3.7997","0.0613"
"","359.0160","3.8094","0.0625"
"","359.1160","3.8195","0.0639"
"","359.2160","3.8296","0.0652"
"","359.3160","3.8397","0.0666"
"","359.4160","3.8493","0.0679"
"","359.5160","3.8595","0.0693"
"","359.6160","3.8696","0.0707"
"","359.7160","3.8795","0.0721"
"","359.8160","3.8894","0.0735"
"","359.9160","3.8996","0.0749"
"","360.0160","3.9097","0.0764"
"","360.1160","3.9194","0.0778"
"","360.2160","3.9297","0.0793"
"","360.3160","3.9395","0.0808"
"","360.4160","3.9495","0.0823"
"","360.5160","3.9593","0.0837"
"","360.6160","3.9697","0.0853"
"","360.7160","3.9795","0.0868"
"","360.8160","3.9894","0.0883"
"","360.9160","3.9996","0.0898"
"","360.9210","4.0001","0.0899"
"","360.9220","4.0002","0.0899"
"","360.9230","4.0003","0.0899"
"","361.0230","4.0006","0.0894"
"","361.1230","3.9931","0.0875"
"","361.2230","3.9812","0.0846"
"","361.3230","3.9706","0.0822"
"","361.4230","3.9606","0.0800"
"","361.5230","3.9508","0.0778"
"","361.6230","3.9406","0.0757"
"","361.7230","3.9306","0.0736"
"","361.8230","3.9205","0.0716"
"","361.9230","3.9108","0.0697"
"","362.0230","3.9005","0.0677"
"","362.1230","3.8905","0.0659"
"","362.2230","3.8805","0.0641"
"","362.3230","3.8708","0.0623"
"","362.4230","3.8607","0.0606"
"","362.5230","3.8506","0.0588"
"","362.6230","3.8406","0.0572"
"","362.7230","3.8305","0.0555"
"","362.8230","3.8205","0.0539"
"","362.9230","3.8105","0.0524"
"","363.0230","3.8007","0.0509"
"","363.1230","3.7905","0.0494"
"","363.2230","3.7806","0.0480"
"","363.3230","3.7708","0.0466"
"","363.4230","3.7605","0.0452"
"","363.5230","3.7505","0.0438"
"","363.6230","3.7406","0.0425"
"","363.7230","3.7307","0.0412"
"","363.8230","3.7204","0.0399"
"","363.9230","3.7105","0.0387"
"","364.0230","3.7007","0.0376"
"","364.1230","3.6906","0.0365"
"","364.2230","3.6805","0.0354"
"","364.3230","3.6704","0.0345"
"","364.4230","3.6608","0.0339"
"","364.5230","3.6505","0.0333"
"","364.6230","3.6404","0.0327"
"","364.7230","3.6306","0.0326"
"","364.8230","3.6208","0.0324"
"","364.9230","3.6106","0.0322"
"","365.0230","3.6005","0.0321"
"","365.1230","3.5907","0.0320"
"","365.2230","3.5806","0.0318"
"","365.3230","3.5705","0.0316"
"","365.4230","3.5605","0.0315"
"","365.5230","3.5507","0.0311"
"","365.6230","3.5405","0.0309"
"","365.7230","3.5305","0.0304"
"","365.8230","3.5207","0.0299"
"","365.9230","3.5105","0.0294"
"","366.0230","3.5005","0.0286"
"","366.1230","3.4906","0.0278"
"","366.2230","3.4808","0.0270"
"","366.3230","3.4704","0.0263"
"","366.4230","3.4604","0.0256"
"","366.5230","3.4507","0.0250"
"","366.6230","3.4407","0.0244"
"","366.7230","3.4305","0.0237"
"","366.8230","3.4204","0.0230"
"","366.9230","3.4108","0.0224"
"","367.0230","3.4006","0.0217"
"","367.1230","3.3905","0.0211"
"","367.2230","3.3805","0.0205"
"","367.3230","3.3708","0.0199"
"","367.4230","3.3606","0.0193"
"","367.5230","3.3505","0.0188"
"","367.6230","3.3406","0.0182"
"","367.7230","3.3306","0.0177"
"","367.8230","3.3205","0.0172"
"","367.9230","3.3105","0.0167"
"","368.0230","3.3007","0.0162"
"","368.1230","3.2906","0.0157"
"","368.2230","3.2805","0.0153"
"","368.3230","3.2707","0.0148"
"","368.4230","3.2605","0.0144"
"","368.5230","3.2504","0.0140"
"","368.6230","3.2406","0.0136"
"","368.7230","3.2308","0.0132"
"","368.8230","3.2205","0.0129"
"","368.9230","3.2105","0.0125"
"","369.0230","3.2008","0.0122"
"","369.1230","3.1906","0.0118"
"","369.2230","3.1806","0.0115"
"","369.3230","3.1704","0.0112"
"","369.4230","3.1608","0.0110"
"","369.5230","3.1505","0.0107"
"","369.6230","3.1405","0.0104"
"","369.7230","3.1305","0.0102"
"","369.8230","3.1207","0.0100"
"","369.9230","3.1106","0.0097"
"","370.0230","3.1006","0.0095"
"","370.1230","3.0906","0.0093"
"","370.2230","3.0805","0.0091"
"","370.3230","3.0705","0.0089"
"","370.4230","3.0605","0.0087"
"","370.5230","3.0507","0.0085"
"","370.6230","3.0405","0.0084"
"","370.7230","3.0306","0.0082"
"","370.8230","3.0208","0.0080"
"","370.9230","3.0105","0.0079"
"","371.0230","3.0005","0.0077"
"","371.1230","2.9906","0.0075"
"","371.2230","2.9808","0.0074"
"","371.3230","2.9704","0.0072"
"","371.4230","2.9604","0.0071"
"","371.5230","2.9507","0.0070"
"","371.6230","2.9406","0.0068"
"","371.7230","2.9305","0.0067"
"","371.8230","2.9204","0.0065"
"","371.9230","2.9108","0.0064"
"","372.0230","2.9005","0.0063"
"","372.1230","2.8904","0.0062"
"","372.2230","2.8805","0.0060"
"","372.3230","2.8707","0.0059"
"","372.4230","2.8606","0.0058"
"","372.5230","2.8505","0.0057"
"","372.6230","2.8408","0.0056"
"","372.7230","2.8305","0.0054"
"","372.8230","2.8205","0.0053"
"","372.9230","2.8106","0.0052"
"","373.0230","2.8007","0.0050"
"","373.1230","2.7905","0.0049"
"","373.2230","2.7805","0.0048"
"","373.3230","2.7707","0.0046"
"","373.4230","2.7605","0.0045"
"","373.5230","2.7504","0.0044"
"","373.6230","2.7406","0.0043"
"","373.7230","2.7309","0.0042"
"","373.8230","2.7205","0.0040"
"","373.9230","2.7104","0.0039"
"","374.0230","2.7007","0.0038"
"","374.1230","2.6907","0.0037"
"","374.2230","2.6805","0.0036"
"","374.3230","2.6704","0.0035"
"","374.4230","2.6607","0.0034"
"","374.5230","2.6506","0.0033"
"","374.6230","2.6405","0.0032"
"","374.7230","2.6305","0.0031"
"","374.8230","2.6207","0.0030"
"","374.9230","2.6106","0.0029"
"","375.0230","2.6005","0.0028"
"","375.1230","2.5907","0.0027"
"","375.2230","2.5805","0.0026"
"","375.3230","2.5705","0.0025"
"","375.4230","2.5605","0.0025"
"","375.5230","2.5507","0.0024"
"","375.6230","2.5405","0.0023"
"","375.7230","2.5306","0.0022"
"","375.8230","2.5207","0.0021"
"","375.9230","2.5105","0.0021"
"","376.0230","2.5005","0.0020"
"","376.1230","2.4905","0.0019"
"","376.2230","2.4807","0.0019"
"","376.3230","2.4705","0.0018"
"","376.4230","2.4605","0.0018"
"","376.5230","2.4507","0.0017"
"","376.6230","2.4406","0.0017"
"","376.7230","2.4306","0.0016"
"","376.8230","2.4204","0.0016"
"","376.9230","2.4107","0.0016"
"","377.0230","2.4005","0.0016"
"","377.1230","2.3905","0.0015"
"","377.2230","2.3806","0.0015"
"","377.3230","2.3707","0.0015"
"","377.4230","2.3607","0.0015"
"","377.5230","2.3506","0.0014"
"","377.6230","2.3407","0.0014"
"","377.7230","2.3304","0.0014"
"","377.8230","2.3205","0.0013"
"","377.9230","2.3105","0.0013"
"","378.0230","2.3007","0.0013"
"","378.1230","2.2904","0.0013"
"","378.2230","2.2805","0.0012"
"","378.3230","2.2708","0.0012"
"","378.4230","2.2605","0.0012"
"","378.5230","2.2505","0.0012"
"","378.6230","2.2407","0.0011"
"","378.7230","2.2307","0.0011"
"","378.8230","2.2204","0.0011"
"","378.9230","2.2104","0.0011"
"","379.0230","2.2007","0.0011"
"","379.1230","2.1907","0.0010"
"","379.2230","2.1805","0.0010"
"","379.3230","2.1704","0.0010"
"","379.4230","2.1608","0.0010"
"","379.5230","2.1506","0.0010"
"","379.6230","2.1404","0.0010"
"","379.7230","2.1305","0.0010"
"","379.8230","2.1207","0.0010"
"","379.9230","2.1106","0.0009"
"","380.0230","2.1005","0.0009"
"","380.1230","2.0907","0.0009"
"","380.2230","2.0805","0.0009"
"","380.3230","2.0705","0.0009"
"","380.4230","2.0605","0.0009"
"","380.5230","2.0507","0.0009"
"","380.6230","2.0405","0.0009"
"","380.7230","2.0305","0.0009"
"","380.8230","2.0208","0.0008"
"","380.9230","2.0105","0.0008"
"","381.0230","2.0004","0.0008"
"","381.1230","1.9906","0.0008"
"","381.2230","1.9809","0.0008"
"","381.3230","1.9704","0.0008"
"","381.4230","1.9603","0.0008"
"","381.5230","1.9507","0.0008"
"","381.6230","1.9407","0.0008"
"","381.7230","1.9305","0.0007"
"","381.8230","1.9204","0.0007"
"","381.9230","1.9108","0.0007"
"","382.0230","1.9006","0.0007"
"","382.1230","1.8905","0.0007"
"","382.2230","1.8805","0.0007"
"","382.3230","1.8708","0.0007"
"","382.4230","1.8606","0.0007"
"","382.5230","1.8505","0.0007"
"","382.6230","1.8406","0.0007"
"","382.7230","1.8306","0.0007"
"","382.8230","1.8205","0.0007"
"","382.9230","1.8105","0.0006"
"","383.0230","1.8007","0.0006"
"","383.1230","1.7906","0.0006"
"","383.2230","1.7805","0.0006"
"","383.3230","1.7707","0.0006"
"","383.4230","1.7605","0.0006"
"","383.5230","1.7504","0.0006"
"","383.6230","1.7405","0.0006"
"","383.7230","1.7308","0.0006"
"","383.8230","1.7205","0.0005"
"","383.9230","1.7104","0.0005"
"","384.0230","1.7008","0.0005"
"","384.1230","1.6906","0.0005"
"","384.2230","1.6805","0.0005"
"","384.3230","1.6704","0.0005"
"","384.4230","1.6608","0.0005"
"","384.5230","1.6505","0.0005"
"","384.6230","1.6405","0.0005"
"","384.7230","1.6305","0.0005"
"","384.8230","1.6208","0.0005"
"","384.9230","1.6107","0.0005"
"","385.0230","1.6006","0.0004"
"","385.1230","1.5906","0.0004"
"","385.2230","1.5805","0.0004"
"","385.3230","1.5705","0.0004"
"","385.4230","1.5605","0.0004"
"","385.5230","1.5507","0.0004"
"","385.6230","1.5405","0.0004"
"","385.7230","1.5305","0.0004"
"","385.8230","1.5207","0.0004"
"","385.9230","1.5105","0.0004"
"","386.0230","1.5005","0.0004"
"","386.1230","1.4906","0.0004"
"","386.2230","1.4807","0.0003"
"","386.3230","1.4704","0.0003"
"","386.4230","1.4605","0.0003"
"","386.5230","1.4507","0.0003"
"","386.6230","1.4406","0.0003"
"","386.7230","1.4305","0.0003"
"","386.8230","1.4205","0.0003"
"","386.9230","1.4108","0.0003"
"","387.0230","1.4005","0.0003"
"","387.1230","1.3904","0.0003"
"","387.2230","1.3805","0.0003"
"","387.3230","1.3708","0.0003"
"","387.4230","1.3605","0.0003"
"","387.5230","1.3505","0.0003"
"","387.6230","1.3407","0.0002"
"","387.7230","1.3305","0.0002"
"","387.8230","1.3205","0.0002"
"","387.9230","1.3105","0.0002"
"","388.0230","1.3007","0.0002"
"","388.1230","1.2905","0.0002"
"","388.2230","1.2805","0.0002"
"","388.3230","1.2707","0.0002"
"","388.4230","1.2605","0.0002"
"","388.5230","1.2504","0.0002"
"","388.6230","1.2405","0.0002"
"","388.7230","1.2308","0.0002"
"","388.8230","1.2205","0.0002"
"","388.9230","1.2104","0.0001"
"","389.0230","1.2007","0.0001"
"","389.1230","1.1907","0.0001"
"","389.2230","1.1805","0.0001"
"","389.3230","1.1704","0.0001"
"","389.4230","1.1608","0.0001"
"","389.5230","1.1506","0.0001"
"","389.6230","1.1405","0.0001"
"","389.7230","1.1305","0.0001"
"","389.8230","1.1208","0.0001"
"","389.9230","1.1106","0.0001"
"","390.0230","1.1005","0.0001"
"","390.1230","1.0906","0.0001"
"","390.2230","1.0806","0.0001"
"","390.3230","1.0705","0.0001"
"","390.4230","1.0605","0.0000"
"","390.5230","1.0507","0.0000"
"","390.6230","1.0406","0.0000"
"","390.7230","1.0306","0.0000"
"","390.8230","1.0207","0.0000"
"","390.9230","1.0105","0.0000"
"","391.0230","1.0005","0.0000"
"","391.1230","0.9906","0.0000"
"","391.2230","0.9808","0.0000"
"","391.3230","0.9705","0.0000"
"","391.4230","0.9605","0.0000"
"","391.5230","0.9507","0.0000"
"","391.6230","0.9406","0.0000"
"","391.7230","0.9305","0.0000"
"","391.8230","0.9204","0.0000"
"","391.9230","0.9108","-0.0001"
"","392.0230","0.9005","0.0000"
"","392.1230","0.8904","-0.0001"
"","392.2230","0.8805","-0.0001"
"","392.3230","0.8708","-0.0001"
"","392.4230","0.8607","-0.0001"
"","392.5230","0.8505","-0.0001"
"","392.6230","0.8407","-0.0001"
"","392.7230","0.8305","-0.0001"
"","392.8230","0.8205","-0.0001"
"","392.9230","0.8105","-0.0001"
"","393.0230","0.8007","-0.0001"
"","393.1230","0.7905","-0.0001"
"","393.2230","0.7805","-0.0001"
"","393.3230","0.7707","-0.0001"
"","393.4230","0.7605","-0.0001"
"","393.5230","0.7505","-0.0001"
"","393.6230","0.7406","-0.0001"
"","393.7230","0.7307","-0.0001"
"","393.8230","0.7204","-0.0001"
"","393.9230","0.7104","-0.0002"
"","394.0230","0.7007","-0.0002"
"","394.1230","0.6906","-0.0002"
"","394.2230","0.6805","-0.0002"
"","394.3230","0.6705","-0.0002"
"","394.4230","0.6608","-0.0002"
"","394.5230","0.6505","-0.0002"
"","394.6230","0.6404","-0.0002"
"","394.7230","0.6305","-0.0002"
"","394.8230","0.6208","-0.0002"
"","394.9230","0.6106","-0.0002"
"","395.0230","0.6005","-0.0002"
"","395.1230","0.5907","-0.0002"
"","395.2230","0.5805","-0.0002"
"","395.3230","0.5705","-0.0002"
"","395.4230","0.5606","-0.0002"
"","395.5230","0.5508","-0.0002"
"","395.6230","0.5404","-0.0002"
"","395.7230","0.5305","-0.0002"
"","395.8230","0.5207","-0.0003"
"","395.9230","0.5105","-0.0002"
"","396.0230","0.5004","-0.0003"
"","396.1230","0.4906","-0.0003"
"","396.2230","0.4809","-0.0003"
"","396.3230","0.4704","-0.0003"
"","396.4230","0.4604","-0.0003"
"","396.5230","0.4507","-0.0003"
"","396.6230","0.4407","-0.0003"
"","396.7230","0.4305","-0.0003"
"","396.8230","0.4204","-0.0003"
"","396.9230","0.4108","-0.0003"
"","397.0230","0.4006","-0.0003"
"","397.1230","0.3905","-0.0003"
"","397.2230","0.3805","-0.0003"
"","397.3230","0.3707","-0.0003"
"","397.4230","0.3606","-0.0003"
"","397.5230","0.3505","-0.0003"
"","397.6230","0.3407","-0.0003"
"","397.7230","0.3306","-0.0003"
"","397.8230","0.3206","-0.0003"
"","397.9230","0.3106","-0.0003"
"","398.0230","0.3007","-0.0003"
"","398.1230","0.2905","-0.0003"
"","398.2230","0.2806","-0.0003"
"","398.3230","0.2706","-0.0003"
"","398.4230","0.2604","-0.0004"
"","398.5230","0.2504","-0.0004"
"","398.6230","0.2406","-0.0004"
"","398.7230","0.2308","-0.0004"
"","398.8230","0.2205","-0.0004"
"","398.9230","0.2105","-0.0004"
"","399.0230","0.2008","-0.0004"
"","399.1230","0.1907","-0.0004"
"","399.2230","0.1805","-0.0004"
"","399.3230","0.1704","-0.0004"
"","399.4230","0.1607","-0.0004"
"","399.5230","0.1505","-0.0004"
"","399.6230","0.1405","-0.0004"
"","399.7230","0.1305","-0.0004"
"","399.8230","0.1207","-0.0004"
"","399.9230","0.1107","-0.0004"
"","400.0230","0.1006","-0.0004"
"","400.1230","0.0907","-0.0004"
"","400.2230","0.0804","-0.0004"
"","400.3230","0.0705","-0.0004"
"","400.4230","0.0606","-0.0004"
"","400.5230","0.0507","-0.0004"
"","400.6230","0.0404","-0.0004"
"","400.7230","0.0305","-0.0004"
"","400.8230","0.0208","-0.0004"
"","400.9230","0.0105","-0.0004"
"","401.0230","0.0004","-0.0004"
"","401.0280","-0.0001","-0.0004"

