1,Time,Displacement,Force
,(s),(mm),(kN)
"","0.0000","0.0047","0.0002"
"","0.1000","0.0074","0.0002"
"","0.2000","0.0152","0.0002"
"","0.3000","0.0271","0.0002"
"","0.4000","0.0376","0.0002"
"","0.5000","0.0478","0.0002"
"","0.6000","0.0575","0.0002"
"","0.7000","0.0674","0.0002"
"","0.8000","0.0776","0.0002"
"","0.9000","0.0878","0.0003"
"","1.0000","0.0974","0.0003"
"","1.1000","0.1075","0.0003"
"","1.2000","0.1176","0.0003"
"","1.3000","0.1276","0.0003"
"","1.4000","0.1375","0.0003"
"","1.5000","0.1476","0.0003"
"","1.6000","0.1576","0.0003"
"","1.7000","0.1675","0.0003"
"","1.8000","0.1777","0.0003"
"","1.9000","0.1876","0.0004"
"","2.0000","0.1975","0.0004"
"","2.1000","0.2074","0.0004"
"","2.2000","0.2177","0.0004"
"","2.3000","0.2276","0.0004"
"","2.4000","0.2376","0.0004"
"","2.5000","0.2476","0.0004"
"","2.6000","0.2577","0.0005"
"","2.7000","0.2676","0.0005"
"","2.8000","0.2774","0.0005"
"","2.9000","0.2877","0.0005"
"","3.0000","0.2977","0.0005"
"","3.1000","0.3075","0.0005"
"","3.2000","0.3175","0.0005"
"","3.3000","0.3277","0.0005"
"","3.4000","0.3378","0.0006"
"","3.5000","0.3474","0.0006"
"","3.6000","0.3576","0.0006"
"","3.7000","0.3676","0.0006"
"","3.8000","0.3777","0.0006"
"","3.9000","0.3875","0.0006"
"","4.0000","0.3977","0.0006"
"","4.1000","0.4077","0.0007"
"","4.2000","0.4174","0.0007"
"","4.3000","0.4278","0.0007"
"","4.4000","0.4376","0.0007"
"","4.5000","0.4476","0.0007"
"","4.6000","0.4574","0.0007"
"","4.7000","0.4678","0.0007"
"","4.8000","0.4776","0.0008"
"","4.9000","0.4875","0.0008"
"","5.0000","0.4975","0.0008"
"","5.1000","0.5078","0.0008"
"","5.2000","0.5176","0.0008"
"","5.3000","0.5273","0.0009"
"","5.4000","0.5376","0.0009"
"","5.5000","0.5478","0.0009"
"","5.6000","0.5575","0.0009"
"","5.7000","0.5675","0.0009"
"","5.8000","0.5777","0.0010"
"","5.9000","0.5878","0.0010"
"","6.0000","0.5974","0.0010"
"","6.1000","0.6075","0.0010"
"","6.2000","0.6176","0.0011"
"","6.3000","0.6276","0.0011"
"","6.4000","0.6375","0.0011"
"","6.5000","0.6476","0.0011"
"","6.6000","0.6577","0.0011"
"","6.7000","0.6675","0.0012"
"","6.8000","0.6777","0.0012"
"","6.9000","0.6876","0.0012"
"","7.0000","0.6976","0.0012"
"","7.1000","0.7074","0.0013"
"","7.2000","0.7178","0.0013"
"","7.3000","0.7276","0.0013"
"","7.4000","0.7375","0.0013"
"","7.5000","0.7476","0.0014"
"","7.6000","0.7578","0.0014"
"","7.7000","0.7677","0.0014"
"","7.8000","0.7773","0.0015"
"","7.9000","0.7876","0.0015"
"","8.0000","0.7977","0.0015"
"","8.1000","0.8075","0.0016"
"","8.2000","0.8175","0.0016"
"","8.3000","0.8276","0.0016"
"","8.4000","0.8378","0.0017"
"","8.5000","0.8475","0.0017"
"","8.6000","0.8575","0.0017"
"","8.7000","0.8676","0.0018"
"","8.8000","0.8777","0.0018"
"","8.9000","0.8876","0.0018"
"","9.0000","0.8976","0.0017"
"","9.1000","0.9076","0.0018"
"","9.2000","0.9175","0.0018"
"","9.3000","0.9277","0.0019"
"","9.4000","0.9376","0.0019"
"","9.5000","0.9476","0.0020"
"","9.6000","0.9574","0.0020"
"","9.7000","0.9678","0.0021"
"","9.8000","0.9777","0.0021"
"","9.9000","0.9875","0.0021"
"","10.0000","0.9976","0.0022"
"","10.1000","1.0078","0.0022"
"","10.2000","1.0177","0.0022"
"","10.3000","1.0273","0.0023"
"","10.4000","1.0376","0.0023"
"","10.5000","1.0477","0.0024"
"","10.6000","1.0576","0.0024"
"","10.7000","1.0675","0.0024"
"","10.8000","1.0777","0.0025"
"","10.9000","1.0878","0.0025"
"","11.0000","1.0974","0.0025"
"","11.1000","1.1077","0.0026"
"","11.2000","1.1176","0.0026"
"","11.3000","1.1277","0.0027"
"","11.4000","1.1375","0.0027"
"","11.5000","1.1477","0.0027"
"","11.6000","1.1576","0.0028"
"","11.7000","1.1674","0.0028"
"","11.8000","1.1777","0.0029"
"","11.9000","1.1876","0.0029"
"","12.0000","1.1975","0.0029"
"","12.1000","1.2074","0.0030"
"","12.2000","1.2177","0.0030"
"","12.3000","1.2277","0.0031"
"","12.4000","1.2374","0.0031"
"","12.5000","1.2475","0.0031"
"","12.6000","1.2577","0.0032"
"","12.7000","1.2677","0.0032"
"","12.8000","1.2773","0.0033"
"","12.9000","1.2876","0.0033"
"","13.0000","1.2977","0.0034"
"","13.1000","1.3075","0.0034"
"","13.2000","1.3175","0.0035"
"","13.3000","1.3276","0.0035"
"","13.4000","1.3378","0.0036"
"","13.5000","1.3474","0.0036"
"","13.6000","1.3576","0.0036"
"","13.7000","1.3676","0.0037"
"","13.8000","1.3776","0.0038"
"","13.9000","1.3874","0.0038"
"","14.0000","1.3977","0.0039"
"","14.1000","1.4077","0.0039"
"","14.2000","1.4175","0.0040"
"","14.3000","1.4277","0.0041"
"","14.4000","1.4376","0.0041"
"","14.5000","1.4476","0.0042"
"","14.6000","1.4573","0.0043"
"","14.7000","1.4676","0.0043"
"","14.8000","1.4776","0.0044"
"","14.9000","1.4875","0.0045"
"","15.0000","1.4976","0.0045"
"","15.1000","1.5077","0.0046"
"","15.2000","1.5177","0.0047"
"","15.3000","1.5273","0.0048"
"","15.4000","1.5377","0.0049"
"","15.5000","1.5477","0.0049"
"","15.6000","1.5576","0.0050"
"","15.7000","1.5674","0.0051"
"","15.8000","1.5776","0.0052"
"","15.9000","1.5878","0.0053"
"","16.0000","1.5976","0.0054"
"","16.1000","1.6075","0.0055"
"","16.2000","1.6176","0.0055"
"","16.3000","1.6276","0.0056"
"","16.4000","1.6376","0.0057"
"","16.5000","1.6476","0.0058"
"","16.6000","1.6576","0.0059"
"","16.7000","1.6675","0.0059"
"","16.8000","1.6777","0.0060"
"","16.9000","1.6876","0.0061"
"","17.0000","1.6975","0.0063"
"","17.1000","1.7074","0.0064"
"","17.2000","1.7177","0.0065"
"","17.3000","1.7276","0.0066"
"","17.4000","1.7374","0.0067"
"","17.5000","1.7476","0.0068"
"","17.6000","1.7578","0.0069"
"","17.7000","1.7677","0.0070"
"","17.8000","1.7773","0.0071"
"","17.9000","1.7876","0.0072"
"","18.0000","1.7977","0.0073"
"","18.1000","1.8076","0.0075"
"","18.2000","1.8175","0.0075"
"","18.3000","1.8276","0.0077"
"","18.4000","1.8377","0.0078"
"","18.5000","1.8474","0.0080"
"","18.6000","1.8576","0.0081"
"","18.7000","1.8675","0.0083"
"","18.8000","1.8776","0.0085"
"","18.9000","1.8876","0.0087"
"","19.0000","1.8977","0.0088"
"","19.1000","1.9076","0.0090"
"","19.2000","1.9174","0.0092"
"","19.3000","1.9278","0.0094"
"","19.4000","1.9376","0.0096"
"","19.5000","1.9476","0.0098"
"","19.6000","1.9574","0.0101"
"","19.7000","1.9678","0.0103"
"","19.8000","1.9776","0.0105"
"","19.9000","1.9875","0.0107"
"","20.0000","1.9975","0.0110"
"","20.1000","2.0078","0.0112"
"","20.2000","2.0176","0.0114"
"","20.3000","2.0273","0.0117"
"","20.4000","2.0376","0.0119"
"","20.5000","2.0478","0.0122"
"","20.6000","2.0575","0.0124"
"","20.7000","2.0674","0.0127"
"","20.8000","2.0776","0.0130"
"","20.9000","2.0878","0.0132"
"","21.0000","2.0975","0.0135"
"","21.1000","2.1075","0.0138"
"","21.2000","2.1176","0.0141"
"","21.3000","2.1276","0.0144"
"","21.4000","2.1376","0.0147"
"","21.5000","2.1477","0.0150"
"","21.6000","2.1577","0.0153"
"","21.7000","2.1674","0.0156"
"","21.8000","2.1778","0.0159"
"","21.9000","2.1876","0.0162"
"","22.0000","2.1976","0.0166"
"","22.1000","2.2073","0.0169"
"","22.2000","2.2178","0.0172"
"","22.3000","2.2276","0.0176"
"","22.4000","2.2375","0.0179"
"","22.5000","2.2475","0.0183"
"","22.6000","2.2578","0.0186"
"","22.7000","2.2677","0.0190"
"","22.8000","2.2774","0.0193"
"","22.9000","2.2876","0.0197"
"","23.0000","2.2976","0.0201"
"","23.1000","2.3075","0.0205"
"","23.2000","2.3174","0.0209"
"","23.3000","2.3276","0.0213"
"","23.4000","2.3378","0.0217"
"","23.5000","2.3476","0.0221"
"","23.6000","2.3575","0.0225"
"","23.7000","2.3676","0.0229"
"","23.8000","2.3776","0.0233"
"","23.9000","2.3876","0.0238"
"","24.0000","2.3976","0.0242"
"","24.1000","2.4076","0.0246"
"","24.2000","2.4174","0.0251"
"","24.3000","2.4277","0.0255"
"","24.4000","2.4376","0.0260"
"","24.5000","2.4476","0.0264"
"","24.6000","2.4574","0.0269"
"","24.7000","2.4678","0.0274"
"","24.8000","2.4777","0.0278"
"","24.9000","2.4875","0.0283"
"","25.0000","2.4976","0.0288"
"","25.1000","2.5077","0.0293"
"","25.2000","2.5177","0.0298"
"","25.3000","2.5273","0.0302"
"","25.4000","2.5377","0.0308"
"","25.5000","2.5477","0.0313"
"","25.6000","2.5576","0.0317"
"","25.7000","2.5675","0.0323"
"","25.8000","2.5776","0.0328"
"","25.9000","2.5877","0.0333"
"","26.0000","2.5974","0.0338"
"","26.1000","2.6076","0.0343"
"","26.2000","2.6176","0.0346"
"","26.3000","2.6277","0.0347"
"","26.4000","2.6376","0.0346"
"","26.5000","2.6477","0.0346"
"","26.6000","2.6576","0.0347"
"","26.7000","2.6674","0.0347"
"","26.8000","2.6778","0.0348"
"","26.9000","2.6876","0.0348"
"","27.0000","2.6975","0.0349"
"","27.1000","2.7074","0.0349"
"","27.2000","2.7178","0.0349"
"","27.3000","2.7277","0.0349"
"","27.4000","2.7375","0.0350"
"","27.5000","2.7475","0.0351"
"","27.6000","2.7577","0.0351"
"","27.7000","2.7676","0.0350"
"","27.8000","2.7773","0.0350"
"","27.9000","2.7876","0.0349"
"","28.0000","2.7978","0.0350"
"","28.1000","2.8076","0.0350"
"","28.2000","2.8174","0.0350"
"","28.3000","2.8277","0.0351"
"","28.4000","2.8378","0.0356"
"","28.5000","2.8474","0.0364"
"","28.6000","2.8575","0.0372"
"","28.7000","2.8676","0.0380"
"","28.8000","2.8776","0.0388"
"","28.9000","2.8875","0.0395"
"","29.0000","2.8976","0.0402"
"","29.1000","2.9076","0.0408"
"","29.2000","2.9174","0.0415"
"","29.3000","2.9278","0.0422"
"","29.4000","2.9376","0.0428"
"","29.5000","2.9476","0.0435"
"","29.6000","2.9573","0.0441"
"","29.7000","2.9677","0.0448"
"","29.8000","2.9776","0.0455"
"","29.9000","2.9875","0.0462"
"","30.0000","2.9976","0.0469"
"","30.1000","3.0078","0.0476"
"","30.2000","3.0177","0.0483"
"","30.3000","3.0273","0.0489"
"","30.4000","3.0376","0.0497"
"","30.5000","3.0477","0.0504"
"","30.6000","3.0576","0.0510"
"","30.7000","3.0675","0.0518"
"","30.8000","3.0776","0.0526"
"","30.9000","3.0875","0.0533"
"","31.0000","3.0973","0.0540"
"","31.1000","3.1075","0.0548"
"","31.2000","3.1176","0.0556"
"","31.3000","3.1276","0.0564"
"","31.4000","3.1376","0.0572"
"","31.5000","3.1476","0.0580"
"","31.6000","3.1577","0.0589"
"","31.7000","3.1674","0.0596"
"","31.8000","3.1777","0.0605"
"","31.9000","3.1875","0.0613"
"","32.0000","3.1976","0.0622"
"","32.1000","3.2074","0.0630"
"","32.2000","3.2177","0.0639"
"","32.3000","3.2276","0.0648"
"","32.4000","3.2375","0.0656"
"","32.5000","3.2476","0.0665"
"","32.6000","3.2578","0.0674"
"","32.7000","3.2678","0.0684"
"","32.8000","3.2775","0.0692"
"","32.9000","3.2877","0.0702"
"","33.0000","3.2976","0.0710"
"","33.1000","3.3075","0.0720"
"","33.2000","3.3175","0.0729"
"","33.3000","3.3277","0.0739"
"","33.4000","3.3377","0.0749"
"","33.5000","3.3473","0.0757"
"","33.6000","3.3576","0.0768"
"","33.7000","3.3676","0.0777"
"","33.8000","3.3777","0.0787"
"","33.9000","3.3874","0.0797"
"","34.0000","3.3977","0.0808"
"","34.1000","3.4077","0.0818"
"","34.2000","3.4174","0.0827"
"","34.3000","3.4277","0.0838"
"","34.4000","3.4376","0.0847"
"","34.5000","3.4476","0.0858"
"","34.6000","3.4574","0.0868"
"","34.7000","3.4676","0.0879"
"","34.8000","3.4776","0.0889"
"","34.9000","3.4875","0.0899"
"","35.0000","3.4976","0.0910"
"","35.1000","3.5077","0.0920"
"","35.2000","3.5177","0.0931"
"","35.3000","3.5273","0.0941"
"","35.4000","3.5376","0.0953"
"","35.5000","3.5477","0.0963"
"","35.6000","3.5575","0.0974"
"","35.7000","3.5675","0.0985"
"","35.8000","3.5777","0.0996"
"","35.9000","3.5877","0.1007"
"","36.0000","3.5974","0.1017"
"","36.1000","3.6076","0.1029"
"","36.2000","3.6176","0.1040"
"","36.3000","3.6276","0.1051"
"","36.4000","3.6375","0.1062"
"","36.5000","3.6477","0.1074"
"","36.6000","3.6577","0.1085"
"","36.7000","3.6675","0.1096"
"","36.8000","3.6777","0.1108"
"","36.9000","3.6876","0.1119"
"","37.0000","3.6976","0.1131"
"","37.1000","3.7073","0.1141"
"","37.2000","3.7177","0.1154"
"","37.3000","3.7276","0.1165"
"","37.4000","3.7375","0.1177"
"","37.5000","3.7475","0.1189"
"","37.6000","3.7577","0.1201"
"","37.7000","3.7677","0.1212"
"","37.8000","3.7773","0.1223"
"","37.9000","3.7876","0.1236"
"","38.0000","3.7977","0.1248"
"","38.1000","3.8076","0.1259"
"","38.2000","3.8174","0.1271"
"","38.3000","3.8276","0.1283"
"","38.4000","3.8378","0.1295"
"","38.5000","3.8474","0.1306"
"","38.6000","3.8575","0.1319"
"","38.7000","3.8676","0.1331"
"","38.8000","3.8776","0.1343"
"","38.9000","3.8875","0.1355"
"","39.0000","3.8976","0.1367"
"","39.1000","3.9075","0.1380"
"","39.2000","3.9174","0.1391"
"","39.3000","3.9277","0.1404"
"","39.4000","3.9375","0.1416"
"","39.5000","3.9475","0.1428"
"","39.6000","3.9574","0.1440"
"","39.7000","3.9678","0.1453"
"","39.8000","3.9776","0.1465"
"","39.9000","3.9875","0.1477"
"","40.0000","3.9976","0.1491"
"","40.0240","4.0001","0.1494"
"","40.0250","4.0002","0.1494"
"","40.0260","4.0003","0.1494"
"","40.1260","4.0006","0.1479"
"","40.2260","3.9929","0.1443"
"","40.3260","3.9814","0.1397"
"","40.4260","3.9706","0.1356"
"","40.5260","3.9604","0.1320"
"","40.6260","3.9507","0.1286"
"","40.7260","3.9408","0.1252"
"","40.8260","3.9307","0.1219"
"","40.9260","3.9205","0.1188"
"","41.0260","3.9108","0.1158"
"","41.1260","3.9006","0.1127"
"","41.2260","3.8905","0.1097"
"","41.3260","3.8805","0.1069"
"","41.4260","3.8708","0.1041"
"","41.5260","3.8607","0.1013"
"","41.6260","3.8505","0.0985"
"","41.7260","3.8406","0.0959"
"","41.8260","3.8305","0.0933"
"","41.9260","3.8206","0.0907"
"","42.0260","3.8106","0.0882"
"","42.1260","3.8008","0.0859"
"","42.2260","3.7905","0.0835"
"","42.3260","3.7806","0.0811"
"","42.4260","3.7706","0.0788"
"","42.5260","3.7605","0.0766"
"","42.6260","3.7505","0.0745"
"","42.7260","3.7406","0.0724"
"","42.8260","3.7308","0.0703"
"","42.9260","3.7205","0.0682"
"","43.0260","3.7104","0.0662"
"","43.1260","3.7007","0.0644"
"","43.2260","3.6907","0.0625"
"","43.3260","3.6806","0.0607"
"","43.4260","3.6704","0.0589"
"","43.5260","3.6608","0.0572"
"","43.6260","3.6505","0.0555"
"","43.7260","3.6405","0.0538"
"","43.8260","3.6304","0.0523"
"","43.9260","3.6207","0.0508"
"","44.0260","3.6106","0.0493"
"","44.1260","3.6005","0.0479"
"","44.2260","3.5906","0.0465"
"","44.3260","3.5805","0.0452"
"","44.4260","3.5705","0.0438"
"","44.5260","3.5605","0.0426"
"","44.6260","3.5507","0.0414"
"","44.7260","3.5405","0.0402"
"","44.8260","3.5305","0.0390"
"","44.9260","3.5207","0.0379"
"","45.0260","3.5106","0.0368"
"","45.1260","3.5005","0.0358"
"","45.2260","3.4906","0.0348"
"","45.3260","3.4807","0.0339"
"","45.4260","3.4704","0.0331"
"","45.5260","3.4604","0.0328"
"","45.6260","3.4506","0.0328"
"","45.7260","3.4406","0.0326"
"","45.8260","3.4305","0.0324"
"","45.9260","3.4205","0.0322"
"","46.0260","3.4108","0.0321"
"","46.1260","3.4005","0.0321"
"","46.2260","3.3904","0.0320"
"","46.3260","3.3805","0.0321"
"","46.4260","3.3707","0.0322"
"","46.5260","3.3605","0.0322"
"","46.6260","3.3504","0.0322"
"","46.7260","3.3407","0.0323"
"","46.8260","3.3306","0.0323"
"","46.9260","3.3205","0.0323"
"","47.0260","3.3105","0.0323"
"","47.1260","3.3008","0.0323"
"","47.2260","3.2904","0.0322"
"","47.3260","3.2805","0.0321"
"","47.4260","3.2706","0.0313"
"","47.5260","3.2605","0.0304"
"","47.6260","3.2505","0.0294"
"","47.7260","3.2406","0.0286"
"","47.8260","3.2309","0.0278"
"","47.9260","3.2205","0.0270"
"","48.0260","3.2103","0.0263"
"","48.1260","3.2006","0.0256"
"","48.2260","3.1907","0.0250"
"","48.3260","3.1805","0.0243"
"","48.4260","3.1704","0.0237"
"","48.5260","3.1608","0.0231"
"","48.6260","3.1506","0.0224"
"","48.7260","3.1405","0.0218"
"","48.8260","3.1305","0.0212"
"","48.9260","3.1208","0.0207"
"","49.0260","3.1106","0.0201"
"","49.1260","3.1005","0.0195"
"","49.2260","3.0906","0.0190"
"","49.3260","3.0806","0.0184"
"","49.4260","3.0706","0.0180"
"","49.5260","3.0605","0.0175"
"","49.6260","3.0508","0.0170"
"","49.7260","3.0405","0.0166"
"","49.8260","3.0305","0.0161"
"","49.9260","3.0206","0.0157"
"","50.0260","3.0106","0.0152"
"","50.1260","3.0004","0.0148"
"","50.2260","2.9906","0.0145"
"","50.3260","2.9808","0.0141"
"","50.4260","2.9705","0.0137"
"","50.5260","2.9603","0.0133"
"","50.6260","2.9507","0.0130"
"","50.7260","2.9407","0.0126"
"","50.8260","2.9306","0.0123"
"","50.9260","2.9203","0.0120"
"","51.0260","2.9107","0.0117"
"","51.1260","2.9005","0.0114"
"","51.2260","2.8905","0.0111"
"","51.3260","2.8804","0.0108"
"","51.4260","2.8707","0.0106"
"","51.5260","2.8606","0.0103"
"","51.6260","2.8506","0.0101"
"","51.7260","2.8407","0.0098"
"","51.8260","2.8305","0.0096"
"","51.9260","2.8205","0.0093"
"","52.0260","2.8105","0.0091"
"","52.1260","2.8007","0.0089"
"","52.2260","2.7904","0.0086"
"","52.3260","2.7806","0.0084"
"","52.4260","2.7708","0.0082"
"","52.5260","2.7606","0.0080"
"","52.6260","2.7504","0.0078"
"","52.7260","2.7407","0.0076"
"","52.8260","2.7308","0.0074"
"","52.9260","2.7204","0.0072"
"","53.0260","2.7103","0.0070"
"","53.1260","2.7006","0.0069"
"","53.2260","2.6907","0.0067"
"","53.3260","2.6806","0.0065"
"","53.4260","2.6704","0.0063"
"","53.5260","2.6608","0.0062"
"","53.6260","2.6506","0.0060"
"","53.7260","2.6404","0.0059"
"","53.8260","2.6304","0.0057"
"","53.9260","2.6207","0.0056"
"","54.0260","2.6106","0.0055"
"","54.1260","2.6005","0.0053"
"","54.2260","2.5907","0.0052"
"","54.3260","2.5804","0.0051"
"","54.4260","2.5705","0.0050"
"","54.5260","2.5605","0.0049"
"","54.6260","2.5508","0.0048"
"","54.7260","2.5404","0.0047"
"","54.8260","2.5305","0.0046"
"","54.9260","2.5207","0.0046"
"","55.0260","2.5105","0.0045"
"","55.1260","2.5005","0.0044"
"","55.2260","2.4907","0.0043"
"","55.3260","2.4809","0.0043"
"","55.4260","2.4704","0.0042"
"","55.5260","2.4603","0.0041"
"","55.6260","2.4506","0.0041"
"","55.7260","2.4407","0.0040"
"","55.8260","2.4306","0.0039"
"","55.9260","2.4204","0.0039"
"","56.0260","2.4108","0.0038"
"","56.1260","2.4006","0.0038"
"","56.2260","2.3905","0.0037"
"","56.3260","2.3804","0.0036"
"","56.4260","2.3708","0.0036"
"","56.5260","2.3607","0.0035"
"","56.6260","2.3505","0.0035"
"","56.7260","2.3406","0.0034"
"","56.8260","2.3306","0.0033"
"","56.9260","2.3205","0.0033"
"","57.0260","2.3105","0.0032"
"","57.1260","2.3008","0.0032"
"","57.2260","2.2905","0.0031"
"","57.3260","2.2805","0.0031"
"","57.4260","2.2706","0.0030"
"","57.5260","2.2605","0.0030"
"","57.6260","2.2504","0.0030"
"","57.7260","2.2406","0.0029"
"","57.8260","2.2308","0.0029"
"","57.9260","2.2205","0.0028"
"","58.0260","2.2103","0.0028"
"","58.1260","2.2007","0.0027"
"","58.2260","2.1907","0.0027"
"","58.3260","2.1806","0.0027"
"","58.4260","2.1703","0.0026"
"","58.5260","2.1608","0.0026"
"","58.6260","2.1506","0.0025"
"","58.7260","2.1405","0.0025"
"","58.8260","2.1304","0.0025"
"","58.9260","2.1207","0.0024"
"","59.0260","2.1107","0.0024"
"","59.1260","2.1005","0.0024"
"","59.2260","2.0906","0.0023"
"","59.3260","2.0805","0.0023"
"","59.4260","2.0705","0.0023"
"","59.5260","2.0605","0.0022"
"","59.6260","2.0507","0.0022"
"","59.7260","2.0405","0.0022"
"","59.8260","2.0306","0.0021"
"","59.9260","2.0207","0.0021"
"","60.0260","2.0106","0.0021"
"","60.1260","2.0005","0.0020"
"","60.2260","1.9907","0.0020"
"","60.3260","1.9807","0.0020"
"","60.4260","1.9704","0.0020"
"","60.5260","1.9603","0.0019"
"","60.6260","1.9506","0.0019"
"","60.7260","1.9407","0.0019"
"","60.8260","1.9305","0.0018"
"","60.9260","1.9204","0.0018"
"","61.0260","1.9108","0.0018"
"","61.1260","1.9006","0.0018"
"","61.2260","1.8904","0.0017"
"","61.3260","1.8804","0.0017"
"","61.4260","1.8707","0.0017"
"","61.5260","1.8607","0.0017"
"","61.6260","1.8505","0.0016"
"","61.7260","1.8407","0.0016"
"","61.8260","1.8304","0.0016"
"","61.9260","1.8205","0.0016"
"","62.0260","1.8105","0.0015"
"","62.1260","1.8008","0.0015"
"","62.2260","1.7904","0.0015"
"","62.3260","1.7805","0.0015"
"","62.4260","1.7707","0.0014"
"","62.5260","1.7605","0.0014"
"","62.6260","1.7504","0.0014"
"","62.7260","1.7406","0.0014"
"","62.8260","1.7309","0.0014"
"","62.9260","1.7205","0.0013"
"","63.0260","1.7103","0.0013"
"","63.1260","1.7006","0.0013"
"","63.2260","1.6907","0.0013"
"","63.3260","1.6806","0.0012"
"","63.4260","1.6705","0.0012"
"","63.5260","1.6607","0.0012"
"","63.6260","1.6506","0.0012"
"","63.7260","1.6405","0.0012"
"","63.8260","1.6305","0.0011"
"","63.9260","1.6207","0.0011"
"","64.0260","1.6106","0.0011"
"","64.1260","1.6005","0.0011"
"","64.2260","1.5907","0.0011"
"","64.3260","1.5805","0.0011"
"","64.4260","1.5705","0.0010"
"","64.5260","1.5605","0.0010"
"","64.6260","1.5508","0.0010"
"","64.7260","1.5405","0.0010"
"","64.8260","1.5305","0.0010"
"","64.9260","1.5206","0.0009"
"","65.0260","1.5105","0.0009"
"","65.1260","1.5005","0.0009"
"","65.2260","1.4905","0.0009"
"","65.3260","1.4807","0.0009"
"","65.4260","1.4705","0.0009"
"","65.5260","1.4605","0.0008"
"","65.6260","1.4506","0.0008"
"","65.7260","1.4407","0.0008"
"","65.8260","1.4306","0.0008"
"","65.9260","1.4204","0.0008"
"","66.0260","1.4107","0.0008"
"","66.1260","1.4005","0.0007"
"","66.2260","1.3905","0.0007"
"","66.3260","1.3805","0.0007"
"","66.4260","1.3707","0.0007"
"","66.5260","1.3606","0.0007"
"","66.6260","1.3505","0.0007"
"","66.7260","1.3407","0.0007"
"","66.8260","1.3304","0.0006"
"","66.9260","1.3205","0.0006"
"","67.0260","1.3105","0.0006"
"","67.1260","1.3007","0.0006"
"","67.2260","1.2904","0.0006"
"","67.3260","1.2805","0.0006"
"","67.4260","1.2707","0.0006"
"","67.5260","1.2606","0.0005"
"","67.6260","1.2504","0.0005"
"","67.7260","1.2407","0.0005"
"","67.8260","1.2308","0.0005"
"","67.9260","1.2204","0.0005"
"","68.0260","1.2103","0.0005"
"","68.1260","1.2006","0.0005"
"","68.2260","1.1907","0.0005"
"","68.3260","1.1805","0.0004"
"","68.4260","1.1704","0.0004"
"","68.5260","1.1608","0.0004"
"","68.6260","1.1506","0.0004"
"","68.7260","1.1404","0.0004"
"","68.8260","1.1305","0.0004"
"","68.9260","1.1208","0.0004"
"","69.0260","1.1107","0.0004"
"","69.1260","1.1005","0.0004"
"","69.2260","1.0907","0.0003"
"","69.3260","1.0805","0.0003"
"","69.4260","1.0706","0.0003"
"","69.5260","1.0605","0.0003"
"","69.6260","1.0507","0.0003"
"","69.7260","1.0404","0.0003"
"","69.8260","1.0305","0.0003"
"","69.9260","1.0207","0.0003"
"","70.0260","1.0105","0.0003"
"","70.1260","1.0004","0.0003"
"","70.2260","0.9906","0.0003"
"","70.3260","0.9809","0.0003"
"","70.4260","0.9704","0.0002"
"","70.5260","0.9603","0.0002"
"","70.6260","0.9506","0.0002"
"","70.7260","0.9407","0.0002"
"","70.8260","0.9305","0.0002"
"","70.9260","0.9204","0.0002"
"","71.0260","0.9108","0.0002"
"","71.1260","0.9006","0.0002"
"","71.2260","0.8905","0.0002"
"","71.3260","0.8805","0.0002"
"","71.4260","0.8708","0.0002"
"","71.5260","0.8606","0.0002"
"","71.6260","0.8505","0.0002"
"","71.7260","0.8406","0.0002"
"","71.8260","0.8306","0.0002"
"","71.9260","0.8206","0.0002"
"","72.0260","0.8105","0.0002"
"","72.1260","0.8008","0.0001"
"","72.2260","0.7905","0.0001"
"","72.3260","0.7805","0.0001"
"","72.4260","0.7706","0.0001"
"","72.5260","0.7605","0.0001"
"","72.6260","0.7504","0.0001"
"","72.7260","0.7406","0.0001"
"","72.8260","0.7308","0.0001"
"","72.9260","0.7205","0.0001"
"","73.0260","0.7103","0.0001"
"","73.1260","0.7007","0.0001"
"","73.2260","0.6907","0.0001"
"","73.3260","0.6806","0.0001"
"","73.4260","0.6703","0.0001"
"","73.5260","0.6608","0.0001"
"","73.6260","0.6505","0.0001"
"","73.7260","0.6405","0.0001"
"","73.8260","0.6304","0.0001"
"","73.9260","0.6208","0.0001"
"","74.0260","0.6106","0.0001"
"","74.1260","0.6005","0.0001"
"","74.2260","0.5906","0.0001"
"","74.3260","0.5806","0.0000"
"","74.4260","0.5705","0.0000"
"","74.5260","0.5605","0.0000"
"","74.6260","0.5507","0.0000"
"","74.7260","0.5404","0.0000"
"","74.8260","0.5305","0.0000"
"","74.9260","0.5207","0.0000"
"","75.0260","0.5105","0.0000"
"","75.1260","0.5005","0.0000"
"","75.2260","0.4907","0.0000"
"","75.3260","0.4807","0.0000"
"","75.4260","0.4704","0.0000"
"","75.5260","0.4604","0.0000"
"","75.6260","0.4506","0.0000"
"","75.7260","0.4407","0.0000"
"","75.8260","0.4305","0.0000"
"","75.9260","0.4204","0.0000"
"","76.0260","0.4108","0.0000"
"","76.1260","0.4005","0.0000"
"","76.2260","0.3904","0.0000"
"","76.3260","0.3804","0.0000"
"","76.4260","0.3708","0.0000"
"","76.5260","0.3606","0.0000"
"","76.6260","0.3505","0.0000"
"","76.7260","0.3407","0.0000"
"","76.8260","0.3305","0.0000"
"","76.9260","0.3205","0.0000"
"","77.0260","0.3105","0.0000"
"","77.1260","0.3008","0.0000"
"","77.2260","0.2905","0.0000"
"","77.3260","0.2805","0.0000"
"","77.4260","0.2706","0.0000"
"","77.5260","0.2605","0.0000"
"","77.6260","0.2504","0.0000"
"","77.7260","0.2406","0.0000"
"","77.8260","0.2309","-0.0001"
"","77.9260","0.2205","0.0000"
"","78.0260","0.2104","-0.0001"
"","78.1260","0.2006","-0.0001"
"","78.2260","0.1907","-0.0001"
"","78.3260","0.1805","-0.0001"
"","78.4260","0.1704","-0.0001"
"","78.5260","0.1608","-0.0001"
"","78.6260","0.1506","-0.0001"
"","78.7260","0.1405","-0.0001"
"","78.8260","0.1304","-0.0001"
"","78.9260","0.1208","-0.0001"
"","79.0260","0.1106","-0.0001"
"","79.1260","0.1005","-0.0001"
"","79.2260","0.0906","-0.0001"
"","79.3260","0.0805","-0.0001"
"","79.4260","0.0705","-0.0001"
"","79.5260","0.0605","-0.0001"
"","79.6260","0.0507","-0.0001"
"","79.7260","0.0405","-0.0001"
"","79.8260","0.0305","-0.0001"
"","79.9260","0.0206","-0.0001"
"","80.0260","0.0106","-0.0001"
"","80.1260","0.0008","-0.0001"
"","80.1340","0.0000","-0.0001"
"","80.1350","-0.0001","-0.0001"
"","80.1360","-0.0002","-0.0001"
"","80.2360","-0.0006","-0.0001"
"","80.3360","0.0069","-0.0001"
"","80.4360","0.0187","-0.0001"
"","80.5360","0.0290","-0.0001"
"","80.6360","0.0394","-0.0001"
"","80.7360","0.0495","-0.0001"
"","80.8360","0.0592","-0.0001"
"","80.9360","0.0692","-0.0001"
"","81.0360","0.0793","-0.0001"
"","81.1360","0.0895","-0.0001"
"","81.2360","0.0991","0.0000"
"","81.3360","0.1092","0.0000"
"","81.4360","0.1193","0.0000"
"","81.5360","0.1293","0.0000"
"","81.6360","0.1393","0.0000"
"","81.7360","0.1493","0.0000"
"","81.8360","0.1594","0.0000"
"","81.9360","0.1691","0.0000"
"","82.0360","0.1794","0.0000"
"","82.1360","0.1892","0.0000"
"","82.2360","0.1992","0.0000"
"","82.3360","0.2092","0.0000"
"","82.4360","0.2194","0.0000"
"","82.5360","0.2293","0.0000"
"","82.6360","0.2391","0.0000"
"","82.7360","0.2494","0.0000"
"","82.8360","0.2593","0.0000"
"","82.9360","0.2693","0.0000"
"","83.0360","0.2791","0.0000"
"","83.1360","0.2894","0.0000"
"","83.2360","0.2995","0.0000"
"","83.3360","0.3091","0.0000"
"","83.4360","0.3193","0.0000"
"","83.5360","0.3294","0.0000"
"","83.6360","0.3395","0.0000"
"","83.7360","0.3490","0.0000"
"","83.8360","0.3593","0.0000"
"","83.9360","0.3693","0.0000"
"","84.0360","0.3794","0.0000"
"","84.1360","0.3893","0.0000"
"","84.2360","0.3994","0.0000"
"","84.3360","0.4094","0.0001"
"","84.4360","0.4190","0.0001"
"","84.5360","0.4294","0.0001"
"","84.6360","0.4393","0.0001"
"","84.7360","0.4493","0.0001"
"","84.8360","0.4592","0.0001"
"","84.9360","0.4695","0.0001"
"","85.0360","0.4794","0.0001"
"","85.1360","0.4891","0.0001"
"","85.2360","0.4993","0.0001"
"","85.3360","0.5095","0.0001"
"","85.4360","0.5193","0.0001"
"","85.5360","0.5291","0.0001"
"","85.6360","0.5393","0.0001"
"","85.7360","0.5495","0.0001"
"","85.8360","0.5591","0.0001"
"","85.9360","0.5692","0.0001"
"","86.0360","0.5794","0.0001"
"","86.1360","0.5895","0.0002"
"","86.2360","0.5990","0.0002"
"","86.3360","0.6092","0.0002"
"","86.4360","0.6193","0.0002"
"","86.5360","0.6293","0.0002"
"","86.6360","0.6393","0.0002"
"","86.7360","0.6494","0.0002"
"","86.8360","0.6594","0.0002"
"","86.9360","0.6691","0.0002"
"","87.0360","0.6794","0.0002"
"","87.1360","0.6892","0.0002"
"","87.2360","0.6992","0.0002"
"","87.3360","0.7092","0.0002"
"","87.4360","0.7195","0.0002"
"","87.5360","0.7293","0.0002"
"","87.6360","0.7391","0.0003"
"","87.7360","0.7493","0.0003"
"","87.8360","0.7595","0.0003"
"","87.9360","0.7693","0.0003"
"","88.0360","0.7791","0.0003"
"","88.1360","0.7893","0.0003"
"","88.2360","0.7995","0.0003"
"","88.3360","0.8092","0.0003"
"","88.4360","0.8192","0.0003"
"","88.5360","0.8293","0.0003"
"","88.6360","0.8395","0.0003"
"","88.7360","0.8491","0.0004"
"","88.8360","0.8592","0.0004"
"","88.9360","0.8693","0.0004"
"","89.0360","0.8793","0.0004"
"","89.1360","0.8893","0.0004"
"","89.2360","0.8993","0.0004"
"","89.3360","0.9093","0.0004"
"","89.4360","0.9191","0.0005"
"","89.5360","0.9294","0.0005"
"","89.6360","0.9393","0.0005"
"","89.7360","0.9493","0.0005"
"","89.8360","0.9592","0.0005"
"","89.9360","0.9695","0.0005"
"","90.0360","0.9794","0.0005"
"","90.1360","0.9891","0.0006"
"","90.2360","0.9993","0.0006"
"","90.3360","1.0094","0.0006"
"","90.4360","1.0194","0.0006"
"","90.5360","1.0291","0.0006"
"","90.6360","1.0394","0.0006"
"","90.7360","1.0495","0.0006"
"","90.8360","1.0592","0.0007"
"","90.9360","1.0693","0.0007"
"","91.0360","1.0793","0.0007"
"","91.1360","1.0895","0.0007"
"","91.2360","1.0991","0.0007"
"","91.3360","1.1094","0.0008"
"","91.4360","1.1193","0.0008"
"","91.5360","1.1293","0.0008"
"","91.6360","1.1393","0.0008"
"","91.7360","1.1494","0.0008"
"","91.8360","1.1593","0.0009"
"","91.9360","1.1691","0.0009"
"","92.0360","1.1794","0.0009"
"","92.1360","1.1893","0.0009"
"","92.2360","1.1992","0.0009"
"","92.3360","1.2092","0.0010"
"","92.4360","1.2195","0.0010"
"","92.5360","1.2294","0.0010"
"","92.6360","1.2391","0.0010"
"","92.7360","1.2493","0.0010"
"","92.8360","1.2594","0.0011"
"","92.9360","1.2693","0.0011"
"","93.0360","1.2790","0.0011"
"","93.1360","1.2893","0.0011"
"","93.2360","1.2995","0.0012"
"","93.3360","1.3092","0.0012"
"","93.4360","1.3192","0.0012"
"","93.5360","1.3294","0.0012"
"","93.6360","1.3394","0.0012"
"","93.7360","1.3491","0.0012"
"","93.8360","1.3593","0.0013"
"","93.9360","1.3694","0.0013"
"","94.0360","1.3792","0.0013"
"","94.1360","1.3892","0.0013"
"","94.2360","1.3995","0.0014"
"","94.3360","1.4094","0.0014"
"","94.4360","1.4191","0.0014"
"","94.5360","1.4294","0.0014"
"","94.6360","1.4393","0.0015"
"","94.7360","1.4493","0.0015"
"","94.8360","1.4591","0.0015"
"","94.9360","1.4694","0.0016"
"","95.0360","1.4793","0.0016"
"","95.1360","1.4891","0.0016"
"","95.2360","1.4993","0.0016"
"","95.3360","1.5094","0.0017"
"","95.4360","1.5194","0.0017"
"","95.5360","1.5291","0.0017"
"","95.6360","1.5394","0.0018"
"","95.7360","1.5494","0.0018"
"","95.8360","1.5593","0.0018"
"","95.9360","1.5692","0.0018"
"","96.0360","1.5793","0.0019"
"","96.1360","1.5895","0.0019"
"","96.2360","1.5992","0.0018"
"","96.3360","1.6092","0.0019"
"","96.4360","1.6193","0.0019"
"","96.5360","1.6293","0.0020"
"","96.6360","1.6393","0.0020"
"","96.7360","1.6493","0.0021"
"","96.8360","1.6593","0.0021"
"","96.9360","1.6691","0.0022"
"","97.0360","1.6794","0.0022"
"","97.1360","1.6893","0.0022"
"","97.2360","1.6992","0.0023"
"","97.3360","1.7092","0.0023"
"","97.4360","1.7195","0.0024"
"","97.5360","1.7293","0.0024"
"","97.6360","1.7391","0.0024"
"","97.7360","1.7494","0.0025"
"","97.8360","1.7594","0.0025"
"","97.9360","1.7694","0.0026"
"","98.0360","1.7790","0.0026"
"","98.1360","1.7894","0.0027"
"","98.2360","1.7995","0.0027"
"","98.3360","1.8092","0.0028"
"","98.4360","1.8193","0.0028"
"","98.5360","1.8293","0.0029"
"","98.6360","1.8395","0.0029"
"","98.7360","1.8491","0.0030"
"","98.8360","1.8593","0.0030"
"","98.9360","1.8693","0.0031"
"","99.0360","1.8794","0.0031"
"","99.1360","1.8894","0.0032"
"","99.2360","1.8994","0.0032"
"","99.3360","1.9094","0.0033"
"","99.4360","1.9190","0.0033"
"","99.5360","1.9295","0.0034"
"","99.6360","1.9393","0.0034"
"","99.7360","1.9492","0.0035"
"","99.8360","1.9591","0.0036"
"","99.9360","1.9695","0.0036"
"","100.0360","1.9794","0.0037"
"","100.1360","1.9891","0.0037"
"","100.2360","1.9993","0.0038"
"","100.3360","2.0095","0.0039"
"","100.4360","2.0193","0.0039"
"","100.5360","2.0290","0.0040"
"","100.6360","2.0393","0.0041"
"","100.7360","2.0495","0.0042"
"","100.8360","2.0591","0.0042"
"","100.9360","2.0692","0.0043"
"","101.0360","2.0793","0.0043"
"","101.1360","2.0895","0.0044"
"","101.2360","2.0992","0.0045"
"","101.3360","2.1093","0.0046"
"","101.4360","2.1193","0.0046"
"","101.5360","2.1293","0.0047"
"","101.6360","2.1393","0.0048"
"","101.7360","2.1494","0.0049"
"","101.8360","2.1594","0.0050"
"","101.9360","2.1691","0.0050"
"","102.0360","2.1795","0.0051"
"","102.1360","2.1892","0.0052"
"","102.2360","2.1992","0.0053"
"","102.3360","2.2091","0.0054"
"","102.4360","2.2195","0.0055"
"","102.5360","2.2293","0.0055"
"","102.6360","2.2391","0.0056"
"","102.7360","2.2493","0.0057"
"","102.8360","2.2594","0.0058"
"","102.9360","2.2693","0.0059"
"","103.0360","2.2791","0.0060"
"","103.1360","2.2893","0.0061"
"","103.2360","2.2994","0.0062"
"","103.3360","2.3092","0.0063"
"","103.4360","2.3192","0.0064"
"","103.5360","2.3293","0.0066"
"","103.6360","2.3395","0.0067"
"","103.7360","2.3492","0.0068"
"","103.8360","2.3592","0.0069"
"","103.9360","2.3693","0.0071"
"","104.0360","2.3793","0.0072"
"","104.1360","2.3894","0.0074"
"","104.2360","2.3993","0.0076"
"","104.3360","2.4093","0.0078"
"","104.4360","2.4191","0.0079"
"","104.5360","2.4294","0.0081"
"","104.6360","2.4393","0.0083"
"","104.7360","2.4493","0.0085"
"","104.8360","2.4592","0.0087"
"","104.9360","2.4695","0.0089"
"","105.0360","2.4793","0.0091"
"","105.1360","2.4891","0.0094"
"","105.2360","2.4993","0.0096"
"","105.3360","2.5093","0.0098"
"","105.4360","2.5193","0.0101"
"","105.5360","2.5291","0.0103"
"","105.6360","2.5394","0.0106"
"","105.7360","2.5494","0.0108"
"","105.8360","2.5592","0.0111"
"","105.9360","2.5693","0.0114"
"","106.0360","2.5793","0.0117"
"","106.1360","2.5895","0.0120"
"","106.2360","2.5990","0.0123"
"","106.3360","2.6093","0.0126"
"","106.4360","2.6193","0.0129"
"","106.5360","2.6293","0.0132"
"","106.6360","2.6394","0.0136"
"","106.7360","2.6494","0.0139"
"","106.8360","2.6594","0.0142"
"","106.9360","2.6690","0.0146"
"","107.0360","2.6795","0.0149"
"","107.1360","2.6893","0.0153"
"","107.2360","2.6992","0.0157"
"","107.3360","2.7092","0.0161"
"","107.4360","2.7195","0.0165"
"","107.5360","2.7294","0.0169"
"","107.6360","2.7391","0.0174"
"","107.7360","2.7493","0.0178"
"","107.8360","2.7595","0.0182"
"","107.9360","2.7693","0.0187"
"","108.0360","2.7790","0.0192"
"","108.1360","2.7893","0.0197"
"","108.2360","2.7995","0.0202"
"","108.3360","2.8092","0.0206"
"","108.4360","2.8192","0.0212"
"","108.5360","2.8294","0.0217"
"","108.6360","2.8395","0.0223"
"","108.7360","2.8491","0.0228"
"","108.8360","2.8592","0.0233"
"","108.9360","2.8693","0.0239"
"","109.0360","2.8793","0.0245"
"","109.1360","2.8893","0.0251"
"","109.2360","2.8993","0.0257"
"","109.3360","2.9094","0.0263"
"","109.4360","2.9191","0.0269"
"","109.5360","2.9295","0.0276"
"","109.6360","2.9393","0.0282"
"","109.7360","2.9493","0.0289"
"","109.8360","2.9591","0.0296"
"","109.9360","2.9695","0.0302"
"","110.0360","2.9793","0.0309"
"","110.1360","2.9891","0.0316"
"","110.2360","2.9993","0.0324"
"","110.3360","3.0095","0.0331"
"","110.4360","3.0193","0.0338"
"","110.5360","3.0291","0.0345"
"","110.6360","3.0393","0.0348"
"","110.7360","3.0495","0.0348"
"","110.8360","3.0592","0.0348"
"","110.9360","3.0692","0.0349"
"","111.0360","3.0792","0.0350"
"","111.1360","3.0892","0.0352"
"","111.2360","3.0989","0.0352"
"","111.3360","3.1092","0.0352"
"","111.4360","3.1194","0.0353"
"","111.5360","3.1293","0.0352"
"","111.6360","3.1394","0.0352"
"","111.7360","3.1494","0.0354"
"","111.8360","3.1595","0.0355"
"","111.9360","3.1692","0.0355"
"","112.0360","3.1794","0.0354"
"","112.1360","3.1893","0.0353"
"","112.2360","3.1993","0.0353"
"","112.3360","3.2092","0.0353"
"","112.4360","3.2195","0.0353"
"","112.5360","3.2293","0.0354"
"","112.6360","3.2391","0.0360"
"","112.7360","3.2493","0.0370"
"","112.8360","3.2593","0.0379"
"","112.9360","3.2694","0.0388"
"","113.0360","3.2791","0.0397"
"","113.1360","3.2894","0.0407"
"","113.2360","3.2994","0.0416"
"","113.3360","3.3091","0.0425"
"","113.4360","3.3193","0.0435"
"","113.5360","3.3294","0.0445"
"","113.6360","3.3394","0.0455"
"","113.7360","3.3490","0.0465"
"","113.8360","3.3593","0.0475"
"","113.9360","3.3693","0.0486"
"","114.0360","3.3794","0.0497"
"","114.1360","3.3892","0.0508"
"","114.2360","3.3994","0.0519"
"","114.3360","3.4094","0.0531"
"","114.4360","3.4190","0.0542"
"","114.5360","3.4294","0.0554"
"","114.6360","3.4393","0.0566"
"","114.7360","3.4493","0.0578"
"","114.8360","3.4592","0.0590"
"","114.9360","3.4694","0.0603"
"","115.0360","3.4794","0.0616"
"","115.1360","3.4892","0.0629"
"","115.2360","3.4993","0.0642"
"","115.3360","3.5094","0.0656"
"","115.4360","3.5193","0.0669"
"","115.5360","3.5291","0.0682"
"","115.6360","3.5393","0.0697"
"","115.7360","3.5495","0.0711"
"","115.8360","3.5591","0.0724"
"","115.9360","3.5692","0.0739"
"","116.0360","3.5794","0.0754"
"","116.1360","3.5895","0.0769"
"","116.2360","3.5990","0.0782"
"","116.3360","3.6093","0.0798"
"","116.4360","3.6194","0.0813"
"","116.5360","3.6293","0.0828"
"","116.6360","3.6392","0.0843"
"","116.7360","3.6494","0.0859"
"","116.8360","3.6595","0.0875"
"","116.9360","3.6691","0.0890"
"","117.0360","3.6794","0.0907"
"","117.1360","3.6892","0.0923"
"","117.2360","3.6992","0.0939"
"","117.3360","3.7091","0.0956"
"","117.4360","3.7195","0.0972"
"","117.5360","3.7293","0.0989"
"","117.6360","3.7391","0.1005"
"","117.7360","3.7493","0.1023"
"","117.8360","3.7594","0.1040"
"","117.9360","3.7693","0.1057"
"","118.0360","3.7790","0.1073"
"","118.1360","3.7893","0.1091"
"","118.2360","3.7995","0.1109"
"","118.3360","3.8092","0.1125"
"","118.4360","3.8192","0.1143"
"","118.5360","3.8293","0.1160"
"","118.6360","3.8395","0.1178"
"","118.7360","3.8491","0.1194"
"","118.8360","3.8592","0.1212"
"","118.9360","3.8693","0.1230"
"","119.0360","3.8793","0.1248"
"","119.1360","3.8894","0.1265"
"","119.2360","3.8994","0.1283"
"","119.3360","3.9093","0.1300"
"","119.4360","3.9191","0.1316"
"","119.5360","3.9294","0.1334"
"","119.6360","3.9392","0.1351"
"","119.7360","3.9492","0.1369"
"","119.8360","3.9592","0.1386"
"","119.9360","3.9695","0.1403"
"","120.0360","3.9793","0.1419"
"","120.1360","3.9891","0.1435"
"","120.2360","3.9993","0.1452"
"","120.2430","4.0000","0.1453"
"","120.2440","4.0001","0.1453"
"","120.2450","4.0002","0.1453"
"","120.3450","4.0005","0.1441"
"","120.4450","3.9929","0.1407"
"","120.5450","3.9813","0.1361"
"","120.6450","3.9705","0.1322"
"","120.7450","3.9603","0.1285"
"","120.8450","3.9506","0.1251"
"","120.9450","3.9407","0.1218"
"","121.0450","3.9306","0.1185"
"","121.1450","3.9204","0.1154"
"","121.2450","3.9107","0.1123"
"","121.3450","3.9006","0.1092"
"","121.4450","3.8904","0.1063"
"","121.5450","3.8804","0.1034"
"","121.6450","3.8708","0.1007"
"","121.7450","3.8606","0.0979"
"","121.8450","3.8504","0.0951"
"","121.9450","3.8406","0.0926"
"","122.0450","3.8305","0.0900"
"","122.1450","3.8205","0.0875"
"","122.2450","3.8105","0.0850"
"","122.3450","3.8007","0.0826"
"","122.4450","3.7905","0.0803"
"","122.5450","3.7805","0.0779"
"","122.6450","3.7706","0.0757"
"","122.7450","3.7605","0.0735"
"","122.8450","3.7504","0.0714"
"","122.9450","3.7406","0.0693"
"","123.0450","3.7308","0.0673"
"","123.1450","3.7204","0.0652"
"","123.2450","3.7103","0.0633"
"","123.3450","3.7006","0.0614"
"","123.4450","3.6907","0.0596"
"","123.5450","3.6805","0.0578"
"","123.6450","3.6703","0.0560"
"","123.7450","3.6607","0.0544"
"","123.8450","3.6505","0.0527"
"","123.9450","3.6404","0.0511"
"","124.0450","3.6304","0.0496"
"","124.1450","3.6207","0.0482"
"","124.2450","3.6105","0.0467"
"","124.3450","3.6004","0.0453"
"","124.4450","3.5906","0.0440"
"","124.5450","3.5805","0.0427"
"","124.6450","3.5704","0.0415"
"","124.7450","3.5604","0.0403"
"","124.8450","3.5507","0.0392"
"","124.9450","3.5404","0.0380"
"","125.0450","3.5305","0.0369"
"","125.1450","3.5206","0.0359"
"","125.2450","3.5105","0.0349"
"","125.3450","3.5004","0.0339"
"","125.4450","3.4906","0.0331"
"","125.5450","3.4807","0.0327"
"","125.6450","3.4703","0.0327"
"","125.7450","3.4604","0.0325"
"","125.8450","3.4505","0.0322"
"","125.9450","3.4406","0.0322"
"","126.0450","3.4304","0.0321"
"","126.1450","3.4204","0.0320"
"","126.2450","3.4107","0.0319"
"","126.3450","3.4004","0.0319"
"","126.4450","3.3903","0.0320"
"","126.5450","3.3804","0.0321"
"","126.6450","3.3707","0.0321"
"","126.7450","3.3605","0.0321"
"","126.8450","3.3504","0.0321"
"","126.9450","3.3407","0.0322"
"","127.0450","3.3305","0.0321"
"","127.1450","3.3205","0.0321"
"","127.2450","3.3104","0.0321"
"","127.3450","3.3007","0.0321"
"","127.4450","3.2904","0.0321"
"","127.5450","3.2804","0.0312"
"","127.6450","3.2706","0.0303"
"","127.7450","3.2604","0.0293"
"","127.8450","3.2504","0.0284"
"","127.9450","3.2405","0.0275"
"","128.0450","3.2308","0.0267"
"","128.1450","3.2204","0.0258"
"","128.2450","3.2103","0.0251"
"","128.3450","3.2005","0.0243"
"","128.4450","3.1906","0.0236"
"","128.5450","3.1805","0.0229"
"","128.6450","3.1704","0.0223"
"","128.7450","3.1607","0.0216"
"","128.8450","3.1505","0.0210"
"","128.9450","3.1404","0.0204"
"","129.0450","3.1304","0.0198"
"","129.1450","3.1207","0.0193"
"","129.2450","3.1106","0.0187"
"","129.3450","3.1004","0.0182"
"","129.4450","3.0906","0.0177"
"","129.5450","3.0805","0.0172"
"","129.6450","3.0705","0.0167"
"","129.7450","3.0604","0.0162"
"","129.8450","3.0507","0.0158"
"","129.9450","3.0404","0.0154"
"","130.0450","3.0304","0.0149"
"","130.1450","3.0205","0.0145"
"","130.2450","3.0105","0.0141"
"","130.3450","3.0004","0.0138"
"","130.4450","2.9905","0.0134"
"","130.5450","2.9808","0.0130"
"","130.6450","2.9704","0.0127"
"","130.7450","2.9603","0.0123"
"","130.8450","2.9506","0.0120"
"","130.9450","2.9407","0.0117"
"","131.0450","2.9306","0.0114"
"","131.1450","2.9203","0.0111"
"","131.2450","2.9107","0.0108"
"","131.3450","2.9005","0.0105"
"","131.4450","2.8905","0.0102"
"","131.5450","2.8804","0.0099"
"","131.6450","2.8707","0.0097"
"","131.7450","2.8606","0.0094"
"","131.8450","2.8505","0.0092"
"","131.9450","2.8406","0.0089"
"","132.0450","2.8304","0.0087"
"","132.1450","2.8205","0.0085"
"","132.2450","2.8104","0.0083"
"","132.3450","2.8006","0.0081"
"","132.4450","2.7903","0.0079"
"","132.5450","2.7805","0.0077"
"","132.6450","2.7707","0.0075"
"","132.7450","2.7605","0.0073"
"","132.8450","2.7504","0.0071"
"","132.9450","2.7406","0.0069"
"","133.0450","2.7307","0.0068"
"","133.1450","2.7204","0.0066"
"","133.2450","2.7103","0.0064"
"","133.3450","2.7006","0.0063"
"","133.4450","2.6906","0.0061"
"","133.5450","2.6805","0.0059"
"","133.6450","2.6703","0.0058"
"","133.7450","2.6607","0.0057"
"","133.8450","2.6505","0.0055"
"","133.9450","2.6403","0.0054"
"","134.0450","2.6304","0.0053"
"","134.1450","2.6207","0.0052"
"","134.2450","2.6106","0.0050"
"","134.3450","2.6005","0.0050"
"","134.4450","2.5906","0.0049"
"","134.5450","2.5804","0.0048"
"","134.6450","2.5704","0.0047"
"","134.7450","2.5605","0.0046"
"","134.8450","2.5507","0.0045"
"","134.9450","2.5403","0.0044"
"","135.0450","2.5304","0.0043"
"","135.1450","2.5206","0.0043"
"","135.2450","2.5105","0.0042"
"","135.3450","2.5004","0.0041"
"","135.4450","2.4906","0.0041"
"","135.5450","2.4809","0.0040"
"","135.6450","2.4704","0.0039"
"","135.7450","2.4603","0.0039"
"","135.8450","2.4506","0.0038"
"","135.9450","2.4407","0.0037"
"","136.0450","2.4305","0.0037"
"","136.1450","2.4203","0.0036"
"","136.2450","2.4107","0.0036"
"","136.3450","2.4005","0.0035"
"","136.4450","2.3904","0.0034"
"","136.5450","2.3804","0.0034"
"","136.6450","2.3707","0.0033"
"","136.7450","2.3606","0.0033"
"","136.8450","2.3505","0.0032"
"","136.9450","2.3405","0.0032"
"","137.0450","2.3305","0.0031"
"","137.1450","2.3205","0.0031"
"","137.2450","2.3105","0.0030"
"","137.3450","2.3007","0.0030"
"","137.4450","2.2904","0.0029"
"","137.5450","2.2804","0.0029"
"","137.6450","2.2705","0.0028"
"","137.7450","2.2605","0.0028"
"","137.8450","2.2504","0.0027"
"","137.9450","2.2405","0.0027"
"","138.0450","2.2307","0.0027"
"","138.1450","2.2204","0.0026"
"","138.2450","2.2103","0.0026"
"","138.3450","2.2006","0.0025"
"","138.4450","2.1907","0.0025"
"","138.5450","2.1805","0.0024"
"","138.6450","2.1703","0.0024"
"","138.7450","2.1607","0.0024"
"","138.8450","2.1505","0.0023"
"","138.9450","2.1404","0.0023"
"","139.0450","2.1304","0.0023"
"","139.1450","2.1207","0.0022"
"","139.2450","2.1106","0.0022"
"","139.3450","2.1005","0.0021"
"","139.4450","2.0905","0.0021"
"","139.5450","2.0804","0.0021"
"","139.6450","2.0705","0.0021"
"","139.7450","2.0605","0.0020"
"","139.8450","2.0506","0.0020"
"","139.9450","2.0404","0.0020"
"","140.0450","2.0305","0.0019"
"","140.1450","2.0207","0.0019"
"","140.2450","2.0105","0.0019"
"","140.3450","2.0004","0.0019"
"","140.4450","1.9906","0.0018"
"","140.5450","1.9807","0.0018"
"","140.6450","1.9704","0.0018"
"","140.7450","1.9603","0.0017"
"","140.8450","1.9506","0.0017"
"","140.9450","1.9407","0.0017"
"","141.0450","1.9304","0.0017"
"","141.1450","1.9203","0.0016"
"","141.2450","1.9107","0.0016"
"","141.3450","1.9005","0.0016"
"","141.4450","1.8903","0.0016"
"","141.5450","1.8804","0.0015"
"","141.6450","1.8707","0.0015"
"","141.7450","1.8606","0.0015"
"","141.8450","1.8505","0.0015"
"","141.9450","1.8406","0.0014"
"","142.0450","1.8304","0.0014"
"","142.1450","1.8205","0.0014"
"","142.2450","1.8105","0.0014"
"","142.3450","1.8007","0.0014"
"","142.4450","1.7903","0.0013"
"","142.5450","1.7805","0.0013"
"","142.6450","1.7707","0.0013"
"","142.7450","1.7605","0.0013"
"","142.8450","1.7503","0.0012"
"","142.9450","1.7405","0.0012"
"","143.0450","1.7309","0.0012"
"","143.1450","1.7204","0.0012"
"","143.2450","1.7103","0.0012"
"","143.3450","1.7005","0.0011"
"","143.4450","1.6907","0.0011"
"","143.5450","1.6805","0.0011"
"","143.6450","1.6704","0.0011"
"","143.7450","1.6606","0.0011"
"","143.8450","1.6505","0.0010"
"","143.9450","1.6404","0.0010"
"","144.0450","1.6305","0.0010"
"","144.1450","1.6207","0.0010"
"","144.2450","1.6105","0.0010"
"","144.3450","1.6004","0.0010"
"","144.4450","1.5906","0.0009"
"","144.5450","1.5804","0.0009"
"","144.6450","1.5704","0.0009"
"","144.7450","1.5604","0.0009"
"","144.8450","1.5508","0.0009"
"","144.9450","1.5405","0.0009"
"","145.0450","1.5304","0.0009"
"","145.1450","1.5205","0.0008"
"","145.2450","1.5105","0.0008"
"","145.3450","1.5004","0.0008"
"","145.4450","1.4904","0.0008"
"","145.5450","1.4807","0.0008"
"","145.6450","1.4704","0.0008"
"","145.7450","1.4604","0.0008"
"","145.8450","1.4506","0.0007"
"","145.9450","1.4407","0.0007"
"","146.0450","1.4305","0.0007"
"","146.1450","1.4204","0.0007"
"","146.2450","1.4106","0.0007"
"","146.3450","1.4005","0.0007"
"","146.4450","1.3904","0.0007"
"","146.5450","1.3805","0.0006"
"","146.6450","1.3707","0.0006"
"","146.7450","1.3606","0.0006"
"","146.8450","1.3504","0.0006"
"","146.9450","1.3406","0.0006"
"","147.0450","1.3304","0.0006"
"","147.1450","1.3205","0.0006"
"","147.2450","1.3104","0.0006"
"","147.3450","1.3007","0.0005"
"","147.4450","1.2903","0.0005"
"","147.5450","1.2805","0.0005"
"","147.6450","1.2707","0.0005"
"","147.7450","1.2605","0.0005"
"","147.8450","1.2504","0.0005"
"","147.9450","1.2406","0.0005"
"","148.0450","1.2307","0.0004"
"","148.1450","1.2204","0.0004"
"","148.2450","1.2103","0.0004"
"","148.3450","1.2006","0.0004"
"","148.4450","1.1906","0.0004"
"","148.5450","1.1805","0.0004"
"","148.6450","1.1704","0.0004"
"","148.7450","1.1607","0.0004"
"","148.8450","1.1505","0.0004"
"","148.9450","1.1403","0.0003"
"","149.0450","1.1304","0.0003"
"","149.1450","1.1207","0.0003"
"","149.2450","1.1106","0.0003"
"","149.3450","1.1004","0.0003"
"","149.4450","1.0906","0.0003"
"","149.5450","1.0805","0.0003"
"","149.6450","1.0705","0.0003"
"","149.7450","1.0605","0.0003"
"","149.8450","1.0507","0.0003"
"","149.9450","1.0403","0.0003"
"","150.0450","1.0305","0.0002"
"","150.1450","1.0207","0.0002"
"","150.2450","1.0105","0.0002"
"","150.3450","1.0004","0.0002"
"","150.4450","0.9906","0.0002"
"","150.5450","0.9808","0.0002"
"","150.6450","0.9704","0.0002"
"","150.7450","0.9602","0.0002"
"","150.8450","0.9505","0.0002"
"","150.9450","0.9406","0.0002"
"","151.0450","0.9305","0.0002"
"","151.1450","0.9203","0.0002"
"","151.2450","0.9108","0.0002"
"","151.3450","0.9005","0.0002"
"","151.4450","0.8904","0.0002"
"","151.5450","0.8804","0.0002"
"","151.6450","0.8707","0.0002"
"","151.7450","0.8606","0.0001"
"","151.8450","0.8504","0.0001"
"","151.9450","0.8406","0.0001"
"","152.0450","0.8305","0.0001"
"","152.1450","0.8205","0.0001"
"","152.2450","0.8105","0.0001"
"","152.3450","0.8007","0.0001"
"","152.4450","0.7905","0.0001"
"","152.5450","0.7805","0.0001"
"","152.6450","0.7705","0.0001"
"","152.7450","0.7604","0.0001"
"","152.8450","0.7504","0.0001"
"","152.9450","0.7405","0.0001"
"","153.0450","0.7308","0.0001"
"","153.1450","0.7204","0.0001"
"","153.2450","0.7103","0.0001"
"","153.3450","0.7006","0.0001"
"","153.4450","0.6907","0.0001"
"","153.5450","0.6805","0.0001"
"","153.6450","0.6703","0.0001"
"","153.7450","0.6607","0.0001"
"","153.8450","0.6505","0.0001"
"","153.9450","0.6404","0.0001"
"","154.0450","0.6304","0.0000"
"","154.1450","0.6207","0.0000"
"","154.2450","0.6106","0.0000"
"","154.3450","0.6005","0.0000"
"","154.4450","0.5905","0.0000"
"","154.5450","0.5805","0.0000"
"","154.6450","0.5704","0.0000"
"","154.7450","0.5604","0.0000"
"","154.8450","0.5506","0.0000"
"","154.9450","0.5404","0.0000"
"","155.0450","0.5305","0.0000"
"","155.1450","0.5206","0.0000"
"","155.2450","0.5105","0.0000"
"","155.3450","0.5004","0.0000"
"","155.4450","0.4906","0.0000"
"","155.5450","0.4807","0.0000"
"","155.6450","0.4704","0.0000"
"","155.7450","0.4604","0.0000"
"","155.8450","0.4506","0.0000"
"","155.9450","0.4406","0.0000"
"","156.0450","0.4304","0.0000"
"","156.1450","0.4203","0.0000"
"","156.2450","0.4108","0.0000"
"","156.3450","0.4005","0.0000"
"","156.4450","0.3903","0.0000"
"","156.5450","0.3804","0.0000"
"","156.6450","0.3707","0.0000"
"","156.7450","0.3605","0.0000"
"","156.8450","0.3504","0.0000"
"","156.9450","0.3406","-0.0001"
"","157.0450","0.3305","0.0000"
"","157.1450","0.3204","0.0000"
"","157.2450","0.3104","-0.0001"
"","157.3450","0.3007","-0.0001"
"","157.4450","0.2904","-0.0001"
"","157.5450","0.2804","-0.0001"
"","157.6450","0.2706","-0.0001"
"","157.7450","0.2605","-0.0001"
"","157.8450","0.2503","-0.0001"
"","157.9450","0.2405","-0.0001"
"","158.0450","0.2308","-0.0001"
"","158.1450","0.2204","-0.0001"
"","158.2450","0.2103","-0.0001"
"","158.3450","0.2005","-0.0001"
"","158.4450","0.1907","-0.0001"
"","158.5450","0.1805","-0.0001"
"","158.6450","0.1703","-0.0001"
"","158.7450","0.1607","-0.0001"
"","158.8450","0.1505","-0.0001"
"","158.9450","0.1404","-0.0001"
"","159.0450","0.1304","-0.0001"
"","159.1450","0.1207","-0.0001"
"","159.2450","0.1106","-0.0001"
"","159.3450","0.1004","-0.0001"
"","159.4450","0.0905","-0.0001"
"","159.5450","0.0805","-0.0001"
"","159.6450","0.0705","-0.0001"
"","159.7450","0.0605","-0.0001"
"","159.8450","0.0507","-0.0001"
"","159.9450","0.0404","-0.0001"
"","160.0450","0.0304","-0.0001"
"","160.1450","0.0206","-0.0001"
"","160.2450","0.0106","-0.0001"
"","160.3450","0.0007","-0.0001"
"","160.3520","0.0000","-0.0001"
"","160.3530","-0.0001","-0.0001"
"","160.3540","-0.0002","-0.0001"
"","160.4540","-0.0006","-0.0001"
"","160.5540","0.0068","-0.0001"
"","160.6540","0.0187","-0.0001"
"","160.7540","0.0290","-0.0001"
"","160.8540","0.0394","-0.0001"
"","160.9540","0.0495","-0.0001"
"","161.0540","0.0592","-0.0001"
"","161.1540","0.0692","-0.0001"
"","161.2540","0.0793","-0.0001"
"","161.3540","0.0895","-0.0001"
"","161.4540","0.0991","-0.0001"
"","161.5540","0.1093","-0.0001"
"","161.6540","0.1193","-0.0001"
"","161.7540","0.1293","-0.0001"
"","161.8540","0.1393","-0.0001"
"","161.9540","0.1493","-0.0001"
"","162.0540","0.1594","-0.0001"
"","162.1540","0.1691","-0.0001"
"","162.2540","0.1793","-0.0001"
"","162.3540","0.1892","-0.0001"
"","162.4540","0.1992","-0.0001"
"","162.5540","0.2092","-0.0001"
"","162.6540","0.2194","-0.0001"
"","162.7540","0.2293","0.0000"
"","162.8540","0.2391","0.0000"
"","162.9540","0.2494","0.0000"
"","163.0540","0.2593","0.0000"
"","163.1540","0.2693","0.0000"
"","163.2540","0.2791","0.0000"
"","163.3540","0.2894","0.0000"
"","163.4540","0.2995","0.0000"
"","163.5540","0.3092","0.0000"
"","163.6540","0.3193","0.0000"
"","163.7540","0.3294","0.0000"
"","163.8540","0.3395","0.0000"
"","163.9540","0.3490","0.0000"
"","164.0540","0.3593","0.0000"
"","164.1540","0.3693","0.0000"
"","164.2540","0.3794","0.0000"
"","164.3540","0.3893","0.0000"
"","164.4540","0.3994","0.0000"
"","164.5540","0.4094","0.0000"
"","164.6540","0.4190","0.0000"
"","164.7540","0.4294","0.0000"
"","164.8540","0.4393","0.0000"
"","164.9540","0.4493","0.0000"
"","165.0540","0.4592","0.0000"
"","165.1540","0.4695","0.0000"
"","165.2540","0.4794","0.0000"
"","165.3540","0.4891","0.0000"
"","165.4540","0.4993","0.0000"
"","165.5540","0.5095","0.0001"
"","165.6540","0.5193","0.0001"
"","165.7540","0.5291","0.0001"
"","165.8540","0.5393","0.0001"
"","165.9540","0.5495","0.0001"
"","166.0540","0.5591","0.0001"
"","166.1540","0.5692","0.0001"
"","166.2540","0.5794","0.0001"
"","166.3540","0.5895","0.0001"
"","166.4540","0.5990","0.0001"
"","166.5540","0.6092","0.0001"
"","166.6540","0.6193","0.0001"
"","166.7540","0.6293","0.0001"
"","166.8540","0.6393","0.0001"
"","166.9540","0.6494","0.0001"
"","167.0540","0.6594","0.0001"
"","167.1540","0.6691","0.0001"
"","167.2540","0.6794","0.0001"
"","167.3540","0.6893","0.0002"
"","167.4540","0.6993","0.0002"
"","167.5540","0.7092","0.0002"
"","167.6540","0.7195","0.0002"
"","167.7540","0.7293","0.0002"
"","167.8540","0.7391","0.0002"
"","167.9540","0.7493","0.0002"
"","168.0540","0.7594","0.0002"
"","168.1540","0.7693","0.0002"
"","168.2540","0.7791","0.0002"
"","168.3540","0.7894","0.0002"
"","168.4540","0.7995","0.0002"
"","168.5540","0.8092","0.0002"
"","168.6540","0.8192","0.0003"
"","168.7540","0.8293","0.0003"
"","168.8540","0.8395","0.0003"
"","168.9540","0.8491","0.0003"
"","169.0540","0.8592","0.0003"
"","169.1540","0.8693","0.0003"
"","169.2540","0.8793","0.0003"
"","169.3540","0.8893","0.0003"
"","169.4540","0.8993","0.0003"
"","169.5540","0.9093","0.0003"
"","169.6540","0.9191","0.0004"
"","169.7540","0.9294","0.0004"
"","169.8540","0.9393","0.0004"
"","169.9540","0.9493","0.0004"
"","170.0540","0.9592","0.0004"
"","170.1540","0.9695","0.0004"
"","170.2540","0.9794","0.0004"
"","170.3540","0.9891","0.0004"
"","170.4540","0.9993","0.0005"
"","170.5540","1.0094","0.0005"
"","170.6540","1.0194","0.0005"
"","170.7540","1.0291","0.0005"
"","170.8540","1.0394","0.0005"
"","170.9540","1.0495","0.0005"
"","171.0540","1.0592","0.0005"
"","171.1540","1.0693","0.0006"
"","171.2540","1.0793","0.0006"
"","171.3540","1.0895","0.0006"
"","171.4540","1.0991","0.0006"
"","171.5540","1.1094","0.0006"
"","171.6540","1.1193","0.0006"
"","171.7540","1.1293","0.0007"
"","171.8540","1.1393","0.0007"
"","171.9540","1.1494","0.0007"
"","172.0540","1.1593","0.0007"
"","172.1540","1.1691","0.0007"
"","172.2540","1.1794","0.0008"
"","172.3540","1.1893","0.0008"
"","172.4540","1.1992","0.0008"
"","172.5540","1.2092","0.0008"
"","172.6540","1.2195","0.0008"
"","172.7540","1.2294","0.0008"
"","172.8540","1.2391","0.0009"
"","172.9540","1.2493","0.0009"
"","173.0540","1.2594","0.0009"
"","173.1540","1.2694","0.0009"
"","173.2540","1.2791","0.0009"
"","173.3540","1.2893","0.0010"
"","173.4540","1.2994","0.0010"
"","173.5540","1.3092","0.0010"
"","173.6540","1.3192","0.0010"
"","173.7540","1.3294","0.0010"
"","173.8540","1.3395","0.0011"
"","173.9540","1.3491","0.0011"
"","174.0540","1.3593","0.0011"
"","174.1540","1.3693","0.0011"
"","174.2540","1.3792","0.0012"
"","174.3540","1.3892","0.0012"
"","174.4540","1.3995","0.0012"
"","174.5540","1.4094","0.0012"
"","174.6540","1.4191","0.0012"
"","174.7540","1.4294","0.0013"
"","174.8540","1.4393","0.0013"
"","174.9540","1.4493","0.0013"
"","175.0540","1.4591","0.0013"
"","175.1540","1.4694","0.0013"
"","175.2540","1.4794","0.0014"
"","175.3540","1.4891","0.0014"
"","175.4540","1.4993","0.0014"
"","175.5540","1.5094","0.0014"
"","175.6540","1.5194","0.0015"
"","175.7540","1.5291","0.0015"
"","175.8540","1.5394","0.0015"
"","175.9540","1.5494","0.0015"
"","176.0540","1.5593","0.0016"
"","176.1540","1.5692","0.0016"
"","176.2540","1.5794","0.0016"
"","176.3540","1.5895","0.0017"
"","176.4540","1.5992","0.0017"
"","176.5540","1.6092","0.0017"
"","176.6540","1.6193","0.0018"
"","176.7540","1.6293","0.0018"
"","176.8540","1.6393","0.0018"
"","176.9540","1.6493","0.0018"
"","177.0540","1.6593","0.0019"
"","177.1540","1.6691","0.0019"
"","177.2540","1.6794","0.0019"
"","177.3540","1.6893","0.0020"
"","177.4540","1.6992","0.0020"
"","177.5540","1.7093","0.0020"
"","177.6540","1.7195","0.0021"
"","177.7540","1.7293","0.0021"
"","177.8540","1.7391","0.0022"
"","177.9540","1.7494","0.0022"
"","178.0540","1.7594","0.0022"
"","178.1540","1.7694","0.0023"
"","178.2540","1.7791","0.0023"
"","178.3540","1.7894","0.0024"
"","178.4540","1.7995","0.0024"
"","178.5540","1.8092","0.0024"
"","178.6540","1.8193","0.0023"
"","178.7540","1.8293","0.0024"
"","178.8540","1.8395","0.0025"
"","178.9540","1.8491","0.0025"
"","179.0540","1.8593","0.0026"
"","179.1540","1.8693","0.0026"
"","179.2540","1.8793","0.0027"
"","179.3540","1.8894","0.0027"
"","179.4540","1.8994","0.0028"
"","179.5540","1.9093","0.0028"
"","179.6540","1.9190","0.0029"
"","179.7540","1.9295","0.0029"
"","179.8540","1.9393","0.0030"
"","179.9540","1.9492","0.0030"
"","180.0540","1.9592","0.0031"
"","180.1540","1.9696","0.0031"
"","180.2540","1.9794","0.0032"
"","180.3540","1.9891","0.0033"
"","180.4540","1.9993","0.0033"
"","180.5540","2.0095","0.0034"
"","180.6540","2.0193","0.0032"
"","180.7540","2.0290","0.0034"
"","180.8540","2.0393","0.0035"
"","180.9540","2.0495","0.0035"
"","181.0540","2.0591","0.0036"
"","181.1540","2.0692","0.0037"
"","181.2540","2.0793","0.0038"
"","181.3540","2.0895","0.0038"
"","181.4540","2.0992","0.0039"
"","181.5540","2.1092","0.0040"
"","181.6540","2.1193","0.0040"
"","181.7540","2.1293","0.0041"
"","181.8540","2.1393","0.0042"
"","181.9540","2.1494","0.0042"
"","182.0540","2.1594","0.0043"
"","182.1540","2.1691","0.0044"
"","182.2540","2.1795","0.0045"
"","182.3540","2.1892","0.0046"
"","182.4540","2.1992","0.0045"
"","182.5540","2.2092","0.0045"
"","182.6540","2.2195","0.0047"
"","182.7540","2.2294","0.0048"
"","182.8540","2.2391","0.0048"
"","182.9540","2.2493","0.0049"
"","183.0540","2.2594","0.0050"
"","183.1540","2.2693","0.0051"
"","183.2540","2.2791","0.0052"
"","183.3540","2.2893","0.0053"
"","183.4540","2.2994","0.0054"
"","183.5540","2.3092","0.0055"
"","183.6540","2.3192","0.0056"
"","183.7540","2.3293","0.0057"
"","183.8540","2.3395","0.0058"
"","183.9540","2.3492","0.0059"
"","184.0540","2.3592","0.0060"
"","184.1540","2.3693","0.0061"
"","184.2540","2.3793","0.0062"
"","184.3540","2.3894","0.0060"
"","184.4540","2.3993","0.0063"
"","184.5540","2.4093","0.0064"
"","184.6540","2.4191","0.0066"
"","184.7540","2.4294","0.0067"
"","184.8540","2.4393","0.0069"
"","184.9540","2.4493","0.0070"
"","185.0540","2.4592","0.0072"
"","185.1540","2.4695","0.0074"
"","185.2540","2.4793","0.0075"
"","185.3540","2.4891","0.0077"
"","185.4540","2.4993","0.0079"
"","185.5540","2.5093","0.0081"
"","185.6540","2.5193","0.0083"
"","185.7540","2.5291","0.0085"
"","185.8540","2.5394","0.0087"
"","185.9540","2.5494","0.0089"
"","186.0540","2.5592","0.0091"
"","186.1540","2.5692","0.0094"
"","186.2540","2.5793","0.0096"
"","186.3540","2.5895","0.0099"
"","186.4540","2.5991","0.0101"
"","186.5540","2.6093","0.0103"
"","186.6540","2.6193","0.0106"
"","186.7540","2.6293","0.0108"
"","186.8540","2.6394","0.0111"
"","186.9540","2.6494","0.0114"
"","187.0540","2.6594","0.0117"
"","187.1540","2.6690","0.0119"
"","187.2540","2.6795","0.0122"
"","187.3540","2.6893","0.0125"
"","187.4540","2.6992","0.0128"
"","187.5540","2.7092","0.0131"
"","187.6540","2.7195","0.0135"
"","187.7540","2.7294","0.0138"
"","187.8540","2.7391","0.0141"
"","187.9540","2.7492","0.0145"
"","188.0540","2.7595","0.0149"
"","188.1540","2.7693","0.0152"
"","188.2540","2.7790","0.0156"
"","188.3540","2.7893","0.0160"
"","188.4540","2.7995","0.0164"
"","188.5540","2.8092","0.0168"
"","188.6540","2.8192","0.0173"
"","188.7540","2.8294","0.0178"
"","188.8540","2.8395","0.0182"
"","188.9540","2.8491","0.0187"
"","189.0540","2.8592","0.0192"
"","189.1540","2.8693","0.0197"
"","189.2540","2.8793","0.0202"
"","189.3540","2.8893","0.0207"
"","189.4540","2.8994","0.0212"
"","189.5540","2.9094","0.0218"
"","189.6540","2.9190","0.0223"
"","189.7540","2.9295","0.0229"
"","189.8540","2.9393","0.0235"
"","189.9540","2.9493","0.0241"
"","190.0540","2.9591","0.0247"
"","190.1540","2.9695","0.0254"
"","190.2540","2.9793","0.0260"
"","190.3540","2.9891","0.0266"
"","190.4540","2.9993","0.0273"
"","190.5540","3.0095","0.0280"
"","190.6540","3.0193","0.0287"
"","190.7540","3.0291","0.0294"
"","190.8540","3.0393","0.0301"
"","190.9540","3.0494","0.0309"
"","191.0540","3.0592","0.0316"
"","191.1540","3.0692","0.0324"
"","191.2540","3.0793","0.0331"
"","191.3540","3.0894","0.0339"
"","191.4540","3.0991","0.0347"
"","191.5540","3.1092","0.0349"
"","191.6540","3.1194","0.0348"
"","191.7540","3.1293","0.0348"
"","191.8540","3.1394","0.0349"
"","191.9540","3.1493","0.0349"
"","192.0540","3.1593","0.0350"
"","192.1540","3.1691","0.0351"
"","192.2540","3.1794","0.0352"
"","192.3540","3.1893","0.0352"
"","192.4540","3.1993","0.0352"
"","192.5540","3.2092","0.0352"
"","192.6540","3.2195","0.0354"
"","192.7540","3.2293","0.0354"
"","192.8540","3.2391","0.0354"
"","192.9540","3.2493","0.0352"
"","193.0540","3.2593","0.0352"
"","193.1540","3.2694","0.0353"
"","193.2540","3.2792","0.0353"
"","193.3540","3.2894","0.0353"
"","193.4540","3.2994","0.0355"
"","193.5540","3.3091","0.0363"
"","193.6540","3.3193","0.0372"
"","193.7540","3.3294","0.0382"
"","193.8540","3.3394","0.0392"
"","193.9540","3.3490","0.0401"
"","194.0540","3.3593","0.0411"
"","194.1540","3.3693","0.0421"
"","194.2540","3.3794","0.0431"
"","194.3540","3.3892","0.0441"
"","194.4540","3.3994","0.0452"
"","194.5540","3.4092","0.0463"
"","194.6540","3.4190","0.0473"
"","194.7540","3.4294","0.0485"
"","194.8540","3.4393","0.0496"
"","194.9540","3.4493","0.0507"
"","195.0540","3.4592","0.0518"
"","195.1540","3.4693","0.0530"
"","195.2540","3.4794","0.0543"
"","195.3540","3.4891","0.0555"
"","195.4540","3.4993","0.0568"
"","195.5540","3.5094","0.0581"
"","195.6540","3.5193","0.0594"
"","195.7540","3.5291","0.0607"
"","195.8540","3.5394","0.0621"
"","195.9540","3.5495","0.0635"
"","196.0540","3.5592","0.0648"
"","196.1540","3.5693","0.0663"
"","196.2540","3.5795","0.0678"
"","196.3540","3.5895","0.0693"
"","196.4540","3.5991","0.0707"
"","196.5540","3.6093","0.0722"
"","196.6540","3.6194","0.0737"
"","196.7540","3.6293","0.0752"
"","196.8540","3.6392","0.0768"
"","196.9540","3.6494","0.0784"
"","197.0540","3.6595","0.0801"
"","197.1540","3.6691","0.0816"
"","197.2540","3.6794","0.0833"
"","197.3540","3.6892","0.0849"
"","197.4540","3.6992","0.0866"
"","197.5540","3.7091","0.0883"
"","197.6540","3.7195","0.0900"
"","197.7540","3.7293","0.0918"
"","197.8540","3.7391","0.0935"
"","197.9540","3.7493","0.0953"
"","198.0540","3.7594","0.0971"
"","198.1540","3.7693","0.0988"
"","198.2540","3.7791","0.1006"
"","198.3540","3.7893","0.1025"
"","198.4540","3.7994","0.1044"
"","198.5540","3.8092","0.1061"
"","198.6540","3.8192","0.1080"
"","198.7540","3.8293","0.1099"
"","198.8540","3.8395","0.1117"
"","198.9540","3.8491","0.1135"
"","199.0540","3.8592","0.1155"
"","199.1540","3.8693","0.1174"
"","199.2540","3.8793","0.1193"
"","199.3540","3.8893","0.1212"
"","199.4540","3.8993","0.1232"
"","199.5540","3.9093","0.1252"
"","199.6540","3.9191","0.1270"
"","199.7540","3.9294","0.1290"
"","199.8540","3.9392","0.1309"
"","199.9540","3.9492","0.1328"
"","200.0540","3.9592","0.1348"
"","200.1540","3.9695","0.1367"
"","200.2540","3.9793","0.1386"
"","200.3540","3.9891","0.1404"
"","200.4540","3.9993","0.1423"
"","200.4610","4.0000","0.1424"
"","200.4620","4.0001","0.1424"
"","200.4630","4.0002","0.1424"
"","200.5630","4.0005","0.1414"
"","200.6630","3.9929","0.1381"
"","200.7630","3.9813","0.1336"
"","200.8630","3.9705","0.1297"
"","200.9630","3.9603","0.1261"
"","201.0630","3.9506","0.1227"
"","201.1630","3.9407","0.1193"
"","201.2630","3.9306","0.1161"
"","201.3630","3.9204","0.1129"
"","201.4630","3.9107","0.1099"
"","201.5630","3.9006","0.1068"
"","201.6630","3.8904","0.1038"
"","201.7630","3.8804","0.1011"
"","201.8630","3.8708","0.0983"
"","201.9630","3.8606","0.0955"
"","202.0630","3.8504","0.0928"
"","202.1630","3.8406","0.0903"
"","202.2630","3.8305","0.0877"
"","202.3630","3.8205","0.0852"
"","202.4630","3.8105","0.0827"
"","202.5630","3.8007","0.0804"
"","202.6630","3.7905","0.0781"
"","202.7630","3.7805","0.0758"
"","202.8630","3.7706","0.0735"
"","202.9630","3.7605","0.0713"
"","203.0630","3.7504","0.0692"
"","203.1630","3.7406","0.0672"
"","203.2630","3.7308","0.0652"
"","203.3630","3.7204","0.0632"
"","203.4630","3.7103","0.0613"
"","203.5630","3.7006","0.0595"
"","203.6630","3.6907","0.0577"
"","203.7630","3.6806","0.0559"
"","203.8630","3.6703","0.0542"
"","203.9630","3.6608","0.0526"
"","204.0630","3.6505","0.0509"
"","204.1630","3.6404","0.0494"
"","204.2630","3.6304","0.0479"
"","204.3630","3.6207","0.0465"
"","204.4630","3.6105","0.0451"
"","204.5630","3.6004","0.0438"
"","204.6630","3.5906","0.0425"
"","204.7630","3.5805","0.0413"
"","204.8630","3.5704","0.0400"
"","204.9630","3.5604","0.0389"
"","205.0630","3.5507","0.0378"
"","205.1630","3.5404","0.0367"
"","205.2630","3.5305","0.0356"
"","205.3630","3.5206","0.0347"
"","205.4630","3.5105","0.0337"
"","205.5630","3.5004","0.0329"
"","205.6630","3.4906","0.0325"
"","205.7630","3.4807","0.0326"
"","205.8630","3.4704","0.0325"
"","205.9630","3.4604","0.0324"
"","206.0630","3.4505","0.0323"
"","206.1630","3.4406","0.0323"
"","206.2630","3.4304","0.0322"
"","206.3630","3.4204","0.0321"
"","206.4630","3.4107","0.0320"
"","206.5630","3.4005","0.0321"
"","206.6630","3.3903","0.0322"
"","206.7630","3.3804","0.0321"
"","206.8630","3.3707","0.0321"
"","206.9630","3.3605","0.0322"
"","207.0630","3.3504","0.0322"
"","207.1630","3.3407","0.0322"
"","207.2630","3.3305","0.0322"
"","207.3630","3.3205","0.0322"
"","207.4630","3.3104","0.0321"
"","207.5630","3.3007","0.0320"
"","207.6630","3.2904","0.0310"
"","207.7630","3.2805","0.0300"
"","207.8630","3.2706","0.0291"
"","207.9630","3.2604","0.0281"
"","208.0630","3.2504","0.0273"
"","208.1630","3.2405","0.0265"
"","208.2630","3.2308","0.0257"
"","208.3630","3.2204","0.0249"
"","208.4630","3.2103","0.0241"
"","208.5630","3.2005","0.0234"
"","208.6630","3.1907","0.0228"
"","208.7630","3.1805","0.0221"
"","208.8630","3.1703","0.0214"
"","208.9630","3.1607","0.0208"
"","209.0630","3.1505","0.0202"
"","209.1630","3.1404","0.0196"
"","209.2630","3.1304","0.0191"
"","209.3630","3.1207","0.0186"
"","209.4630","3.1106","0.0180"
"","209.5630","3.1005","0.0175"
"","209.6630","3.0906","0.0170"
"","209.7630","3.0805","0.0165"
"","209.8630","3.0705","0.0161"
"","209.9630","3.0605","0.0156"
"","210.0630","3.0507","0.0152"
"","210.1630","3.0404","0.0148"
"","210.2630","3.0305","0.0144"
"","210.3630","3.0205","0.0140"
"","210.4630","3.0105","0.0136"
"","210.5630","3.0004","0.0132"
"","210.6630","2.9905","0.0129"
"","210.7630","2.9808","0.0125"
"","210.8630","2.9704","0.0122"
"","210.9630","2.9603","0.0119"
"","211.0630","2.9506","0.0115"
"","211.1630","2.9407","0.0112"
"","211.2630","2.9305","0.0109"
"","211.3630","2.9203","0.0106"
"","211.4630","2.9107","0.0104"
"","211.5630","2.9005","0.0101"
"","211.6630","2.8905","0.0098"
"","211.7630","2.8804","0.0095"
"","211.8630","2.8707","0.0093"
"","211.9630","2.8606","0.0091"
"","212.0630","2.8505","0.0088"
"","212.1630","2.8406","0.0086"
"","212.2630","2.8304","0.0084"
"","212.3630","2.8205","0.0082"
"","212.4630","2.8104","0.0079"
"","212.5630","2.8007","0.0077"
"","212.6630","2.7903","0.0075"
"","212.7630","2.7805","0.0073"
"","212.8630","2.7707","0.0072"
"","212.9630","2.7605","0.0070"
"","213.0630","2.7504","0.0068"
"","213.1630","2.7406","0.0066"
"","213.2630","2.7307","0.0065"
"","213.3630","2.7204","0.0063"
"","213.4630","2.7103","0.0061"
"","213.5630","2.7006","0.0060"
"","213.6630","2.6907","0.0058"
"","213.7630","2.6805","0.0057"
"","213.8630","2.6703","0.0056"
"","213.9630","2.6607","0.0054"
"","214.0630","2.6505","0.0053"
"","214.1630","2.6404","0.0052"
"","214.2630","2.6304","0.0051"
"","214.3630","2.6207","0.0050"
"","214.4630","2.6106","0.0049"
"","214.5630","2.6005","0.0048"
"","214.6630","2.5906","0.0047"
"","214.7630","2.5804","0.0046"
"","214.8630","2.5705","0.0045"
"","214.9630","2.5605","0.0044"
"","215.0630","2.5507","0.0044"
"","215.1630","2.5403","0.0043"
"","215.2630","2.5304","0.0042"
"","215.3630","2.5206","0.0041"
"","215.4630","2.5105","0.0041"
"","215.5630","2.5004","0.0040"
"","215.6630","2.4906","0.0039"
"","215.7630","2.4809","0.0039"
"","215.8630","2.4704","0.0038"
"","215.9630","2.4603","0.0037"
"","216.0630","2.4506","0.0037"
"","216.1630","2.4407","0.0036"
"","216.2630","2.4305","0.0035"
"","216.3630","2.4203","0.0035"
"","216.4630","2.4108","0.0034"
"","216.5630","2.4006","0.0034"
"","216.6630","2.3904","0.0033"
"","216.7630","2.3804","0.0032"
"","216.8630","2.3707","0.0032"
"","216.9630","2.3606","0.0031"
"","217.0630","2.3504","0.0031"
"","217.1630","2.3405","0.0030"
"","217.2630","2.3305","0.0030"
"","217.3630","2.3205","0.0029"
"","217.4630","2.3104","0.0029"
"","217.5630","2.3007","0.0028"
"","217.6630","2.2904","0.0028"
"","217.7630","2.2805","0.0027"
"","217.8630","2.2705","0.0027"
"","217.9630","2.2605","0.0026"
"","218.0630","2.2504","0.0026"
"","218.1630","2.2405","0.0026"
"","218.2630","2.2308","0.0025"
"","218.3630","2.2204","0.0025"
"","218.4630","2.2103","0.0024"
"","218.5630","2.2006","0.0024"
"","218.6630","2.1907","0.0024"
"","218.7630","2.1806","0.0023"
"","218.8630","2.1703","0.0023"
"","218.9630","2.1607","0.0023"
"","219.0630","2.1505","0.0022"
"","219.1630","2.1404","0.0022"
"","219.2630","2.1304","0.0022"
"","219.3630","2.1207","0.0021"
"","219.4630","2.1106","0.0021"
"","219.5630","2.1005","0.0020"
"","219.6630","2.0905","0.0020"
"","219.7630","2.0804","0.0020"
"","219.8630","2.0705","0.0020"
"","219.9630","2.0605","0.0019"
"","220.0630","2.0507","0.0019"
"","220.1630","2.0404","0.0019"
"","220.2630","2.0305","0.0018"
"","220.3630","2.0207","0.0018"
"","220.4630","2.0105","0.0018"
"","220.5630","2.0004","0.0018"
"","220.6630","1.9906","0.0017"
"","220.7630","1.9807","0.0017"
"","220.8630","1.9704","0.0017"
"","220.9630","1.9603","0.0017"
"","221.0630","1.9506","0.0016"
"","221.1630","1.9407","0.0016"
"","221.2630","1.9304","0.0016"
"","221.3630","1.9203","0.0015"
"","221.4630","1.9108","0.0015"
"","221.5630","1.9005","0.0015"
"","221.6630","1.8903","0.0015"
"","221.7630","1.8804","0.0015"
"","221.8630","1.8707","0.0014"
"","221.9630","1.8606","0.0014"
"","222.0630","1.8505","0.0014"
"","222.1630","1.8406","0.0014"
"","222.2630","1.8304","0.0013"
"","222.3630","1.8205","0.0013"
"","222.4630","1.8105","0.0013"
"","222.5630","1.8007","0.0013"
"","222.6630","1.7903","0.0013"
"","222.7630","1.7805","0.0012"
"","222.8630","1.7707","0.0012"
"","222.9630","1.7605","0.0012"
"","223.0630","1.7504","0.0012"
"","223.1630","1.7405","0.0012"
"","223.2630","1.7309","0.0011"
"","223.3630","1.7204","0.0011"
"","223.4630","1.7103","0.0011"
"","223.5630","1.7005","0.0011"
"","223.6630","1.6907","0.0011"
"","223.7630","1.6805","0.0010"
"","223.8630","1.6704","0.0010"
"","223.9630","1.6607","0.0010"
"","224.0630","1.6505","0.0010"
"","224.1630","1.6404","0.0010"
"","224.2630","1.6305","0.0010"
"","224.3630","1.6207","0.0009"
"","224.4630","1.6105","0.0009"
"","224.5630","1.6004","0.0009"
"","224.6630","1.5906","0.0009"
"","224.7630","1.5804","0.0009"
"","224.8630","1.5704","0.0009"
"","224.9630","1.5604","0.0009"
"","225.0630","1.5508","0.0008"
"","225.1630","1.5405","0.0008"
"","225.2630","1.5304","0.0008"
"","225.3630","1.5205","0.0008"
"","225.4630","1.5105","0.0008"
"","225.5630","1.5005","0.0007"
"","225.6630","1.4904","0.0007"
"","225.7630","1.4807","0.0007"
"","225.8630","1.4704","0.0007"
"","225.9630","1.4604","0.0007"
"","226.0630","1.4506","0.0007"
"","226.1630","1.4407","0.0007"
"","226.2630","1.4305","0.0007"
"","226.3630","1.4204","0.0006"
"","226.4630","1.4106","0.0006"
"","226.5630","1.4005","0.0006"
"","226.6630","1.3905","0.0006"
"","226.7630","1.3805","0.0006"
"","226.8630","1.3707","0.0006"
"","226.9630","1.3606","0.0006"
"","227.0630","1.3504","0.0005"
"","227.1630","1.3406","0.0005"
"","227.2630","1.3304","0.0005"
"","227.3630","1.3205","0.0005"
"","227.4630","1.3105","0.0005"
"","227.5630","1.3007","0.0005"
"","227.6630","1.2903","0.0005"
"","227.7630","1.2805","0.0005"
"","227.8630","1.2707","0.0004"
"","227.9630","1.2605","0.0004"
"","228.0630","1.2504","0.0004"
"","228.1630","1.2406","0.0004"
"","228.2630","1.2307","0.0004"
"","228.3630","1.2204","0.0004"
"","228.4630","1.2103","0.0004"
"","228.5630","1.2006","0.0004"
"","228.6630","1.1907","0.0004"
"","228.7630","1.1804","0.0003"
"","228.8630","1.1704","0.0003"
"","228.9630","1.1607","0.0003"
"","229.0630","1.1505","0.0003"
"","229.1630","1.1403","0.0003"
"","229.2630","1.1304","0.0003"
"","229.3630","1.1207","0.0003"
"","229.4630","1.1106","0.0003"
"","229.5630","1.1004","0.0003"
"","229.6630","1.0906","0.0003"
"","229.7630","1.0805","0.0002"
"","229.8630","1.0705","0.0002"
"","229.9630","1.0605","0.0002"
"","230.0630","1.0507","0.0002"
"","230.1630","1.0404","0.0002"
"","230.2630","1.0305","0.0002"
"","230.3630","1.0207","0.0002"
"","230.4630","1.0105","0.0002"
"","230.5630","1.0004","0.0002"
"","230.6630","0.9906","0.0002"
"","230.7630","0.9808","0.0002"
"","230.8630","0.9704","0.0002"
"","230.9630","0.9602","0.0002"
"","231.0630","0.9505","0.0002"
"","231.1630","0.9407","0.0002"
"","231.2630","0.9305","0.0002"
"","231.3630","0.9203","0.0001"
"","231.4630","0.9108","0.0002"
"","231.5630","0.9005","0.0001"
"","231.6630","0.8904","0.0001"
"","231.7630","0.8804","0.0001"
"","231.8630","0.8707","0.0001"
"","231.9630","0.8606","0.0001"
"","232.0630","0.8505","0.0001"
"","232.1630","0.8406","0.0001"
"","232.2630","0.8305","0.0001"
"","232.3630","0.8205","0.0001"
"","232.4630","0.8104","0.0001"
"","232.5630","0.8007","0.0001"
"","232.6630","0.7905","0.0001"
"","232.7630","0.7805","0.0001"
"","232.8630","0.7705","0.0001"
"","232.9630","0.7604","0.0001"
"","233.0630","0.7504","0.0001"
"","233.1630","0.7405","0.0001"
"","233.2630","0.7308","0.0001"
"","233.3630","0.7204","0.0001"
"","233.4630","0.7103","0.0000"
"","233.5630","0.7006","0.0000"
"","233.6630","0.6907","0.0000"
"","233.7630","0.6805","0.0000"
"","233.8630","0.6703","0.0000"
"","233.9630","0.6607","0.0000"
"","234.0630","0.6505","0.0000"
"","234.1630","0.6404","0.0000"
"","234.2630","0.6304","0.0000"
"","234.3630","0.6207","0.0000"
"","234.4630","0.6106","0.0000"
"","234.5630","0.6005","0.0000"
"","234.6630","0.5906","0.0000"
"","234.7630","0.5805","0.0000"
"","234.8630","0.5705","0.0000"
"","234.9630","0.5604","0.0000"
"","235.0630","0.5506","0.0000"
"","235.1630","0.5404","0.0000"
"","235.2630","0.5305","0.0000"
"","235.3630","0.5206","0.0000"
"","235.4630","0.5105","0.0000"
"","235.5630","0.5004","0.0000"
"","235.6630","0.4906","0.0000"
"","235.7630","0.4807","0.0000"
"","235.8630","0.4704","0.0000"
"","235.9630","0.4604","0.0000"
"","236.0630","0.4506","0.0000"
"","236.1630","0.4406","0.0000"
"","236.2630","0.4305","0.0000"
"","236.3630","0.4203","-0.0001"
"","236.4630","0.4108","0.0000"
"","236.5630","0.4005","0.0000"
"","236.6630","0.3903","-0.0001"
"","236.7630","0.3804","-0.0001"
"","236.8630","0.3707","-0.0001"
"","236.9630","0.3605","-0.0001"
"","237.0630","0.3504","-0.0001"
"","237.1630","0.3406","-0.0001"
"","237.2630","0.3305","-0.0001"
"","237.3630","0.3204","-0.0001"
"","237.4630","0.3105","-0.0001"
"","237.5630","0.3007","-0.0001"
"","237.6630","0.2904","-0.0001"
"","237.7630","0.2804","-0.0001"
"","237.8630","0.2706","-0.0001"
"","237.9630","0.2605","-0.0001"
"","238.0630","0.2503","-0.0001"
"","238.1630","0.2405","-0.0001"
"","238.2630","0.2308","-0.0001"
"","238.3630","0.2204","-0.0001"
"","238.4630","0.2104","-0.0001"
"","238.5630","0.2005","-0.0001"
"","238.6630","0.1907","-0.0001"
"","238.7630","0.1805","-0.0001"
"","238.8630","0.1703","-0.0001"
"","238.9630","0.1607","-0.0001"
"","239.0630","0.1505","-0.0001"
"","239.1630","0.1404","-0.0001"
"","239.2630","0.1304","-0.0001"
"","239.3630","0.1207","-0.0001"
"","239.4630","0.1106","-0.0001"
"","239.5630","0.1005","-0.0001"
"","239.6630","0.0905","-0.0001"
"","239.7630","0.0805","-0.0001"
"","239.8630","0.0705","-0.0001"
"","239.9630","0.0605","-0.0001"
"","240.0630","0.0507","-0.0001"
"","240.1630","0.0404","-0.0001"
"","240.2630","0.0304","-0.0001"
"","240.3630","0.0206","-0.0001"
"","240.4630","0.0106","-0.0001"
"","240.5630","0.0007","-0.0001"
"","240.5700","0.0000","-0.0001"
"","240.5710","-0.0001","-0.0001"
"","240.5720","-0.0002","-0.0001"
"","240.6720","-0.0006","-0.0001"
"","240.7720","0.0069","-0.0001"
"","240.8720","0.0187","-0.0001"
"","240.9720","0.0290","-0.0001"
"","241.0720","0.0394","-0.0001"
"","241.1720","0.0495","-0.0001"
"","241.2720","0.0592","-0.0001"
"","241.3720","0.0692","-0.0001"
"","241.4720","0.0793","-0.0001"
"","241.5720","0.0895","-0.0001"
"","241.6720","0.0991","-0.0001"
"","241.7720","0.1093","-0.0001"
"","241.8720","0.1193","-0.0001"
"","241.9720","0.1294","-0.0001"
"","242.0720","0.1393","-0.0001"
"","242.1720","0.1493","-0.0001"
"","242.2720","0.1594","-0.0001"
"","242.3720","0.1691","-0.0001"
"","242.4720","0.1794","-0.0001"
"","242.5720","0.1892","-0.0001"
"","242.6720","0.1992","-0.0001"
"","242.7720","0.2092","-0.0001"
"","242.8720","0.2194","-0.0001"
"","242.9720","0.2294","-0.0001"
"","243.0720","0.2391","-0.0001"
"","243.1720","0.2494","-0.0001"
"","243.2720","0.2593","-0.0001"
"","243.3720","0.2693","-0.0001"
"","243.4720","0.2791","0.0000"
"","243.5720","0.2894","0.0000"
"","243.6720","0.2995","-0.0001"
"","243.7720","0.3092","0.0000"
"","243.8720","0.3193","0.0000"
"","243.9720","0.3294","0.0000"
"","244.0720","0.3395","0.0000"
"","244.1720","0.3490","0.0000"
"","244.2720","0.3594","0.0000"
"","244.3720","0.3693","0.0000"
"","244.4720","0.3794","0.0000"
"","244.5720","0.3893","0.0000"
"","244.6720","0.3994","0.0000"
"","244.7720","0.4094","0.0000"
"","244.8720","0.4190","0.0000"
"","244.9720","0.4294","0.0000"
"","245.0720","0.4393","0.0000"
"","245.1720","0.4493","0.0000"
"","245.2720","0.4592","0.0000"
"","245.3720","0.4695","0.0000"
"","245.4720","0.4794","0.0000"
"","245.5720","0.4891","0.0000"
"","245.6720","0.4993","0.0000"
"","245.7720","0.5095","0.0000"
"","245.8720","0.5193","0.0000"
"","245.9720","0.5291","0.0000"
"","246.0720","0.5393","0.0000"
"","246.1720","0.5496","0.0000"
"","246.2720","0.5591","0.0000"
"","246.3720","0.5692","0.0001"
"","246.4720","0.5794","0.0001"
"","246.5720","0.5895","0.0001"
"","246.6720","0.5991","0.0001"
"","246.7720","0.6093","0.0001"
"","246.8720","0.6193","0.0001"
"","246.9720","0.6293","0.0001"
"","247.0720","0.6393","0.0001"
"","247.1720","0.6494","0.0001"
"","247.2720","0.6594","0.0001"
"","247.3720","0.6691","0.0001"
"","247.4720","0.6794","0.0001"
"","247.5720","0.6893","0.0001"
"","247.6720","0.6993","0.0001"
"","247.7720","0.7092","0.0001"
"","247.8720","0.7195","0.0001"
"","247.9720","0.7293","0.0001"
"","248.0720","0.7391","0.0001"
"","248.1720","0.7494","0.0001"
"","248.2720","0.7595","0.0002"
"","248.3720","0.7693","0.0002"
"","248.4720","0.7791","0.0002"
"","248.5720","0.7894","0.0002"
"","248.6720","0.7995","0.0002"
"","248.7720","0.8092","0.0002"
"","248.8720","0.8192","0.0002"
"","248.9720","0.8293","0.0002"
"","249.0720","0.8395","0.0002"
"","249.1720","0.8491","0.0002"
"","249.2720","0.8592","0.0002"
"","249.3720","0.8693","0.0002"
"","249.4720","0.8794","0.0003"
"","249.5720","0.8894","0.0003"
"","249.6720","0.8994","0.0003"
"","249.7720","0.9094","0.0003"
"","249.8720","0.9191","0.0003"
"","249.9720","0.9294","0.0003"
"","250.0720","0.9393","0.0003"
"","250.1720","0.9493","0.0003"
"","250.2720","0.9592","0.0003"
"","250.3720","0.9695","0.0003"
"","250.4720","0.9794","0.0004"
"","250.5720","0.9891","0.0004"
"","250.6720","0.9993","0.0004"
"","250.7720","1.0094","0.0004"
"","250.8720","1.0194","0.0004"
"","250.9720","1.0291","0.0004"
"","251.0720","1.0394","0.0004"
"","251.1720","1.0495","0.0005"
"","251.2720","1.0592","0.0005"
"","251.3720","1.0693","0.0005"
"","251.4720","1.0794","0.0005"
"","251.5720","1.0895","0.0005"
"","251.6720","1.0991","0.0005"
"","251.7720","1.1094","0.0005"
"","251.8720","1.1193","0.0006"
"","251.9720","1.1294","0.0006"
"","252.0720","1.1393","0.0006"
"","252.1720","1.1494","0.0006"
"","252.2720","1.1593","0.0006"
"","252.3720","1.1691","0.0007"
"","252.4720","1.1794","0.0007"
"","252.5720","1.1893","0.0007"
"","252.6720","1.1992","0.0007"
"","252.7720","1.2092","0.0007"
"","252.8720","1.2195","0.0007"
"","252.9720","1.2295","0.0008"
"","253.0720","1.2391","0.0008"
"","253.1720","1.2493","0.0008"
"","253.2720","1.2594","0.0008"
"","253.3720","1.2694","0.0008"
"","253.4720","1.2791","0.0008"
"","253.5720","1.2893","0.0009"
"","253.6720","1.2995","0.0009"
"","253.7720","1.3092","0.0009"
"","253.8720","1.3193","0.0009"
"","253.9720","1.3294","0.0009"
"","254.0720","1.3395","0.0010"
"","254.1720","1.3491","0.0010"
"","254.2720","1.3593","0.0010"
"","254.3720","1.3693","0.0010"
"","254.4720","1.3792","0.0011"
"","254.5720","1.3892","0.0011"
"","254.6720","1.3995","0.0011"
"","254.7720","1.4094","0.0011"
"","254.8720","1.4191","0.0011"
"","254.9720","1.4294","0.0011"
"","255.0720","1.4393","0.0012"
"","255.1720","1.4493","0.0012"
"","255.2720","1.4592","0.0012"
"","255.3720","1.4694","0.0012"
"","255.4720","1.4794","0.0013"
"","255.5720","1.4891","0.0013"
"","255.6720","1.4994","0.0013"
"","255.7720","1.5094","0.0013"
"","255.8720","1.5194","0.0014"
"","255.9720","1.5291","0.0014"
"","256.0720","1.5394","0.0014"
"","256.1720","1.5494","0.0014"
"","256.2720","1.5593","0.0014"
"","256.3720","1.5692","0.0015"
"","256.4720","1.5794","0.0015"
"","256.5720","1.5895","0.0015"
"","256.6720","1.5993","0.0016"
"","256.7720","1.6093","0.0016"
"","256.8720","1.6193","0.0016"
"","256.9720","1.6293","0.0016"
"","257.0720","1.6394","0.0017"
"","257.1720","1.6493","0.0017"
"","257.2720","1.6593","0.0017"
"","257.3720","1.6691","0.0018"
"","257.4720","1.6794","0.0018"
"","257.5720","1.6893","0.0018"
"","257.6720","1.6992","0.0019"
"","257.7720","1.7093","0.0019"
"","257.8720","1.7195","0.0019"
"","257.9720","1.7293","0.0020"
"","258.0720","1.7391","0.0020"
"","258.1720","1.7494","0.0020"
"","258.2720","1.7594","0.0021"
"","258.3720","1.7694","0.0021"
"","258.4720","1.7791","0.0021"
"","258.5720","1.7894","0.0022"
"","258.6720","1.7995","0.0022"
"","258.7720","1.8092","0.0022"
"","258.8720","1.8193","0.0023"
"","258.9720","1.8293","0.0023"
"","259.0720","1.8395","0.0024"
"","259.1720","1.8491","0.0022"
"","259.2720","1.8593","0.0023"
"","259.3720","1.8693","0.0024"
"","259.4720","1.8794","0.0025"
"","259.5720","1.8894","0.0025"
"","259.6720","1.8994","0.0026"
"","259.7720","1.9094","0.0026"
"","259.8720","1.9190","0.0027"
"","259.9720","1.9295","0.0027"
"","260.0720","1.9393","0.0028"
"","260.1720","1.9492","0.0028"
"","260.2720","1.9592","0.0029"
"","260.3720","1.9696","0.0029"
"","260.4720","1.9794","0.0030"
"","260.5720","1.9891","0.0030"
"","260.6720","1.9993","0.0031"
"","260.7720","2.0095","0.0031"
"","260.8720","2.0193","0.0032"
"","260.9720","2.0290","0.0032"
"","261.0720","2.0393","0.0033"
"","261.1720","2.0495","0.0033"
"","261.2720","2.0591","0.0032"
"","261.3720","2.0692","0.0033"
"","261.4720","2.0793","0.0034"
"","261.5720","2.0895","0.0035"
"","261.6720","2.0992","0.0036"
"","261.7720","2.1092","0.0037"
"","261.8720","2.1193","0.0037"
"","261.9720","2.1293","0.0038"
"","262.0720","2.1393","0.0039"
"","262.1720","2.1494","0.0039"
"","262.2720","2.1594","0.0040"
"","262.3720","2.1691","0.0041"
"","262.4720","2.1795","0.0041"
"","262.5720","2.1892","0.0042"
"","262.6720","2.1992","0.0043"
"","262.7720","2.2092","0.0044"
"","262.8720","2.2196","0.0044"
"","262.9720","2.2294","0.0045"
"","263.0720","2.2391","0.0046"
"","263.1720","2.2493","0.0047"
"","263.2720","2.2595","0.0048"
"","263.3720","2.2694","0.0046"
"","263.4720","2.2791","0.0048"
"","263.5720","2.2894","0.0049"
"","263.6720","2.2994","0.0050"
"","263.7720","2.3092","0.0051"
"","263.8720","2.3192","0.0052"
"","263.9720","2.3293","0.0053"
"","264.0720","2.3395","0.0054"
"","264.1720","2.3492","0.0055"
"","264.2720","2.3592","0.0055"
"","264.3720","2.3693","0.0056"
"","264.4720","2.3793","0.0057"
"","264.5720","2.3894","0.0058"
"","264.6720","2.3993","0.0059"
"","264.7720","2.4093","0.0060"
"","264.8720","2.4191","0.0061"
"","264.9720","2.4294","0.0063"
"","265.0720","2.4393","0.0061"
"","265.1720","2.4493","0.0064"
"","265.2720","2.4592","0.0065"
"","265.3720","2.4695","0.0067"
"","265.4720","2.4794","0.0068"
"","265.5720","2.4891","0.0070"
"","265.6720","2.4993","0.0072"
"","265.7720","2.5093","0.0073"
"","265.8720","2.5193","0.0075"
"","265.9720","2.5291","0.0077"
"","266.0720","2.5394","0.0079"
"","266.1720","2.5495","0.0081"
"","266.2720","2.5592","0.0083"
"","266.3720","2.5693","0.0085"
"","266.4720","2.5794","0.0087"
"","266.5720","2.5895","0.0089"
"","266.6720","2.5991","0.0091"
"","266.7720","2.6093","0.0094"
"","266.8720","2.6193","0.0096"
"","266.9720","2.6293","0.0098"
"","267.0720","2.6394","0.0101"
"","267.1720","2.6494","0.0103"
"","267.2720","2.6594","0.0106"
"","267.3720","2.6691","0.0108"
"","267.4720","2.6795","0.0111"
"","267.5720","2.6893","0.0114"
"","267.6720","2.6992","0.0116"
"","267.7720","2.7092","0.0119"
"","267.8720","2.7196","0.0122"
"","267.9720","2.7294","0.0125"
"","268.0720","2.7391","0.0128"
"","268.1720","2.7493","0.0131"
"","268.2720","2.7595","0.0134"
"","268.3720","2.7693","0.0137"
"","268.4720","2.7791","0.0141"
"","268.5720","2.7893","0.0144"
"","268.6720","2.7995","0.0148"
"","268.7720","2.8092","0.0151"
"","268.8720","2.8192","0.0155"
"","268.9720","2.8294","0.0160"
"","269.0720","2.8395","0.0164"
"","269.1720","2.8491","0.0168"
"","269.2720","2.8592","0.0172"
"","269.3720","2.8693","0.0177"
"","269.4720","2.8793","0.0181"
"","269.5720","2.8893","0.0186"
"","269.6720","2.8994","0.0191"
"","269.7720","2.9094","0.0196"
"","269.8720","2.9191","0.0201"
"","269.9720","2.9295","0.0207"
"","270.0720","2.9393","0.0212"
"","270.1720","2.9493","0.0218"
"","270.2720","2.9591","0.0223"
"","270.3720","2.9695","0.0229"
"","270.4720","2.9793","0.0235"
"","270.5720","2.9891","0.0241"
"","270.6720","2.9993","0.0248"
"","270.7720","3.0095","0.0254"
"","270.8720","3.0193","0.0261"
"","270.9720","3.0291","0.0267"
"","271.0720","3.0394","0.0274"
"","271.1720","3.0495","0.0281"
"","271.2720","3.0592","0.0288"
"","271.3720","3.0692","0.0296"
"","271.4720","3.0793","0.0303"
"","271.5720","3.0895","0.0311"
"","271.6720","3.0991","0.0319"
"","271.7720","3.1093","0.0327"
"","271.8720","3.1193","0.0335"
"","271.9720","3.1293","0.0343"
"","272.0720","3.1393","0.0349"
"","272.1720","3.1493","0.0347"
"","272.2720","3.1593","0.0348"
"","272.3720","3.1691","0.0348"
"","272.4720","3.1794","0.0349"
"","272.5720","3.1893","0.0350"
"","272.6720","3.1993","0.0351"
"","272.7720","3.2092","0.0352"
"","272.8720","3.2195","0.0353"
"","272.9720","3.2294","0.0352"
"","273.0720","3.2392","0.0352"
"","273.1720","3.2493","0.0354"
"","273.2720","3.2593","0.0354"
"","273.3720","3.2694","0.0354"
"","273.4720","3.2792","0.0353"
"","273.5720","3.2894","0.0352"
"","273.6720","3.2994","0.0353"
"","273.7720","3.3092","0.0353"
"","273.8720","3.3193","0.0353"
"","273.9720","3.3294","0.0354"
"","274.0720","3.3394","0.0358"
"","274.1720","3.3490","0.0368"
"","274.2720","3.3593","0.0378"
"","274.3720","3.3694","0.0388"
"","274.4720","3.3794","0.0398"
"","274.5720","3.3892","0.0407"
"","274.6720","3.3993","0.0418"
"","274.7720","3.4092","0.0428"
"","274.8720","3.4190","0.0438"
"","274.9720","3.4295","0.0449"
"","275.0720","3.4394","0.0460"
"","275.1720","3.4494","0.0471"
"","275.2720","3.4593","0.0482"
"","275.3720","3.4694","0.0494"
"","275.4720","3.4794","0.0506"
"","275.5720","3.4892","0.0517"
"","275.6720","3.4993","0.0529"
"","275.7720","3.5094","0.0542"
"","275.8720","3.5193","0.0555"
"","275.9720","3.5291","0.0567"
"","276.0720","3.5394","0.0581"
"","276.1720","3.5495","0.0595"
"","276.2720","3.5591","0.0608"
"","276.3720","3.5693","0.0622"
"","276.4720","3.5794","0.0637"
"","276.5720","3.5895","0.0651"
"","276.6720","3.5990","0.0665"
"","276.7720","3.6093","0.0681"
"","276.8720","3.6194","0.0696"
"","276.9720","3.6293","0.0711"
"","277.0720","3.6392","0.0727"
"","277.1720","3.6494","0.0743"
"","277.2720","3.6595","0.0759"
"","277.3720","3.6691","0.0774"
"","277.4720","3.6794","0.0791"
"","277.5720","3.6892","0.0808"
"","277.6720","3.6993","0.0825"
"","277.7720","3.7092","0.0842"
"","277.8720","3.7195","0.0860"
"","277.9720","3.7293","0.0877"
"","278.0720","3.7391","0.0894"
"","278.1720","3.7493","0.0913"
"","278.2720","3.7594","0.0930"
"","278.3720","3.7694","0.0949"
"","278.4720","3.7791","0.0967"
"","278.5720","3.7893","0.0986"
"","278.6720","3.7994","0.1005"
"","278.7720","3.8092","0.1023"
"","278.8720","3.8192","0.1043"
"","278.9720","3.8293","0.1062"
"","279.0720","3.8395","0.1081"
"","279.1720","3.8492","0.1100"
"","279.2720","3.8592","0.1120"
"","279.3720","3.8693","0.1140"
"","279.4720","3.8793","0.1160"
"","279.5720","3.8893","0.1180"
"","279.6720","3.8993","0.1200"
"","279.7720","3.9093","0.1221"
"","279.8720","3.9191","0.1240"
"","279.9720","3.9294","0.1261"
"","280.0720","3.9391","0.1281"
"","280.1720","3.9492","0.1302"
"","280.2720","3.9592","0.1322"
"","280.3720","3.9695","0.1343"
"","280.4720","3.9792","0.1362"
"","280.5720","3.9891","0.1382"
"","280.6720","3.9993","0.1402"
"","280.6790","4.0000","0.1404"
"","280.6800","4.0001","0.1404"
"","280.6810","4.0002","0.1404"
"","280.7810","4.0006","0.1395"
"","280.8810","3.9930","0.1363"
"","280.9810","3.9814","0.1318"
"","281.0810","3.9706","0.1279"
"","281.1810","3.9604","0.1243"
"","281.2810","3.9507","0.1209"
"","281.3810","3.9408","0.1176"
"","281.4810","3.9307","0.1144"
"","281.5810","3.9205","0.1112"
"","281.6810","3.9108","0.1082"
"","281.7810","3.9007","0.1051"
"","281.8810","3.8905","0.1022"
"","281.9810","3.8805","0.0994"
"","282.0810","3.8709","0.0967"
"","282.1810","3.8607","0.0939"
"","282.2810","3.8505","0.0912"
"","282.3810","3.8407","0.0887"
"","282.4810","3.8306","0.0861"
"","282.5810","3.8206","0.0836"
"","282.6810","3.8106","0.0811"
"","282.7810","3.8008","0.0788"
"","282.8810","3.7906","0.0765"
"","282.9810","3.7806","0.0742"
"","283.0810","3.7707","0.0720"
"","283.1810","3.7606","0.0698"
"","283.2810","3.7505","0.0678"
"","283.3810","3.7407","0.0657"
"","283.4810","3.7309","0.0638"
"","283.5810","3.7205","0.0618"
"","283.6810","3.7104","0.0599"
"","283.7810","3.7007","0.0581"
"","283.8810","3.6908","0.0563"
"","283.9810","3.6807","0.0546"
"","284.0810","3.6704","0.0529"
"","284.1810","3.6608","0.0513"
"","284.2810","3.6505","0.0497"
"","284.3810","3.6405","0.0482"
"","284.4810","3.6305","0.0467"
"","284.5810","3.6208","0.0454"
"","284.6810","3.6107","0.0440"
"","284.7810","3.6006","0.0427"
"","284.8810","3.5906","0.0414"
"","284.9810","3.5806","0.0402"
"","285.0810","3.5705","0.0390"
"","285.1810","3.5605","0.0379"
"","285.2810","3.5507","0.0368"
"","285.3810","3.5405","0.0358"
"","285.4810","3.5305","0.0347"
"","285.5810","3.5207","0.0338"
"","285.6810","3.5106","0.0329"
"","285.7810","3.5006","0.0325"
"","285.8810","3.4907","0.0325"
"","285.9810","3.4808","0.0324"
"","286.0810","3.4704","0.0323"
"","286.1810","3.4605","0.0323"
"","286.2810","3.4506","0.0322"
"","286.3810","3.4407","0.0321"
"","286.4810","3.4305","0.0320"
"","286.5810","3.4205","0.0320"
"","286.6810","3.4108","0.0319"
"","286.7810","3.4006","0.0320"
"","286.8810","3.3904","0.0320"
"","286.9810","3.3805","0.0320"
"","287.0810","3.3708","0.0321"
"","287.1810","3.3606","0.0322"
"","287.2810","3.3505","0.0321"
"","287.3810","3.3407","0.0321"
"","287.4810","3.3306","0.0321"
"","287.5810","3.3206","0.0321"
"","287.6810","3.3105","0.0320"
"","287.7810","3.3008","0.0311"
"","287.8810","3.2905","0.0301"
"","287.9810","3.2806","0.0291"
"","288.0810","3.2707","0.0282"
"","288.1810","3.2605","0.0273"
"","288.2810","3.2505","0.0265"
"","288.3810","3.2406","0.0257"
"","288.4810","3.2309","0.0249"
"","288.5810","3.2205","0.0242"
"","288.6810","3.2104","0.0234"
"","288.7810","3.2006","0.0227"
"","288.8810","3.1908","0.0221"
"","288.9810","3.1806","0.0214"
"","289.0810","3.1704","0.0208"
"","289.1810","3.1608","0.0202"
"","289.2810","3.1506","0.0196"
"","289.3810","3.1405","0.0190"
"","289.4810","3.1305","0.0185"
"","289.5810","3.1208","0.0180"
"","289.6810","3.1107","0.0177"
"","289.7810","3.1005","0.0171"
"","289.8810","3.0907","0.0167"
"","289.9810","3.0806","0.0161"
"","290.0810","3.0706","0.0156"
"","290.1810","3.0606","0.0152"
"","290.2810","3.0508","0.0149"
"","290.3810","3.0405","0.0145"
"","290.4810","3.0305","0.0140"
"","290.5810","3.0206","0.0136"
"","290.6810","3.0106","0.0132"
"","290.7810","3.0005","0.0128"
"","290.8810","2.9906","0.0125"
"","290.9810","2.9809","0.0122"
"","291.0810","2.9706","0.0118"
"","291.1810","2.9604","0.0115"
"","291.2810","2.9507","0.0113"
"","291.3810","2.9408","0.0109"
"","291.4810","2.9306","0.0106"
"","291.5810","2.9204","0.0103"
"","291.6810","2.9108","0.0101"
"","291.7810","2.9006","0.0098"
"","291.8810","2.8906","0.0095"
"","291.9810","2.8805","0.0093"
"","292.0810","2.8708","0.0090"
"","292.1810","2.8607","0.0088"
"","292.2810","2.8506","0.0086"
"","292.3810","2.8407","0.0084"
"","292.4810","2.8305","0.0081"
"","292.5810","2.8206","0.0079"
"","292.6810","2.8106","0.0077"
"","292.7810","2.8008","0.0075"
"","292.8810","2.7904","0.0073"
"","292.9810","2.7806","0.0071"
"","293.0810","2.7708","0.0070"
"","293.1810","2.7606","0.0068"
"","293.2810","2.7505","0.0066"
"","293.3810","2.7407","0.0065"
"","293.4810","2.7308","0.0063"
"","293.5810","2.7205","0.0061"
"","293.6810","2.7104","0.0059"
"","293.7810","2.7007","0.0058"
"","293.8810","2.6908","0.0057"
"","293.9810","2.6806","0.0055"
"","294.0810","2.6704","0.0054"
"","294.1810","2.6608","0.0053"
"","294.2810","2.6506","0.0052"
"","294.3810","2.6405","0.0051"
"","294.4810","2.6305","0.0050"
"","294.5810","2.6208","0.0049"
"","294.6810","2.6107","0.0048"
"","294.7810","2.6006","0.0047"
"","294.8810","2.5907","0.0046"
"","294.9810","2.5805","0.0045"
"","295.0810","2.5705","0.0044"
"","295.1810","2.5606","0.0043"
"","295.2810","2.5508","0.0043"
"","295.3810","2.5404","0.0042"
"","295.4810","2.5305","0.0041"
"","295.5810","2.5207","0.0040"
"","295.6810","2.5106","0.0040"
"","295.7810","2.5005","0.0039"
"","295.8810","2.4907","0.0038"
"","295.9810","2.4810","0.0037"
"","296.0810","2.4705","0.0037"
"","296.1810","2.4604","0.0036"
"","296.2810","2.4507","0.0036"
"","296.3810","2.4408","0.0035"
"","296.4810","2.4306","0.0034"
"","296.5810","2.4204","0.0034"
"","296.6810","2.4108","0.0033"
"","296.7810","2.4006","0.0033"
"","296.8810","2.3905","0.0032"
"","296.9810","2.3805","0.0031"
"","297.0810","2.3708","0.0031"
"","297.1810","2.3607","0.0030"
"","297.2810","2.3505","0.0030"
"","297.3810","2.3406","0.0029"
"","297.4810","2.3306","0.0029"
"","297.5810","2.3206","0.0028"
"","297.6810","2.3105","0.0028"
"","297.7810","2.3008","0.0027"
"","297.8810","2.2905","0.0027"
"","297.9810","2.2806","0.0026"
"","298.0810","2.2706","0.0026"
"","298.1810","2.2606","0.0026"
"","298.2810","2.2505","0.0025"
"","298.3810","2.2406","0.0025"
"","298.4810","2.2308","0.0024"
"","298.5810","2.2205","0.0024"
"","298.6810","2.2104","0.0023"
"","298.7810","2.2007","0.0023"
"","298.8810","2.1908","0.0023"
"","298.9810","2.1806","0.0022"
"","299.0810","2.1704","0.0022"
"","299.1810","2.1608","0.0022"
"","299.2810","2.1506","0.0021"
"","299.3810","2.1405","0.0021"
"","299.4810","2.1305","0.0021"
"","299.5810","2.1208","0.0020"
"","299.6810","2.1107","0.0020"
"","299.7810","2.1006","0.0020"
"","299.8810","2.0906","0.0020"
"","299.9810","2.0805","0.0019"
"","300.0810","2.0706","0.0019"
"","300.1810","2.0606","0.0019"
"","300.2810","2.0508","0.0018"
"","300.3810","2.0405","0.0018"
"","300.4810","2.0306","0.0018"
"","300.5810","2.0208","0.0018"
"","300.6810","2.0106","0.0017"
"","300.7810","2.0005","0.0017"
"","300.8810","1.9907","0.0017"
"","300.9810","1.9808","0.0017"
"","301.0810","1.9704","0.0016"
"","301.1810","1.9604","0.0016"
"","301.2810","1.9507","0.0016"
"","301.3810","1.9408","0.0016"
"","301.4810","1.9305","0.0015"
"","301.5810","1.9204","0.0015"
"","301.6810","1.9108","0.0015"
"","301.7810","1.9006","0.0015"
"","301.8810","1.8904","0.0014"
"","301.9810","1.8805","0.0014"
"","302.0810","1.8708","0.0015"
"","302.1810","1.8607","0.0014"
"","302.2810","1.8506","0.0014"
"","302.3810","1.8407","0.0014"
"","302.4810","1.8305","0.0013"
"","302.5810","1.8206","0.0013"
"","302.6810","1.8106","0.0014"
"","302.7810","1.8008","0.0013"
"","302.8810","1.7904","0.0012"
"","302.9810","1.7806","0.0013"
"","303.0810","1.7708","0.0012"
"","303.1810","1.7606","0.0011"
"","303.2810","1.7504","0.0011"
"","303.3810","1.7406","0.0011"
"","303.4810","1.7310","0.0011"
"","303.5810","1.7205","0.0011"
"","303.6810","1.7104","0.0011"
"","303.7810","1.7006","0.0011"
"","303.8810","1.6908","0.0010"
"","303.9810","1.6806","0.0010"
"","304.0810","1.6705","0.0010"
"","304.1810","1.6608","0.0010"
"","304.2810","1.6506","0.0009"
"","304.3810","1.6405","0.0009"
"","304.4810","1.6306","0.0009"
"","304.5810","1.6208","0.0009"
"","304.6810","1.6106","0.0009"
"","304.7810","1.6005","0.0009"
"","304.8810","1.5907","0.0009"
"","304.9810","1.5805","0.0008"
"","305.0810","1.5705","0.0008"
"","305.1810","1.5605","0.0008"
"","305.2810","1.5509","0.0008"
"","305.3810","1.5405","0.0008"
"","305.4810","1.5305","0.0008"
"","305.5810","1.5206","0.0007"
"","305.6810","1.5106","0.0007"
"","305.7810","1.5005","0.0007"
"","305.8810","1.4905","0.0007"
"","305.9810","1.4808","0.0007"
"","306.0810","1.4705","0.0007"
"","306.1810","1.4605","0.0007"
"","306.2810","1.4507","0.0006"
"","306.3810","1.4408","0.0006"
"","306.4810","1.4306","0.0006"
"","306.5810","1.4205","0.0006"
"","306.6810","1.4107","0.0006"
"","306.7810","1.4006","0.0006"
"","306.8810","1.3905","0.0006"
"","306.9810","1.3806","0.0006"
"","307.0810","1.3708","0.0005"
"","307.1810","1.3607","0.0005"
"","307.2810","1.3506","0.0005"
"","307.3810","1.3407","0.0005"
"","307.4810","1.3305","0.0005"
"","307.5810","1.3206","0.0005"
"","307.6810","1.3105","0.0005"
"","307.7810","1.3008","0.0004"
"","307.8810","1.2904","0.0004"
"","307.9810","1.2806","0.0004"
"","308.0810","1.2708","0.0004"
"","308.1810","1.2606","0.0004"
"","308.2810","1.2505","0.0004"
"","308.3810","1.2407","0.0004"
"","308.4810","1.2308","0.0004"
"","308.5810","1.2205","0.0004"
"","308.6810","1.2104","0.0003"
"","308.7810","1.2007","0.0003"
"","308.8810","1.1908","0.0003"
"","308.9810","1.1805","0.0003"
"","309.0810","1.1705","0.0003"
"","309.1810","1.1609","0.0003"
"","309.2810","1.1506","0.0003"
"","309.3810","1.1404","0.0003"
"","309.4810","1.1305","0.0003"
"","309.5810","1.1208","0.0003"
"","309.6810","1.1107","0.0003"
"","309.7810","1.1005","0.0002"
"","309.8810","1.0907","0.0002"
"","309.9810","1.0805","0.0002"
"","310.0810","1.0706","0.0002"
"","310.1810","1.0605","0.0002"
"","310.2810","1.0508","0.0002"
"","310.3810","1.0404","0.0002"
"","310.4810","1.0306","0.0002"
"","310.5810","1.0207","0.0002"
"","310.6810","1.0106","0.0002"
"","310.7810","1.0005","0.0002"
"","310.8810","0.9907","0.0002"
"","310.9810","0.9809","0.0002"
"","311.0810","0.9705","0.0002"
"","311.1810","0.9603","0.0001"
"","311.2810","0.9506","0.0002"
"","311.3810","0.9408","0.0002"
"","311.4810","0.9306","0.0001"
"","311.5810","0.9204","0.0001"
"","311.6810","0.9108","0.0001"
"","311.7810","0.9006","0.0001"
"","311.8810","0.8905","0.0001"
"","311.9810","0.8805","0.0001"
"","312.0810","0.8708","0.0001"
"","312.1810","0.8607","0.0001"
"","312.2810","0.8505","0.0001"
"","312.3810","0.8407","0.0001"
"","312.4810","0.8306","0.0001"
"","312.5810","0.8206","0.0001"
"","312.6810","0.8105","0.0001"
"","312.7810","0.8008","0.0001"
"","312.8810","0.7906","0.0001"
"","312.9810","0.7806","0.0001"
"","313.0810","0.7707","0.0001"
"","313.1810","0.7605","0.0001"
"","313.2810","0.7505","0.0001"
"","313.3810","0.7406","0.0000"
"","313.4810","0.7309","0.0000"
"","313.5810","0.7205","0.0000"
"","313.6810","0.7104","0.0000"
"","313.7810","0.7007","0.0000"
"","313.8810","0.6908","0.0000"
"","313.9810","0.6806","0.0000"
"","314.0810","0.6704","0.0000"
"","314.1810","0.6608","0.0000"
"","314.2810","0.6506","0.0000"
"","314.3810","0.6405","0.0000"
"","314.4810","0.6305","0.0000"
"","314.5810","0.6208","0.0000"
"","314.6810","0.6107","0.0000"
"","314.7810","0.6006","0.0000"
"","314.8810","0.5907","0.0000"
"","314.9810","0.5806","0.0000"
"","315.0810","0.5706","0.0000"
"","315.1810","0.5605","0.0000"
"","315.2810","0.5507","0.0000"
"","315.3810","0.5405","0.0000"
"","315.4810","0.5306","0.0000"
"","315.5810","0.5207","0.0000"
"","315.6810","0.5106","0.0000"
"","315.7810","0.5005","0.0000"
"","315.8810","0.4907","0.0000"
"","315.9810","0.4808","0.0000"
"","316.0810","0.4705","0.0000"
"","316.1810","0.4605","0.0000"
"","316.2810","0.4507","-0.0001"
"","316.3810","0.4407","-0.0001"
"","316.4810","0.4305","-0.0001"
"","316.5810","0.4205","-0.0001"
"","316.6810","0.4108","-0.0001"
"","316.7810","0.4006","-0.0001"
"","316.8810","0.3904","-0.0001"
"","316.9810","0.3805","-0.0001"
"","317.0810","0.3708","-0.0001"
"","317.1810","0.3606","-0.0001"
"","317.2810","0.3505","-0.0001"
"","317.3810","0.3407","-0.0001"
"","317.4810","0.3306","-0.0001"
"","317.5810","0.3205","-0.0001"
"","317.6810","0.3105","-0.0001"
"","317.7810","0.3008","-0.0001"
"","317.8810","0.2905","-0.0001"
"","317.9810","0.2805","-0.0001"
"","318.0810","0.2707","-0.0001"
"","318.1810","0.2606","-0.0001"
"","318.2810","0.2504","-0.0001"
"","318.3810","0.2406","-0.0001"
"","318.4810","0.2309","-0.0001"
"","318.5810","0.2205","-0.0001"
"","318.6810","0.2104","-0.0001"
"","318.7810","0.2006","-0.0001"
"","318.8810","0.1908","-0.0001"
"","318.9810","0.1806","-0.0001"
"","319.0810","0.1704","-0.0001"
"","319.1810","0.1608","-0.0001"
"","319.2810","0.1506","-0.0001"
"","319.3810","0.1405","-0.0001"
"","319.4810","0.1305","-0.0001"
"","319.5810","0.1208","-0.0001"
"","319.6810","0.1107","-0.0001"
"","319.7810","0.1005","-0.0001"
"","319.8810","0.0906","-0.0001"
"","319.9810","0.0806","-0.0001"
"","320.0810","0.0706","-0.0001"
"","320.1810","0.0606","-0.0001"
"","320.2810","0.0508","-0.0001"
"","320.3810","0.0405","-0.0001"
"","320.4810","0.0305","-0.0001"
"","320.5810","0.0207","-0.0001"
"","320.6810","0.0107","-0.0001"
"","320.7810","0.0008","-0.0001"
"","320.7890","0.0000","-0.0001"
"","320.7900","-0.0001","-0.0001"
"","320.7910","-0.0002","-0.0001"
"","320.8910","-0.0006","-0.0001"
"","320.9910","0.0068","-0.0001"
"","321.0910","0.0187","-0.0001"
"","321.1910","0.0290","-0.0001"
"","321.2910","0.0394","-0.0001"
"","321.3910","0.0495","-0.0001"
"","321.4910","0.0592","-0.0001"
"","321.5910","0.0692","-0.0001"
"","321.6910","0.0793","-0.0001"
"","321.7910","0.0895","-0.0001"
"","321.8910","0.0991","-0.0001"
"","321.9910","0.1092","-0.0001"
"","322.0910","0.1193","-0.0001"
"","322.1910","0.1293","-0.0001"
"","322.2910","0.1393","-0.0001"
"","322.3910","0.1493","-0.0001"
"","322.4910","0.1593","-0.0001"
"","322.5910","0.1691","-0.0001"
"","322.6910","0.1793","-0.0001"
"","322.7910","0.1892","-0.0001"
"","322.8910","0.1992","-0.0001"
"","322.9910","0.2092","-0.0001"
"","323.0910","0.2194","-0.0001"
"","323.1910","0.2293","-0.0001"
"","323.2910","0.2391","-0.0001"
"","323.3910","0.2494","-0.0001"
"","323.4910","0.2593","-0.0001"
"","323.5910","0.2693","-0.0001"
"","323.6910","0.2791","-0.0001"
"","323.7910","0.2894","-0.0001"
"","323.8910","0.2995","-0.0001"
"","323.9910","0.3091","-0.0001"
"","324.0910","0.3193","-0.0001"
"","324.1910","0.3294","-0.0001"
"","324.2910","0.3395","-0.0001"
"","324.3910","0.3490","0.0000"
"","324.4910","0.3593","0.0000"
"","324.5910","0.3693","0.0000"
"","324.6910","0.3793","0.0000"
"","324.7910","0.3893","0.0000"
"","324.8910","0.3994","0.0000"
"","324.9910","0.4094","0.0000"
"","325.0910","0.4190","0.0000"
"","325.1910","0.4294","0.0000"
"","325.2910","0.4393","0.0000"
"","325.3910","0.4492","0.0000"
"","325.4910","0.4592","0.0000"
"","325.5910","0.4695","0.0000"
"","325.6910","0.4794","0.0000"
"","325.7910","0.4891","0.0000"
"","325.8910","0.4993","0.0000"
"","325.9910","0.5095","0.0000"
"","326.0910","0.5193","0.0000"
"","326.1910","0.5290","0.0000"
"","326.2910","0.5393","0.0000"
"","326.3910","0.5495","0.0000"
"","326.4910","0.5591","0.0000"
"","326.5910","0.5692","0.0000"
"","326.6910","0.5794","0.0000"
"","326.7910","0.5895","0.0000"
"","326.8910","0.5991","0.0000"
"","326.9910","0.6092","0.0001"
"","327.0910","0.6193","0.0001"
"","327.1910","0.6293","0.0001"
"","327.2910","0.6392","0.0001"
"","327.3910","0.6494","0.0001"
"","327.4910","0.6594","0.0001"
"","327.5910","0.6691","0.0001"
"","327.6910","0.6794","0.0001"
"","327.7910","0.6893","0.0001"
"","327.8910","0.6993","0.0001"
"","327.9910","0.7092","0.0001"
"","328.0910","0.7195","0.0001"
"","328.1910","0.7293","0.0001"
"","328.2910","0.7391","0.0001"
"","328.3910","0.7493","0.0001"
"","328.4910","0.7594","0.0001"
"","328.5910","0.7693","0.0001"
"","328.6910","0.7791","0.0002"
"","328.7910","0.7894","0.0002"
"","328.8910","0.7994","0.0002"
"","328.9910","0.8091","0.0002"
"","329.0910","0.8192","0.0002"
"","329.1910","0.8293","0.0002"
"","329.2910","0.8395","0.0002"
"","329.3910","0.8491","0.0002"
"","329.4910","0.8592","0.0002"
"","329.5910","0.8693","0.0002"
"","329.6910","0.8794","0.0002"
"","329.7910","0.8893","0.0002"
"","329.8910","0.8994","0.0002"
"","329.9910","0.9093","0.0002"
"","330.0910","0.9191","0.0003"
"","330.1910","0.9294","0.0003"
"","330.2910","0.9393","0.0003"
"","330.3910","0.9493","0.0003"
"","330.4910","0.9592","0.0003"
"","330.5910","0.9695","0.0003"
"","330.6910","0.9794","0.0003"
"","330.7910","0.9891","0.0003"
"","330.8910","0.9993","0.0003"
"","330.9910","1.0094","0.0004"
"","331.0910","1.0194","0.0004"
"","331.1910","1.0291","0.0004"
"","331.2910","1.0394","0.0004"
"","331.3910","1.0494","0.0004"
"","331.4910","1.0592","0.0004"
"","331.5910","1.0693","0.0004"
"","331.6910","1.0793","0.0005"
"","331.7910","1.0895","0.0005"
"","331.8910","1.0991","0.0005"
"","331.9910","1.1094","0.0005"
"","332.0910","1.1193","0.0005"
"","332.1910","1.1293","0.0005"
"","332.2910","1.1393","0.0005"
"","332.3910","1.1494","0.0006"
"","332.4910","1.1593","0.0006"
"","332.5910","1.1690","0.0006"
"","332.6910","1.1794","0.0006"
"","332.7910","1.1893","0.0006"
"","332.8910","1.1992","0.0006"
"","332.9910","1.2092","0.0007"
"","333.0910","1.2195","0.0007"
"","333.1910","1.2294","0.0007"
"","333.2910","1.2391","0.0007"
"","333.3910","1.2492","0.0007"
"","333.4910","1.2594","0.0008"
"","333.5910","1.2694","0.0008"
"","333.6910","1.2790","0.0008"
"","333.7910","1.2893","0.0008"
"","333.8910","1.2994","0.0008"
"","333.9910","1.3092","0.0009"
"","334.0910","1.3192","0.0009"
"","334.1910","1.3293","0.0009"
"","334.2910","1.3395","0.0009"
"","334.3910","1.3491","0.0009"
"","334.4910","1.3593","0.0010"
"","334.5910","1.3693","0.0010"
"","334.6910","1.3792","0.0010"
"","334.7910","1.3892","0.0010"
"","334.8910","1.3995","0.0010"
"","334.9910","1.4094","0.0011"
"","335.0910","1.4191","0.0011"
"","335.1910","1.4294","0.0011"
"","335.2910","1.4393","0.0011"
"","335.3910","1.4493","0.0011"
"","335.4910","1.4591","0.0012"
"","335.5910","1.4694","0.0012"
"","335.6910","1.4794","0.0012"
"","335.7910","1.4891","0.0012"
"","335.8910","1.4993","0.0012"
"","335.9910","1.5094","0.0013"
"","336.0910","1.5194","0.0013"
"","336.1910","1.5290","0.0013"
"","336.2910","1.5394","0.0013"
"","336.3910","1.5494","0.0013"
"","336.4910","1.5592","0.0014"
"","336.5910","1.5692","0.0014"
"","336.6910","1.5793","0.0014"
"","336.7910","1.5894","0.0015"
"","336.8910","1.5993","0.0015"
"","336.9910","1.6093","0.0015"
"","337.0910","1.6193","0.0015"
"","337.1910","1.6293","0.0016"
"","337.2910","1.6393","0.0016"
"","337.3910","1.6493","0.0016"
"","337.4910","1.6593","0.0016"
"","337.5910","1.6691","0.0017"
"","337.6910","1.6794","0.0017"
"","337.7910","1.6892","0.0017"
"","337.8910","1.6992","0.0018"
"","337.9910","1.7092","0.0018"
"","338.0910","1.7195","0.0018"
"","338.1910","1.7293","0.0019"
"","338.2910","1.7391","0.0019"
"","338.3910","1.7494","0.0019"
"","338.4910","1.7594","0.0020"
"","338.5910","1.7694","0.0020"
"","338.6910","1.7791","0.0020"
"","338.7910","1.7894","0.0021"
"","338.8910","1.7994","0.0021"
"","338.9910","1.8092","0.0021"
"","339.0910","1.8193","0.0022"
"","339.1910","1.8293","0.0022"
"","339.2910","1.8395","0.0022"
"","339.3910","1.8491","0.0022"
"","339.4910","1.8593","0.0022"
"","339.5910","1.8693","0.0023"
"","339.6910","1.8793","0.0023"
"","339.7910","1.8894","0.0024"
"","339.8910","1.8994","0.0024"
"","339.9910","1.9093","0.0025"
"","340.0910","1.9190","0.0025"
"","340.1910","1.9295","0.0026"
"","340.2910","1.9393","0.0026"
"","340.3910","1.9492","0.0027"
"","340.4910","1.9591","0.0027"
"","340.5910","1.9695","0.0028"
"","340.6910","1.9794","0.0028"
"","340.7910","1.9891","0.0029"
"","340.8910","1.9993","0.0029"
"","340.9910","2.0095","0.0030"
"","341.0910","2.0193","0.0030"
"","341.1910","2.0290","0.0031"
"","341.2910","2.0393","0.0031"
"","341.3910","2.0495","0.0032"
"","341.4910","2.0591","0.0030"
"","341.5910","2.0692","0.0031"
"","341.6910","2.0793","0.0032"
"","341.7910","2.0895","0.0033"
"","341.8910","2.0992","0.0034"
"","341.9910","2.1092","0.0035"
"","342.0910","2.1193","0.0035"
"","342.1910","2.1293","0.0036"
"","342.2910","2.1393","0.0037"
"","342.3910","2.1494","0.0037"
"","342.4910","2.1594","0.0038"
"","342.5910","2.1691","0.0039"
"","342.6910","2.1795","0.0039"
"","342.7910","2.1892","0.0040"
"","342.8910","2.1992","0.0041"
"","342.9910","2.2092","0.0041"
"","343.0910","2.2195","0.0042"
"","343.1910","2.2293","0.0043"
"","343.2910","2.2391","0.0044"
"","343.3910","2.2493","0.0043"
"","343.4910","2.2594","0.0043"
"","343.5910","2.2693","0.0044"
"","343.6910","2.2791","0.0046"
"","343.7910","2.2893","0.0047"
"","343.8910","2.2994","0.0047"
"","343.9910","2.3092","0.0048"
"","344.0910","2.3192","0.0049"
"","344.1910","2.3293","0.0050"
"","344.2910","2.3395","0.0051"
"","344.3910","2.3492","0.0052"
"","344.4910","2.3592","0.0053"
"","344.5910","2.3693","0.0054"
"","344.6910","2.3793","0.0055"
"","344.7910","2.3894","0.0056"
"","344.8910","2.3993","0.0056"
"","344.9910","2.4093","0.0057"
"","345.0910","2.4191","0.0058"
"","345.1910","2.4294","0.0057"
"","345.2910","2.4393","0.0059"
"","345.3910","2.4493","0.0061"
"","345.4910","2.4592","0.0062"
"","345.5910","2.4695","0.0063"
"","345.6910","2.4793","0.0064"
"","345.7910","2.4891","0.0066"
"","345.8910","2.4993","0.0067"
"","345.9910","2.5093","0.0069"
"","346.0910","2.5193","0.0070"
"","346.1910","2.5291","0.0072"
"","346.2910","2.5394","0.0074"
"","346.3910","2.5494","0.0076"
"","346.4910","2.5591","0.0077"
"","346.5910","2.5693","0.0079"
"","346.6910","2.5793","0.0081"
"","346.7910","2.5895","0.0083"
"","346.8910","2.5991","0.0085"
"","346.9910","2.6093","0.0087"
"","347.0910","2.6193","0.0090"
"","347.1910","2.6293","0.0092"
"","347.2910","2.6394","0.0094"
"","347.3910","2.6494","0.0096"
"","347.4910","2.6594","0.0099"
"","347.5910","2.6690","0.0101"
"","347.6910","2.6795","0.0103"
"","347.7910","2.6893","0.0106"
"","347.8910","2.6992","0.0108"
"","347.9910","2.7091","0.0111"
"","348.0910","2.7195","0.0114"
"","348.1910","2.7294","0.0116"
"","348.2910","2.7391","0.0119"
"","348.3910","2.7493","0.0122"
"","348.4910","2.7594","0.0125"
"","348.5910","2.7693","0.0128"
"","348.6910","2.7790","0.0131"
"","348.7910","2.7893","0.0134"
"","348.8910","2.7995","0.0138"
"","348.9910","2.8091","0.0141"
"","349.0910","2.8192","0.0145"
"","349.1910","2.8293","0.0148"
"","349.2910","2.8395","0.0152"
"","349.3910","2.8491","0.0156"
"","349.4910","2.8592","0.0160"
"","349.5910","2.8693","0.0164"
"","349.6910","2.8793","0.0168"
"","349.7910","2.8893","0.0173"
"","349.8910","2.8994","0.0177"
"","349.9910","2.9094","0.0182"
"","350.0910","2.9190","0.0187"
"","350.1910","2.9295","0.0192"
"","350.2910","2.9393","0.0197"
"","350.3910","2.9493","0.0202"
"","350.4910","2.9591","0.0208"
"","350.5910","2.9695","0.0213"
"","350.6910","2.9793","0.0219"
"","350.7910","2.9890","0.0224"
"","350.8910","2.9993","0.0231"
"","350.9910","3.0095","0.0237"
"","351.0910","3.0193","0.0243"
"","351.1910","3.0290","0.0249"
"","351.2910","3.0393","0.0256"
"","351.3910","3.0495","0.0263"
"","351.4910","3.0592","0.0269"
"","351.5910","3.0692","0.0276"
"","351.6910","3.0793","0.0284"
"","351.7910","3.0895","0.0291"
"","351.8910","3.0991","0.0298"
"","351.9910","3.1093","0.0306"
"","352.0910","3.1193","0.0314"
"","352.1910","3.1293","0.0322"
"","352.2910","3.1393","0.0330"
"","352.3910","3.1493","0.0338"
"","352.4910","3.1593","0.0346"
"","352.5910","3.1691","0.0348"
"","352.6910","3.1794","0.0347"
"","352.7910","3.1892","0.0348"
"","352.8910","3.1993","0.0349"
"","352.9910","3.2092","0.0350"
"","353.0910","3.2195","0.0351"
"","353.1910","3.2293","0.0352"
"","353.2910","3.2391","0.0353"
"","353.3910","3.2493","0.0353"
"","353.4910","3.2593","0.0353"
"","353.5910","3.2694","0.0353"
"","353.6910","3.2791","0.0355"
"","353.7910","3.2894","0.0355"
"","353.8910","3.2994","0.0354"
"","353.9910","3.3091","0.0353"
"","354.0910","3.3193","0.0352"
"","354.1910","3.3294","0.0353"
"","354.2910","3.3394","0.0353"
"","354.3910","3.3490","0.0354"
"","354.4910","3.3593","0.0356"
"","354.5910","3.3694","0.0364"
"","354.6910","3.3794","0.0374"
"","354.7910","3.3892","0.0384"
"","354.8910","3.3994","0.0394"
"","354.9910","3.4094","0.0404"
"","355.0910","3.4190","0.0414"
"","355.1910","3.4294","0.0424"
"","355.2910","3.4393","0.0435"
"","355.3910","3.4493","0.0446"
"","355.4910","3.4592","0.0457"
"","355.5910","3.4694","0.0468"
"","355.6910","3.4794","0.0480"
"","355.7910","3.4892","0.0491"
"","355.8910","3.4993","0.0504"
"","355.9910","3.5094","0.0516"
"","356.0910","3.5193","0.0528"
"","356.1910","3.5291","0.0540"
"","356.2910","3.5393","0.0554"
"","356.3910","3.5495","0.0567"
"","356.4910","3.5591","0.0580"
"","356.5910","3.5692","0.0594"
"","356.6910","3.5794","0.0609"
"","356.7910","3.5895","0.0623"
"","356.8910","3.5990","0.0637"
"","356.9910","3.6093","0.0652"
"","357.0910","3.6194","0.0667"
"","357.1910","3.6292","0.0683"
"","357.2910","3.6392","0.0698"
"","357.3910","3.6494","0.0714"
"","357.4910","3.6595","0.0730"
"","357.5910","3.6690","0.0746"
"","357.6910","3.6794","0.0763"
"","357.7910","3.6892","0.0779"
"","357.8910","3.6992","0.0796"
"","357.9910","3.7091","0.0813"
"","358.0910","3.7195","0.0831"
"","358.1910","3.7293","0.0849"
"","358.2910","3.7391","0.0866"
"","358.3910","3.7493","0.0885"
"","358.4910","3.7594","0.0903"
"","358.5910","3.7693","0.0921"
"","358.6910","3.7791","0.0939"
"","358.7910","3.7893","0.0958"
"","358.8910","3.7994","0.0977"
"","358.9910","3.8092","0.0996"
"","359.0910","3.8192","0.1016"
"","359.1910","3.8293","0.1035"
"","359.2910","3.8395","0.1055"
"","359.3910","3.8491","0.1074"
"","359.4910","3.8592","0.1094"
"","359.5910","3.8693","0.1115"
"","359.6910","3.8793","0.1135"
"","359.7910","3.8893","0.1155"
"","359.8910","3.8993","0.1176"
"","359.9910","3.9092","0.1197"
"","360.0910","3.9191","0.1217"
"","360.1910","3.9293","0.1239"
"","360.2910","3.9392","0.1260"
"","360.3910","3.9492","0.1282"
"","360.4910","3.9592","0.1303"
"","360.5910","3.9695","0.1324"
"","360.6910","3.9793","0.1345"
"","360.7910","3.9891","0.1366"
"","360.8910","3.9994","0.1387"
"","360.8980","4.0001","0.1388"
"","360.8990","4.0002","0.1388"
"","360.9000","4.0003","0.1389"
"","361.0000","4.0007","0.1381"
"","361.1000","3.9931","0.1349"
"","361.2000","3.9815","0.1304"
"","361.3000","3.9707","0.1265"
"","361.4000","3.9605","0.1230"
"","361.5000","3.9507","0.1196"
"","361.6000","3.9409","0.1163"
"","361.7000","3.9307","0.1130"
"","361.8000","3.9206","0.1098"
"","361.9000","3.9109","0.1069"
"","362.0000","3.9007","0.1038"
"","362.1000","3.8906","0.1008"
"","362.2000","3.8806","0.0980"
"","362.3000","3.8709","0.0953"
"","362.4000","3.8608","0.0925"
"","362.5000","3.8506","0.0898"
"","362.6000","3.8407","0.0873"
"","362.7000","3.8306","0.0848"
"","362.8000","3.8207","0.0822"
"","362.9000","3.8106","0.0798"
"","363.0000","3.8009","0.0775"
"","363.1000","3.7906","0.0752"
"","363.2000","3.7807","0.0729"
"","363.3000","3.7707","0.0707"
"","363.4000","3.7606","0.0686"
"","363.5000","3.7506","0.0665"
"","363.6000","3.7407","0.0645"
"","363.7000","3.7309","0.0626"
"","363.8000","3.7206","0.0606"
"","363.9000","3.7105","0.0587"
"","364.0000","3.7008","0.0570"
"","364.1000","3.6908","0.0552"
"","364.2000","3.6807","0.0535"
"","364.3000","3.6705","0.0518"
"","364.4000","3.6609","0.0502"
"","364.5000","3.6506","0.0487"
"","364.6000","3.6406","0.0471"
"","364.7000","3.6305","0.0457"
"","364.8000","3.6209","0.0444"
"","364.9000","3.6107","0.0430"
"","365.0000","3.6006","0.0417"
"","365.1000","3.5907","0.0405"
"","365.2000","3.5807","0.0393"
"","365.3000","3.5706","0.0381"
"","365.4000","3.5606","0.0370"
"","365.5000","3.5508","0.0360"
"","365.6000","3.5406","0.0349"
"","365.7000","3.5306","0.0339"
"","365.8000","3.5208","0.0330"
"","365.9000","3.5106","0.0325"
"","366.0000","3.5006","0.0325"
"","366.1000","3.4907","0.0324"
"","366.2000","3.4808","0.0323"
"","366.3000","3.4705","0.0322"
"","366.4000","3.4605","0.0322"
"","366.5000","3.4507","0.0321"
"","366.6000","3.4407","0.0320"
"","366.7000","3.4306","0.0319"
"","366.8000","3.4205","0.0319"
"","366.9000","3.4109","0.0319"
"","367.0000","3.4006","0.0320"
"","367.1000","3.3905","0.0320"
"","367.2000","3.3806","0.0321"
"","367.3000","3.3708","0.0321"
"","367.4000","3.3606","0.0321"
"","367.5000","3.3506","0.0321"
"","367.6000","3.3408","0.0321"
"","367.7000","3.3307","0.0320"
"","367.8000","3.3206","0.0320"
"","367.9000","3.3106","0.0311"
"","368.0000","3.3009","0.0302"
"","368.1000","3.2905","0.0291"
"","368.2000","3.2806","0.0282"
"","368.3000","3.2707","0.0273"
"","368.4000","3.2606","0.0265"
"","368.5000","3.2506","0.0257"
"","368.6000","3.2407","0.0249"
"","368.7000","3.2310","0.0242"
"","368.8000","3.2206","0.0234"
"","368.9000","3.2104","0.0228"
"","369.0000","3.2007","0.0221"
"","369.1000","3.1908","0.0215"
"","369.2000","3.1806","0.0208"
"","369.3000","3.1705","0.0202"
"","369.4000","3.1609","0.0196"
"","369.5000","3.1507","0.0190"
"","369.6000","3.1406","0.0185"
"","369.7000","3.1305","0.0180"
"","369.8000","3.1209","0.0175"
"","369.9000","3.1107","0.0170"
"","370.0000","3.1006","0.0165"
"","370.1000","3.0907","0.0160"
"","370.2000","3.0807","0.0156"
"","370.3000","3.0706","0.0151"
"","370.4000","3.0606","0.0147"
"","370.5000","3.0509","0.0143"
"","370.6000","3.0406","0.0139"
"","370.7000","3.0306","0.0136"
"","370.8000","3.0207","0.0132"
"","370.9000","3.0106","0.0128"
"","371.0000","3.0005","0.0125"
"","371.1000","2.9906","0.0121"
"","371.2000","2.9809","0.0118"
"","371.3000","2.9706","0.0115"
"","371.4000","2.9604","0.0112"
"","371.5000","2.9508","0.0109"
"","371.6000","2.9408","0.0106"
"","371.7000","2.9306","0.0103"
"","371.8000","2.9204","0.0101"
"","371.9000","2.9109","0.0098"
"","372.0000","2.9006","0.0095"
"","372.1000","2.8906","0.0093"
"","372.2000","2.8805","0.0091"
"","372.3000","2.8708","0.0088"
"","372.4000","2.8607","0.0086"
"","372.5000","2.8507","0.0084"
"","372.6000","2.8407","0.0082"
"","372.7000","2.8305","0.0079"
"","372.8000","2.8206","0.0077"
"","372.9000","2.8106","0.0075"
"","373.0000","2.8008","0.0073"
"","373.1000","2.7905","0.0071"
"","373.2000","2.7807","0.0070"
"","373.3000","2.7708","0.0068"
"","373.4000","2.7607","0.0066"
"","373.5000","2.7505","0.0064"
"","373.6000","2.7408","0.0063"
"","373.7000","2.7308","0.0061"
"","373.8000","2.7205","0.0059"
"","373.9000","2.7104","0.0058"
"","374.0000","2.7007","0.0057"
"","374.1000","2.6908","0.0055"
"","374.2000","2.6806","0.0054"
"","374.3000","2.6705","0.0053"
"","374.4000","2.6609","0.0051"
"","374.5000","2.6507","0.0050"
"","374.6000","2.6405","0.0049"
"","374.7000","2.6305","0.0048"
"","374.8000","2.6208","0.0048"
"","374.9000","2.6107","0.0047"
"","375.0000","2.6006","0.0046"
"","375.1000","2.5908","0.0045"
"","375.2000","2.5805","0.0044"
"","375.3000","2.5706","0.0043"
"","375.4000","2.5607","0.0042"
"","375.5000","2.5509","0.0042"
"","375.6000","2.5405","0.0041"
"","375.7000","2.5306","0.0040"
"","375.8000","2.5207","0.0040"
"","375.9000","2.5106","0.0039"
"","376.0000","2.5006","0.0038"
"","376.1000","2.4908","0.0037"
"","376.2000","2.4810","0.0037"
"","376.3000","2.4705","0.0036"
"","376.4000","2.4604","0.0035"
"","376.5000","2.4507","0.0035"
"","376.6000","2.4409","0.0034"
"","376.7000","2.4307","0.0033"
"","376.8000","2.4205","0.0033"
"","376.9000","2.4109","0.0032"
"","377.0000","2.4007","0.0032"
"","377.1000","2.3906","0.0031"
"","377.2000","2.3805","0.0031"
"","377.3000","2.3709","0.0030"
"","377.4000","2.3607","0.0029"
"","377.5000","2.3506","0.0029"
"","377.6000","2.3407","0.0029"
"","377.7000","2.3307","0.0028"
"","377.8000","2.3206","0.0028"
"","377.9000","2.3106","0.0027"
"","378.0000","2.3009","0.0027"
"","378.1000","2.2906","0.0026"
"","378.2000","2.2806","0.0026"
"","378.3000","2.2707","0.0025"
"","378.4000","2.2606","0.0025"
"","378.5000","2.2505","0.0025"
"","378.6000","2.2407","0.0024"
"","378.7000","2.2309","0.0024"
"","378.8000","2.2206","0.0023"
"","378.9000","2.2104","0.0023"
"","379.0000","2.2007","0.0023"
"","379.1000","2.1908","0.0022"
"","379.2000","2.1807","0.0022"
"","379.3000","2.1704","0.0022"
"","379.4000","2.1609","0.0021"
"","379.5000","2.1506","0.0021"
"","379.6000","2.1406","0.0021"
"","379.7000","2.1305","0.0020"
"","379.8000","2.1208","0.0020"
"","379.9000","2.1107","0.0020"
"","380.0000","2.1006","0.0020"
"","380.1000","2.0907","0.0019"
"","380.2000","2.0805","0.0019"
"","380.3000","2.0707","0.0019"
"","380.4000","2.0606","0.0018"
"","380.5000","2.0508","0.0018"
"","380.6000","2.0405","0.0018"
"","380.7000","2.0307","0.0017"
"","380.8000","2.0209","0.0017"
"","380.9000","2.0107","0.0017"
"","381.0000","2.0005","0.0017"
"","381.1000","1.9908","0.0016"
"","381.2000","1.9808","0.0016"
"","381.3000","1.9705","0.0016"
"","381.4000","1.9604","0.0016"
"","381.5000","1.9507","0.0015"
"","381.6000","1.9408","0.0015"
"","381.7000","1.9306","0.0015"
"","381.8000","1.9205","0.0015"
"","381.9000","1.9109","0.0015"
"","382.0000","1.9007","0.0014"
"","382.1000","1.8905","0.0014"
"","382.2000","1.8805","0.0014"
"","382.3000","1.8708","0.0013"
"","382.4000","1.8607","0.0014"
"","382.5000","1.8506","0.0013"
"","382.6000","1.8408","0.0013"
"","382.7000","1.8305","0.0013"
"","382.8000","1.8207","0.0012"
"","382.9000","1.8107","0.0012"
"","383.0000","1.8009","0.0012"
"","383.1000","1.7904","0.0012"
"","383.2000","1.7806","0.0011"
"","383.3000","1.7708","0.0012"
"","383.4000","1.7606","0.0011"
"","383.5000","1.7505","0.0011"
"","383.6000","1.7407","0.0011"
"","383.7000","1.7310","0.0011"
"","383.8000","1.7206","0.0010"
"","383.9000","1.7104","0.0010"
"","384.0000","1.7007","0.0010"
"","384.1000","1.6908","0.0010"
"","384.2000","1.6806","0.0010"
"","384.3000","1.6706","0.0010"
"","384.4000","1.6608","0.0009"
"","384.5000","1.6507","0.0009"
"","384.6000","1.6406","0.0009"
"","384.7000","1.6306","0.0009"
"","384.8000","1.6208","0.0009"
"","384.9000","1.6107","0.0008"
"","385.0000","1.6006","0.0008"
"","385.1000","1.5908","0.0008"
"","385.2000","1.5806","0.0008"
"","385.3000","1.5706","0.0008"
"","385.4000","1.5606","0.0008"
"","385.5000","1.5509","0.0008"
"","385.6000","1.5406","0.0008"
"","385.7000","1.5306","0.0007"
"","385.8000","1.5207","0.0007"
"","385.9000","1.5106","0.0007"
"","386.0000","1.5006","0.0007"
"","386.1000","1.4906","0.0007"
"","386.2000","1.4808","0.0006"
"","386.3000","1.4706","0.0007"
"","386.4000","1.4605","0.0006"
"","386.5000","1.4507","0.0006"
"","386.6000","1.4408","0.0006"
"","386.7000","1.4307","0.0006"
"","386.8000","1.4205","0.0006"
"","386.9000","1.4108","0.0006"
"","387.0000","1.4006","0.0005"
"","387.1000","1.3906","0.0005"
"","387.2000","1.3806","0.0005"
"","387.3000","1.3708","0.0005"
"","387.4000","1.3607","0.0005"
"","387.5000","1.3506","0.0005"
"","387.6000","1.3407","0.0005"
"","387.7000","1.3305","0.0004"
"","387.8000","1.3206","0.0004"
"","387.9000","1.3106","0.0005"
"","388.0000","1.3008","0.0004"
"","388.1000","1.2905","0.0004"
"","388.2000","1.2806","0.0004"
"","388.3000","1.2708","0.0004"
"","388.4000","1.2606","0.0004"
"","388.5000","1.2506","0.0004"
"","388.6000","1.2408","0.0004"
"","388.7000","1.2308","0.0004"
"","388.8000","1.2205","0.0003"
"","388.9000","1.2105","0.0004"
"","389.0000","1.2007","0.0003"
"","389.1000","1.1908","0.0003"
"","389.2000","1.1806","0.0003"
"","389.3000","1.1705","0.0003"
"","389.4000","1.1609","0.0003"
"","389.5000","1.1507","0.0003"
"","389.6000","1.1404","0.0002"
"","389.7000","1.1306","0.0003"
"","389.8000","1.1209","0.0002"
"","389.9000","1.1107","0.0003"
"","390.0000","1.1006","0.0002"
"","390.1000","1.0908","0.0002"
"","390.2000","1.0806","0.0002"
"","390.3000","1.0706","0.0002"
"","390.4000","1.0606","0.0002"
"","390.5000","1.0508","0.0002"
"","390.6000","1.0405","0.0002"
"","390.7000","1.0306","0.0002"
"","390.8000","1.0208","0.0002"
"","390.9000","1.0106","0.0002"
"","391.0000","1.0005","0.0002"
"","391.1000","0.9907","0.0002"
"","391.2000","0.9810","0.0002"
"","391.3000","0.9705","0.0001"
"","391.4000","0.9604","0.0001"
"","391.5000","0.9507","0.0001"
"","391.6000","0.9408","0.0001"
"","391.7000","0.9306","0.0001"
"","391.8000","0.9205","0.0001"
"","391.9000","0.9109","0.0001"
"","392.0000","0.9007","0.0001"
"","392.1000","0.8906","0.0001"
"","392.2000","0.8805","0.0001"
"","392.3000","0.8709","0.0001"
"","392.4000","0.8607","0.0001"
"","392.5000","0.8506","0.0001"
"","392.6000","0.8407","0.0001"
"","392.7000","0.8307","0.0001"
"","392.8000","0.8206","0.0001"
"","392.9000","0.8106","0.0001"
"","393.0000","0.8009","0.0001"
"","393.1000","0.7906","0.0001"
"","393.2000","0.7807","0.0001"
"","393.3000","0.7707","0.0000"
"","393.4000","0.7606","0.0000"
"","393.5000","0.7505","0.0001"
"","393.6000","0.7407","0.0000"
"","393.7000","0.7309","0.0000"
"","393.8000","0.7206","0.0000"
"","393.9000","0.7104","0.0000"
"","394.0000","0.7008","0.0000"
"","394.1000","0.6908","0.0000"
"","394.2000","0.6807","0.0000"
"","394.3000","0.6704","0.0000"
"","394.4000","0.6609","0.0000"
"","394.5000","0.6506","0.0000"
"","394.6000","0.6406","0.0000"
"","394.7000","0.6305","0.0000"
"","394.8000","0.6209","0.0000"
"","394.9000","0.6107","0.0000"
"","395.0000","0.6006","0.0000"
"","395.1000","0.5907","0.0000"
"","395.2000","0.5807","0.0000"
"","395.3000","0.5706","0.0000"
"","395.4000","0.5606","0.0000"
"","395.5000","0.5508","0.0000"
"","395.6000","0.5405","0.0000"
"","395.7000","0.5306","0.0000"
"","395.8000","0.5208","0.0000"
"","395.9000","0.5106","0.0000"
"","396.0000","0.5006","-0.0001"
"","396.1000","0.4908","-0.0001"
"","396.2000","0.4808","-0.0001"
"","396.3000","0.4705","-0.0001"
"","396.4000","0.4605","0.0000"
"","396.5000","0.4507","-0.0001"
"","396.6000","0.4408","-0.0001"
"","396.7000","0.4306","-0.0001"
"","396.8000","0.4205","-0.0001"
"","396.9000","0.4109","-0.0001"
"","397.0000","0.4006","-0.0001"
"","397.1000","0.3905","-0.0001"
"","397.2000","0.3805","-0.0001"
"","397.3000","0.3708","-0.0001"
"","397.4000","0.3607","-0.0001"
"","397.5000","0.3506","-0.0001"
"","397.6000","0.3407","-0.0001"
"","397.7000","0.3307","-0.0001"
"","397.8000","0.3206","-0.0001"
"","397.9000","0.3106","-0.0001"
"","398.0000","0.3009","-0.0001"
"","398.1000","0.2906","-0.0001"
"","398.2000","0.2806","-0.0001"
"","398.3000","0.2707","-0.0001"
"","398.4000","0.2606","-0.0001"
"","398.5000","0.2505","-0.0001"
"","398.6000","0.2407","-0.0001"
"","398.7000","0.2310","-0.0001"
"","398.8000","0.2206","-0.0001"
"","398.9000","0.2105","-0.0001"
"","399.0000","0.2007","-0.0001"
"","399.1000","0.1908","-0.0001"
"","399.2000","0.1806","-0.0001"
"","399.3000","0.1705","-0.0001"
"","399.4000","0.1609","-0.0001"
"","399.5000","0.1507","-0.0001"
"","399.6000","0.1406","-0.0001"
"","399.7000","0.1305","-0.0001"
"","399.8000","0.1208","-0.0001"
"","399.9000","0.1107","-0.0001"
"","400.0000","0.1006","-0.0001"
"","400.1000","0.0907","-0.0001"
"","400.2000","0.0806","-0.0001"
"","400.3000","0.0706","-0.0001"
"","400.4000","0.0606","-0.0001"
"","400.5000","0.0508","-0.0001"
"","400.6000","0.0406","-0.0001"
"","400.7000","0.0306","-0.0001"
"","400.8000","0.0207","-0.0001"
"","400.9000","0.0107","-0.0001"
"","401.0000","0.0008","-0.0001"
"","401.0090","-0.0001","-0.0001"

