1,Time,Displacement,Force
,(s),(mm),(kN)
"","0.0000","0.0000","0.0000"
"","0.1000","0.0034","0.0000"
"","0.2000","0.0111","0.0000"
"","0.3000","0.0235","0.0000"
"","0.4000","0.0343","0.0000"
"","0.5000","0.0442","0.0000"
"","0.6000","0.0539","0.0000"
"","0.7000","0.0639","0.0000"
"","0.8000","0.0740","0.0000"
"","0.9000","0.0842","0.0000"
"","1.0000","0.0937","0.0000"
"","1.1000","0.1039","0.0000"
"","1.2000","0.1140","0.0000"
"","1.3000","0.1240","0.0000"
"","1.4000","0.1339","0.0000"
"","1.5000","0.1440","0.0000"
"","1.6000","0.1540","0.0000"
"","1.7000","0.1638","0.0000"
"","1.8000","0.1741","0.0001"
"","1.9000","0.1839","0.0001"
"","2.0000","0.1939","0.0001"
"","2.1000","0.2038","0.0001"
"","2.2000","0.2141","0.0001"
"","2.3000","0.2240","0.0001"
"","2.4000","0.2338","0.0001"
"","2.5000","0.2441","0.0001"
"","2.6000","0.2540","0.0001"
"","2.7000","0.2640","0.0001"
"","2.8000","0.2738","0.0001"
"","2.9000","0.2841","0.0001"
"","3.0000","0.2941","0.0001"
"","3.1000","0.3039","0.0001"
"","3.2000","0.3139","0.0001"
"","3.3000","0.3241","0.0001"
"","3.4000","0.3342","0.0001"
"","3.5000","0.3437","0.0001"
"","3.6000","0.3540","0.0001"
"","3.7000","0.3640","0.0001"
"","3.8000","0.3741","0.0001"
"","3.9000","0.3839","0.0001"
"","4.0000","0.3941","0.0001"
"","4.1000","0.4040","0.0001"
"","4.2000","0.4137","0.0001"
"","4.3000","0.4241","0.0001"
"","4.4000","0.4340","0.0001"
"","4.5000","0.4440","0.0001"
"","4.6000","0.4538","0.0001"
"","4.7000","0.4642","0.0002"
"","4.8000","0.4740","0.0002"
"","4.9000","0.4838","0.0002"
"","5.0000","0.4939","0.0002"
"","5.1000","0.5042","0.0002"
"","5.2000","0.5140","0.0002"
"","5.3000","0.5237","0.0002"
"","5.4000","0.5340","0.0002"
"","5.5000","0.5442","0.0002"
"","5.6000","0.5538","0.0002"
"","5.7000","0.5639","0.0002"
"","5.8000","0.5740","0.0002"
"","5.9000","0.5842","0.0002"
"","6.0000","0.5937","0.0002"
"","6.1000","0.6039","0.0002"
"","6.2000","0.6140","0.0002"
"","6.3000","0.6240","0.0003"
"","6.4000","0.6339","0.0002"
"","6.5000","0.6440","0.0003"
"","6.6000","0.6540","0.0003"
"","6.7000","0.6638","0.0003"
"","6.8000","0.6741","0.0003"
"","6.9000","0.6839","0.0003"
"","7.0000","0.6940","0.0003"
"","7.1000","0.7038","0.0003"
"","7.2000","0.7141","0.0003"
"","7.3000","0.7239","0.0003"
"","7.4000","0.7338","0.0003"
"","7.5000","0.7440","0.0004"
"","7.6000","0.7541","0.0004"
"","7.7000","0.7640","0.0004"
"","7.8000","0.7737","0.0004"
"","7.9000","0.7840","0.0004"
"","8.0000","0.7941","0.0004"
"","8.1000","0.8039","0.0004"
"","8.2000","0.8139","0.0004"
"","8.3000","0.8240","0.0005"
"","8.4000","0.8341","0.0005"
"","8.5000","0.8438","0.0005"
"","8.6000","0.8538","0.0005"
"","8.7000","0.8640","0.0005"
"","8.8000","0.8740","0.0005"
"","8.9000","0.8840","0.0005"
"","9.0000","0.8940","0.0006"
"","9.1000","0.9040","0.0006"
"","9.2000","0.9138","0.0006"
"","9.3000","0.9241","0.0006"
"","9.4000","0.9339","0.0006"
"","9.5000","0.9439","0.0006"
"","9.6000","0.9539","0.0006"
"","9.7000","0.9642","0.0006"
"","9.8000","0.9740","0.0007"
"","9.9000","0.9838","0.0007"
"","10.0000","0.9940","0.0007"
"","10.1000","1.0041","0.0007"
"","10.2000","1.0140","0.0007"
"","10.3000","1.0237","0.0007"
"","10.4000","1.0340","0.0007"
"","10.5000","1.0441","0.0008"
"","10.6000","1.0539","0.0008"
"","10.7000","1.0639","0.0008"
"","10.8000","1.0740","0.0008"
"","10.9000","1.0841","0.0008"
"","11.0000","1.0938","0.0008"
"","11.1000","1.1040","0.0009"
"","11.2000","1.1140","0.0009"
"","11.3000","1.1240","0.0009"
"","11.4000","1.1339","0.0009"
"","11.5000","1.1441","0.0009"
"","11.6000","1.1540","0.0010"
"","11.7000","1.1637","0.0010"
"","11.8000","1.1741","0.0010"
"","11.9000","1.1840","0.0010"
"","12.0000","1.1939","0.0011"
"","12.1000","1.2038","0.0011"
"","12.2000","1.2142","0.0011"
"","12.3000","1.2241","0.0012"
"","12.4000","1.2338","0.0012"
"","12.5000","1.2439","0.0012"
"","12.6000","1.2541","0.0012"
"","12.7000","1.2640","0.0013"
"","12.8000","1.2737","0.0013"
"","12.9000","1.2839","0.0013"
"","13.0000","1.2941","0.0014"
"","13.1000","1.3039","0.0014"
"","13.2000","1.3139","0.0015"
"","13.3000","1.3240","0.0015"
"","13.4000","1.3341","0.0015"
"","13.5000","1.3437","0.0016"
"","13.6000","1.3540","0.0016"
"","13.7000","1.3640","0.0017"
"","13.8000","1.3739","0.0017"
"","13.9000","1.3839","0.0018"
"","14.0000","1.3941","0.0018"
"","14.1000","1.4041","0.0019"
"","14.2000","1.4138","0.0019"
"","14.3000","1.4241","0.0020"
"","14.4000","1.4340","0.0020"
"","14.5000","1.4439","0.0021"
"","14.6000","1.4537","0.0021"
"","14.7000","1.4640","0.0022"
"","14.8000","1.4741","0.0023"
"","14.9000","1.4838","0.0023"
"","15.0000","1.4940","0.0024"
"","15.1000","1.5041","0.0025"
"","15.2000","1.5141","0.0025"
"","15.3000","1.5237","0.0026"
"","15.4000","1.5340","0.0027"
"","15.5000","1.5441","0.0028"
"","15.6000","1.5540","0.0028"
"","15.7000","1.5639","0.0029"
"","15.8000","1.5740","0.0030"
"","15.9000","1.5841","0.0031"
"","16.0000","1.5939","0.0032"
"","16.1000","1.6039","0.0032"
"","16.2000","1.6140","0.0033"
"","16.3000","1.6240","0.0034"
"","16.4000","1.6340","0.0035"
"","16.5000","1.6440","0.0036"
"","16.6000","1.6539","0.0037"
"","16.7000","1.6638","0.0038"
"","16.8000","1.6741","0.0039"
"","16.9000","1.6839","0.0040"
"","17.0000","1.6939","0.0042"
"","17.1000","1.7039","0.0042"
"","17.2000","1.7141","0.0044"
"","17.3000","1.7240","0.0045"
"","17.4000","1.7338","0.0046"
"","17.5000","1.7440","0.0047"
"","17.6000","1.7541","0.0048"
"","17.7000","1.7641","0.0050"
"","17.8000","1.7737","0.0051"
"","17.9000","1.7841","0.0052"
"","18.0000","1.7941","0.0053"
"","18.1000","1.8039","0.0054"
"","18.2000","1.8139","0.0056"
"","18.3000","1.8240","0.0057"
"","18.4000","1.8341","0.0058"
"","18.5000","1.8438","0.0060"
"","18.6000","1.8539","0.0061"
"","18.7000","1.8639","0.0062"
"","18.8000","1.8740","0.0064"
"","18.9000","1.8841","0.0065"
"","19.0000","1.8940","0.0067"
"","19.1000","1.9040","0.0068"
"","19.2000","1.9137","0.0070"
"","19.3000","1.9242","0.0071"
"","19.4000","1.9339","0.0073"
"","19.5000","1.9439","0.0074"
"","19.6000","1.9538","0.0076"
"","19.7000","1.9642","0.0078"
"","19.8000","1.9740","0.0079"
"","19.9000","1.9838","0.0081"
"","20.0000","1.9939","0.0083"
"","20.1000","2.0042","0.0085"
"","20.2000","2.0139","0.0087"
"","20.3000","2.0236","0.0089"
"","20.4000","2.0340","0.0091"
"","20.5000","2.0442","0.0093"
"","20.6000","2.0539","0.0095"
"","20.7000","2.0638","0.0097"
"","20.8000","2.0740","0.0099"
"","20.9000","2.0842","0.0101"
"","21.0000","2.0938","0.0103"
"","21.1000","2.1039","0.0106"
"","21.2000","2.1140","0.0108"
"","21.3000","2.1240","0.0110"
"","21.4000","2.1340","0.0113"
"","21.5000","2.1441","0.0115"
"","21.6000","2.1541","0.0118"
"","21.7000","2.1638","0.0120"
"","21.8000","2.1742","0.0123"
"","21.9000","2.1839","0.0125"
"","22.0000","2.1939","0.0128"
"","22.1000","2.2038","0.0131"
"","22.2000","2.2142","0.0133"
"","22.3000","2.2240","0.0136"
"","22.4000","2.2338","0.0139"
"","22.5000","2.2439","0.0142"
"","22.6000","2.2541","0.0145"
"","22.7000","2.2640","0.0148"
"","22.8000","2.2737","0.0150"
"","22.9000","2.2840","0.0154"
"","23.0000","2.2941","0.0157"
"","23.1000","2.3039","0.0160"
"","23.2000","2.3139","0.0163"
"","23.3000","2.3240","0.0166"
"","23.4000","2.3342","0.0169"
"","23.5000","2.3439","0.0172"
"","23.6000","2.3538","0.0176"
"","23.7000","2.3640","0.0179"
"","23.8000","2.3740","0.0182"
"","23.9000","2.3840","0.0186"
"","24.0000","2.3940","0.0189"
"","24.1000","2.4040","0.0193"
"","24.2000","2.4137","0.0196"
"","24.3000","2.4241","0.0200"
"","24.4000","2.4339","0.0204"
"","24.5000","2.4439","0.0207"
"","24.6000","2.4538","0.0209"
"","24.7000","2.4642","0.0213"
"","24.8000","2.4740","0.0217"
"","24.9000","2.4838","0.0221"
"","25.0000","2.4940","0.0225"
"","25.1000","2.5040","0.0229"
"","25.2000","2.5140","0.0233"
"","25.3000","2.5237","0.0237"
"","25.4000","2.5341","0.0241"
"","25.5000","2.5441","0.0245"
"","25.6000","2.5539","0.0249"
"","25.7000","2.5639","0.0253"
"","25.8000","2.5740","0.0257"
"","25.9000","2.5842","0.0261"
"","26.0000","2.5938","0.0265"
"","26.1000","2.6040","0.0270"
"","26.2000","2.6140","0.0274"
"","26.3000","2.6240","0.0279"
"","26.4000","2.6340","0.0283"
"","26.5000","2.6441","0.0288"
"","26.6000","2.6540","0.0292"
"","26.7000","2.6637","0.0297"
"","26.8000","2.6742","0.0301"
"","26.9000","2.6840","0.0306"
"","27.0000","2.6939","0.0310"
"","27.1000","2.7038","0.0313"
"","27.2000","2.7142","0.0318"
"","27.3000","2.7240","0.0322"
"","27.4000","2.7338","0.0326"
"","27.5000","2.7439","0.0329"
"","27.6000","2.7542","0.0334"
"","27.7000","2.7640","0.0338"
"","27.8000","2.7736","0.0343"
"","27.9000","2.7839","0.0345"
"","28.0000","2.7942","0.0346"
"","28.1000","2.8039","0.0347"
"","28.2000","2.8139","0.0347"
"","28.3000","2.8240","0.0348"
"","28.4000","2.8342","0.0349"
"","28.5000","2.8438","0.0350"
"","28.6000","2.8539","0.0351"
"","28.7000","2.8640","0.0352"
"","28.8000","2.8740","0.0352"
"","28.9000","2.8839","0.0352"
"","29.0000","2.8939","0.0352"
"","29.1000","2.9040","0.0352"
"","29.2000","2.9138","0.0353"
"","29.3000","2.9242","0.0355"
"","29.4000","2.9339","0.0358"
"","29.5000","2.9440","0.0362"
"","29.6000","2.9538","0.0367"
"","29.7000","2.9642","0.0373"
"","29.8000","2.9740","0.0377"
"","29.9000","2.9837","0.0382"
"","30.0000","2.9940","0.0389"
"","30.1000","3.0042","0.0395"
"","30.2000","3.0140","0.0401"
"","30.3000","3.0237","0.0407"
"","30.4000","3.0339","0.0414"
"","30.5000","3.0441","0.0420"
"","30.6000","3.0539","0.0425"
"","30.7000","3.0639","0.0430"
"","30.8000","3.0740","0.0435"
"","30.9000","3.0841","0.0441"
"","31.0000","3.0938","0.0446"
"","31.1000","3.1039","0.0453"
"","31.2000","3.1140","0.0459"
"","31.3000","3.1240","0.0465"
"","31.4000","3.1340","0.0471"
"","31.5000","3.1440","0.0477"
"","31.6000","3.1540","0.0483"
"","31.7000","3.1638","0.0489"
"","31.8000","3.1741","0.0496"
"","31.9000","3.1839","0.0502"
"","32.0000","3.1939","0.0508"
"","32.1000","3.2038","0.0515"
"","32.2000","3.2142","0.0521"
"","32.3000","3.2240","0.0528"
"","32.4000","3.2338","0.0534"
"","32.5000","3.2440","0.0541"
"","32.6000","3.2541","0.0548"
"","32.7000","3.2641","0.0555"
"","32.8000","3.2738","0.0561"
"","32.9000","3.2841","0.0569"
"","33.0000","3.2941","0.0576"
"","33.1000","3.3039","0.0582"
"","33.2000","3.3140","0.0590"
"","33.3000","3.3241","0.0597"
"","33.4000","3.3341","0.0604"
"","33.5000","3.3436","0.0611"
"","33.6000","3.3539","0.0619"
"","33.7000","3.3640","0.0626"
"","33.8000","3.3740","0.0634"
"","33.9000","3.3839","0.0641"
"","34.0000","3.3940","0.0649"
"","34.1000","3.4041","0.0656"
"","34.2000","3.4137","0.0663"
"","34.3000","3.4241","0.0671"
"","34.4000","3.4340","0.0679"
"","34.5000","3.4440","0.0686"
"","34.6000","3.4539","0.0694"
"","34.7000","3.4641","0.0702"
"","34.8000","3.4741","0.0710"
"","34.9000","3.4839","0.0717"
"","35.0000","3.4940","0.0725"
"","35.1000","3.5041","0.0733"
"","35.2000","3.5140","0.0741"
"","35.3000","3.5237","0.0748"
"","35.4000","3.5340","0.0757"
"","35.5000","3.5442","0.0765"
"","35.6000","3.5538","0.0772"
"","35.7000","3.5639","0.0780"
"","35.8000","3.5740","0.0789"
"","35.9000","3.5842","0.0797"
"","36.0000","3.5937","0.0804"
"","36.1000","3.6039","0.0813"
"","36.2000","3.6140","0.0821"
"","36.3000","3.6240","0.0829"
"","36.4000","3.6339","0.0838"
"","36.5000","3.6441","0.0847"
"","36.6000","3.6541","0.0855"
"","36.7000","3.6638","0.0863"
"","36.8000","3.6741","0.0872"
"","36.9000","3.6839","0.0880"
"","37.0000","3.6939","0.0889"
"","37.1000","3.7038","0.0897"
"","37.2000","3.7142","0.0906"
"","37.3000","3.7240","0.0914"
"","37.4000","3.7338","0.0923"
"","37.5000","3.7439","0.0932"
"","37.6000","3.7540","0.0941"
"","37.7000","3.7641","0.0950"
"","37.8000","3.7737","0.0958"
"","37.9000","3.7840","0.0968"
"","38.0000","3.7941","0.0977"
"","38.1000","3.8039","0.0985"
"","38.2000","3.8139","0.0995"
"","38.3000","3.8240","0.1004"
"","38.4000","3.8341","0.1013"
"","38.5000","3.8439","0.1021"
"","38.6000","3.8539","0.1031"
"","38.7000","3.8640","0.1041"
"","38.8000","3.8740","0.1050"
"","38.9000","3.8840","0.1059"
"","39.0000","3.8940","0.1069"
"","39.1000","3.9039","0.1078"
"","39.2000","3.9137","0.1087"
"","39.3000","3.9241","0.1097"
"","39.4000","3.9339","0.1106"
"","39.5000","3.9439","0.1116"
"","39.6000","3.9538","0.1126"
"","39.7000","3.9642","0.1135"
"","39.8000","3.9740","0.1145"
"","39.9000","3.9838","0.1154"
"","40.0000","3.9940","0.1164"
"","40.0600","4.0000","0.1170"
"","40.0610","4.0001","0.1170"
"","40.0620","4.0002","0.1170"
"","40.1620","4.0005","0.1158"
"","40.2620","3.9927","0.1128"
"","40.3620","3.9811","0.1091"
"","40.4620","3.9706","0.1060"
"","40.5620","3.9603","0.1031"
"","40.6620","3.9504","0.1003"
"","40.7620","3.9408","0.0977"
"","40.8620","3.9305","0.0951"
"","40.9620","3.9204","0.0926"
"","41.0620","3.9104","0.0902"
"","41.1620","3.9007","0.0879"
"","41.2620","3.8905","0.0855"
"","41.3620","3.8803","0.0833"
"","41.4620","3.8705","0.0812"
"","41.5620","3.8606","0.0790"
"","41.6620","3.8504","0.0769"
"","41.7620","3.8403","0.0748"
"","41.8620","3.8306","0.0729"
"","41.9620","3.8205","0.0710"
"","42.0620","3.8105","0.0690"
"","42.1620","3.8006","0.0672"
"","42.2620","3.7903","0.0654"
"","42.3620","3.7805","0.0636"
"","42.4620","3.7704","0.0619"
"","42.5620","3.7606","0.0602"
"","42.6620","3.7503","0.0585"
"","42.7620","3.7404","0.0569"
"","42.8620","3.7306","0.0554"
"","42.9620","3.7205","0.0538"
"","43.0620","3.7104","0.0523"
"","43.1620","3.7004","0.0508"
"","43.2620","3.6907","0.0495"
"","43.3620","3.6805","0.0480"
"","43.4620","3.6703","0.0467"
"","43.5620","3.6605","0.0454"
"","43.6620","3.6506","0.0442"
"","43.7620","3.6405","0.0431"
"","43.8620","3.6303","0.0420"
"","43.9620","3.6205","0.0409"
"","44.0620","3.6104","0.0397"
"","44.1620","3.6004","0.0386"
"","44.2620","3.5904","0.0377"
"","44.3620","3.5806","0.0369"
"","44.4620","3.5704","0.0359"
"","44.5620","3.5603","0.0352"
"","44.6620","3.5506","0.0345"
"","44.7620","3.5403","0.0335"
"","44.8620","3.5305","0.0328"
"","44.9620","3.5204","0.0328"
"","45.0620","3.5106","0.0328"
"","45.1620","3.5003","0.0325"
"","45.2620","3.4904","0.0325"
"","45.3620","3.4806","0.0325"
"","45.4620","3.4705","0.0324"
"","45.5620","3.4603","0.0323"
"","45.6620","3.4504","0.0322"
"","45.7620","3.4406","0.0323"
"","45.8620","3.4303","0.0322"
"","45.9620","3.4203","0.0323"
"","46.0620","3.4105","0.0322"
"","46.1620","3.4006","0.0316"
"","46.2620","3.3904","0.0309"
"","46.3620","3.3803","0.0305"
"","46.4620","3.3706","0.0298"
"","46.5620","3.3604","0.0295"
"","46.6620","3.3502","0.0290"
"","46.7620","3.3404","0.0283"
"","46.8620","3.3306","0.0277"
"","46.9620","3.3205","0.0268"
"","47.0620","3.3104","0.0258"
"","47.1620","3.3006","0.0249"
"","47.2620","3.2902","0.0241"
"","47.3620","3.2804","0.0233"
"","47.4620","3.2704","0.0225"
"","47.5620","3.2606","0.0218"
"","47.6620","3.2503","0.0210"
"","47.7620","3.2404","0.0203"
"","47.8620","3.2306","0.0197"
"","47.9620","3.2205","0.0190"
"","48.0620","3.2103","0.0184"
"","48.1620","3.2004","0.0178"
"","48.2620","3.1907","0.0172"
"","48.3620","3.1804","0.0166"
"","48.4620","3.1703","0.0160"
"","48.5620","3.1604","0.0155"
"","48.6620","3.1506","0.0150"
"","48.7620","3.1405","0.0145"
"","48.8620","3.1303","0.0140"
"","48.9620","3.1205","0.0135"
"","49.0620","3.1105","0.0130"
"","49.1620","3.1004","0.0126"
"","49.2620","3.0904","0.0121"
"","49.3620","3.0805","0.0117"
"","49.4620","3.0704","0.0113"
"","49.5620","3.0604","0.0109"
"","49.6620","3.0506","0.0106"
"","49.7620","3.0403","0.0102"
"","49.8620","3.0304","0.0098"
"","49.9620","3.0204","0.0095"
"","50.0620","3.0106","0.0092"
"","50.1620","3.0002","0.0088"
"","50.2620","2.9904","0.0085"
"","50.3620","2.9806","0.0082"
"","50.4620","2.9706","0.0079"
"","50.5620","2.9603","0.0076"
"","50.6620","2.9503","0.0073"
"","50.7620","2.9407","0.0071"
"","50.8620","2.9304","0.0068"
"","50.9620","2.9203","0.0065"
"","51.0620","2.9103","0.0063"
"","51.1620","2.9006","0.0061"
"","51.2620","2.8905","0.0059"
"","51.3620","2.8804","0.0056"
"","51.4620","2.8706","0.0054"
"","51.5620","2.8605","0.0053"
"","51.6620","2.8504","0.0051"
"","51.7620","2.8404","0.0049"
"","51.8620","2.8305","0.0047"
"","51.9620","2.8204","0.0046"
"","52.0620","2.8104","0.0044"
"","52.1620","2.8006","0.0043"
"","52.2620","2.7903","0.0042"
"","52.3620","2.7804","0.0040"
"","52.4620","2.7705","0.0039"
"","52.5620","2.7607","0.0038"
"","52.6620","2.7502","0.0036"
"","52.7620","2.7404","0.0035"
"","52.8620","2.7306","0.0034"
"","52.9620","2.7205","0.0033"
"","53.0620","2.7103","0.0032"
"","53.1620","2.7004","0.0031"
"","53.2620","2.6907","0.0030"
"","53.3620","2.6804","0.0029"
"","53.4620","2.6703","0.0028"
"","53.5620","2.6604","0.0027"
"","53.6620","2.6507","0.0026"
"","53.7620","2.6405","0.0026"
"","53.8620","2.6303","0.0025"
"","53.9620","2.6205","0.0024"
"","54.0620","2.6105","0.0023"
"","54.1620","2.6004","0.0023"
"","54.2620","2.5904","0.0022"
"","54.3620","2.5805","0.0021"
"","54.4620","2.5704","0.0021"
"","54.5620","2.5604","0.0020"
"","54.6620","2.5507","0.0020"
"","54.7620","2.5402","0.0019"
"","54.8620","2.5303","0.0019"
"","54.9620","2.5204","0.0018"
"","55.0620","2.5107","0.0018"
"","55.1620","2.5003","0.0017"
"","55.2620","2.4904","0.0017"
"","55.3620","2.4807","0.0017"
"","55.4620","2.4705","0.0016"
"","55.5620","2.4603","0.0016"
"","55.6620","2.4503","0.0016"
"","55.7620","2.4407","0.0015"
"","55.8620","2.4304","0.0015"
"","55.9620","2.4202","0.0014"
"","56.0620","2.4104","0.0014"
"","56.1620","2.4007","0.0014"
"","56.2620","2.3905","0.0013"
"","56.3620","2.3803","0.0013"
"","56.4620","2.3705","0.0013"
"","56.5620","2.3605","0.0012"
"","56.6620","2.3503","0.0012"
"","56.7620","2.3403","0.0012"
"","56.8620","2.3305","0.0011"
"","56.9620","2.3205","0.0011"
"","57.0620","2.3104","0.0011"
"","57.1620","2.3006","0.0010"
"","57.2620","2.2903","0.0010"
"","57.3620","2.2804","0.0010"
"","57.4620","2.2704","0.0009"
"","57.5620","2.2606","0.0009"
"","57.6620","2.2502","0.0009"
"","57.7620","2.2404","0.0009"
"","57.8620","2.2306","0.0008"
"","57.9620","2.2206","0.0008"
"","58.0620","2.2103","0.0008"
"","58.1620","2.2003","0.0008"
"","58.2620","2.1907","0.0007"
"","58.3620","2.1804","0.0007"
"","58.4620","2.1703","0.0007"
"","58.5620","2.1604","0.0007"
"","58.6620","2.1506","0.0007"
"","58.7620","2.1405","0.0006"
"","58.8620","2.1303","0.0006"
"","58.9620","2.1205","0.0006"
"","59.0620","2.1105","0.0006"
"","59.1620","2.1004","0.0006"
"","59.2620","2.0904","0.0005"
"","59.3620","2.0805","0.0005"
"","59.4620","2.0704","0.0005"
"","59.5620","2.0604","0.0005"
"","59.6620","2.0506","0.0005"
"","59.7620","2.0403","0.0005"
"","59.8620","2.0305","0.0004"
"","59.9620","2.0204","0.0004"
"","60.0620","2.0107","0.0004"
"","60.1620","2.0002","0.0004"
"","60.2620","1.9904","0.0004"
"","60.3620","1.9806","0.0004"
"","60.4620","1.9705","0.0004"
"","60.5620","1.9603","0.0003"
"","60.6620","1.9504","0.0003"
"","60.7620","1.9407","0.0003"
"","60.8620","1.9304","0.0003"
"","60.9620","1.9203","0.0003"
"","61.0620","1.9104","0.0003"
"","61.1620","1.9006","0.0003"
"","61.2620","1.8904","0.0003"
"","61.3620","1.8803","0.0003"
"","61.4620","1.8705","0.0002"
"","61.5620","1.8605","0.0002"
"","61.6620","1.8504","0.0002"
"","61.7620","1.8404","0.0002"
"","61.8620","1.8305","0.0002"
"","61.9620","1.8205","0.0002"
"","62.0620","1.8104","0.0002"
"","62.1620","1.8006","0.0002"
"","62.2620","1.7902","0.0002"
"","62.3620","1.7803","0.0002"
"","62.4620","1.7705","0.0002"
"","62.5620","1.7607","0.0002"
"","62.6620","1.7503","0.0002"
"","62.7620","1.7403","0.0002"
"","62.8620","1.7307","0.0002"
"","62.9620","1.7206","0.0001"
"","63.0620","1.7103","0.0001"
"","63.1620","1.7003","0.0001"
"","63.2620","1.6907","0.0001"
"","63.3620","1.6804","0.0001"
"","63.4620","1.6703","0.0001"
"","63.5620","1.6604","0.0001"
"","63.6620","1.6506","0.0001"
"","63.7620","1.6405","0.0001"
"","63.8620","1.6304","0.0001"
"","63.9620","1.6206","0.0001"
"","64.0620","1.6105","0.0001"
"","64.1620","1.6003","0.0001"
"","64.2620","1.5904","0.0001"
"","64.3620","1.5806","0.0001"
"","64.4620","1.5704","0.0001"
"","64.5620","1.5604","0.0001"
"","64.6620","1.5505","0.0000"
"","64.7620","1.5404","0.0001"
"","64.8620","1.5304","0.0000"
"","64.9620","1.5204","0.0000"
"","65.0620","1.5106","0.0000"
"","65.1620","1.5003","0.0000"
"","65.2620","1.4903","0.0000"
"","65.3620","1.4805","0.0000"
"","65.4620","1.4705","0.0000"
"","65.5620","1.4604","0.0000"
"","65.6620","1.4503","0.0000"
"","65.7620","1.4407","0.0000"
"","65.8620","1.4305","0.0000"
"","65.9620","1.4204","0.0000"
"","66.0620","1.4104","0.0000"
"","66.1620","1.4006","0.0000"
"","66.2620","1.3905","0.0000"
"","66.3620","1.3803","0.0000"
"","66.4620","1.3706","0.0000"
"","66.5620","1.3604","0.0000"
"","66.6620","1.3504","0.0000"
"","66.7620","1.3404","0.0000"
"","66.8620","1.3305","0.0000"
"","66.9620","1.3204","0.0000"
"","67.0620","1.3104","0.0000"
"","67.1620","1.3006","0.0000"
"","67.2620","1.2903","0.0000"
"","67.3620","1.2804","0.0000"
"","67.4620","1.2704","0.0000"
"","67.5620","1.2607","0.0000"
"","67.6620","1.2503","0.0000"
"","67.7620","1.2404","0.0000"
"","67.8620","1.2306","0.0000"
"","67.9620","1.2205","0.0000"
"","68.0620","1.2103","0.0000"
"","68.1620","1.2003","0.0000"
"","68.2620","1.1907","0.0000"
"","68.3620","1.1804","0.0000"
"","68.4620","1.1703","0.0000"
"","68.5620","1.1604","0.0000"
"","68.6620","1.1507","0.0000"
"","68.7620","1.1404","0.0000"
"","68.8620","1.1303","0.0000"
"","68.9620","1.1206","0.0000"
"","69.0620","1.1105","0.0000"
"","69.1620","1.1004","0.0000"
"","69.2620","1.0904","0.0000"
"","69.3620","1.0805","0.0000"
"","69.4620","1.0705","0.0000"
"","69.5620","1.0604","0.0000"
"","69.6620","1.0506","0.0000"
"","69.7620","1.0402","0.0000"
"","69.8620","1.0304","0.0000"
"","69.9620","1.0204","0.0000"
"","70.0620","1.0107","0.0000"
"","70.1620","1.0003","0.0000"
"","70.2620","0.9904","0.0000"
"","70.3620","0.9807","0.0000"
"","70.4620","0.9705","0.0000"
"","70.5620","0.9603","0.0000"
"","70.6620","0.9503","0.0000"
"","70.7620","0.9407","0.0000"
"","70.8620","0.9304","0.0000"
"","70.9620","0.9202","0.0000"
"","71.0620","0.9104","0.0000"
"","71.1620","0.9007","0.0000"
"","71.2620","0.8905","0.0000"
"","71.3620","0.8803","0.0000"
"","71.4620","0.8705","0.0000"
"","71.5620","0.8605","0.0000"
"","71.6620","0.8503","0.0000"
"","71.7620","0.8404","0.0000"
"","71.8620","0.8306","0.0000"
"","71.9620","0.8205","0.0000"
"","72.0620","0.8104","0.0000"
"","72.1620","0.8006","0.0000"
"","72.2620","0.7903","0.0000"
"","72.3620","0.7804","0.0000"
"","72.4620","0.7704","0.0000"
"","72.5620","0.7606","0.0000"
"","72.6620","0.7502","0.0000"
"","72.7620","0.7404","0.0000"
"","72.8620","0.7306","0.0000"
"","72.9620","0.7206","0.0000"
"","73.0620","0.7103","-0.0001"
"","73.1620","0.7003","0.0000"
"","73.2620","0.6907","0.0000"
"","73.3620","0.6804","0.0000"
"","73.4620","0.6703","0.0000"
"","73.5620","0.6604","-0.0001"
"","73.6620","0.6507","0.0000"
"","73.7620","0.6404","0.0000"
"","73.8620","0.6303","0.0000"
"","73.9620","0.6206","0.0000"
"","74.0620","0.6105","0.0000"
"","74.1620","0.6004","0.0000"
"","74.2620","0.5904","0.0000"
"","74.3620","0.5806","0.0000"
"","74.4620","0.5704","-0.0001"
"","74.5620","0.5604","-0.0001"
"","74.6620","0.5506","-0.0001"
"","74.7620","0.5403","-0.0001"
"","74.8620","0.5304","-0.0001"
"","74.9620","0.5204","-0.0001"
"","75.0620","0.5106","0.0000"
"","75.1620","0.5002","-0.0001"
"","75.2620","0.4904","-0.0001"
"","75.3620","0.4806","-0.0001"
"","75.4620","0.4705","-0.0001"
"","75.5620","0.4603","-0.0001"
"","75.6620","0.4504","-0.0001"
"","75.7620","0.4407","-0.0001"
"","75.8620","0.4304","0.0000"
"","75.9620","0.4202","-0.0001"
"","76.0620","0.4105","-0.0001"
"","76.1620","0.4006","-0.0001"
"","76.2620","0.3904","-0.0001"
"","76.3620","0.3803","-0.0001"
"","76.4620","0.3706","-0.0001"
"","76.5620","0.3604","-0.0001"
"","76.6620","0.3503","0.0000"
"","76.7620","0.3404","-0.0001"
"","76.8620","0.3305","-0.0001"
"","76.9620","0.3204","-0.0001"
"","77.0620","0.3104","-0.0001"
"","77.1620","0.3006","-0.0001"
"","77.2620","0.2902","-0.0001"
"","77.3620","0.2804","-0.0001"
"","77.4620","0.2704","-0.0001"
"","77.5620","0.2606","-0.0001"
"","77.6620","0.2502","-0.0001"
"","77.7620","0.2403","-0.0001"
"","77.8620","0.2306","-0.0001"
"","77.9620","0.2205","-0.0001"
"","78.0620","0.2103","-0.0001"
"","78.1620","0.2004","-0.0001"
"","78.2620","0.1907","-0.0001"
"","78.3620","0.1804","-0.0001"
"","78.4620","0.1702","-0.0001"
"","78.5620","0.1604","-0.0001"
"","78.6620","0.1507","-0.0001"
"","78.7620","0.1405","-0.0001"
"","78.8620","0.1303","-0.0001"
"","78.9620","0.1205","-0.0001"
"","79.0620","0.1105","-0.0001"
"","79.1620","0.1003","-0.0001"
"","79.2620","0.0903","-0.0001"
"","79.3620","0.0805","-0.0001"
"","79.4620","0.0704","-0.0001"
"","79.5620","0.0604","-0.0001"
"","79.6620","0.0505","-0.0001"
"","79.7620","0.0403","-0.0001"
"","79.8620","0.0303","-0.0001"
"","79.9620","0.0203","-0.0001"
"","80.0620","0.0106","-0.0001"
"","80.1620","0.0006","-0.0001"
"","80.1690","-0.0001","-0.0001"
"","80.1700","-0.0002","-0.0001"
"","80.1710","-0.0003","-0.0001"
"","80.2710","-0.0005","-0.0001"
"","80.3710","0.0067","-0.0001"
"","80.4710","0.0187","-0.0001"
"","80.5710","0.0293","-0.0001"
"","80.6710","0.0395","-0.0001"
"","80.7710","0.0495","-0.0001"
"","80.8710","0.0590","-0.0001"
"","80.9710","0.0693","0.0000"
"","81.0710","0.0795","-0.0001"
"","81.1710","0.0894","-0.0001"
"","81.2710","0.0993","0.0000"
"","81.3710","0.1094","-0.0001"
"","81.4710","0.1194","-0.0001"
"","81.5710","0.1293","-0.0001"
"","81.6710","0.1393","-0.0001"
"","81.7710","0.1493","-0.0001"
"","81.8710","0.1593","0.0000"
"","81.9710","0.1694","-0.0001"
"","82.0710","0.1794","-0.0001"
"","82.1710","0.1893","-0.0001"
"","82.2710","0.1991","-0.0001"
"","82.3710","0.2095","0.0000"
"","82.4710","0.2193","-0.0001"
"","82.5710","0.2293","-0.0001"
"","82.6710","0.2392","-0.0001"
"","82.7710","0.2495","-0.0001"
"","82.8710","0.2594","0.0000"
"","82.9710","0.2693","0.0000"
"","83.0710","0.2795","0.0000"
"","83.1710","0.2894","-0.0001"
"","83.2710","0.2995","0.0000"
"","83.3710","0.3090","0.0000"
"","83.4710","0.3194","0.0000"
"","83.5710","0.3295","0.0000"
"","83.6710","0.3394","0.0000"
"","83.7710","0.3493","-0.0001"
"","83.8710","0.3594","0.0000"
"","83.9710","0.3695","0.0000"
"","84.0710","0.3793","0.0000"
"","84.1710","0.3894","-0.0001"
"","84.2710","0.3994","0.0000"
"","84.3710","0.4094","0.0000"
"","84.4710","0.4194","0.0000"
"","84.5710","0.4295","0.0000"
"","84.6710","0.4394","0.0000"
"","84.7710","0.4491","0.0000"
"","84.8710","0.4595","0.0000"
"","84.9710","0.4694","0.0000"
"","85.0710","0.4793","0.0000"
"","85.1710","0.4891","0.0000"
"","85.2710","0.4994","0.0000"
"","85.3710","0.5094","0.0000"
"","85.4710","0.5192","0.0000"
"","85.5710","0.5293","0.0000"
"","85.6710","0.5395","0.0000"
"","85.7710","0.5495","0.0000"
"","85.8710","0.5591","0.0000"
"","85.9710","0.5694","0.0000"
"","86.0710","0.5795","0.0000"
"","86.1710","0.5894","0.0000"
"","86.2710","0.5993","0.0000"
"","86.3710","0.6094","0.0000"
"","86.4710","0.6194","0.0000"
"","86.5710","0.6292","0.0000"
"","86.6710","0.6393","0.0000"
"","86.7710","0.6494","0.0000"
"","86.8710","0.6593","0.0000"
"","86.9710","0.6693","0.0000"
"","87.0710","0.6794","0.0000"
"","87.1710","0.6894","0.0000"
"","87.2710","0.6991","0.0000"
"","87.3710","0.7095","0.0000"
"","87.4710","0.7194","0.0000"
"","87.5710","0.7294","0.0000"
"","87.6710","0.7391","0.0000"
"","87.7710","0.7495","0.0000"
"","87.8710","0.7595","0.0000"
"","87.9710","0.7692","0.0000"
"","88.0710","0.7794","0.0000"
"","88.1710","0.7895","0.0000"
"","88.2710","0.7995","0.0000"
"","88.3710","0.8091","0.0000"
"","88.4710","0.8193","0.0000"
"","88.5710","0.8294","0.0000"
"","88.6710","0.8394","0.0000"
"","88.7710","0.8493","0.0000"
"","88.8710","0.8594","0.0000"
"","88.9710","0.8695","0.0000"
"","89.0710","0.8793","0.0000"
"","89.1710","0.8893","0.0000"
"","89.2710","0.8993","0.0000"
"","89.3710","0.9093","0.0000"
"","89.4710","0.9194","0.0000"
"","89.5710","0.9294","0.0000"
"","89.6710","0.9393","0.0000"
"","89.7710","0.9491","0.0000"
"","89.8710","0.9596","0.0000"
"","89.9710","0.9694","0.0000"
"","90.0710","0.9793","0.0000"
"","90.1710","0.9892","0.0000"
"","90.2710","0.9995","0.0000"
"","90.3710","1.0095","0.0000"
"","90.4710","1.0192","0.0000"
"","90.5710","1.0294","0.0000"
"","90.6710","1.0394","0.0000"
"","90.7710","1.0496","0.0000"
"","90.8710","1.0591","0.0000"
"","90.9710","1.0694","0.0000"
"","91.0710","1.0794","0.0000"
"","91.1710","1.0894","0.0001"
"","91.2710","1.0994","0.0001"
"","91.3710","1.1094","0.0000"
"","91.4710","1.1194","0.0000"
"","91.5710","1.1292","0.0000"
"","91.6710","1.1395","0.0001"
"","91.7710","1.1494","0.0000"
"","91.8710","1.1593","0.0001"
"","91.9710","1.1693","0.0001"
"","92.0710","1.1795","0.0001"
"","92.1710","1.1894","0.0001"
"","92.2710","1.1991","0.0001"
"","92.3710","1.2095","0.0001"
"","92.4710","1.2195","0.0001"
"","92.5710","1.2293","0.0001"
"","92.6710","1.2391","0.0001"
"","92.7710","1.2494","0.0001"
"","92.8710","1.2595","0.0001"
"","92.9710","1.2692","0.0001"
"","93.0710","1.2793","0.0001"
"","93.1710","1.2895","0.0001"
"","93.2710","1.2995","0.0001"
"","93.3710","1.3091","0.0001"
"","93.4710","1.3193","0.0001"
"","93.5710","1.3295","0.0001"
"","93.6710","1.3393","0.0001"
"","93.7710","1.3493","0.0002"
"","93.8710","1.3595","0.0002"
"","93.9710","1.3695","0.0002"
"","94.0710","1.3791","0.0002"
"","94.1710","1.3894","0.0002"
"","94.2710","1.3994","0.0002"
"","94.3710","1.4094","0.0002"
"","94.4710","1.4193","0.0002"
"","94.5710","1.4295","0.0002"
"","94.6710","1.4394","0.0002"
"","94.7710","1.4491","0.0002"
"","94.8710","1.4594","0.0002"
"","94.9710","1.4694","0.0002"
"","95.0710","1.4794","0.0002"
"","95.1710","1.4892","0.0003"
"","95.2710","1.4995","0.0003"
"","95.3710","1.5095","0.0003"
"","95.4710","1.5192","0.0003"
"","95.5710","1.5294","0.0003"
"","95.6710","1.5394","0.0003"
"","95.7710","1.5495","0.0003"
"","95.8710","1.5591","0.0003"
"","95.9710","1.5693","0.0003"
"","96.0710","1.5794","0.0004"
"","96.1710","1.5894","0.0004"
"","96.2710","1.5994","0.0004"
"","96.3710","1.6094","0.0004"
"","96.4710","1.6195","0.0004"
"","96.5710","1.6292","0.0004"
"","96.6710","1.6393","0.0005"
"","96.7710","1.6493","0.0005"
"","96.8710","1.6593","0.0005"
"","96.9710","1.6693","0.0005"
"","97.0710","1.6794","0.0005"
"","97.1710","1.6893","0.0006"
"","97.2710","1.6991","0.0006"
"","97.3710","1.7095","0.0006"
"","97.4710","1.7194","0.0006"
"","97.5710","1.7293","0.0006"
"","97.6710","1.7391","0.0007"
"","97.7710","1.7495","0.0007"
"","97.8710","1.7595","0.0007"
"","97.9710","1.7692","0.0007"
"","98.0710","1.7794","0.0007"
"","98.1710","1.7894","0.0008"
"","98.2710","1.7996","0.0008"
"","98.3710","1.8091","0.0008"
"","98.4710","1.8194","0.0008"
"","98.5710","1.8294","0.0008"
"","98.6710","1.8394","0.0009"
"","98.7710","1.8493","0.0009"
"","98.8710","1.8594","0.0009"
"","98.9710","1.8694","0.0010"
"","99.0710","1.8792","0.0010"
"","99.1710","1.8894","0.0010"
"","99.2710","1.8994","0.0011"
"","99.3710","1.9094","0.0011"
"","99.4710","1.9194","0.0011"
"","99.5710","1.9295","0.0012"
"","99.6710","1.9393","0.0012"
"","99.7710","1.9491","0.0012"
"","99.8710","1.9595","0.0013"
"","99.9710","1.9695","0.0013"
"","100.0710","1.9793","0.0013"
"","100.1710","1.9892","0.0014"
"","100.2710","1.9994","0.0014"
"","100.3710","2.0095","0.0015"
"","100.4710","2.0192","0.0015"
"","100.5710","2.0293","0.0015"
"","100.6710","2.0395","0.0016"
"","100.7710","2.0495","0.0016"
"","100.8710","2.0590","0.0017"
"","100.9710","2.0693","0.0017"
"","101.0710","2.0795","0.0017"
"","101.1710","2.0895","0.0018"
"","101.2710","2.0993","0.0018"
"","101.3710","2.1094","0.0019"
"","101.4710","2.1194","0.0019"
"","101.5710","2.1292","0.0020"
"","101.6710","2.1394","0.0020"
"","101.7710","2.1494","0.0020"
"","101.8710","2.1593","0.0021"
"","101.9710","2.1694","0.0021"
"","102.0710","2.1795","0.0022"
"","102.1710","2.1893","0.0022"
"","102.2710","2.1991","0.0023"
"","102.3710","2.2095","0.0024"
"","102.4710","2.2194","0.0024"
"","102.5710","2.2294","0.0025"
"","102.6710","2.2391","0.0025"
"","102.7710","2.2494","0.0026"
"","102.8710","2.2595","0.0026"
"","102.9710","2.2692","0.0027"
"","103.0710","2.2793","0.0028"
"","103.1710","2.2894","0.0029"
"","103.2710","2.2995","0.0029"
"","103.3710","2.3091","0.0030"
"","103.4710","2.3193","0.0031"
"","103.5710","2.3294","0.0032"
"","103.6710","2.3395","0.0032"
"","103.7710","2.3493","0.0033"
"","103.8710","2.3594","0.0034"
"","103.9710","2.3694","0.0035"
"","104.0710","2.3793","0.0036"
"","104.1710","2.3893","0.0037"
"","104.2710","2.3993","0.0038"
"","104.3710","2.4093","0.0039"
"","104.4710","2.4194","0.0040"
"","104.5710","2.4294","0.0041"
"","104.6710","2.4394","0.0042"
"","104.7710","2.4491","0.0044"
"","104.8710","2.4595","0.0045"
"","104.9710","2.4695","0.0046"
"","105.0710","2.4793","0.0048"
"","105.1710","2.4891","0.0049"
"","105.2710","2.4994","0.0051"
"","105.3710","2.5095","0.0052"
"","105.4710","2.5192","0.0054"
"","105.5710","2.5294","0.0055"
"","105.6710","2.5394","0.0057"
"","105.7710","2.5496","0.0059"
"","105.8710","2.5590","0.0061"
"","105.9710","2.5694","0.0063"
"","106.0710","2.5794","0.0065"
"","106.1710","2.5895","0.0067"
"","106.2710","2.5993","0.0069"
"","106.3710","2.6094","0.0071"
"","106.4710","2.6194","0.0074"
"","106.5710","2.6292","0.0076"
"","106.6710","2.6395","0.0078"
"","106.7710","2.6494","0.0081"
"","106.8710","2.6594","0.0083"
"","106.9710","2.6694","0.0086"
"","107.0710","2.6794","0.0088"
"","107.1710","2.6893","0.0091"
"","107.2710","2.6991","0.0093"
"","107.3710","2.7095","0.0096"
"","107.4710","2.7195","0.0099"
"","107.5710","2.7293","0.0102"
"","107.6710","2.7392","0.0106"
"","107.7710","2.7494","0.0109"
"","107.8710","2.7595","0.0112"
"","107.9710","2.7692","0.0115"
"","108.0710","2.7793","0.0119"
"","108.1710","2.7895","0.0123"
"","108.2710","2.7995","0.0126"
"","108.3710","2.8090","0.0130"
"","108.4710","2.8193","0.0134"
"","108.5710","2.8295","0.0138"
"","108.6710","2.8395","0.0142"
"","108.7710","2.8493","0.0146"
"","108.8710","2.8594","0.0150"
"","108.9710","2.8695","0.0154"
"","109.0710","2.8792","0.0159"
"","109.1710","2.8892","0.0163"
"","109.2710","2.8993","0.0168"
"","109.3710","2.9093","0.0172"
"","109.4710","2.9194","0.0177"
"","109.5710","2.9295","0.0182"
"","109.6710","2.9394","0.0187"
"","109.7710","2.9491","0.0192"
"","109.8710","2.9595","0.0197"
"","109.9710","2.9694","0.0202"
"","110.0710","2.9793","0.0207"
"","110.1710","2.9891","0.0213"
"","110.2710","2.9995","0.0218"
"","110.3710","3.0095","0.0224"
"","110.4710","3.0192","0.0230"
"","110.5710","3.0293","0.0236"
"","110.6710","3.0394","0.0242"
"","110.7710","3.0495","0.0248"
"","110.8710","3.0591","0.0254"
"","110.9710","3.0692","0.0260"
"","111.0710","3.0794","0.0266"
"","111.1710","3.0895","0.0272"
"","111.2710","3.0993","0.0277"
"","111.3710","3.1094","0.0283"
"","111.4710","3.1195","0.0289"
"","111.5710","3.1293","0.0296"
"","111.6710","3.1393","0.0303"
"","111.7710","3.1493","0.0311"
"","111.8710","3.1593","0.0318"
"","111.9710","3.1694","0.0326"
"","112.0710","3.1794","0.0334"
"","112.1710","3.1893","0.0341"
"","112.2710","3.1991","0.0348"
"","112.3710","3.2095","0.0350"
"","112.4710","3.2194","0.0350"
"","112.5710","3.2294","0.0351"
"","112.6710","3.2392","0.0351"
"","112.7710","3.2494","0.0351"
"","112.8710","3.2594","0.0351"
"","112.9710","3.2693","0.0351"
"","113.0710","3.2795","0.0352"
"","113.1710","3.2894","0.0352"
"","113.2710","3.2995","0.0353"
"","113.3710","3.3091","0.0353"
"","113.4710","3.3195","0.0353"
"","113.5710","3.3294","0.0353"
"","113.6710","3.3393","0.0354"
"","113.7710","3.3493","0.0354"
"","113.8710","3.3595","0.0353"
"","113.9710","3.3695","0.0354"
"","114.0710","3.3792","0.0358"
"","114.1710","3.3894","0.0367"
"","114.2710","3.3994","0.0377"
"","114.3710","3.4094","0.0387"
"","114.4710","3.4193","0.0397"
"","114.5710","3.4294","0.0407"
"","114.6710","3.4394","0.0417"
"","114.7710","3.4492","0.0427"
"","114.8710","3.4595","0.0437"
"","114.9710","3.4694","0.0447"
"","115.0710","3.4794","0.0457"
"","115.1710","3.4892","0.0467"
"","115.2710","3.4994","0.0477"
"","115.3710","3.5094","0.0487"
"","115.4710","3.5193","0.0497"
"","115.5710","3.5294","0.0508"
"","115.6710","3.5395","0.0518"
"","115.7710","3.5494","0.0528"
"","115.8710","3.5590","0.0538"
"","115.9710","3.5694","0.0550"
"","116.0710","3.5795","0.0561"
"","116.1710","3.5894","0.0571"
"","116.2710","3.5993","0.0582"
"","116.3710","3.6095","0.0594"
"","116.4710","3.6195","0.0605"
"","116.5710","3.6291","0.0616"
"","116.6710","3.6393","0.0628"
"","116.7710","3.6494","0.0639"
"","116.8710","3.6594","0.0651"
"","116.9710","3.6693","0.0663"
"","117.0710","3.6794","0.0675"
"","117.1710","3.6893","0.0687"
"","117.2710","3.6991","0.0699"
"","117.3710","3.7095","0.0712"
"","117.4710","3.7194","0.0725"
"","117.5710","3.7294","0.0737"
"","117.6710","3.7391","0.0750"
"","117.7710","3.7494","0.0763"
"","117.8710","3.7595","0.0777"
"","117.9710","3.7692","0.0789"
"","118.0710","3.7793","0.0803"
"","118.1710","3.7894","0.0817"
"","118.2710","3.7995","0.0830"
"","118.3710","3.8091","0.0843"
"","118.4710","3.8192","0.0858"
"","118.5710","3.8294","0.0872"
"","118.6710","3.8394","0.0886"
"","118.7710","3.8493","0.0900"
"","118.8710","3.8594","0.0915"
"","118.9710","3.8694","0.0929"
"","119.0710","3.8793","0.0943"
"","119.1710","3.8893","0.0958"
"","119.2710","3.8993","0.0973"
"","119.3710","3.9093","0.0988"
"","119.4710","3.9194","0.1003"
"","119.5710","3.9294","0.1018"
"","119.6710","3.9393","0.1032"
"","119.7710","3.9491","0.1047"
"","119.8710","3.9596","0.1063"
"","119.9710","3.9694","0.1076"
"","120.0710","3.9793","0.1091"
"","120.1710","3.9891","0.1105"
"","120.2710","3.9994","0.1120"
"","120.2770","4.0001","0.1121"
"","120.2780","4.0002","0.1121"
"","120.2790","4.0003","0.1121"
"","120.3790","4.0005","0.1112"
"","120.4790","3.9927","0.1085"
"","120.5790","3.9810","0.1048"
"","120.6790","3.9706","0.1018"
"","120.7790","3.9603","0.0989"
"","120.8790","3.9503","0.0962"
"","120.9790","3.9408","0.0936"
"","121.0790","3.9305","0.0910"
"","121.1790","3.9204","0.0885"
"","121.2790","3.9104","0.0861"
"","121.3790","3.9006","0.0838"
"","121.4790","3.8905","0.0814"
"","121.5790","3.8803","0.0792"
"","121.6790","3.8705","0.0771"
"","121.7790","3.8605","0.0749"
"","121.8790","3.8503","0.0728"
"","121.9790","3.8403","0.0708"
"","122.0790","3.8305","0.0689"
"","122.1790","3.8205","0.0670"
"","122.2790","3.8104","0.0651"
"","122.3790","3.8006","0.0633"
"","122.4790","3.7903","0.0615"
"","122.5790","3.7804","0.0597"
"","122.6790","3.7704","0.0580"
"","122.7790","3.7606","0.0564"
"","122.8790","3.7503","0.0548"
"","122.9790","3.7404","0.0532"
"","123.0790","3.7306","0.0517"
"","123.1790","3.7205","0.0501"
"","123.2790","3.7103","0.0487"
"","123.3790","3.7003","0.0473"
"","123.4790","3.6907","0.0459"
"","123.5790","3.6804","0.0445"
"","123.6790","3.6703","0.0432"
"","123.7790","3.6604","0.0420"
"","123.8790","3.6506","0.0408"
"","123.9790","3.6404","0.0398"
"","124.0790","3.6303","0.0386"
"","124.1790","3.6205","0.0374"
"","124.2790","3.6104","0.0362"
"","124.3790","3.6004","0.0351"
"","124.4790","3.5903","0.0340"
"","124.5790","3.5806","0.0330"
"","124.6790","3.5704","0.0325"
"","124.7790","3.5603","0.0323"
"","124.8790","3.5506","0.0323"
"","124.9790","3.5403","0.0323"
"","125.0790","3.5304","0.0323"
"","125.1790","3.5203","0.0322"
"","125.2790","3.5106","0.0322"
"","125.3790","3.5002","0.0321"
"","125.4790","3.4904","0.0321"
"","125.5790","3.4806","0.0321"
"","125.6790","3.4705","0.0321"
"","125.7790","3.4603","0.0320"
"","125.8790","3.4504","0.0320"
"","125.9790","3.4406","0.0320"
"","126.0790","3.4303","0.0320"
"","126.1790","3.4203","0.0319"
"","126.2790","3.4105","0.0317"
"","126.3790","3.4006","0.0308"
"","126.4790","3.3903","0.0302"
"","126.5790","3.3803","0.0294"
"","126.6790","3.3706","0.0283"
"","126.7790","3.3604","0.0272"
"","126.8790","3.3503","0.0262"
"","126.9790","3.3404","0.0253"
"","127.0790","3.3306","0.0244"
"","127.1790","3.3205","0.0235"
"","127.2790","3.3104","0.0227"
"","127.3790","3.3006","0.0219"
"","127.4790","3.2902","0.0212"
"","127.5790","3.2803","0.0205"
"","127.6790","3.2704","0.0198"
"","127.7790","3.2606","0.0192"
"","127.8790","3.2503","0.0186"
"","127.9790","3.2404","0.0180"
"","128.0790","3.2306","0.0174"
"","128.1790","3.2205","0.0168"
"","128.2790","3.2103","0.0162"
"","128.3790","3.2003","0.0157"
"","128.4790","3.1907","0.0151"
"","128.5790","3.1804","0.0146"
"","128.6790","3.1703","0.0141"
"","128.7790","3.1604","0.0136"
"","128.8790","3.1506","0.0132"
"","128.9790","3.1405","0.0128"
"","129.0790","3.1303","0.0123"
"","129.1790","3.1205","0.0119"
"","129.2790","3.1105","0.0115"
"","129.3790","3.1003","0.0112"
"","129.4790","3.0904","0.0108"
"","129.5790","3.0805","0.0104"
"","129.6790","3.0704","0.0101"
"","129.7790","3.0604","0.0097"
"","129.8790","3.0506","0.0094"
"","129.9790","3.0403","0.0091"
"","130.0790","3.0304","0.0088"
"","130.1790","3.0204","0.0085"
"","130.2790","3.0106","0.0082"
"","130.3790","3.0002","0.0079"
"","130.4790","2.9904","0.0076"
"","130.5790","2.9806","0.0073"
"","130.6790","2.9705","0.0070"
"","130.7790","2.9603","0.0068"
"","130.8790","2.9503","0.0065"
"","130.9790","2.9407","0.0063"
"","131.0790","2.9304","0.0060"
"","131.1790","2.9203","0.0058"
"","131.2790","2.9103","0.0056"
"","131.3790","2.9006","0.0054"
"","131.4790","2.8905","0.0052"
"","131.5790","2.8804","0.0050"
"","131.6790","2.8705","0.0048"
"","131.7790","2.8604","0.0046"
"","131.8790","2.8504","0.0044"
"","131.9790","2.8404","0.0043"
"","132.0790","2.8305","0.0041"
"","132.1790","2.8204","0.0040"
"","132.2790","2.8103","0.0038"
"","132.3790","2.8006","0.0037"
"","132.4790","2.7903","0.0036"
"","132.5790","2.7804","0.0035"
"","132.6790","2.7705","0.0034"
"","132.7790","2.7607","0.0033"
"","132.8790","2.7502","0.0032"
"","132.9790","2.7404","0.0030"
"","133.0790","2.7306","0.0030"
"","133.1790","2.7205","0.0029"
"","133.2790","2.7103","0.0028"
"","133.3790","2.7003","0.0027"
"","133.4790","2.6907","0.0026"
"","133.5790","2.6804","0.0025"
"","133.6790","2.6703","0.0025"
"","133.7790","2.6604","0.0024"
"","133.8790","2.6507","0.0023"
"","133.9790","2.6404","0.0023"
"","134.0790","2.6303","0.0022"
"","134.1790","2.6205","0.0022"
"","134.2790","2.6104","0.0021"
"","134.3790","2.6004","0.0021"
"","134.4790","2.5904","0.0020"
"","134.5790","2.5804","0.0020"
"","134.6790","2.5704","0.0019"
"","134.7790","2.5604","0.0019"
"","134.8790","2.5507","0.0018"
"","134.9790","2.5402","0.0018"
"","135.0790","2.5303","0.0017"
"","135.1790","2.5204","0.0017"
"","135.2790","2.5106","0.0017"
"","135.3790","2.5003","0.0016"
"","135.4790","2.4904","0.0016"
"","135.5790","2.4807","0.0015"
"","135.6790","2.4705","0.0015"
"","135.7790","2.4603","0.0014"
"","135.8790","2.4503","0.0014"
"","135.9790","2.4407","0.0014"
"","136.0790","2.4304","0.0013"
"","136.1790","2.4202","0.0013"
"","136.2790","2.4104","0.0013"
"","136.3790","2.4007","0.0012"
"","136.4790","2.3905","0.0012"
"","136.5790","2.3803","0.0012"
"","136.6790","2.3705","0.0011"
"","136.7790","2.3605","0.0011"
"","136.8790","2.3503","0.0011"
"","136.9790","2.3403","0.0010"
"","137.0790","2.3305","0.0010"
"","137.1790","2.3204","0.0010"
"","137.2790","2.3104","0.0010"
"","137.3790","2.3006","0.0009"
"","137.4790","2.2903","0.0009"
"","137.5790","2.2804","0.0009"
"","137.6790","2.2704","0.0008"
"","137.7790","2.2606","0.0008"
"","137.8790","2.2502","0.0008"
"","137.9790","2.2404","0.0008"
"","138.0790","2.2306","0.0007"
"","138.1790","2.2205","0.0007"
"","138.2790","2.2103","0.0007"
"","138.3790","2.2003","0.0007"
"","138.4790","2.1907","0.0007"
"","138.5790","2.1804","0.0006"
"","138.6790","2.1702","0.0006"
"","138.7790","2.1604","0.0006"
"","138.8790","2.1506","0.0006"
"","138.9790","2.1405","0.0005"
"","139.0790","2.1303","0.0005"
"","139.1790","2.1205","0.0005"
"","139.2790","2.1104","0.0005"
"","139.3790","2.1004","0.0005"
"","139.4790","2.0903","0.0004"
"","139.5790","2.0805","0.0004"
"","139.6790","2.0704","0.0004"
"","139.7790","2.0604","0.0004"
"","139.8790","2.0506","0.0004"
"","139.9790","2.0403","0.0004"
"","140.0790","2.0304","0.0004"
"","140.1790","2.0204","0.0003"
"","140.2790","2.0107","0.0003"
"","140.3790","2.0002","0.0003"
"","140.4790","1.9904","0.0003"
"","140.5790","1.9806","0.0003"
"","140.6790","1.9705","0.0003"
"","140.7790","1.9603","0.0003"
"","140.8790","1.9504","0.0003"
"","140.9790","1.9407","0.0003"
"","141.0790","1.9304","0.0003"
"","141.1790","1.9202","0.0002"
"","141.2790","1.9104","0.0002"
"","141.3790","1.9006","0.0002"
"","141.4790","1.8904","0.0002"
"","141.5790","1.8803","0.0002"
"","141.6790","1.8705","0.0002"
"","141.7790","1.8604","0.0002"
"","141.8790","1.8504","0.0002"
"","141.9790","1.8404","0.0002"
"","142.0790","1.8305","0.0002"
"","142.1790","1.8204","0.0002"
"","142.2790","1.8104","0.0002"
"","142.3790","1.8006","0.0002"
"","142.4790","1.7902","0.0002"
"","142.5790","1.7803","0.0001"
"","142.6790","1.7704","0.0001"
"","142.7790","1.7606","0.0001"
"","142.8790","1.7503","0.0001"
"","142.9790","1.7403","0.0001"
"","143.0790","1.7306","0.0001"
"","143.1790","1.7205","0.0001"
"","143.2790","1.7103","0.0001"
"","143.3790","1.7003","0.0001"
"","143.4790","1.6907","0.0001"
"","143.5790","1.6804","0.0001"
"","143.6790","1.6703","0.0001"
"","143.7790","1.6604","0.0001"
"","143.8790","1.6506","0.0001"
"","143.9790","1.6405","0.0001"
"","144.0790","1.6303","0.0000"
"","144.1790","1.6206","0.0001"
"","144.2790","1.6104","0.0000"
"","144.3790","1.6003","0.0000"
"","144.4790","1.5904","0.0000"
"","144.5790","1.5806","0.0000"
"","144.6790","1.5704","0.0000"
"","144.7790","1.5604","0.0000"
"","144.8790","1.5505","0.0000"
"","144.9790","1.5404","0.0000"
"","145.0790","1.5303","0.0000"
"","145.1790","1.5203","0.0000"
"","145.2790","1.5106","0.0000"
"","145.3790","1.5003","0.0000"
"","145.4790","1.4903","0.0000"
"","145.5790","1.4805","0.0000"
"","145.6790","1.4704","0.0000"
"","145.7790","1.4604","0.0000"
"","145.8790","1.4503","0.0000"
"","145.9790","1.4407","0.0000"
"","146.0790","1.4305","0.0000"
"","146.1790","1.4204","0.0000"
"","146.2790","1.4104","0.0000"
"","146.3790","1.4006","0.0000"
"","146.4790","1.3904","0.0000"
"","146.5790","1.3803","0.0000"
"","146.6790","1.3706","0.0000"
"","146.7790","1.3604","0.0000"
"","146.8790","1.3504","0.0000"
"","146.9790","1.3403","0.0000"
"","147.0790","1.3305","0.0000"
"","147.1790","1.3204","0.0000"
"","147.2790","1.3104","0.0000"
"","147.3790","1.3005","0.0000"
"","147.4790","1.2903","0.0000"
"","147.5790","1.2803","0.0000"
"","147.6790","1.2704","0.0000"
"","147.7790","1.2606","0.0000"
"","147.8790","1.2503","0.0000"
"","147.9790","1.2404","0.0000"
"","148.0790","1.2306","0.0000"
"","148.1790","1.2205","0.0000"
"","148.2790","1.2103","0.0000"
"","148.3790","1.2003","0.0000"
"","148.4790","1.1907","0.0000"
"","148.5790","1.1804","0.0000"
"","148.6790","1.1702","0.0000"
"","148.7790","1.1604","0.0000"
"","148.8790","1.1507","0.0000"
"","148.9790","1.1404","0.0000"
"","149.0790","1.1303","0.0000"
"","149.1790","1.1206","0.0000"
"","149.2790","1.1105","0.0000"
"","149.3790","1.1003","0.0000"
"","149.4790","1.0903","0.0000"
"","149.5790","1.0805","0.0000"
"","149.6790","1.0704","0.0000"
"","149.7790","1.0604","0.0000"
"","149.8790","1.0506","0.0000"
"","149.9790","1.0402","0.0000"
"","150.0790","1.0303","0.0000"
"","150.1790","1.0204","0.0000"
"","150.2790","1.0107","0.0000"
"","150.3790","1.0002","0.0000"
"","150.4790","0.9904","0.0000"
"","150.5790","0.9806","0.0000"
"","150.6790","0.9705","0.0000"
"","150.7790","0.9603","0.0000"
"","150.8790","0.9503","0.0000"
"","150.9790","0.9407","-0.0001"
"","151.0790","0.9304","0.0000"
"","151.1790","0.9202","0.0000"
"","151.2790","0.9104","0.0000"
"","151.3790","0.9007","0.0000"
"","151.4790","0.8905","-0.0001"
"","151.5790","0.8803","0.0000"
"","151.6790","0.8705","0.0000"
"","151.7790","0.8605","0.0000"
"","151.8790","0.8503","0.0000"
"","151.9790","0.8403","0.0000"
"","152.0790","0.8306","-0.0001"
"","152.1790","0.8205","0.0000"
"","152.2790","0.8104","0.0000"
"","152.3790","0.8006","-0.0001"
"","152.4790","0.7903","0.0000"
"","152.5790","0.7804","-0.0001"
"","152.6790","0.7703","-0.0001"
"","152.7790","0.7606","0.0000"
"","152.8790","0.7502","0.0000"
"","152.9790","0.7403","-0.0001"
"","153.0790","0.7306","-0.0001"
"","153.1790","0.7205","-0.0001"
"","153.2790","0.7103","-0.0001"
"","153.3790","0.7003","-0.0001"
"","153.4790","0.6907","-0.0001"
"","153.5790","0.6804","-0.0001"
"","153.6790","0.6703","-0.0001"
"","153.7790","0.6604","-0.0001"
"","153.8790","0.6506","-0.0001"
"","153.9790","0.6404","-0.0001"
"","154.0790","0.6302","-0.0001"
"","154.1790","0.6206","-0.0001"
"","154.2790","0.6104","-0.0001"
"","154.3790","0.6004","-0.0001"
"","154.4790","0.5903","-0.0001"
"","154.5790","0.5806","-0.0001"
"","154.6790","0.5704","-0.0001"
"","154.7790","0.5603","-0.0001"
"","154.8790","0.5506","-0.0001"
"","154.9790","0.5402","-0.0001"
"","155.0790","0.5304","-0.0001"
"","155.1790","0.5204","-0.0001"
"","155.2790","0.5106","-0.0001"
"","155.3790","0.5002","-0.0001"
"","155.4790","0.4904","-0.0001"
"","155.5790","0.4806","-0.0001"
"","155.6790","0.4705","-0.0001"
"","155.7790","0.4603","-0.0001"
"","155.8790","0.4504","-0.0001"
"","155.9790","0.4407","-0.0001"
"","156.0790","0.4304","-0.0001"
"","156.1790","0.4202","-0.0001"
"","156.2790","0.4105","-0.0001"
"","156.3790","0.4006","-0.0001"
"","156.4790","0.3904","-0.0001"
"","156.5790","0.3803","-0.0001"
"","156.6790","0.3706","-0.0001"
"","156.7790","0.3604","-0.0001"
"","156.8790","0.3503","-0.0001"
"","156.9790","0.3404","-0.0001"
"","157.0790","0.3305","-0.0001"
"","157.1790","0.3204","-0.0001"
"","157.2790","0.3104","-0.0001"
"","157.3790","0.3006","-0.0001"
"","157.4790","0.2902","-0.0001"
"","157.5790","0.2803","-0.0001"
"","157.6790","0.2704","-0.0001"
"","157.7790","0.2606","-0.0001"
"","157.8790","0.2502","-0.0001"
"","157.9790","0.2403","-0.0001"
"","158.0790","0.2306","-0.0001"
"","158.1790","0.2205","-0.0001"
"","158.2790","0.2103","-0.0001"
"","158.3790","0.2004","-0.0001"
"","158.4790","0.1906","-0.0001"
"","158.5790","0.1804","-0.0001"
"","158.6790","0.1702","-0.0001"
"","158.7790","0.1604","-0.0001"
"","158.8790","0.1507","-0.0001"
"","158.9790","0.1405","-0.0001"
"","159.0790","0.1303","-0.0001"
"","159.1790","0.1205","-0.0001"
"","159.2790","0.1105","-0.0001"
"","159.3790","0.1003","0.0000"
"","159.4790","0.0903","-0.0001"
"","159.5790","0.0805","-0.0001"
"","159.6790","0.0704","-0.0001"
"","159.7790","0.0604","-0.0001"
"","159.8790","0.0505","-0.0001"
"","159.9790","0.0403","-0.0001"
"","160.0790","0.0303","-0.0001"
"","160.1790","0.0203","-0.0001"
"","160.2790","0.0106","-0.0001"
"","160.3790","0.0005","-0.0001"
"","160.3850","-0.0001","-0.0001"
"","160.3860","-0.0002","-0.0001"
"","160.3870","-0.0002","-0.0001"
"","160.4870","-0.0005","-0.0001"
"","160.5870","0.0068","-0.0001"
"","160.6870","0.0188","-0.0001"
"","160.7870","0.0294","-0.0001"
"","160.8870","0.0396","-0.0001"
"","160.9870","0.0496","-0.0001"
"","161.0870","0.0591","-0.0001"
"","161.1870","0.0694","-0.0001"
"","161.2870","0.0795","-0.0001"
"","161.3870","0.0895","-0.0001"
"","161.4870","0.0994","0.0000"
"","161.5870","0.1095","-0.0001"
"","161.6870","0.1196","-0.0001"
"","161.7870","0.1294","-0.0001"
"","161.8870","0.1394","-0.0001"
"","161.9870","0.1494","-0.0001"
"","162.0870","0.1594","0.0000"
"","162.1870","0.1695","-0.0001"
"","162.2870","0.1795","-0.0001"
"","162.3870","0.1894","-0.0001"
"","162.4870","0.1992","-0.0001"
"","162.5870","0.2096","-0.0001"
"","162.6870","0.2195","-0.0001"
"","162.7870","0.2294","-0.0001"
"","162.8870","0.2392","-0.0001"
"","162.9870","0.2496","-0.0001"
"","163.0870","0.2595","-0.0001"
"","163.1870","0.2694","-0.0001"
"","163.2870","0.2796","-0.0001"
"","163.3870","0.2895","-0.0001"
"","163.4870","0.2996","-0.0001"
"","163.5870","0.3091","-0.0001"
"","163.6870","0.3195","-0.0001"
"","163.7870","0.3295","-0.0001"
"","163.8870","0.3395","-0.0001"
"","163.9870","0.3494","-0.0001"
"","164.0870","0.3595","-0.0001"
"","164.1870","0.3696","-0.0001"
"","164.2870","0.3794","0.0000"
"","164.3870","0.3895","-0.0001"
"","164.4870","0.3995","-0.0001"
"","164.5870","0.4095","-0.0001"
"","164.6870","0.4195","-0.0001"
"","164.7870","0.4295","-0.0001"
"","164.8870","0.4395","-0.0001"
"","164.9870","0.4492","-0.0001"
"","165.0870","0.4596","-0.0001"
"","165.1870","0.4695","-0.0001"
"","165.2870","0.4794","-0.0001"
"","165.3870","0.4892","0.0000"
"","165.4870","0.4995","-0.0001"
"","165.5870","0.5095","-0.0001"
"","165.6870","0.5193","-0.0001"
"","165.7870","0.5294","0.0000"
"","165.8870","0.5396","0.0000"
"","165.9870","0.5496","0.0000"
"","166.0870","0.5592","0.0000"
"","166.1870","0.5694","0.0000"
"","166.2870","0.5796","0.0000"
"","166.3870","0.5895","0.0000"
"","166.4870","0.5994","0.0000"
"","166.5870","0.6095","0.0000"
"","166.6870","0.6195","0.0000"
"","166.7870","0.6293","0.0000"
"","166.8870","0.6394","0.0000"
"","166.9870","0.6495","0.0000"
"","167.0870","0.6594","0.0000"
"","167.1870","0.6694","0.0000"
"","167.2870","0.6795","0.0000"
"","167.3870","0.6895","0.0000"
"","167.4870","0.6992","0.0000"
"","167.5870","0.7096","0.0000"
"","167.6870","0.7195","0.0000"
"","167.7870","0.7294","0.0000"
"","167.8870","0.7393","0.0000"
"","167.9870","0.7496","0.0000"
"","168.0870","0.7596","0.0000"
"","168.1870","0.7693","0.0000"
"","168.2870","0.7795","0.0000"
"","168.3870","0.7896","0.0000"
"","168.4870","0.7996","0.0000"
"","168.5870","0.8092","0.0000"
"","168.6870","0.8194","0.0000"
"","168.7870","0.8295","0.0000"
"","168.8870","0.8395","0.0000"
"","168.9870","0.8494","0.0000"
"","169.0870","0.8595","0.0000"
"","169.1870","0.8696","0.0000"
"","169.2870","0.8794","0.0000"
"","169.3870","0.8894","0.0000"
"","169.4870","0.8994","0.0000"
"","169.5870","0.9094","0.0000"
"","169.6870","0.9195","0.0000"
"","169.7870","0.9295","0.0000"
"","169.8870","0.9395","0.0000"
"","169.9870","0.9492","0.0000"
"","170.0870","0.9597","0.0000"
"","170.1870","0.9695","0.0000"
"","170.2870","0.9795","0.0000"
"","170.3870","0.9892","0.0000"
"","170.4870","0.9996","0.0000"
"","170.5870","1.0096","0.0000"
"","170.6870","1.0193","0.0000"
"","170.7870","1.0295","0.0000"
"","170.8870","1.0395","0.0000"
"","170.9870","1.0497","0.0000"
"","171.0870","1.0592","0.0000"
"","171.1870","1.0695","0.0000"
"","171.2870","1.0795","0.0000"
"","171.3870","1.0895","0.0000"
"","171.4870","1.0995","0.0000"
"","171.5870","1.1095","0.0000"
"","171.6870","1.1195","0.0000"
"","171.7870","1.1292","0.0000"
"","171.8870","1.1396","0.0000"
"","171.9870","1.1495","0.0000"
"","172.0870","1.1594","0.0000"
"","172.1870","1.1694","0.0000"
"","172.2870","1.1796","0.0000"
"","172.3870","1.1895","0.0000"
"","172.4870","1.1992","0.0000"
"","172.5870","1.2096","0.0000"
"","172.6870","1.2196","0.0000"
"","172.7870","1.2294","0.0000"
"","172.8870","1.2392","0.0000"
"","172.9870","1.2495","0.0000"
"","173.0870","1.2596","0.0000"
"","173.1870","1.2693","0.0000"
"","173.2870","1.2794","0.0000"
"","173.3870","1.2896","0.0001"
"","173.4870","1.2996","0.0001"
"","173.5870","1.3092","0.0001"
"","173.6870","1.3194","0.0001"
"","173.7870","1.3296","0.0001"
"","173.8870","1.3394","0.0001"
"","173.9870","1.3494","0.0001"
"","174.0870","1.3596","0.0001"
"","174.1870","1.3696","0.0001"
"","174.2870","1.3792","0.0001"
"","174.3870","1.3895","0.0001"
"","174.4870","1.3995","0.0001"
"","174.5870","1.4095","0.0001"
"","174.6870","1.4194","0.0001"
"","174.7870","1.4296","0.0001"
"","174.8870","1.4395","0.0001"
"","174.9870","1.4492","0.0001"
"","175.0870","1.4595","0.0001"
"","175.1870","1.4695","0.0002"
"","175.2870","1.4795","0.0002"
"","175.3870","1.4893","0.0002"
"","175.4870","1.4996","0.0002"
"","175.5870","1.5096","0.0002"
"","175.6870","1.5193","0.0002"
"","175.7870","1.5295","0.0002"
"","175.8870","1.5395","0.0002"
"","175.9870","1.5496","0.0002"
"","176.0870","1.5592","0.0002"
"","176.1870","1.5693","0.0002"
"","176.2870","1.5796","0.0003"
"","176.3870","1.5895","0.0003"
"","176.4870","1.5995","0.0003"
"","176.5870","1.6095","0.0003"
"","176.6870","1.6196","0.0003"
"","176.7870","1.6293","0.0003"
"","176.8870","1.6394","0.0003"
"","176.9870","1.6494","0.0003"
"","177.0870","1.6594","0.0003"
"","177.1870","1.6694","0.0004"
"","177.2870","1.6795","0.0004"
"","177.3870","1.6894","0.0004"
"","177.4870","1.6992","0.0004"
"","177.5870","1.7096","0.0004"
"","177.6870","1.7195","0.0005"
"","177.7870","1.7294","0.0005"
"","177.8870","1.7392","0.0005"
"","177.9870","1.7496","0.0005"
"","178.0870","1.7596","0.0005"
"","178.1870","1.7693","0.0006"
"","178.2870","1.7795","0.0006"
"","178.3870","1.7895","0.0006"
"","178.4870","1.7997","0.0006"
"","178.5870","1.8091","0.0006"
"","178.6870","1.8195","0.0007"
"","178.7870","1.8295","0.0007"
"","178.8870","1.8395","0.0007"
"","178.9870","1.8494","0.0007"
"","179.0870","1.8595","0.0007"
"","179.1870","1.8695","0.0007"
"","179.2870","1.8793","0.0008"
"","179.3870","1.8895","0.0008"
"","179.4870","1.8995","0.0008"
"","179.5870","1.9095","0.0009"
"","179.6870","1.9195","0.0009"
"","179.7870","1.9295","0.0009"
"","179.8870","1.9394","0.0009"
"","179.9870","1.9492","0.0010"
"","180.0870","1.9596","0.0010"
"","180.1870","1.9696","0.0010"
"","180.2870","1.9794","0.0011"
"","180.3870","1.9893","0.0011"
"","180.4870","1.9995","0.0011"
"","180.5870","2.0096","0.0012"
"","180.6870","2.0193","0.0012"
"","180.7870","2.0294","0.0012"
"","180.8870","2.0395","0.0013"
"","180.9870","2.0496","0.0013"
"","181.0870","2.0591","0.0013"
"","181.1870","2.0694","0.0014"
"","181.2870","2.0796","0.0014"
"","181.3870","2.0895","0.0015"
"","181.4870","2.0994","0.0015"
"","181.5870","2.1095","0.0015"
"","181.6870","2.1195","0.0016"
"","181.7870","2.1293","0.0016"
"","181.8870","2.1395","0.0017"
"","181.9870","2.1495","0.0017"
"","182.0870","2.1595","0.0017"
"","182.1870","2.1694","0.0018"
"","182.2870","2.1796","0.0018"
"","182.3870","2.1894","0.0019"
"","182.4870","2.1992","0.0019"
"","182.5870","2.2096","0.0020"
"","182.6870","2.2195","0.0020"
"","182.7870","2.2295","0.0020"
"","182.8870","2.2392","0.0021"
"","182.9870","2.2495","0.0021"
"","183.0870","2.2596","0.0022"
"","183.1870","2.2693","0.0022"
"","183.2870","2.2794","0.0023"
"","183.3870","2.2895","0.0023"
"","183.4870","2.2996","0.0024"
"","183.5870","2.3092","0.0024"
"","183.6870","2.3193","0.0025"
"","183.7870","2.3295","0.0026"
"","183.8870","2.3396","0.0026"
"","183.9870","2.3494","0.0027"
"","184.0870","2.3595","0.0027"
"","184.1870","2.3695","0.0028"
"","184.2870","2.3794","0.0029"
"","184.3870","2.3894","0.0030"
"","184.4870","2.3994","0.0030"
"","184.5870","2.4094","0.0031"
"","184.6870","2.4195","0.0032"
"","184.7870","2.4295","0.0033"
"","184.8870","2.4394","0.0033"
"","184.9870","2.4492","0.0035"
"","185.0870","2.4596","0.0035"
"","185.1870","2.4696","0.0036"
"","185.2870","2.4794","0.0037"
"","185.3870","2.4892","0.0038"
"","185.4870","2.4995","0.0039"
"","185.5870","2.5096","0.0040"
"","185.6870","2.5193","0.0042"
"","185.7870","2.5295","0.0043"
"","185.8870","2.5395","0.0044"
"","185.9870","2.5496","0.0045"
"","186.0870","2.5591","0.0047"
"","186.1870","2.5695","0.0048"
"","186.2870","2.5795","0.0050"
"","186.3870","2.5895","0.0051"
"","186.4870","2.5994","0.0053"
"","186.5870","2.6095","0.0055"
"","186.6870","2.6195","0.0057"
"","186.7870","2.6293","0.0058"
"","186.8870","2.6395","0.0060"
"","186.9870","2.6495","0.0062"
"","187.0870","2.6595","0.0064"
"","187.1870","2.6695","0.0066"
"","187.2870","2.6795","0.0068"
"","187.3870","2.6895","0.0071"
"","187.4870","2.6992","0.0073"
"","187.5870","2.7096","0.0076"
"","187.6870","2.7196","0.0078"
"","187.7870","2.7294","0.0080"
"","187.8870","2.7393","0.0083"
"","187.9870","2.7495","0.0085"
"","188.0870","2.7596","0.0088"
"","188.1870","2.7693","0.0091"
"","188.2870","2.7794","0.0093"
"","188.3870","2.7895","0.0096"
"","188.4870","2.7996","0.0099"
"","188.5870","2.8092","0.0102"
"","188.6870","2.8195","0.0105"
"","188.7870","2.8296","0.0108"
"","188.8870","2.8396","0.0111"
"","188.9870","2.8494","0.0114"
"","189.0870","2.8595","0.0118"
"","189.1870","2.8696","0.0122"
"","189.2870","2.8793","0.0125"
"","189.3870","2.8893","0.0129"
"","189.4870","2.8994","0.0133"
"","189.5870","2.9094","0.0137"
"","189.6870","2.9195","0.0142"
"","189.7870","2.9296","0.0146"
"","189.8870","2.9395","0.0150"
"","189.9870","2.9492","0.0155"
"","190.0870","2.9596","0.0160"
"","190.1870","2.9695","0.0164"
"","190.2870","2.9794","0.0169"
"","190.3870","2.9892","0.0174"
"","190.4870","2.9996","0.0179"
"","190.5870","3.0096","0.0184"
"","190.6870","3.0193","0.0189"
"","190.7870","3.0295","0.0194"
"","190.8870","3.0395","0.0200"
"","190.9870","3.0496","0.0205"
"","191.0870","3.0592","0.0211"
"","191.1870","3.0693","0.0217"
"","191.2870","3.0795","0.0223"
"","191.3870","3.0895","0.0229"
"","191.4870","3.0994","0.0235"
"","191.5870","3.1095","0.0242"
"","191.6870","3.1195","0.0249"
"","191.7870","3.1294","0.0255"
"","191.8870","3.1394","0.0261"
"","191.9870","3.1494","0.0268"
"","192.0870","3.1594","0.0274"
"","192.1870","3.1695","0.0281"
"","192.2870","3.1795","0.0287"
"","192.3870","3.1895","0.0292"
"","192.4870","3.1992","0.0299"
"","192.5870","3.2096","0.0307"
"","192.6870","3.2195","0.0315"
"","192.7870","3.2294","0.0323"
"","192.8870","3.2393","0.0331"
"","192.9870","3.2495","0.0339"
"","193.0870","3.2595","0.0347"
"","193.1870","3.2693","0.0352"
"","193.2870","3.2796","0.0352"
"","193.3870","3.2895","0.0352"
"","193.4870","3.2996","0.0352"
"","193.5870","3.3091","0.0352"
"","193.6870","3.3195","0.0352"
"","193.7870","3.3295","0.0353"
"","193.8870","3.3394","0.0353"
"","193.9870","3.3494","0.0353"
"","194.0870","3.3596","0.0353"
"","194.1870","3.3696","0.0353"
"","194.2870","3.3793","0.0353"
"","194.3870","3.3895","0.0354"
"","194.4870","3.3995","0.0354"
"","194.5870","3.4095","0.0353"
"","194.6870","3.4194","0.0353"
"","194.7870","3.4295","0.0354"
"","194.8870","3.4395","0.0359"
"","194.9870","3.4493","0.0369"
"","195.0870","3.4596","0.0380"
"","195.1870","3.4695","0.0390"
"","195.2870","3.4795","0.0401"
"","195.3870","3.4893","0.0411"
"","195.4870","3.4995","0.0421"
"","195.5870","3.5095","0.0431"
"","195.6870","3.5194","0.0442"
"","195.7870","3.5295","0.0452"
"","195.8870","3.5396","0.0463"
"","195.9870","3.5495","0.0473"
"","196.0870","3.5592","0.0483"
"","196.1870","3.5695","0.0495"
"","196.2870","3.5796","0.0506"
"","196.3870","3.5895","0.0516"
"","196.4870","3.5994","0.0528"
"","196.5870","3.6096","0.0539"
"","196.6870","3.6196","0.0551"
"","196.7870","3.6292","0.0561"
"","196.8870","3.6394","0.0573"
"","196.9870","3.6495","0.0585"
"","197.0870","3.6595","0.0598"
"","197.1870","3.6694","0.0609"
"","197.2870","3.6795","0.0622"
"","197.3870","3.6894","0.0634"
"","197.4870","3.6992","0.0647"
"","197.5870","3.7096","0.0660"
"","197.6870","3.7195","0.0673"
"","197.7870","3.7295","0.0686"
"","197.8870","3.7392","0.0699"
"","197.9870","3.7495","0.0712"
"","198.0870","3.7596","0.0726"
"","198.1870","3.7693","0.0739"
"","198.2870","3.7794","0.0754"
"","198.3870","3.7895","0.0768"
"","198.4870","3.7996","0.0782"
"","198.5870","3.8092","0.0796"
"","198.6870","3.8193","0.0811"
"","198.7870","3.8295","0.0826"
"","198.8870","3.8395","0.0840"
"","198.9870","3.8494","0.0855"
"","199.0870","3.8595","0.0871"
"","199.1870","3.8695","0.0887"
"","199.2870","3.8794","0.0901"
"","199.3870","3.8894","0.0917"
"","199.4870","3.8994","0.0934"
"","199.5870","3.9094","0.0950"
"","199.6870","3.9195","0.0966"
"","199.7870","3.9295","0.0982"
"","199.8870","3.9394","0.0999"
"","199.9870","3.9492","0.1015"
"","200.0870","3.9597","0.1032"
"","200.1870","3.9695","0.1048"
"","200.2870","3.9794","0.1064"
"","200.3870","3.9892","0.1081"
"","200.4870","3.9996","0.1097"
"","200.4920","4.0001","0.1098"
"","200.4930","4.0002","0.1098"
"","200.4940","4.0003","0.1099"
"","200.5940","4.0004","0.1091"
"","200.6940","3.9928","0.1065"
"","200.7940","3.9810","0.1029"
"","200.8940","3.9706","0.0999"
"","200.9940","3.9603","0.0970"
"","201.0940","3.9503","0.0943"
"","201.1940","3.9407","0.0917"
"","201.2940","3.9305","0.0891"
"","201.3940","3.9204","0.0866"
"","201.4940","3.9104","0.0843"
"","201.5940","3.9006","0.0819"
"","201.6940","3.8905","0.0796"
"","201.7940","3.8803","0.0773"
"","201.8940","3.8705","0.0752"
"","201.9940","3.8605","0.0731"
"","202.0940","3.8503","0.0710"
"","202.1940","3.8403","0.0690"
"","202.2940","3.8305","0.0671"
"","202.3940","3.8204","0.0651"
"","202.4940","3.8104","0.0632"
"","202.5940","3.8006","0.0614"
"","202.6940","3.7903","0.0596"
"","202.7940","3.7804","0.0579"
"","202.8940","3.7704","0.0562"
"","202.9940","3.7606","0.0546"
"","203.0940","3.7503","0.0529"
"","203.1940","3.7404","0.0514"
"","203.2940","3.7306","0.0499"
"","203.3940","3.7205","0.0483"
"","203.4940","3.7104","0.0469"
"","203.5940","3.7003","0.0455"
"","203.6940","3.6907","0.0442"
"","203.7940","3.6804","0.0428"
"","203.8940","3.6703","0.0415"
"","203.9940","3.6604","0.0403"
"","204.0940","3.6506","0.0393"
"","204.1940","3.6404","0.0380"
"","204.2940","3.6303","0.0368"
"","204.3940","3.6205","0.0357"
"","204.4940","3.6104","0.0345"
"","204.5940","3.6004","0.0334"
"","204.6940","3.5903","0.0326"
"","204.7940","3.5806","0.0324"
"","204.8940","3.5704","0.0324"
"","204.9940","3.5603","0.0323"
"","205.0940","3.5506","0.0323"
"","205.1940","3.5403","0.0322"
"","205.2940","3.5304","0.0321"
"","205.3940","3.5204","0.0321"
"","205.4940","3.5106","0.0321"
"","205.5940","3.5003","0.0320"
"","205.6940","3.4904","0.0320"
"","205.7940","3.4805","0.0320"
"","205.8940","3.4705","0.0320"
"","205.9940","3.4603","0.0320"
"","206.0940","3.4504","0.0320"
"","206.1940","3.4406","0.0320"
"","206.2940","3.4303","0.0319"
"","206.3940","3.4203","0.0313"
"","206.4940","3.4105","0.0306"
"","206.5940","3.4006","0.0295"
"","206.6940","3.3903","0.0284"
"","206.7940","3.3803","0.0273"
"","206.8940","3.3706","0.0263"
"","206.9940","3.3604","0.0253"
"","207.0940","3.3502","0.0244"
"","207.1940","3.3404","0.0235"
"","207.2940","3.3306","0.0227"
"","207.3940","3.3205","0.0219"
"","207.4940","3.3104","0.0211"
"","207.5940","3.3006","0.0205"
"","207.6940","3.2902","0.0197"
"","207.7940","3.2804","0.0191"
"","207.8940","3.2704","0.0185"
"","207.9940","3.2606","0.0179"
"","208.0940","3.2503","0.0173"
"","208.1940","3.2404","0.0167"
"","208.2940","3.2306","0.0162"
"","208.3940","3.2205","0.0156"
"","208.4940","3.2103","0.0151"
"","208.5940","3.2003","0.0146"
"","208.6940","3.1907","0.0142"
"","208.7940","3.1804","0.0137"
"","208.8940","3.1703","0.0132"
"","208.9940","3.1604","0.0128"
"","209.0940","3.1506","0.0124"
"","209.1940","3.1404","0.0120"
"","209.2940","3.1303","0.0116"
"","209.3940","3.1205","0.0112"
"","209.4940","3.1105","0.0108"
"","209.5940","3.1003","0.0105"
"","209.6940","3.0904","0.0101"
"","209.7940","3.0805","0.0098"
"","209.8940","3.0705","0.0095"
"","209.9940","3.0604","0.0091"
"","210.0940","3.0506","0.0088"
"","210.1940","3.0403","0.0085"
"","210.2940","3.0304","0.0082"
"","210.3940","3.0203","0.0079"
"","210.4940","3.0106","0.0076"
"","210.5940","3.0002","0.0073"
"","210.6940","2.9904","0.0071"
"","210.7940","2.9806","0.0068"
"","210.8940","2.9705","0.0066"
"","210.9940","2.9603","0.0063"
"","211.0940","2.9503","0.0061"
"","211.1940","2.9407","0.0059"
"","211.2940","2.9304","0.0056"
"","211.3940","2.9203","0.0054"
"","211.4940","2.9103","0.0052"
"","211.5940","2.9006","0.0050"
"","211.6940","2.8905","0.0048"
"","211.7940","2.8804","0.0047"
"","211.8940","2.8705","0.0045"
"","211.9940","2.8604","0.0044"
"","212.0940","2.8504","0.0042"
"","212.1940","2.8404","0.0041"
"","212.2940","2.8305","0.0039"
"","212.3940","2.8204","0.0038"
"","212.4940","2.8103","0.0037"
"","212.5940","2.8006","0.0035"
"","212.6940","2.7903","0.0034"
"","212.7940","2.7804","0.0033"
"","212.8940","2.7705","0.0032"
"","212.9940","2.7607","0.0031"
"","213.0940","2.7502","0.0030"
"","213.1940","2.7404","0.0029"
"","213.2940","2.7306","0.0028"
"","213.3940","2.7205","0.0028"
"","213.4940","2.7103","0.0027"
"","213.5940","2.7003","0.0026"
"","213.6940","2.6907","0.0026"
"","213.7940","2.6804","0.0025"
"","213.8940","2.6703","0.0024"
"","213.9940","2.6604","0.0024"
"","214.0940","2.6507","0.0023"
"","214.1940","2.6404","0.0023"
"","214.2940","2.6303","0.0022"
"","214.3940","2.6205","0.0022"
"","214.4940","2.6104","0.0021"
"","214.5940","2.6004","0.0021"
"","214.6940","2.5904","0.0021"
"","214.7940","2.5805","0.0020"
"","214.8940","2.5704","0.0019"
"","214.9940","2.5604","0.0019"
"","215.0940","2.5507","0.0019"
"","215.1940","2.5402","0.0018"
"","215.2940","2.5303","0.0018"
"","215.3940","2.5204","0.0017"
"","215.4940","2.5106","0.0017"
"","215.5940","2.5003","0.0016"
"","215.6940","2.4904","0.0016"
"","215.7940","2.4807","0.0016"
"","215.8940","2.4705","0.0015"
"","215.9940","2.4602","0.0015"
"","216.0940","2.4503","0.0014"
"","216.1940","2.4407","0.0014"
"","216.2940","2.4304","0.0014"
"","216.3940","2.4202","0.0013"
"","216.4940","2.4104","0.0013"
"","216.5940","2.4007","0.0013"
"","216.6940","2.3905","0.0012"
"","216.7940","2.3803","0.0012"
"","216.8940","2.3705","0.0012"
"","216.9940","2.3605","0.0011"
"","217.0940","2.3503","0.0011"
"","217.1940","2.3403","0.0011"
"","217.2940","2.3305","0.0011"
"","217.3940","2.3205","0.0010"
"","217.4940","2.3104","0.0010"
"","217.5940","2.3006","0.0009"
"","217.6940","2.2903","0.0009"
"","217.7940","2.2804","0.0009"
"","217.8940","2.2704","0.0009"
"","217.9940","2.2606","0.0008"
"","218.0940","2.2502","0.0008"
"","218.1940","2.2404","0.0008"
"","218.2940","2.2306","0.0008"
"","218.3940","2.2205","0.0007"
"","218.4940","2.2103","0.0007"
"","218.5940","2.2003","0.0007"
"","218.6940","2.1907","0.0006"
"","218.7940","2.1804","0.0006"
"","218.8940","2.1702","0.0006"
"","218.9940","2.1604","0.0006"
"","219.0940","2.1506","0.0006"
"","219.1940","2.1405","0.0006"
"","219.2940","2.1303","0.0005"
"","219.3940","2.1205","0.0005"
"","219.4940","2.1104","0.0005"
"","219.5940","2.1004","0.0005"
"","219.6940","2.0904","0.0005"
"","219.7940","2.0805","0.0004"
"","219.8940","2.0704","0.0004"
"","219.9940","2.0604","0.0004"
"","220.0940","2.0506","0.0004"
"","220.1940","2.0403","0.0004"
"","220.2940","2.0304","0.0003"
"","220.3940","2.0204","0.0003"
"","220.4940","2.0107","0.0003"
"","220.5940","2.0002","0.0003"
"","220.6940","1.9904","0.0003"
"","220.7940","1.9806","0.0003"
"","220.8940","1.9705","0.0003"
"","220.9940","1.9603","0.0003"
"","221.0940","1.9504","0.0003"
"","221.1940","1.9407","0.0003"
"","221.2940","1.9304","0.0002"
"","221.3940","1.9202","0.0002"
"","221.4940","1.9104","0.0002"
"","221.5940","1.9006","0.0002"
"","221.6940","1.8904","0.0002"
"","221.7940","1.8803","0.0002"
"","221.8940","1.8705","0.0002"
"","221.9940","1.8604","0.0002"
"","222.0940","1.8504","0.0002"
"","222.1940","1.8404","0.0002"
"","222.2940","1.8305","0.0002"
"","222.3940","1.8204","0.0002"
"","222.4940","1.8104","0.0002"
"","222.5940","1.8006","0.0001"
"","222.6940","1.7902","0.0001"
"","222.7940","1.7803","0.0001"
"","222.8940","1.7704","0.0001"
"","222.9940","1.7606","0.0001"
"","223.0940","1.7503","0.0001"
"","223.1940","1.7403","0.0001"
"","223.2940","1.7306","0.0001"
"","223.3940","1.7206","0.0001"
"","223.4940","1.7103","0.0001"
"","223.5940","1.7003","0.0001"
"","223.6940","1.6907","0.0001"
"","223.7940","1.6804","0.0001"
"","223.8940","1.6703","0.0001"
"","223.9940","1.6604","0.0001"
"","224.0940","1.6506","0.0000"
"","224.1940","1.6405","0.0001"
"","224.2940","1.6303","0.0000"
"","224.3940","1.6205","0.0000"
"","224.4940","1.6104","0.0000"
"","224.5940","1.6003","0.0000"
"","224.6940","1.5904","0.0000"
"","224.7940","1.5806","0.0000"
"","224.8940","1.5704","0.0000"
"","224.9940","1.5604","0.0000"
"","225.0940","1.5505","0.0000"
"","225.1940","1.5404","0.0000"
"","225.2940","1.5303","0.0000"
"","225.3940","1.5203","0.0000"
"","225.4940","1.5106","0.0000"
"","225.5940","1.5003","0.0000"
"","225.6940","1.4903","0.0000"
"","225.7940","1.4805","0.0000"
"","225.8940","1.4704","0.0000"
"","225.9940","1.4604","0.0000"
"","226.0940","1.4503","0.0000"
"","226.1940","1.4407","0.0000"
"","226.2940","1.4304","0.0000"
"","226.3940","1.4204","0.0000"
"","226.4940","1.4104","0.0000"
"","226.5940","1.4006","0.0000"
"","226.6940","1.3904","0.0000"
"","226.7940","1.3803","0.0000"
"","226.8940","1.3705","0.0000"
"","226.9940","1.3604","0.0000"
"","227.0940","1.3504","0.0000"
"","227.1940","1.3403","0.0000"
"","227.2940","1.3305","0.0000"
"","227.3940","1.3204","0.0000"
"","227.4940","1.3104","0.0000"
"","227.5940","1.3005","0.0000"
"","227.6940","1.2903","0.0000"
"","227.7940","1.2803","0.0000"
"","227.8940","1.2704","0.0000"
"","227.9940","1.2606","0.0000"
"","228.0940","1.2503","0.0000"
"","228.1940","1.2404","0.0000"
"","228.2940","1.2306","0.0000"
"","228.3940","1.2205","0.0000"
"","228.4940","1.2103","0.0000"
"","228.5940","1.2003","0.0000"
"","228.6940","1.1907","0.0000"
"","228.7940","1.1804","0.0000"
"","228.8940","1.1703","0.0000"
"","228.9940","1.1604","0.0000"
"","229.0940","1.1506","0.0000"
"","229.1940","1.1404","0.0000"
"","229.2940","1.1303","0.0000"
"","229.3940","1.1206","0.0000"
"","229.4940","1.1105","0.0000"
"","229.5940","1.1003","0.0000"
"","229.6940","1.0903","0.0000"
"","229.7940","1.0805","0.0000"
"","229.8940","1.0705","0.0000"
"","229.9940","1.0604","0.0000"
"","230.0940","1.0506","0.0000"
"","230.1940","1.0402","0.0000"
"","230.2940","1.0303","0.0000"
"","230.3940","1.0204","0.0000"
"","230.4940","1.0107","0.0000"
"","230.5940","1.0003","-0.0001"
"","230.6940","0.9904","0.0000"
"","230.7940","0.9806","0.0000"
"","230.8940","0.9705","0.0000"
"","230.9940","0.9603","-0.0001"
"","231.0940","0.9503","0.0000"
"","231.1940","0.9407","-0.0001"
"","231.2940","0.9304","0.0000"
"","231.3940","0.9202","0.0000"
"","231.4940","0.9104","-0.0001"
"","231.5940","0.9007","-0.0001"
"","231.6940","0.8905","-0.0001"
"","231.7940","0.8803","-0.0001"
"","231.8940","0.8705","-0.0001"
"","231.9940","0.8605","-0.0001"
"","232.0940","0.8503","-0.0001"
"","232.1940","0.8403","-0.0001"
"","232.2940","0.8305","-0.0001"
"","232.3940","0.8205","-0.0001"
"","232.4940","0.8104","-0.0001"
"","232.5940","0.8006","-0.0001"
"","232.6940","0.7903","-0.0001"
"","232.7940","0.7804","-0.0001"
"","232.8940","0.7703","-0.0001"
"","232.9940","0.7606","-0.0001"
"","233.0940","0.7502","-0.0001"
"","233.1940","0.7403","-0.0001"
"","233.2940","0.7306","0.0000"
"","233.3940","0.7205","-0.0001"
"","233.4940","0.7103","-0.0001"
"","233.5940","0.7003","-0.0001"
"","233.6940","0.6907","-0.0001"
"","233.7940","0.6804","-0.0001"
"","233.8940","0.6703","-0.0001"
"","233.9940","0.6604","-0.0001"
"","234.0940","0.6506","-0.0001"
"","234.1940","0.6404","-0.0001"
"","234.2940","0.6303","-0.0001"
"","234.3940","0.6206","-0.0001"
"","234.4940","0.6104","-0.0001"
"","234.5940","0.6004","-0.0001"
"","234.6940","0.5903","-0.0001"
"","234.7940","0.5806","-0.0001"
"","234.8940","0.5704","-0.0001"
"","234.9940","0.5603","-0.0001"
"","235.0940","0.5506","-0.0001"
"","235.1940","0.5403","-0.0001"
"","235.2940","0.5304","-0.0001"
"","235.3940","0.5204","-0.0001"
"","235.4940","0.5106","-0.0001"
"","235.5940","0.5002","-0.0001"
"","235.6940","0.4904","-0.0001"
"","235.7940","0.4806","-0.0001"
"","235.8940","0.4705","-0.0001"
"","235.9940","0.4603","-0.0001"
"","236.0940","0.4504","-0.0001"
"","236.1940","0.4407","-0.0001"
"","236.2940","0.4303","-0.0001"
"","236.3940","0.4202","-0.0001"
"","236.4940","0.4105","-0.0001"
"","236.5940","0.4006","-0.0001"
"","236.6940","0.3904","-0.0001"
"","236.7940","0.3803","-0.0001"
"","236.8940","0.3705","-0.0001"
"","236.9940","0.3604","-0.0001"
"","237.0940","0.3503","-0.0001"
"","237.1940","0.3404","-0.0001"
"","237.2940","0.3305","-0.0001"
"","237.3940","0.3204","-0.0001"
"","237.4940","0.3104","-0.0001"
"","237.5940","0.3006","-0.0001"
"","237.6940","0.2902","-0.0001"
"","237.7940","0.2803","-0.0001"
"","237.8940","0.2704","-0.0001"
"","237.9940","0.2606","-0.0001"
"","238.0940","0.2502","-0.0001"
"","238.1940","0.2403","-0.0001"
"","238.2940","0.2306","-0.0001"
"","238.3940","0.2205","-0.0001"
"","238.4940","0.2103","-0.0001"
"","238.5940","0.2004","-0.0001"
"","238.6940","0.1907","-0.0001"
"","238.7940","0.1804","-0.0001"
"","238.8940","0.1702","-0.0001"
"","238.9940","0.1604","-0.0001"
"","239.0940","0.1507","-0.0001"
"","239.1940","0.1405","-0.0001"
"","239.2940","0.1303","-0.0001"
"","239.3940","0.1205","-0.0001"
"","239.4940","0.1105","-0.0001"
"","239.5940","0.1003","-0.0001"
"","239.6940","0.0903","-0.0001"
"","239.7940","0.0805","-0.0001"
"","239.8940","0.0704","-0.0001"
"","239.9940","0.0604","-0.0001"
"","240.0940","0.0505","-0.0001"
"","240.1940","0.0403","-0.0001"
"","240.2940","0.0304","-0.0001"
"","240.3940","0.0203","-0.0001"
"","240.4940","0.0106","-0.0001"
"","240.5940","0.0005","-0.0001"
"","240.6000","-0.0001","-0.0001"
"","240.6010","-0.0001","-0.0001"
"","240.6020","-0.0002","-0.0001"
"","240.7020","-0.0005","-0.0001"
"","240.8020","0.0069","-0.0001"
"","240.9020","0.0188","-0.0001"
"","241.0020","0.0294","-0.0001"
"","241.1020","0.0396","-0.0001"
"","241.2020","0.0496","-0.0001"
"","241.3020","0.0591","-0.0001"
"","241.4020","0.0694","-0.0001"
"","241.5020","0.0796","-0.0001"
"","241.6020","0.0895","-0.0001"
"","241.7020","0.0994","-0.0001"
"","241.8020","0.1095","-0.0001"
"","241.9020","0.1196","-0.0001"
"","242.0020","0.1294","-0.0001"
"","242.1020","0.1394","-0.0001"
"","242.2020","0.1494","-0.0001"
"","242.3020","0.1594","-0.0001"
"","242.4020","0.1695","-0.0001"
"","242.5020","0.1795","-0.0001"
"","242.6020","0.1895","-0.0001"
"","242.7020","0.1992","-0.0001"
"","242.8020","0.2096","-0.0001"
"","242.9020","0.2195","-0.0001"
"","243.0020","0.2294","-0.0001"
"","243.1020","0.2393","-0.0001"
"","243.2020","0.2496","-0.0001"
"","243.3020","0.2595","-0.0001"
"","243.4020","0.2694","-0.0001"
"","243.5020","0.2796","-0.0001"
"","243.6020","0.2895","-0.0001"
"","243.7020","0.2996","-0.0001"
"","243.8020","0.3091","-0.0001"
"","243.9020","0.3195","-0.0001"
"","244.0020","0.3296","-0.0001"
"","244.1020","0.3395","-0.0001"
"","244.2020","0.3494","-0.0001"
"","244.3020","0.3595","-0.0001"
"","244.4020","0.3696","-0.0001"
"","244.5020","0.3794","-0.0001"
"","244.6020","0.3895","-0.0001"
"","244.7020","0.3995","-0.0001"
"","244.8020","0.4095","-0.0001"
"","244.9020","0.4195","-0.0001"
"","245.0020","0.4296","-0.0001"
"","245.1020","0.4395","-0.0001"
"","245.2020","0.4492","-0.0001"
"","245.3020","0.4596","-0.0001"
"","245.4020","0.4695","-0.0001"
"","245.5020","0.4794","-0.0001"
"","245.6020","0.4893","-0.0001"
"","245.7020","0.4995","-0.0001"
"","245.8020","0.5096","-0.0001"
"","245.9020","0.5193","-0.0001"
"","246.0020","0.5294","-0.0001"
"","246.1020","0.5396","-0.0001"
"","246.2020","0.5496","-0.0001"
"","246.3020","0.5591","0.0000"
"","246.4020","0.5694","0.0000"
"","246.5020","0.5796","0.0000"
"","246.6020","0.5895","-0.0001"
"","246.7020","0.5994","0.0000"
"","246.8020","0.6095","-0.0001"
"","246.9020","0.6196","0.0000"
"","247.0020","0.6292","0.0000"
"","247.1020","0.6394","0.0000"
"","247.2020","0.6495","0.0000"
"","247.3020","0.6594","0.0000"
"","247.4020","0.6694","0.0000"
"","247.5020","0.6795","0.0000"
"","247.6020","0.6895","0.0000"
"","247.7020","0.6992","0.0000"
"","247.8020","0.7096","0.0000"
"","247.9020","0.7195","0.0000"
"","248.0020","0.7294","0.0000"
"","248.1020","0.7393","0.0000"
"","248.2020","0.7496","0.0000"
"","248.3020","0.7596","0.0000"
"","248.4020","0.7693","0.0000"
"","248.5020","0.7795","0.0000"
"","248.6020","0.7896","0.0000"
"","248.7020","0.7996","0.0000"
"","248.8020","0.8092","0.0000"
"","248.9020","0.8194","0.0000"
"","249.0020","0.8296","0.0000"
"","249.1020","0.8395","0.0000"
"","249.2020","0.8494","0.0000"
"","249.3020","0.8595","0.0000"
"","249.4020","0.8696","0.0000"
"","249.5020","0.8794","0.0000"
"","249.6020","0.8894","0.0000"
"","249.7020","0.8995","0.0000"
"","249.8020","0.9094","0.0000"
"","249.9020","0.9195","0.0000"
"","250.0020","0.9295","0.0000"
"","250.1020","0.9395","0.0000"
"","250.2020","0.9492","0.0000"
"","250.3020","0.9597","0.0000"
"","250.4020","0.9695","0.0000"
"","250.5020","0.9794","0.0000"
"","250.6020","0.9893","0.0000"
"","250.7020","0.9996","0.0000"
"","250.8020","1.0096","0.0000"
"","250.9020","1.0193","0.0000"
"","251.0020","1.0295","0.0000"
"","251.1020","1.0395","0.0000"
"","251.2020","1.0496","0.0000"
"","251.3020","1.0592","0.0000"
"","251.4020","1.0695","0.0000"
"","251.5020","1.0795","0.0000"
"","251.6020","1.0895","0.0000"
"","251.7020","1.0995","0.0000"
"","251.8020","1.1095","0.0000"
"","251.9020","1.1195","0.0000"
"","252.0020","1.1292","0.0000"
"","252.1020","1.1396","0.0000"
"","252.2020","1.1495","0.0000"
"","252.3020","1.1595","0.0000"
"","252.4020","1.1694","0.0000"
"","252.5020","1.1796","0.0000"
"","252.6020","1.1895","0.0000"
"","252.7020","1.1992","0.0000"
"","252.8020","1.2096","0.0000"
"","252.9020","1.2196","0.0000"
"","253.0020","1.2294","0.0000"
"","253.1020","1.2392","0.0000"
"","253.2020","1.2495","0.0000"
"","253.3020","1.2596","0.0000"
"","253.4020","1.2693","0.0000"
"","253.5020","1.2794","0.0000"
"","253.6020","1.2895","0.0000"
"","253.7020","1.2996","0.0000"
"","253.8020","1.3092","0.0000"
"","253.9020","1.3194","0.0000"
"","254.0020","1.3296","0.0001"
"","254.1020","1.3394","0.0001"
"","254.2020","1.3494","0.0001"
"","254.3020","1.3596","0.0001"
"","254.4020","1.3696","0.0001"
"","254.5020","1.3792","0.0001"
"","254.6020","1.3895","0.0001"
"","254.7020","1.3995","0.0001"
"","254.8020","1.4095","0.0001"
"","254.9020","1.4194","0.0001"
"","255.0020","1.4296","0.0001"
"","255.1020","1.4395","0.0001"
"","255.2020","1.4492","0.0001"
"","255.3020","1.4595","0.0001"
"","255.4020","1.4695","0.0001"
"","255.5020","1.4795","0.0001"
"","255.6020","1.4893","0.0001"
"","255.7020","1.4996","0.0002"
"","255.8020","1.5096","0.0001"
"","255.9020","1.5193","0.0002"
"","256.0020","1.5295","0.0002"
"","256.1020","1.5395","0.0002"
"","256.2020","1.5496","0.0002"
"","256.3020","1.5592","0.0002"
"","256.4020","1.5694","0.0002"
"","256.5020","1.5795","0.0002"
"","256.6020","1.5895","0.0002"
"","256.7020","1.5995","0.0002"
"","256.8020","1.6095","0.0002"
"","256.9020","1.6196","0.0002"
"","257.0020","1.6293","0.0003"
"","257.1020","1.6394","0.0003"
"","257.2020","1.6494","0.0003"
"","257.3020","1.6594","0.0003"
"","257.4020","1.6695","0.0003"
"","257.5020","1.6795","0.0003"
"","257.6020","1.6894","0.0003"
"","257.7020","1.6992","0.0003"
"","257.8020","1.7096","0.0003"
"","257.9020","1.7195","0.0004"
"","258.0020","1.7294","0.0004"
"","258.1020","1.7392","0.0004"
"","258.2020","1.7496","0.0004"
"","258.3020","1.7596","0.0004"
"","258.4020","1.7693","0.0005"
"","258.5020","1.7795","0.0005"
"","258.6020","1.7895","0.0005"
"","258.7020","1.7997","0.0005"
"","258.8020","1.8092","0.0005"
"","258.9020","1.8195","0.0006"
"","259.0020","1.8295","0.0006"
"","259.1020","1.8395","0.0006"
"","259.2020","1.8494","0.0006"
"","259.3020","1.8595","0.0006"
"","259.4020","1.8695","0.0007"
"","259.5020","1.8793","0.0007"
"","259.6020","1.8895","0.0007"
"","259.7020","1.8995","0.0007"
"","259.8020","1.9095","0.0008"
"","259.9020","1.9195","0.0008"
"","260.0020","1.9296","0.0008"
"","260.1020","1.9395","0.0008"
"","260.2020","1.9492","0.0008"
"","260.3020","1.9596","0.0009"
"","260.4020","1.9696","0.0009"
"","260.5020","1.9794","0.0009"
"","260.6020","1.9893","0.0010"
"","260.7020","1.9995","0.0010"
"","260.8020","2.0096","0.0010"
"","260.9020","2.0193","0.0011"
"","261.0020","2.0294","0.0011"
"","261.1020","2.0395","0.0011"
"","261.2020","2.0496","0.0012"
"","261.3020","2.0591","0.0012"
"","261.4020","2.0694","0.0012"
"","261.5020","2.0796","0.0013"
"","261.6020","2.0896","0.0013"
"","261.7020","2.0994","0.0013"
"","261.8020","2.1095","0.0014"
"","261.9020","2.1195","0.0014"
"","262.0020","2.1293","0.0014"
"","262.1020","2.1395","0.0015"
"","262.2020","2.1495","0.0015"
"","262.3020","2.1594","0.0016"
"","262.4020","2.1695","0.0016"
"","262.5020","2.1796","0.0016"
"","262.6020","2.1894","0.0017"
"","262.7020","2.1992","0.0017"
"","262.8020","2.2096","0.0018"
"","262.9020","2.2195","0.0018"
"","263.0020","2.2295","0.0018"
"","263.1020","2.2392","0.0019"
"","263.2020","2.2495","0.0019"
"","263.3020","2.2596","0.0020"
"","263.4020","2.2693","0.0020"
"","263.5020","2.2794","0.0020"
"","263.6020","2.2895","0.0021"
"","263.7020","2.2996","0.0021"
"","263.8020","2.3092","0.0022"
"","263.9020","2.3194","0.0022"
"","264.0020","2.3295","0.0023"
"","264.1020","2.3396","0.0023"
"","264.2020","2.3494","0.0024"
"","264.3020","2.3595","0.0024"
"","264.4020","2.3695","0.0025"
"","264.5020","2.3793","0.0026"
"","264.6020","2.3894","0.0026"
"","264.7020","2.3994","0.0027"
"","264.8020","2.4094","0.0027"
"","264.9020","2.4195","0.0028"
"","265.0020","2.4295","0.0029"
"","265.1020","2.4395","0.0030"
"","265.2020","2.4492","0.0030"
"","265.3020","2.4596","0.0031"
"","265.4020","2.4696","0.0032"
"","265.5020","2.4794","0.0033"
"","265.6020","2.4893","0.0034"
"","265.7020","2.4995","0.0034"
"","265.8020","2.5096","0.0035"
"","265.9020","2.5193","0.0036"
"","266.0020","2.5295","0.0037"
"","266.1020","2.5395","0.0038"
"","266.2020","2.5497","0.0040"
"","266.3020","2.5591","0.0041"
"","266.4020","2.5695","0.0042"
"","266.5020","2.5795","0.0043"
"","266.6020","2.5896","0.0044"
"","266.7020","2.5994","0.0046"
"","266.8020","2.6095","0.0047"
"","266.9020","2.6195","0.0049"
"","267.0020","2.6293","0.0050"
"","267.1020","2.6395","0.0052"
"","267.2020","2.6495","0.0054"
"","267.3020","2.6595","0.0055"
"","267.4020","2.6695","0.0057"
"","267.5020","2.6795","0.0059"
"","267.6020","2.6894","0.0061"
"","267.7020","2.6992","0.0063"
"","267.8020","2.7096","0.0065"
"","267.9020","2.7196","0.0067"
"","268.0020","2.7294","0.0069"
"","268.1020","2.7393","0.0072"
"","268.2020","2.7495","0.0074"
"","268.3020","2.7596","0.0076"
"","268.4020","2.7693","0.0079"
"","268.5020","2.7794","0.0082"
"","268.6020","2.7895","0.0084"
"","268.7020","2.7996","0.0087"
"","268.8020","2.8092","0.0090"
"","268.9020","2.8195","0.0093"
"","269.0020","2.8296","0.0095"
"","269.1020","2.8395","0.0098"
"","269.2020","2.8494","0.0101"
"","269.3020","2.8595","0.0104"
"","269.4020","2.8696","0.0107"
"","269.5020","2.8793","0.0110"
"","269.6020","2.8894","0.0114"
"","269.7020","2.8994","0.0117"
"","269.8020","2.9094","0.0121"
"","269.9020","2.9195","0.0125"
"","270.0020","2.9296","0.0129"
"","270.1020","2.9395","0.0133"
"","270.2020","2.9492","0.0137"
"","270.3020","2.9596","0.0141"
"","270.4020","2.9695","0.0146"
"","270.5020","2.9794","0.0150"
"","270.6020","2.9892","0.0155"
"","270.7020","2.9996","0.0160"
"","270.8020","3.0096","0.0164"
"","270.9020","3.0193","0.0169"
"","271.0020","3.0295","0.0174"
"","271.1020","3.0395","0.0180"
"","271.2020","3.0496","0.0185"
"","271.3020","3.0592","0.0190"
"","271.4020","3.0693","0.0196"
"","271.5020","3.0795","0.0201"
"","271.6020","3.0895","0.0207"
"","271.7020","3.0994","0.0213"
"","271.8020","3.1095","0.0219"
"","271.9020","3.1196","0.0226"
"","272.0020","3.1294","0.0232"
"","272.1020","3.1394","0.0238"
"","272.2020","3.1494","0.0245"
"","272.3020","3.1594","0.0252"
"","272.4020","3.1695","0.0258"
"","272.5020","3.1795","0.0265"
"","272.6020","3.1895","0.0272"
"","272.7020","3.1992","0.0278"
"","272.8020","3.2096","0.0285"
"","272.9020","3.2195","0.0291"
"","273.0020","3.2295","0.0296"
"","273.1020","3.2393","0.0304"
"","273.2020","3.2495","0.0312"
"","273.3020","3.2595","0.0321"
"","273.4020","3.2694","0.0329"
"","273.5020","3.2796","0.0337"
"","273.6020","3.2895","0.0346"
"","273.7020","3.2996","0.0352"
"","273.8020","3.3091","0.0351"
"","273.9020","3.3196","0.0352"
"","274.0020","3.3295","0.0351"
"","274.1020","3.3394","0.0352"
"","274.2020","3.3493","0.0352"
"","274.3020","3.3596","0.0352"
"","274.4020","3.3696","0.0353"
"","274.5020","3.3793","0.0353"
"","274.6020","3.3895","0.0353"
"","274.7020","3.3995","0.0353"
"","274.8020","3.4095","0.0353"
"","274.9020","3.4194","0.0353"
"","275.0020","3.4295","0.0353"
"","275.1020","3.4395","0.0353"
"","275.2020","3.4493","0.0352"
"","275.3020","3.4596","0.0353"
"","275.4020","3.4695","0.0359"
"","275.5020","3.4795","0.0370"
"","275.6020","3.4893","0.0380"
"","275.7020","3.4995","0.0391"
"","275.8020","3.5095","0.0402"
"","275.9020","3.5193","0.0412"
"","276.0020","3.5295","0.0423"
"","276.1020","3.5396","0.0434"
"","276.2020","3.5495","0.0444"
"","276.3020","3.5592","0.0454"
"","276.4020","3.5694","0.0465"
"","276.5020","3.5796","0.0477"
"","276.6020","3.5895","0.0487"
"","276.7020","3.5994","0.0499"
"","276.8020","3.6096","0.0510"
"","276.9020","3.6196","0.0522"
"","277.0020","3.6292","0.0533"
"","277.1020","3.6394","0.0545"
"","277.2020","3.6495","0.0558"
"","277.3020","3.6595","0.0569"
"","277.4020","3.6694","0.0582"
"","277.5020","3.6795","0.0594"
"","277.6020","3.6895","0.0607"
"","277.7020","3.6992","0.0619"
"","277.8020","3.7096","0.0633"
"","277.9020","3.7195","0.0646"
"","278.0020","3.7294","0.0659"
"","278.1020","3.7392","0.0672"
"","278.2020","3.7495","0.0686"
"","278.3020","3.7596","0.0700"
"","278.4020","3.7693","0.0714"
"","278.5020","3.7795","0.0728"
"","278.6020","3.7895","0.0743"
"","278.7020","3.7996","0.0757"
"","278.8020","3.8092","0.0771"
"","278.9020","3.8193","0.0786"
"","279.0020","3.8295","0.0802"
"","279.1020","3.8395","0.0817"
"","279.2020","3.8494","0.0832"
"","279.3020","3.8595","0.0848"
"","279.4020","3.8695","0.0864"
"","279.5020","3.8794","0.0879"
"","279.6020","3.8894","0.0896"
"","279.7020","3.8994","0.0912"
"","279.8020","3.9094","0.0929"
"","279.9020","3.9195","0.0946"
"","280.0020","3.9295","0.0963"
"","280.1020","3.9394","0.0980"
"","280.2020","3.9492","0.0997"
"","280.3020","3.9597","0.1015"
"","280.4020","3.9695","0.1032"
"","280.5020","3.9794","0.1049"
"","280.6020","3.9892","0.1066"
"","280.7020","3.9996","0.1084"
"","280.7070","4.0001","0.1085"
"","280.7080","4.0002","0.1085"
"","280.7090","4.0003","0.1085"
"","280.8090","4.0005","0.1079"
"","280.9090","3.9928","0.1053"
"","281.0090","3.9811","0.1017"
"","281.1090","3.9707","0.0987"
"","281.2090","3.9603","0.0958"
"","281.3090","3.9503","0.0931"
"","281.4090","3.9408","0.0906"
"","281.5090","3.9305","0.0879"
"","281.6090","3.9204","0.0855"
"","281.7090","3.9104","0.0831"
"","281.8090","3.9007","0.0808"
"","281.9090","3.8905","0.0784"
"","282.0090","3.8803","0.0762"
"","282.1090","3.8706","0.0741"
"","282.2090","3.8606","0.0719"
"","282.3090","3.8503","0.0698"
"","282.4090","3.8403","0.0678"
"","282.5090","3.8305","0.0660"
"","282.6090","3.8205","0.0640"
"","282.7090","3.8105","0.0621"
"","282.8090","3.8006","0.0603"
"","282.9090","3.7903","0.0585"
"","283.0090","3.7805","0.0568"
"","283.1090","3.7704","0.0551"
"","283.2090","3.7606","0.0535"
"","283.3090","3.7503","0.0518"
"","283.4090","3.7404","0.0503"
"","283.5090","3.7306","0.0488"
"","283.6090","3.7205","0.0473"
"","283.7090","3.7104","0.0458"
"","283.8090","3.7004","0.0444"
"","283.9090","3.6907","0.0431"
"","284.0090","3.6804","0.0417"
"","284.1090","3.6703","0.0405"
"","284.2090","3.6605","0.0394"
"","284.3090","3.6506","0.0382"
"","284.4090","3.6404","0.0369"
"","284.5090","3.6303","0.0357"
"","284.6090","3.6205","0.0346"
"","284.7090","3.6104","0.0335"
"","284.8090","3.6004","0.0326"
"","284.9090","3.5904","0.0324"
"","285.0090","3.5806","0.0324"
"","285.1090","3.5704","0.0323"
"","285.2090","3.5604","0.0323"
"","285.3090","3.5506","0.0322"
"","285.4090","3.5403","0.0322"
"","285.5090","3.5304","0.0321"
"","285.6090","3.5204","0.0321"
"","285.7090","3.5106","0.0320"
"","285.8090","3.5003","0.0320"
"","285.9090","3.4904","0.0320"
"","286.0090","3.4806","0.0320"
"","286.1090","3.4705","0.0320"
"","286.2090","3.4603","0.0320"
"","286.3090","3.4504","0.0320"
"","286.4090","3.4406","0.0319"
"","286.5090","3.4304","0.0313"
"","286.6090","3.4203","0.0305"
"","286.7090","3.4105","0.0294"
"","286.8090","3.4006","0.0283"
"","286.9090","3.3904","0.0272"
"","287.0090","3.3803","0.0262"
"","287.1090","3.3706","0.0252"
"","287.2090","3.3604","0.0243"
"","287.3090","3.3503","0.0234"
"","287.4090","3.3404","0.0226"
"","287.5090","3.3306","0.0218"
"","287.6090","3.3205","0.0210"
"","287.7090","3.3104","0.0203"
"","287.8090","3.3006","0.0196"
"","287.9090","3.2902","0.0189"
"","288.0090","3.2804","0.0183"
"","288.1090","3.2704","0.0177"
"","288.2090","3.2606","0.0171"
"","288.3090","3.2502","0.0165"
"","288.4090","3.2404","0.0160"
"","288.5090","3.2306","0.0155"
"","288.6090","3.2205","0.0150"
"","288.7090","3.2103","0.0145"
"","288.8090","3.2003","0.0140"
"","288.9090","3.1907","0.0136"
"","289.0090","3.1804","0.0131"
"","289.1090","3.1703","0.0127"
"","289.2090","3.1604","0.0123"
"","289.3090","3.1506","0.0119"
"","289.4090","3.1405","0.0115"
"","289.5090","3.1304","0.0111"
"","289.6090","3.1205","0.0108"
"","289.7090","3.1105","0.0104"
"","289.8090","3.1003","0.0101"
"","289.9090","3.0904","0.0097"
"","290.0090","3.0805","0.0094"
"","290.1090","3.0705","0.0091"
"","290.2090","3.0604","0.0088"
"","290.3090","3.0506","0.0085"
"","290.4090","3.0403","0.0082"
"","290.5090","3.0304","0.0079"
"","290.6090","3.0204","0.0076"
"","290.7090","3.0106","0.0073"
"","290.8090","3.0003","0.0070"
"","290.9090","2.9904","0.0068"
"","291.0090","2.9806","0.0065"
"","291.1090","2.9705","0.0063"
"","291.2090","2.9604","0.0061"
"","291.3090","2.9503","0.0059"
"","291.4090","2.9407","0.0056"
"","291.5090","2.9304","0.0054"
"","291.6090","2.9203","0.0052"
"","291.7090","2.9104","0.0051"
"","291.8090","2.9006","0.0049"
"","291.9090","2.8905","0.0047"
"","292.0090","2.8804","0.0045"
"","292.1090","2.8705","0.0044"
"","292.2090","2.8605","0.0042"
"","292.3090","2.8504","0.0041"
"","292.4090","2.8404","0.0039"
"","292.5090","2.8305","0.0038"
"","292.6090","2.8204","0.0037"
"","292.7090","2.8104","0.0035"
"","292.8090","2.8006","0.0034"
"","292.9090","2.7903","0.0033"
"","293.0090","2.7804","0.0032"
"","293.1090","2.7705","0.0031"
"","293.2090","2.7607","0.0030"
"","293.3090","2.7502","0.0030"
"","293.4090","2.7404","0.0029"
"","293.5090","2.7306","0.0028"
"","293.6090","2.7205","0.0028"
"","293.7090","2.7103","0.0027"
"","293.8090","2.7004","0.0026"
"","293.9090","2.6907","0.0025"
"","294.0090","2.6804","0.0025"
"","294.1090","2.6703","0.0024"
"","294.2090","2.6604","0.0024"
"","294.3090","2.6507","0.0023"
"","294.4090","2.6404","0.0023"
"","294.5090","2.6303","0.0022"
"","294.6090","2.6205","0.0022"
"","294.7090","2.6105","0.0021"
"","294.8090","2.6004","0.0021"
"","294.9090","2.5904","0.0020"
"","295.0090","2.5805","0.0020"
"","295.1090","2.5704","0.0019"
"","295.2090","2.5604","0.0019"
"","295.3090","2.5507","0.0019"
"","295.4090","2.5402","0.0018"
"","295.5090","2.5303","0.0018"
"","295.6090","2.5204","0.0017"
"","295.7090","2.5107","0.0017"
"","295.8090","2.5003","0.0016"
"","295.9090","2.4904","0.0016"
"","296.0090","2.4807","0.0016"
"","296.1090","2.4705","0.0015"
"","296.2090","2.4603","0.0015"
"","296.3090","2.4503","0.0014"
"","296.4090","2.4407","0.0014"
"","296.5090","2.4304","0.0014"
"","296.6090","2.4202","0.0013"
"","296.7090","2.4104","0.0013"
"","296.8090","2.4007","0.0013"
"","296.9090","2.3905","0.0012"
"","297.0090","2.3803","0.0012"
"","297.1090","2.3705","0.0012"
"","297.2090","2.3605","0.0011"
"","297.3090","2.3503","0.0011"
"","297.4090","2.3403","0.0011"
"","297.5090","2.3305","0.0010"
"","297.6090","2.3205","0.0010"
"","297.7090","2.3104","0.0010"
"","297.8090","2.3006","0.0009"
"","297.9090","2.2903","0.0009"
"","298.0090","2.2804","0.0009"
"","298.1090","2.2704","0.0009"
"","298.2090","2.2606","0.0008"
"","298.3090","2.2502","0.0008"
"","298.4090","2.2404","0.0008"
"","298.5090","2.2306","0.0007"
"","298.6090","2.2205","0.0007"
"","298.7090","2.2103","0.0007"
"","298.8090","2.2003","0.0007"
"","298.9090","2.1907","0.0006"
"","299.0090","2.1804","0.0006"
"","299.1090","2.1703","0.0006"
"","299.2090","2.1604","0.0006"
"","299.3090","2.1506","0.0006"
"","299.4090","2.1405","0.0005"
"","299.5090","2.1303","0.0005"
"","299.6090","2.1205","0.0005"
"","299.7090","2.1104","0.0005"
"","299.8090","2.1004","0.0005"
"","299.9090","2.0904","0.0004"
"","300.0090","2.0805","0.0004"
"","300.1090","2.0704","0.0004"
"","300.2090","2.0604","0.0004"
"","300.3090","2.0506","0.0004"
"","300.4090","2.0403","0.0004"
"","300.5090","2.0304","0.0004"
"","300.6090","2.0205","0.0003"
"","300.7090","2.0107","0.0003"
"","300.8090","2.0002","0.0003"
"","300.9090","1.9904","0.0003"
"","301.0090","1.9806","0.0003"
"","301.1090","1.9705","0.0003"
"","301.2090","1.9603","0.0003"
"","301.3090","1.9504","0.0002"
"","301.4090","1.9407","0.0002"
"","301.5090","1.9304","0.0002"
"","301.6090","1.9203","0.0002"
"","301.7090","1.9104","0.0002"
"","301.8090","1.9007","0.0002"
"","301.9090","1.8904","0.0002"
"","302.0090","1.8803","0.0002"
"","302.1090","1.8705","0.0002"
"","302.2090","1.8605","0.0002"
"","302.3090","1.8504","0.0002"
"","302.4090","1.8404","0.0002"
"","302.5090","1.8305","0.0002"
"","302.6090","1.8204","0.0001"
"","302.7090","1.8104","0.0001"
"","302.8090","1.8006","0.0001"
"","302.9090","1.7902","0.0001"
"","303.0090","1.7803","0.0001"
"","303.1090","1.7705","0.0001"
"","303.2090","1.7607","0.0001"
"","303.3090","1.7503","0.0001"
"","303.4090","1.7403","0.0001"
"","303.5090","1.7307","0.0001"
"","303.6090","1.7206","0.0001"
"","303.7090","1.7103","0.0001"
"","303.8090","1.7003","0.0001"
"","303.9090","1.6907","0.0001"
"","304.0090","1.6804","0.0001"
"","304.1090","1.6703","0.0001"
"","304.2090","1.6604","0.0000"
"","304.3090","1.6506","0.0000"
"","304.4090","1.6405","0.0000"
"","304.5090","1.6303","0.0000"
"","304.6090","1.6206","0.0000"
"","304.7090","1.6104","0.0000"
"","304.8090","1.6003","0.0000"
"","304.9090","1.5904","0.0000"
"","305.0090","1.5806","0.0000"
"","305.1090","1.5704","0.0000"
"","305.2090","1.5604","0.0000"
"","305.3090","1.5505","0.0000"
"","305.4090","1.5404","0.0000"
"","305.5090","1.5303","0.0000"
"","305.6090","1.5204","0.0000"
"","305.7090","1.5106","0.0000"
"","305.8090","1.5003","0.0000"
"","305.9090","1.4903","0.0000"
"","306.0090","1.4805","0.0000"
"","306.1090","1.4705","0.0000"
"","306.2090","1.4604","0.0000"
"","306.3090","1.4503","0.0000"
"","306.4090","1.4407","0.0000"
"","306.5090","1.4304","0.0000"
"","306.6090","1.4204","0.0000"
"","306.7090","1.4104","0.0000"
"","306.8090","1.4006","0.0000"
"","306.9090","1.3904","0.0000"
"","307.0090","1.3803","0.0000"
"","307.1090","1.3706","0.0000"
"","307.2090","1.3604","0.0000"
"","307.3090","1.3504","0.0000"
"","307.4090","1.3404","0.0000"
"","307.5090","1.3305","0.0000"
"","307.6090","1.3204","0.0000"
"","307.7090","1.3104","0.0000"
"","307.8090","1.3006","0.0000"
"","307.9090","1.2903","0.0000"
"","308.0090","1.2804","0.0000"
"","308.1090","1.2705","0.0000"
"","308.2090","1.2607","0.0000"
"","308.3090","1.2503","0.0000"
"","308.4090","1.2404","0.0000"
"","308.5090","1.2306","0.0000"
"","308.6090","1.2205","0.0000"
"","308.7090","1.2103","0.0000"
"","308.8090","1.2004","0.0000"
"","308.9090","1.1907","0.0000"
"","309.0090","1.1804","0.0000"
"","309.1090","1.1703","0.0000"
"","309.2090","1.1604","0.0000"
"","309.3090","1.1507","0.0000"
"","309.4090","1.1404","0.0000"
"","309.5090","1.1303","0.0000"
"","309.6090","1.1206","0.0000"
"","309.7090","1.1105","0.0000"
"","309.8090","1.1004","0.0000"
"","309.9090","1.0904","0.0000"
"","310.0090","1.0805","-0.0001"
"","310.1090","1.0705","-0.0001"
"","310.2090","1.0605","0.0000"
"","310.3090","1.0506","-0.0001"
"","310.4090","1.0402","-0.0001"
"","310.5090","1.0304","-0.0001"
"","310.6090","1.0204","0.0000"
"","310.7090","1.0107","-0.0001"
"","310.8090","1.0003","-0.0001"
"","310.9090","0.9904","-0.0001"
"","311.0090","0.9806","-0.0001"
"","311.1090","0.9705","-0.0001"
"","311.2090","0.9603","-0.0001"
"","311.3090","0.9503","-0.0001"
"","311.4090","0.9407","-0.0001"
"","311.5090","0.9304","-0.0001"
"","311.6090","0.9202","-0.0001"
"","311.7090","0.9104","-0.0001"
"","311.8090","0.9007","-0.0001"
"","311.9090","0.8905","-0.0001"
"","312.0090","0.8803","-0.0001"
"","312.1090","0.8705","-0.0001"
"","312.2090","0.8605","-0.0001"
"","312.3090","0.8503","-0.0001"
"","312.4090","0.8404","-0.0001"
"","312.5090","0.8306","-0.0001"
"","312.6090","0.8205","-0.0001"
"","312.7090","0.8104","-0.0001"
"","312.8090","0.8006","-0.0001"
"","312.9090","0.7903","-0.0001"
"","313.0090","0.7804","-0.0001"
"","313.1090","0.7704","-0.0001"
"","313.2090","0.7606","-0.0001"
"","313.3090","0.7503","-0.0001"
"","313.4090","0.7404","-0.0001"
"","313.5090","0.7306","-0.0001"
"","313.6090","0.7205","0.0000"
"","313.7090","0.7103","-0.0001"
"","313.8090","0.7003","0.0000"
"","313.9090","0.6907","-0.0001"
"","314.0090","0.6804","0.0000"
"","314.1090","0.6703","-0.0001"
"","314.2090","0.6604","-0.0001"
"","314.3090","0.6506","-0.0001"
"","314.4090","0.6404","-0.0001"
"","314.5090","0.6303","-0.0001"
"","314.6090","0.6206","-0.0001"
"","314.7090","0.6105","-0.0001"
"","314.8090","0.6004","-0.0001"
"","314.9090","0.5903","-0.0001"
"","315.0090","0.5806","-0.0001"
"","315.1090","0.5704","-0.0001"
"","315.2090","0.5604","-0.0001"
"","315.3090","0.5506","-0.0001"
"","315.4090","0.5403","-0.0001"
"","315.5090","0.5304","-0.0001"
"","315.6090","0.5204","-0.0001"
"","315.7090","0.5106","-0.0001"
"","315.8090","0.5002","-0.0001"
"","315.9090","0.4904","-0.0001"
"","316.0090","0.4806","-0.0001"
"","316.1090","0.4705","-0.0001"
"","316.2090","0.4603","-0.0001"
"","316.3090","0.4504","-0.0001"
"","316.4090","0.4407","-0.0001"
"","316.5090","0.4304","-0.0001"
"","316.6090","0.4202","-0.0001"
"","316.7090","0.4105","-0.0001"
"","316.8090","0.4006","-0.0001"
"","316.9090","0.3904","-0.0001"
"","317.0090","0.3803","-0.0001"
"","317.1090","0.3706","-0.0001"
"","317.2090","0.3604","-0.0001"
"","317.3090","0.3503","-0.0001"
"","317.4090","0.3404","-0.0001"
"","317.5090","0.3305","-0.0001"
"","317.6090","0.3204","-0.0001"
"","317.7090","0.3104","-0.0001"
"","317.8090","0.3006","-0.0001"
"","317.9090","0.2902","-0.0001"
"","318.0090","0.2804","-0.0001"
"","318.1090","0.2704","-0.0001"
"","318.2090","0.2606","-0.0001"
"","318.3090","0.2503","-0.0001"
"","318.4090","0.2403","-0.0001"
"","318.5090","0.2306","-0.0001"
"","318.6090","0.2205","-0.0001"
"","318.7090","0.2103","-0.0001"
"","318.8090","0.2004","-0.0001"
"","318.9090","0.1907","-0.0001"
"","319.0090","0.1804","-0.0001"
"","319.1090","0.1702","-0.0001"
"","319.2090","0.1604","-0.0001"
"","319.3090","0.1507","-0.0001"
"","319.4090","0.1405","-0.0001"
"","319.5090","0.1303","-0.0001"
"","319.6090","0.1205","-0.0001"
"","319.7090","0.1105","-0.0001"
"","319.8090","0.1004","-0.0001"
"","319.9090","0.0903","-0.0001"
"","320.0090","0.0805","-0.0001"
"","320.1090","0.0704","-0.0001"
"","320.2090","0.0604","-0.0001"
"","320.3090","0.0505","-0.0001"
"","320.4090","0.0403","-0.0001"
"","320.5090","0.0304","-0.0001"
"","320.6090","0.0203","-0.0001"
"","320.7090","0.0107","-0.0001"
"","320.8090","0.0005","-0.0001"
"","320.8150","0.0000","-0.0001"
"","320.8160","-0.0001","-0.0001"
"","320.8170","-0.0002","-0.0001"
"","320.9170","-0.0005","-0.0001"
"","321.0170","0.0069","-0.0001"
"","321.1170","0.0188","-0.0001"
"","321.2170","0.0294","-0.0001"
"","321.3170","0.0396","-0.0001"
"","321.4170","0.0496","-0.0001"
"","321.5170","0.0591","-0.0001"
"","321.6170","0.0694","-0.0001"
"","321.7170","0.0796","-0.0001"
"","321.8170","0.0895","-0.0001"
"","321.9170","0.0994","-0.0001"
"","322.0170","0.1095","-0.0001"
"","322.1170","0.1196","-0.0001"
"","322.2170","0.1294","-0.0001"
"","322.3170","0.1394","-0.0001"
"","322.4170","0.1495","-0.0001"
"","322.5170","0.1594","-0.0001"
"","322.6170","0.1695","-0.0001"
"","322.7170","0.1795","-0.0001"
"","322.8170","0.1895","-0.0001"
"","322.9170","0.1992","-0.0001"
"","323.0170","0.2096","-0.0001"
"","323.1170","0.2194","-0.0001"
"","323.2170","0.2294","-0.0001"
"","323.3170","0.2393","-0.0001"
"","323.4170","0.2496","-0.0001"
"","323.5170","0.2595","-0.0001"
"","323.6170","0.2694","-0.0001"
"","323.7170","0.2796","-0.0001"
"","323.8170","0.2895","-0.0001"
"","323.9170","0.2996","-0.0001"
"","324.0170","0.3091","-0.0001"
"","324.1170","0.3195","-0.0001"
"","324.2170","0.3295","-0.0001"
"","324.3170","0.3395","-0.0001"
"","324.4170","0.3494","-0.0001"
"","324.5170","0.3595","-0.0001"
"","324.6170","0.3696","-0.0001"
"","324.7170","0.3793","-0.0001"
"","324.8170","0.3895","-0.0001"
"","324.9170","0.3995","-0.0001"
"","325.0170","0.4095","-0.0001"
"","325.1170","0.4195","-0.0001"
"","325.2170","0.4295","-0.0001"
"","325.3170","0.4395","-0.0001"
"","325.4170","0.4492","-0.0001"
"","325.5170","0.4596","-0.0001"
"","325.6170","0.4695","-0.0001"
"","325.7170","0.4794","-0.0001"
"","325.8170","0.4893","-0.0001"
"","325.9170","0.4995","-0.0001"
"","326.0170","0.5096","-0.0001"
"","326.1170","0.5193","-0.0001"
"","326.2170","0.5294","-0.0001"
"","326.3170","0.5396","-0.0001"
"","326.4170","0.5496","-0.0001"
"","326.5170","0.5592","-0.0001"
"","326.6170","0.5694","-0.0001"
"","326.7170","0.5796","-0.0001"
"","326.8170","0.5895","-0.0001"
"","326.9170","0.5994","-0.0001"
"","327.0170","0.6095","-0.0001"
"","327.1170","0.6196","-0.0001"
"","327.2170","0.6293","0.0000"
"","327.3170","0.6394","0.0000"
"","327.4170","0.6495","-0.0001"
"","327.5170","0.6594","-0.0001"
"","327.6170","0.6694","-0.0001"
"","327.7170","0.6795","0.0000"
"","327.8170","0.6895","0.0000"
"","327.9170","0.6992","0.0000"
"","328.0170","0.7096","0.0000"
"","328.1170","0.7195","0.0000"
"","328.2170","0.7294","0.0000"
"","328.3170","0.7393","0.0000"
"","328.4170","0.7496","0.0000"
"","328.5170","0.7596","0.0000"
"","328.6170","0.7693","0.0000"
"","328.7170","0.7794","0.0000"
"","328.8170","0.7896","0.0000"
"","328.9170","0.7996","0.0000"
"","329.0170","0.8092","0.0000"
"","329.1170","0.8194","0.0000"
"","329.2170","0.8296","0.0000"
"","329.3170","0.8395","0.0000"
"","329.4170","0.8494","0.0000"
"","329.5170","0.8595","0.0000"
"","329.6170","0.8696","0.0000"
"","329.7170","0.8794","0.0000"
"","329.8170","0.8894","0.0000"
"","329.9170","0.8994","0.0000"
"","330.0170","0.9094","0.0000"
"","330.1170","0.9195","0.0000"
"","330.2170","0.9295","0.0000"
"","330.3170","0.9395","0.0000"
"","330.4170","0.9493","0.0000"
"","330.5170","0.9597","0.0000"
"","330.6170","0.9695","0.0000"
"","330.7170","0.9794","0.0000"
"","330.8170","0.9893","0.0000"
"","330.9170","0.9996","0.0000"
"","331.0170","1.0096","0.0000"
"","331.1170","1.0193","0.0000"
"","331.2170","1.0295","0.0000"
"","331.3170","1.0395","0.0000"
"","331.4170","1.0496","0.0000"
"","331.5170","1.0592","0.0000"
"","331.6170","1.0695","0.0000"
"","331.7170","1.0795","0.0000"
"","331.8170","1.0895","0.0000"
"","331.9170","1.0995","0.0000"
"","332.0170","1.1095","0.0000"
"","332.1170","1.1195","0.0000"
"","332.2170","1.1292","0.0000"
"","332.3170","1.1396","0.0000"
"","332.4170","1.1495","0.0000"
"","332.5170","1.1595","0.0000"
"","332.6170","1.1694","0.0000"
"","332.7170","1.1796","0.0000"
"","332.8170","1.1895","0.0000"
"","332.9170","1.1992","0.0000"
"","333.0170","1.2096","0.0000"
"","333.1170","1.2196","0.0000"
"","333.2170","1.2294","0.0000"
"","333.3170","1.2392","0.0000"
"","333.4170","1.2495","0.0000"
"","333.5170","1.2596","0.0000"
"","333.6170","1.2693","0.0000"
"","333.7170","1.2794","0.0000"
"","333.8170","1.2895","0.0000"
"","333.9170","1.2996","0.0000"
"","334.0170","1.3092","0.0000"
"","334.1170","1.3194","0.0000"
"","334.2170","1.3296","0.0000"
"","334.3170","1.3394","0.0000"
"","334.4170","1.3494","0.0001"
"","334.5170","1.3596","0.0000"
"","334.6170","1.3696","0.0000"
"","334.7170","1.3792","0.0001"
"","334.8170","1.3895","0.0001"
"","334.9170","1.3995","0.0001"
"","335.0170","1.4095","0.0001"
"","335.1170","1.4194","0.0001"
"","335.2170","1.4296","0.0001"
"","335.3170","1.4395","0.0001"
"","335.4170","1.4492","0.0001"
"","335.5170","1.4595","0.0001"
"","335.6170","1.4695","0.0001"
"","335.7170","1.4795","0.0001"
"","335.8170","1.4893","0.0001"
"","335.9170","1.4996","0.0001"
"","336.0170","1.5096","0.0001"
"","336.1170","1.5193","0.0001"
"","336.2170","1.5295","0.0002"
"","336.3170","1.5395","0.0002"
"","336.4170","1.5496","0.0002"
"","336.5170","1.5592","0.0002"
"","336.6170","1.5693","0.0002"
"","336.7170","1.5795","0.0002"
"","336.8170","1.5895","0.0002"
"","336.9170","1.5995","0.0002"
"","337.0170","1.6095","0.0002"
"","337.1170","1.6196","0.0002"
"","337.2170","1.6293","0.0002"
"","337.3170","1.6395","0.0002"
"","337.4170","1.6494","0.0002"
"","337.5170","1.6594","0.0003"
"","337.6170","1.6694","0.0003"
"","337.7170","1.6795","0.0003"
"","337.8170","1.6895","0.0003"
"","337.9170","1.6992","0.0003"
"","338.0170","1.7097","0.0003"
"","338.1170","1.7195","0.0003"
"","338.2170","1.7294","0.0003"
"","338.3170","1.7392","0.0003"
"","338.4170","1.7496","0.0004"
"","338.5170","1.7596","0.0004"
"","338.6170","1.7693","0.0004"
"","338.7170","1.7795","0.0004"
"","338.8170","1.7895","0.0005"
"","338.9170","1.7997","0.0005"
"","339.0170","1.8091","0.0005"
"","339.1170","1.8195","0.0005"
"","339.2170","1.8295","0.0005"
"","339.3170","1.8395","0.0006"
"","339.4170","1.8494","0.0006"
"","339.5170","1.8595","0.0006"
"","339.6170","1.8695","0.0006"
"","339.7170","1.8793","0.0006"
"","339.8170","1.8895","0.0007"
"","339.9170","1.8995","0.0007"
"","340.0170","1.9095","0.0007"
"","340.1170","1.9195","0.0007"
"","340.2170","1.9296","0.0007"
"","340.3170","1.9395","0.0008"
"","340.4170","1.9492","0.0008"
"","340.5170","1.9596","0.0008"
"","340.6170","1.9696","0.0008"
"","340.7170","1.9794","0.0009"
"","340.8170","1.9893","0.0009"
"","340.9170","1.9995","0.0009"
"","341.0170","2.0096","0.0009"
"","341.1170","2.0193","0.0010"
"","341.2170","2.0294","0.0010"
"","341.3170","2.0395","0.0010"
"","341.4170","2.0496","0.0011"
"","341.5170","2.0592","0.0011"
"","341.6170","2.0694","0.0012"
"","341.7170","2.0796","0.0012"
"","341.8170","2.0896","0.0012"
"","341.9170","2.0994","0.0013"
"","342.0170","2.1095","0.0013"
"","342.1170","2.1195","0.0013"
"","342.2170","2.1293","0.0014"
"","342.3170","2.1395","0.0014"
"","342.4170","2.1495","0.0014"
"","342.5170","2.1594","0.0015"
"","342.6170","2.1695","0.0015"
"","342.7170","2.1796","0.0015"
"","342.8170","2.1894","0.0016"
"","342.9170","2.1992","0.0016"
"","343.0170","2.2096","0.0016"
"","343.1170","2.2195","0.0017"
"","343.2170","2.2295","0.0017"
"","343.3170","2.2392","0.0018"
"","343.4170","2.2495","0.0018"
"","343.5170","2.2596","0.0018"
"","343.6170","2.2693","0.0019"
"","343.7170","2.2795","0.0019"
"","343.8170","2.2895","0.0020"
"","343.9170","2.2996","0.0020"
"","344.0170","2.3092","0.0020"
"","344.1170","2.3193","0.0021"
"","344.2170","2.3295","0.0021"
"","344.3170","2.3396","0.0022"
"","344.4170","2.3494","0.0022"
"","344.5170","2.3595","0.0023"
"","344.6170","2.3695","0.0023"
"","344.7170","2.3794","0.0024"
"","344.8170","2.3894","0.0024"
"","344.9170","2.3994","0.0025"
"","345.0170","2.4093","0.0026"
"","345.1170","2.4195","0.0026"
"","345.2170","2.4295","0.0027"
"","345.3170","2.4395","0.0027"
"","345.4170","2.4492","0.0028"
"","345.5170","2.4596","0.0029"
"","345.6170","2.4696","0.0030"
"","345.7170","2.4794","0.0030"
"","345.8170","2.4893","0.0031"
"","345.9170","2.4995","0.0032"
"","346.0170","2.5096","0.0033"
"","346.1170","2.5193","0.0033"
"","346.2170","2.5296","0.0034"
"","346.3170","2.5395","0.0035"
"","346.4170","2.5497","0.0036"
"","346.5170","2.5591","0.0037"
"","346.6170","2.5695","0.0038"
"","346.7170","2.5795","0.0040"
"","346.8170","2.5896","0.0041"
"","346.9170","2.5994","0.0042"
"","347.0170","2.6095","0.0043"
"","347.1170","2.6195","0.0045"
"","347.2170","2.6293","0.0046"
"","347.3170","2.6395","0.0047"
"","347.4170","2.6495","0.0049"
"","347.5170","2.6595","0.0050"
"","347.6170","2.6695","0.0052"
"","347.7170","2.6795","0.0054"
"","347.8170","2.6895","0.0055"
"","347.9170","2.6992","0.0057"
"","348.0170","2.7096","0.0059"
"","348.1170","2.7196","0.0061"
"","348.2170","2.7294","0.0063"
"","348.3170","2.7393","0.0065"
"","348.4170","2.7495","0.0067"
"","348.5170","2.7596","0.0070"
"","348.6170","2.7693","0.0072"
"","348.7170","2.7794","0.0074"
"","348.8170","2.7895","0.0077"
"","348.9170","2.7996","0.0079"
"","349.0170","2.8092","0.0082"
"","349.1170","2.8195","0.0085"
"","349.2170","2.8296","0.0087"
"","349.3170","2.8396","0.0090"
"","349.4170","2.8494","0.0093"
"","349.5170","2.8595","0.0096"
"","349.6170","2.8696","0.0099"
"","349.7170","2.8793","0.0102"
"","349.8170","2.8894","0.0104"
"","349.9170","2.8994","0.0108"
"","350.0170","2.9094","0.0111"
"","350.1170","2.9194","0.0115"
"","350.2170","2.9296","0.0118"
"","350.3170","2.9395","0.0122"
"","350.4170","2.9492","0.0126"
"","350.5170","2.9596","0.0130"
"","350.6170","2.9695","0.0134"
"","350.7170","2.9794","0.0139"
"","350.8170","2.9892","0.0143"
"","350.9170","2.9996","0.0147"
"","351.0170","3.0096","0.0152"
"","351.1170","3.0193","0.0157"
"","351.2170","3.0294","0.0161"
"","351.3170","3.0395","0.0166"
"","351.4170","3.0496","0.0172"
"","351.5170","3.0592","0.0176"
"","351.6170","3.0693","0.0182"
"","351.7170","3.0795","0.0187"
"","351.8170","3.0895","0.0193"
"","351.9170","3.0994","0.0199"
"","352.0170","3.1095","0.0205"
"","352.1170","3.1196","0.0211"
"","352.2170","3.1294","0.0217"
"","352.3170","3.1394","0.0223"
"","352.4170","3.1494","0.0229"
"","352.5170","3.1594","0.0236"
"","352.6170","3.1695","0.0243"
"","352.7170","3.1795","0.0249"
"","352.8170","3.1895","0.0256"
"","352.9170","3.1993","0.0263"
"","353.0170","3.2096","0.0270"
"","353.1170","3.2195","0.0277"
"","353.2170","3.2295","0.0284"
"","353.3170","3.2393","0.0290"
"","353.4170","3.2495","0.0296"
"","353.5170","3.2595","0.0303"
"","353.6170","3.2694","0.0311"
"","353.7170","3.2796","0.0320"
"","353.8170","3.2895","0.0328"
"","353.9170","3.2996","0.0337"
"","354.0170","3.3091","0.0346"
"","354.1170","3.3195","0.0351"
"","354.2170","3.3295","0.0351"
"","354.3170","3.3394","0.0351"
"","354.4170","3.3494","0.0351"
"","354.5170","3.3595","0.0351"
"","354.6170","3.3696","0.0351"
"","354.7170","3.3793","0.0352"
"","354.8170","3.3895","0.0352"
"","354.9170","3.3995","0.0352"
"","355.0170","3.4095","0.0352"
"","355.1170","3.4194","0.0352"
"","355.2170","3.4295","0.0352"
"","355.3170","3.4395","0.0353"
"","355.4170","3.4493","0.0352"
"","355.5170","3.4596","0.0352"
"","355.6170","3.4695","0.0352"
"","355.7170","3.4795","0.0354"
"","355.8170","3.4893","0.0361"
"","355.9170","3.4995","0.0372"
"","356.0170","3.5095","0.0383"
"","356.1170","3.5194","0.0394"
"","356.2170","3.5295","0.0404"
"","356.3170","3.5396","0.0415"
"","356.4170","3.5495","0.0426"
"","356.5170","3.5592","0.0436"
"","356.6170","3.5695","0.0448"
"","356.7170","3.5796","0.0459"
"","356.8170","3.5895","0.0469"
"","356.9170","3.5994","0.0481"
"","357.0170","3.6096","0.0493"
"","357.1170","3.6196","0.0504"
"","357.2170","3.6292","0.0515"
"","357.3170","3.6394","0.0527"
"","357.4170","3.6495","0.0540"
"","357.5170","3.6595","0.0552"
"","357.6170","3.6694","0.0564"
"","357.7170","3.6795","0.0577"
"","357.8170","3.6895","0.0589"
"","357.9170","3.6992","0.0602"
"","358.0170","3.7096","0.0615"
"","358.1170","3.7195","0.0628"
"","358.2170","3.7295","0.0641"
"","358.3170","3.7392","0.0655"
"","358.4170","3.7495","0.0669"
"","358.5170","3.7596","0.0683"
"","358.6170","3.7693","0.0696"
"","358.7170","3.7794","0.0711"
"","358.8170","3.7895","0.0726"
"","358.9170","3.7996","0.0740"
"","359.0170","3.8092","0.0754"
"","359.1170","3.8193","0.0770"
"","359.2170","3.8295","0.0785"
"","359.3170","3.8395","0.0800"
"","359.4170","3.8494","0.0816"
"","359.5170","3.8595","0.0832"
"","359.6170","3.8695","0.0849"
"","359.7170","3.8794","0.0864"
"","359.8170","3.8894","0.0881"
"","359.9170","3.8994","0.0898"
"","360.0170","3.9094","0.0915"
"","360.1170","3.9195","0.0932"
"","360.2170","3.9295","0.0949"
"","360.3170","3.9394","0.0967"
"","360.4170","3.9492","0.0984"
"","360.5170","3.9597","0.1003"
"","360.6170","3.9695","0.1020"
"","360.7170","3.9794","0.1038"
"","360.8170","3.9892","0.1056"
"","360.9170","3.9996","0.1074"
"","360.9220","4.0001","0.1075"
"","360.9230","4.0002","0.1076"
"","360.9240","4.0003","0.1076"
"","361.0240","4.0005","0.1070"
"","361.1240","3.9928","0.1044"
"","361.2240","3.9811","0.1008"
"","361.3240","3.9707","0.0978"
"","361.4240","3.9603","0.0949"
"","361.5240","3.9504","0.0922"
"","361.6240","3.9408","0.0897"
"","361.7240","3.9305","0.0871"
"","361.8240","3.9204","0.0846"
"","361.9240","3.9105","0.0822"
"","362.0240","3.9007","0.0799"
"","362.1240","3.8906","0.0776"
"","362.2240","3.8803","0.0753"
"","362.3240","3.8706","0.0732"
"","362.4240","3.8606","0.0711"
"","362.5240","3.8504","0.0690"
"","362.6240","3.8403","0.0669"
"","362.7240","3.8306","0.0651"
"","362.8240","3.8205","0.0631"
"","362.9240","3.8105","0.0612"
"","363.0240","3.8006","0.0595"
"","363.1240","3.7904","0.0577"
"","363.2240","3.7805","0.0559"
"","363.3240","3.7704","0.0542"
"","363.4240","3.7606","0.0526"
"","363.5240","3.7503","0.0510"
"","363.6240","3.7404","0.0495"
"","363.7240","3.7307","0.0480"
"","363.8240","3.7206","0.0465"
"","363.9240","3.7104","0.0450"
"","364.0240","3.7004","0.0436"
"","364.1240","3.6907","0.0423"
"","364.2240","3.6805","0.0409"
"","364.3240","3.6703","0.0398"
"","364.4240","3.6605","0.0386"
"","364.5240","3.6507","0.0374"
"","364.6240","3.6405","0.0361"
"","364.7240","3.6303","0.0349"
"","364.8240","3.6205","0.0338"
"","364.9240","3.6105","0.0328"
"","365.0240","3.6005","0.0325"
"","365.1240","3.5904","0.0325"
"","365.2240","3.5806","0.0324"
"","365.3240","3.5704","0.0324"
"","365.4240","3.5604","0.0323"
"","365.5240","3.5506","0.0323"
"","365.6240","3.5403","0.0322"
"","365.7240","3.5305","0.0322"
"","365.8240","3.5204","0.0321"
"","365.9240","3.5106","0.0321"
"","366.0240","3.5003","0.0321"
"","366.1240","3.4904","0.0321"
"","366.2240","3.4806","0.0321"
"","366.3240","3.4705","0.0321"
"","366.4240","3.4603","0.0321"
"","366.5240","3.4504","0.0321"
"","366.6240","3.4406","0.0317"
"","366.7240","3.4304","0.0307"
"","366.8240","3.4203","0.0295"
"","366.9240","3.4105","0.0284"
"","367.0240","3.4006","0.0274"
"","367.1240","3.3904","0.0263"
"","367.2240","3.3804","0.0253"
"","367.3240","3.3706","0.0244"
"","367.4240","3.3604","0.0235"
"","367.5240","3.3503","0.0226"
"","367.6240","3.3404","0.0218"
"","367.7240","3.3306","0.0211"
"","367.8240","3.3205","0.0204"
"","367.9240","3.3104","0.0196"
"","368.0240","3.3006","0.0190"
"","368.1240","3.2903","0.0183"
"","368.2240","3.2804","0.0177"
"","368.3240","3.2704","0.0171"
"","368.4240","3.2606","0.0165"
"","368.5240","3.2503","0.0160"
"","368.6240","3.2404","0.0154"
"","368.7240","3.2306","0.0150"
"","368.8240","3.2206","0.0144"
"","368.9240","3.2103","0.0140"
"","369.0240","3.2004","0.0135"
"","369.1240","3.1907","0.0131"
"","369.2240","3.1804","0.0127"
"","369.3240","3.1703","0.0123"
"","369.4240","3.1604","0.0119"
"","369.5240","3.1507","0.0115"
"","369.6240","3.1405","0.0111"
"","369.7240","3.1304","0.0108"
"","369.8240","3.1205","0.0104"
"","369.9240","3.1105","0.0101"
"","370.0240","3.1004","0.0097"
"","370.1240","3.0904","0.0094"
"","370.2240","3.0806","0.0091"
"","370.3240","3.0705","0.0088"
"","370.4240","3.0604","0.0085"
"","370.5240","3.0506","0.0081"
"","370.6240","3.0403","0.0079"
"","370.7240","3.0304","0.0076"
"","370.8240","3.0204","0.0073"
"","370.9240","3.0106","0.0070"
"","371.0240","3.0003","0.0068"
"","371.1240","2.9904","0.0065"
"","371.2240","2.9806","0.0063"
"","371.3240","2.9706","0.0061"
"","371.4240","2.9604","0.0058"
"","371.5240","2.9503","0.0056"
"","371.6240","2.9407","0.0054"
"","371.7240","2.9304","0.0052"
"","371.8240","2.9203","0.0051"
"","371.9240","2.9104","0.0049"
"","372.0240","2.9007","0.0047"
"","372.1240","2.8905","0.0045"
"","372.2240","2.8804","0.0044"
"","372.3240","2.8705","0.0042"
"","372.4240","2.8605","0.0041"
"","372.5240","2.8505","0.0040"
"","372.6240","2.8404","0.0038"
"","372.7240","2.8305","0.0037"
"","372.8240","2.8204","0.0036"
"","372.9240","2.8104","0.0035"
"","373.0240","2.8006","0.0033"
"","373.1240","2.7903","0.0032"
"","373.2240","2.7805","0.0032"
"","373.3240","2.7705","0.0031"
"","373.4240","2.7607","0.0030"
"","373.5240","2.7502","0.0029"
"","373.6240","2.7405","0.0028"
"","373.7240","2.7306","0.0028"
"","373.8240","2.7205","0.0027"
"","373.9240","2.7103","0.0026"
"","374.0240","2.7004","0.0026"
"","374.1240","2.6907","0.0025"
"","374.2240","2.6804","0.0025"
"","374.3240","2.6703","0.0024"
"","374.4240","2.6604","0.0024"
"","374.5240","2.6507","0.0023"
"","374.6240","2.6405","0.0023"
"","374.7240","2.6303","0.0022"
"","374.8240","2.6206","0.0022"
"","374.9240","2.6105","0.0021"
"","375.0240","2.6004","0.0021"
"","375.1240","2.5904","0.0020"
"","375.2240","2.5805","0.0020"
"","375.3240","2.5705","0.0019"
"","375.4240","2.5604","0.0019"
"","375.5240","2.5507","0.0018"
"","375.6240","2.5402","0.0018"
"","375.7240","2.5303","0.0018"
"","375.8240","2.5204","0.0017"
"","375.9240","2.5107","0.0017"
"","376.0240","2.5003","0.0016"
"","376.1240","2.4904","0.0016"
"","376.2240","2.4807","0.0016"
"","376.3240","2.4706","0.0015"
"","376.4240","2.4603","0.0015"
"","376.5240","2.4504","0.0014"
"","376.6240","2.4407","0.0014"
"","376.7240","2.4304","0.0014"
"","376.8240","2.4202","0.0013"
"","376.9240","2.4104","0.0013"
"","377.0240","2.4007","0.0013"
"","377.1240","2.3905","0.0012"
"","377.2240","2.3803","0.0012"
"","377.3240","2.3705","0.0012"
"","377.4240","2.3605","0.0011"
"","377.5240","2.3504","0.0011"
"","377.6240","2.3404","0.0011"
"","377.7240","2.3305","0.0010"
"","377.8240","2.3205","0.0010"
"","377.9240","2.3104","0.0010"
"","378.0240","2.3006","0.0009"
"","378.1240","2.2903","0.0009"
"","378.2240","2.2804","0.0009"
"","378.3240","2.2704","0.0008"
"","378.4240","2.2606","0.0008"
"","378.5240","2.2503","0.0008"
"","378.6240","2.2404","0.0008"
"","378.7240","2.2306","0.0007"
"","378.8240","2.2206","0.0007"
"","378.9240","2.2104","0.0007"
"","379.0240","2.2003","0.0007"
"","379.1240","2.1907","0.0006"
"","379.2240","2.1804","0.0006"
"","379.3240","2.1703","0.0006"
"","379.4240","2.1604","0.0006"
"","379.5240","2.1507","0.0006"
"","379.6240","2.1405","0.0005"
"","379.7240","2.1303","0.0005"
"","379.8240","2.1205","0.0005"
"","379.9240","2.1105","0.0005"
"","380.0240","2.1004","0.0005"
"","380.1240","2.0904","0.0005"
"","380.2240","2.0805","0.0004"
"","380.3240","2.0704","0.0004"
"","380.4240","2.0604","0.0004"
"","380.5240","2.0506","0.0004"
"","380.6240","2.0403","0.0004"
"","380.7240","2.0305","0.0003"
"","380.8240","2.0205","0.0003"
"","380.9240","2.0107","0.0003"
"","381.0240","2.0003","0.0003"
"","381.1240","1.9905","0.0003"
"","381.2240","1.9806","0.0003"
"","381.3240","1.9705","0.0003"
"","381.4240","1.9603","0.0002"
"","381.5240","1.9504","0.0002"
"","381.6240","1.9407","0.0002"
"","381.7240","1.9304","0.0002"
"","381.8240","1.9203","0.0002"
"","381.9240","1.9104","0.0002"
"","382.0240","1.9007","0.0002"
"","382.1240","1.8904","0.0002"
"","382.2240","1.8803","0.0002"
"","382.3240","1.8705","0.0002"
"","382.4240","1.8605","0.0002"
"","382.5240","1.8504","0.0002"
"","382.6240","1.8404","0.0002"
"","382.7240","1.8305","0.0001"
"","382.8240","1.8205","0.0001"
"","382.9240","1.8104","0.0001"
"","383.0240","1.8007","0.0001"
"","383.1240","1.7902","0.0001"
"","383.2240","1.7804","0.0001"
"","383.3240","1.7705","0.0001"
"","383.4240","1.7607","0.0001"
"","383.5240","1.7503","0.0001"
"","383.6240","1.7403","0.0001"
"","383.7240","1.7307","0.0001"
"","383.8240","1.7206","0.0001"
"","383.9240","1.7103","0.0001"
"","384.0240","1.7003","0.0001"
"","384.1240","1.6907","0.0001"
"","384.2240","1.6804","0.0001"
"","384.3240","1.6703","0.0000"
"","384.4240","1.6604","0.0001"
"","384.5240","1.6507","0.0000"
"","384.6240","1.6405","0.0000"
"","384.7240","1.6304","0.0000"
"","384.8240","1.6206","0.0000"
"","384.9240","1.6105","0.0000"
"","385.0240","1.6003","0.0000"
"","385.1240","1.5904","0.0000"
"","385.2240","1.5806","0.0000"
"","385.3240","1.5704","0.0000"
"","385.4240","1.5604","0.0000"
"","385.5240","1.5506","0.0000"
"","385.6240","1.5404","0.0000"
"","385.7240","1.5303","0.0000"
"","385.8240","1.5204","0.0000"
"","385.9240","1.5106","0.0000"
"","386.0240","1.5004","0.0000"
"","386.1240","1.4903","0.0000"
"","386.2240","1.4805","0.0000"
"","386.3240","1.4705","0.0000"
"","386.4240","1.4604","0.0000"
"","386.5240","1.4503","0.0000"
"","386.6240","1.4407","0.0000"
"","386.7240","1.4304","0.0000"
"","386.8240","1.4204","0.0000"
"","386.9240","1.4104","0.0000"
"","387.0240","1.4006","0.0000"
"","387.1240","1.3905","0.0000"
"","387.2240","1.3803","0.0000"
"","387.3240","1.3706","-0.0001"
"","387.4240","1.3604","0.0000"
"","387.5240","1.3504","0.0000"
"","387.6240","1.3404","0.0000"
"","387.7240","1.3306","0.0000"
"","387.8240","1.3204","0.0000"
"","387.9240","1.3104","0.0000"
"","388.0240","1.3006","-0.0001"
"","388.1240","1.2904","0.0000"
"","388.2240","1.2804","0.0000"
"","388.3240","1.2705","0.0000"
"","388.4240","1.2607","0.0000"
"","388.5240","1.2503","0.0000"
"","388.6240","1.2404","-0.0001"
"","388.7240","1.2306","0.0000"
"","388.8240","1.2205","0.0000"
"","388.9240","1.2103","-0.0001"
"","389.0240","1.2004","0.0000"
"","389.1240","1.1907","0.0000"
"","389.2240","1.1804","0.0000"
"","389.3240","1.1703","0.0000"
"","389.4240","1.1605","0.0000"
"","389.5240","1.1507","-0.0001"
"","389.6240","1.1404","0.0000"
"","389.7240","1.1303","-0.0001"
"","389.8240","1.1206","-0.0001"
"","389.9240","1.1105","0.0000"
"","390.0240","1.1004","-0.0001"
"","390.1240","1.0904","0.0000"
"","390.2240","1.0805","0.0000"
"","390.3240","1.0705","0.0000"
"","390.4240","1.0604","-0.0001"
"","390.5240","1.0506","-0.0001"
"","390.6240","1.0402","-0.0001"
"","390.7240","1.0304","-0.0001"
"","390.8240","1.0205","-0.0001"
"","390.9240","1.0107","-0.0001"
"","391.0240","1.0003","-0.0001"
"","391.1240","0.9904","-0.0001"
"","391.2240","0.9806","0.0000"
"","391.3240","0.9705","-0.0001"
"","391.4240","0.9603","-0.0001"
"","391.5240","0.9503","0.0000"
"","391.6240","0.9407","-0.0001"
"","391.7240","0.9304","-0.0001"
"","391.8240","0.9203","-0.0001"
"","391.9240","0.9104","-0.0001"
"","392.0240","0.9007","-0.0001"
"","392.1240","0.8905","-0.0001"
"","392.2240","0.8803","-0.0001"
"","392.3240","0.8705","-0.0001"
"","392.4240","0.8605","-0.0001"
"","392.5240","0.8504","-0.0001"
"","392.6240","0.8404","-0.0001"
"","392.7240","0.8306","-0.0001"
"","392.8240","0.8205","-0.0001"
"","392.9240","0.8104","-0.0001"
"","393.0240","0.8006","-0.0001"
"","393.1240","0.7903","-0.0001"
"","393.2240","0.7805","-0.0001"
"","393.3240","0.7704","-0.0001"
"","393.4240","0.7606","-0.0001"
"","393.5240","0.7503","-0.0001"
"","393.6240","0.7404","-0.0001"
"","393.7240","0.7306","-0.0001"
"","393.8240","0.7205","-0.0001"
"","393.9240","0.7104","-0.0001"
"","394.0240","0.7004","-0.0001"
"","394.1240","0.6908","-0.0001"
"","394.2240","0.6804","-0.0001"
"","394.3240","0.6703","-0.0001"
"","394.4240","0.6604","-0.0001"
"","394.5240","0.6507","-0.0001"
"","394.6240","0.6405","-0.0001"
"","394.7240","0.6303","-0.0001"
"","394.8240","0.6206","-0.0001"
"","394.9240","0.6105","-0.0001"
"","395.0240","0.6005","-0.0001"
"","395.1240","0.5904","-0.0001"
"","395.2240","0.5806","-0.0001"
"","395.3240","0.5704","-0.0001"
"","395.4240","0.5604","-0.0001"
"","395.5240","0.5506","-0.0001"
"","395.6240","0.5403","-0.0001"
"","395.7240","0.5305","-0.0001"
"","395.8240","0.5204","-0.0001"
"","395.9240","0.5106","-0.0001"
"","396.0240","0.5002","-0.0001"
"","396.1240","0.4905","-0.0001"
"","396.2240","0.4806","-0.0001"
"","396.3240","0.4705","-0.0001"
"","396.4240","0.4603","-0.0001"
"","396.5240","0.4504","-0.0001"
"","396.6240","0.4407","-0.0001"
"","396.7240","0.4304","-0.0001"
"","396.8240","0.4203","-0.0001"
"","396.9240","0.4105","-0.0001"
"","397.0240","0.4007","-0.0001"
"","397.1240","0.3904","-0.0001"
"","397.2240","0.3803","-0.0001"
"","397.3240","0.3706","-0.0001"
"","397.4240","0.3605","-0.0001"
"","397.5240","0.3503","-0.0001"
"","397.6240","0.3404","-0.0001"
"","397.7240","0.3306","-0.0001"
"","397.8240","0.3204","-0.0001"
"","397.9240","0.3104","-0.0001"
"","398.0240","0.3006","-0.0001"
"","398.1240","0.2903","-0.0001"
"","398.2240","0.2804","-0.0001"
"","398.3240","0.2704","-0.0001"
"","398.4240","0.2607","-0.0001"
"","398.5240","0.2503","-0.0001"
"","398.6240","0.2403","-0.0001"
"","398.7240","0.2306","-0.0001"
"","398.8240","0.2205","-0.0001"
"","398.9240","0.2103","-0.0001"
"","399.0240","0.2004","-0.0001"
"","399.1240","0.1907","-0.0001"
"","399.2240","0.1804","-0.0001"
"","399.3240","0.1703","-0.0001"
"","399.4240","0.1604","-0.0001"
"","399.5240","0.1507","-0.0001"
"","399.6240","0.1405","-0.0001"
"","399.7240","0.1303","-0.0001"
"","399.8240","0.1205","-0.0001"
"","399.9240","0.1105","-0.0001"
"","400.0240","0.1004","-0.0001"
"","400.1240","0.0904","-0.0001"
"","400.2240","0.0805","-0.0001"
"","400.3240","0.0705","-0.0001"
"","400.4240","0.0604","-0.0001"
"","400.5240","0.0505","-0.0001"
"","400.6240","0.0403","-0.0001"
"","400.7240","0.0304","-0.0001"
"","400.8240","0.0204","-0.0001"
"","400.9240","0.0107","-0.0001"
"","401.0240","0.0005","-0.0001"
"","401.0300","0.0000","-0.0001"

