1,Time,Displacement,Force
,(s),(mm),(kN)
"","0.0000","0.0000","0.0000"
"","0.1000","0.0038","0.0000"
"","0.2000","0.0125","0.0000"
"","0.3000","0.0243","0.0000"
"","0.4000","0.0342","0.0000"
"","0.5000","0.0445","0.0000"
"","0.6000","0.0546","0.0000"
"","0.7000","0.0644","0.0000"
"","0.8000","0.0746","0.0000"
"","0.9000","0.0845","0.0000"
"","1.0000","0.0945","0.0000"
"","1.1000","0.1042","0.0000"
"","1.2000","0.1146","0.0000"
"","1.3000","0.1244","0.0000"
"","1.4000","0.1344","0.0001"
"","1.5000","0.1444","0.0000"
"","1.6000","0.1547","0.0000"
"","1.7000","0.1645","0.0001"
"","1.8000","0.1742","0.0001"
"","1.9000","0.1845","0.0001"
"","2.0000","0.1945","0.0000"
"","2.1000","0.2044","0.0001"
"","2.2000","0.2143","0.0001"
"","2.3000","0.2245","0.0001"
"","2.4000","0.2346","0.0001"
"","2.5000","0.2443","0.0001"
"","2.6000","0.2545","0.0001"
"","2.7000","0.2645","0.0000"
"","2.8000","0.2746","0.0000"
"","2.9000","0.2843","0.0001"
"","3.0000","0.2944","0.0000"
"","3.1000","0.3045","0.0001"
"","3.2000","0.3144","0.0001"
"","3.3000","0.3246","0.0001"
"","3.4000","0.3344","0.0001"
"","3.5000","0.3445","0.0001"
"","3.6000","0.3543","0.0001"
"","3.7000","0.3646","0.0001"
"","3.8000","0.3745","0.0001"
"","3.9000","0.3844","0.0001"
"","4.0000","0.3944","0.0001"
"","4.1000","0.4046","0.0001"
"","4.2000","0.4145","0.0001"
"","4.3000","0.4242","0.0001"
"","4.4000","0.4346","0.0001"
"","4.5000","0.4445","0.0001"
"","4.6000","0.4545","0.0001"
"","4.7000","0.4643","0.0001"
"","4.8000","0.4745","0.0001"
"","4.9000","0.4846","0.0001"
"","5.0000","0.4943","0.0001"
"","5.1000","0.5045","0.0002"
"","5.2000","0.5145","0.0002"
"","5.3000","0.5246","0.0001"
"","5.4000","0.5343","0.0002"
"","5.5000","0.5446","0.0002"
"","5.6000","0.5545","0.0002"
"","5.7000","0.5644","0.0002"
"","5.8000","0.5745","0.0002"
"","5.9000","0.5845","0.0000"
"","6.0000","0.5945","0.0002"
"","6.1000","0.6042","0.0001"
"","6.2000","0.6146","0.0003"
"","6.3000","0.6245","0.0003"
"","6.4000","0.6344","0.0001"
"","6.5000","0.6444","0.0002"
"","6.6000","0.6546","0.0001"
"","6.7000","0.6645","0.0002"
"","6.8000","0.6742","0.0002"
"","6.9000","0.6845","0.0002"
"","7.0000","0.6946","0.0003"
"","7.1000","0.7045","0.0003"
"","7.2000","0.7143","0.0002"
"","7.3000","0.7245","0.0002"
"","7.4000","0.7346","0.0002"
"","7.5000","0.7444","0.0002"
"","7.6000","0.7544","0.0003"
"","7.7000","0.7645","0.0003"
"","7.8000","0.7745","0.0002"
"","7.9000","0.7843","0.0002"
"","8.0000","0.7944","0.0002"
"","8.1000","0.8045","0.0002"
"","8.2000","0.8144","0.0003"
"","8.3000","0.8246","0.0003"
"","8.4000","0.8345","0.0003"
"","8.5000","0.8446","0.0003"
"","8.6000","0.8542","0.0003"
"","8.7000","0.8646","0.0003"
"","8.8000","0.8744","0.0003"
"","8.9000","0.8844","0.0003"
"","9.0000","0.8944","0.0003"
"","9.1000","0.9047","0.0003"
"","9.2000","0.9146","0.0003"
"","9.3000","0.9242","0.0003"
"","9.4000","0.9345","0.0003"
"","9.5000","0.9446","0.0003"
"","9.6000","0.9545","0.0003"
"","9.7000","0.9643","0.0003"
"","9.8000","0.9745","0.0003"
"","9.9000","0.9846","0.0003"
"","10.0000","0.9944","0.0003"
"","10.1000","1.0044","0.0003"
"","10.2000","1.0145","0.0003"
"","10.3000","1.0245","0.0004"
"","10.4000","1.0344","0.0004"
"","10.5000","1.0444","0.0004"
"","10.6000","1.0545","0.0004"
"","10.7000","1.0644","0.0004"
"","10.8000","1.0746","0.0004"
"","10.9000","1.0845","0.0004"
"","11.0000","1.0945","0.0004"
"","11.1000","1.1042","0.0004"
"","11.2000","1.1146","0.0004"
"","11.3000","1.1245","0.0004"
"","11.4000","1.1344","0.0004"
"","11.5000","1.1444","0.0004"
"","11.6000","1.1546","0.0004"
"","11.7000","1.1645","0.0004"
"","11.8000","1.1742","0.0004"
"","11.9000","1.1845","0.0005"
"","12.0000","1.1945","0.0005"
"","12.1000","1.2046","0.0005"
"","12.2000","1.2143","0.0005"
"","12.3000","1.2245","0.0005"
"","12.4000","1.2346","0.0005"
"","12.5000","1.2444","0.0005"
"","12.6000","1.2545","0.0005"
"","12.7000","1.2645","0.0006"
"","12.8000","1.2745","0.0006"
"","12.9000","1.2843","0.0006"
"","13.0000","1.2946","0.0006"
"","13.1000","1.3044","0.0006"
"","13.2000","1.3144","0.0006"
"","13.3000","1.3245","0.0006"
"","13.4000","1.3346","0.0006"
"","13.5000","1.3445","0.0007"
"","13.6000","1.3542","0.0007"
"","13.7000","1.3645","0.0007"
"","13.8000","1.3746","0.0007"
"","13.9000","1.3844","0.0007"
"","14.0000","1.3943","0.0007"
"","14.1000","1.4046","0.0007"
"","14.2000","1.4146","0.0008"
"","14.3000","1.4241","0.0008"
"","14.4000","1.4344","0.0008"
"","14.5000","1.4446","0.0008"
"","14.6000","1.4545","0.0008"
"","14.7000","1.4643","0.0009"
"","14.8000","1.4745","0.0009"
"","14.9000","1.4846","0.0009"
"","15.0000","1.4943","0.0009"
"","15.1000","1.5044","0.0009"
"","15.2000","1.5145","0.0009"
"","15.3000","1.5245","0.0010"
"","15.4000","1.5342","0.0010"
"","15.5000","1.5445","0.0010"
"","15.6000","1.5545","0.0010"
"","15.7000","1.5644","0.0011"
"","15.8000","1.5745","0.0011"
"","15.9000","1.5845","0.0011"
"","16.0000","1.5945","0.0012"
"","16.1000","1.6042","0.0012"
"","16.2000","1.6145","0.0012"
"","16.3000","1.6245","0.0013"
"","16.4000","1.6344","0.0013"
"","16.5000","1.6444","0.0014"
"","16.6000","1.6546","0.0014"
"","16.7000","1.6646","0.0015"
"","16.8000","1.6742","0.0015"
"","16.9000","1.6845","0.0016"
"","17.0000","1.6945","0.0016"
"","17.1000","1.7046","0.0017"
"","17.2000","1.7143","0.0017"
"","17.3000","1.7244","0.0018"
"","17.4000","1.7346","0.0019"
"","17.5000","1.7444","0.0019"
"","17.6000","1.7544","0.0020"
"","17.7000","1.7645","0.0020"
"","17.8000","1.7745","0.0021"
"","17.9000","1.7844","0.0022"
"","18.0000","1.7944","0.0022"
"","18.1000","1.8044","0.0023"
"","18.2000","1.8143","0.0024"
"","18.3000","1.8246","0.0024"
"","18.4000","1.8345","0.0025"
"","18.5000","1.8444","0.0026"
"","18.6000","1.8542","0.0027"
"","18.7000","1.8646","0.0027"
"","18.8000","1.8745","0.0028"
"","18.9000","1.8843","0.0029"
"","19.0000","1.8944","0.0030"
"","19.1000","1.9046","0.0031"
"","19.2000","1.9146","0.0032"
"","19.3000","1.9242","0.0033"
"","19.4000","1.9345","0.0034"
"","19.5000","1.9445","0.0035"
"","19.6000","1.9545","0.0036"
"","19.7000","1.9643","0.0037"
"","19.8000","1.9745","0.0038"
"","19.9000","1.9846","0.0039"
"","20.0000","1.9944","0.0041"
"","20.1000","2.0045","0.0042"
"","20.2000","2.0145","0.0043"
"","20.3000","2.0245","0.0045"
"","20.4000","2.0344","0.0046"
"","20.5000","2.0445","0.0047"
"","20.6000","2.0545","0.0049"
"","20.7000","2.0644","0.0050"
"","20.8000","2.0746","0.0052"
"","20.9000","2.0845","0.0054"
"","21.0000","2.0944","0.0055"
"","21.1000","2.1042","0.0057"
"","21.2000","2.1146","0.0059"
"","21.3000","2.1245","0.0061"
"","21.4000","2.1344","0.0063"
"","21.5000","2.1444","0.0065"
"","21.6000","2.1546","0.0067"
"","21.7000","2.1645","0.0068"
"","21.8000","2.1741","0.0071"
"","21.9000","2.1844","0.0073"
"","22.0000","2.1946","0.0075"
"","22.1000","2.2044","0.0077"
"","22.2000","2.2143","0.0079"
"","22.3000","2.2246","0.0082"
"","22.4000","2.2346","0.0084"
"","22.5000","2.2444","0.0086"
"","22.6000","2.2544","0.0089"
"","22.7000","2.2645","0.0091"
"","22.8000","2.2745","0.0094"
"","22.9000","2.2843","0.0096"
"","23.0000","2.2944","0.0099"
"","23.1000","2.3045","0.0102"
"","23.2000","2.3144","0.0104"
"","23.3000","2.3246","0.0107"
"","23.4000","2.3345","0.0110"
"","23.5000","2.3445","0.0113"
"","23.6000","2.3542","0.0116"
"","23.7000","2.3646","0.0119"
"","23.8000","2.3744","0.0122"
"","23.9000","2.3844","0.0125"
"","24.0000","2.3944","0.0128"
"","24.1000","2.4046","0.0132"
"","24.2000","2.4146","0.0135"
"","24.3000","2.4242","0.0138"
"","24.4000","2.4345","0.0142"
"","24.5000","2.4445","0.0145"
"","24.6000","2.4545","0.0149"
"","24.7000","2.4643","0.0152"
"","24.8000","2.4745","0.0156"
"","24.9000","2.4846","0.0160"
"","25.0000","2.4945","0.0164"
"","25.1000","2.5044","0.0167"
"","25.2000","2.5145","0.0171"
"","25.3000","2.5245","0.0175"
"","25.4000","2.5344","0.0179"
"","25.5000","2.5444","0.0183"
"","25.6000","2.5545","0.0187"
"","25.7000","2.5644","0.0191"
"","25.8000","2.5746","0.0196"
"","25.9000","2.5844","0.0199"
"","26.0000","2.5944","0.0204"
"","26.1000","2.6042","0.0208"
"","26.2000","2.6147","0.0213"
"","26.3000","2.6245","0.0218"
"","26.4000","2.6344","0.0222"
"","26.5000","2.6444","0.0226"
"","26.6000","2.6546","0.0231"
"","26.7000","2.6646","0.0236"
"","26.8000","2.6742","0.0239"
"","26.9000","2.6845","0.0245"
"","27.0000","2.6945","0.0250"
"","27.1000","2.7045","0.0254"
"","27.2000","2.7143","0.0259"
"","27.3000","2.7245","0.0264"
"","27.4000","2.7346","0.0269"
"","27.5000","2.7444","0.0273"
"","27.6000","2.7545","0.0279"
"","27.7000","2.7645","0.0283"
"","27.8000","2.7745","0.0289"
"","27.9000","2.7843","0.0294"
"","28.0000","2.7945","0.0299"
"","28.1000","2.8045","0.0304"
"","28.2000","2.8144","0.0309"
"","28.3000","2.8246","0.0315"
"","28.4000","2.8345","0.0320"
"","28.5000","2.8445","0.0325"
"","28.6000","2.8542","0.0330"
"","28.7000","2.8646","0.0336"
"","28.8000","2.8745","0.0339"
"","28.9000","2.8844","0.0340"
"","29.0000","2.8944","0.0340"
"","29.1000","2.9046","0.0340"
"","29.2000","2.9145","0.0340"
"","29.3000","2.9242","0.0340"
"","29.4000","2.9344","0.0340"
"","29.5000","2.9446","0.0339"
"","29.6000","2.9545","0.0339"
"","29.7000","2.9643","0.0339"
"","29.8000","2.9745","0.0339"
"","29.9000","2.9846","0.0338"
"","30.0000","2.9945","0.0339"
"","30.1000","3.0044","0.0339"
"","30.2000","3.0145","0.0340"
"","30.3000","3.0245","0.0340"
"","30.4000","3.0344","0.0340"
"","30.5000","3.0445","0.0340"
"","30.6000","3.0545","0.0340"
"","30.7000","3.0644","0.0341"
"","30.8000","3.0746","0.0341"
"","30.9000","3.0845","0.0341"
"","31.0000","3.0945","0.0341"
"","31.1000","3.1042","0.0342"
"","31.2000","3.1146","0.0353"
"","31.3000","3.1244","0.0363"
"","31.4000","3.1344","0.0372"
"","31.5000","3.1444","0.0380"
"","31.6000","3.1546","0.0388"
"","31.7000","3.1646","0.0395"
"","31.8000","3.1742","0.0402"
"","31.9000","3.1845","0.0409"
"","32.0000","3.1945","0.0416"
"","32.1000","3.2045","0.0422"
"","32.2000","3.2142","0.0429"
"","32.3000","3.2245","0.0436"
"","32.4000","3.2346","0.0442"
"","32.5000","3.2444","0.0448"
"","32.6000","3.2544","0.0455"
"","32.7000","3.2645","0.0462"
"","32.8000","3.2745","0.0469"
"","32.9000","3.2843","0.0475"
"","33.0000","3.2944","0.0482"
"","33.1000","3.3045","0.0489"
"","33.2000","3.3144","0.0496"
"","33.3000","3.3246","0.0503"
"","33.4000","3.3344","0.0510"
"","33.5000","3.3445","0.0517"
"","33.6000","3.3543","0.0524"
"","33.7000","3.3646","0.0532"
"","33.8000","3.3745","0.0539"
"","33.9000","3.3844","0.0546"
"","34.0000","3.3944","0.0554"
"","34.1000","3.4046","0.0561"
"","34.2000","3.4145","0.0568"
"","34.3000","3.4242","0.0575"
"","34.4000","3.4346","0.0584"
"","34.5000","3.4445","0.0591"
"","34.6000","3.4545","0.0599"
"","34.7000","3.4643","0.0607"
"","34.8000","3.4746","0.0616"
"","34.9000","3.4846","0.0624"
"","35.0000","3.4942","0.0631"
"","35.1000","3.5045","0.0640"
"","35.2000","3.5145","0.0648"
"","35.3000","3.5246","0.0656"
"","35.4000","3.5342","0.0664"
"","35.5000","3.5445","0.0673"
"","35.6000","3.5545","0.0682"
"","35.7000","3.5644","0.0690"
"","35.8000","3.5746","0.0699"
"","35.9000","3.5845","0.0707"
"","36.0000","3.5946","0.0716"
"","36.1000","3.6043","0.0724"
"","36.2000","3.6145","0.0733"
"","36.3000","3.6245","0.0742"
"","36.4000","3.6344","0.0751"
"","36.5000","3.6444","0.0760"
"","36.6000","3.6546","0.0769"
"","36.7000","3.6645","0.0777"
"","36.8000","3.6742","0.0786"
"","36.9000","3.6845","0.0796"
"","37.0000","3.6946","0.0805"
"","37.1000","3.7044","0.0813"
"","37.2000","3.7143","0.0823"
"","37.3000","3.7246","0.0833"
"","37.4000","3.7347","0.0842"
"","37.5000","3.7443","0.0851"
"","37.6000","3.7544","0.0860"
"","37.7000","3.7645","0.0870"
"","37.8000","3.7746","0.0879"
"","37.9000","3.7843","0.0888"
"","38.0000","3.7945","0.0898"
"","38.1000","3.8046","0.0908"
"","38.2000","3.8144","0.0917"
"","38.3000","3.8245","0.0927"
"","38.4000","3.8345","0.0937"
"","38.5000","3.8445","0.0946"
"","38.6000","3.8542","0.0956"
"","38.7000","3.8645","0.0966"
"","38.8000","3.8744","0.0976"
"","38.9000","3.8844","0.0986"
"","39.0000","3.8944","0.0996"
"","39.1000","3.9046","0.1006"
"","39.2000","3.9146","0.1016"
"","39.3000","3.9242","0.1025"
"","39.4000","3.9345","0.1036"
"","39.5000","3.9445","0.1046"
"","39.6000","3.9545","0.1056"
"","39.7000","3.9643","0.1066"
"","39.8000","3.9745","0.1077"
"","39.9000","3.9846","0.1087"
"","40.0000","3.9944","0.1097"
"","40.0570","4.0000","0.1103"
"","40.0580","4.0001","0.1103"
"","40.0590","4.0002","0.1103"
"","40.1590","4.0007","0.1090"
"","40.2590","3.9931","0.1060"
"","40.3590","3.9813","0.1021"
"","40.4590","3.9708","0.0988"
"","40.5590","3.9607","0.0957"
"","40.6590","3.9509","0.0929"
"","40.7590","3.9406","0.0901"
"","40.8590","3.9307","0.0874"
"","40.9590","3.9208","0.0849"
"","41.0590","3.9107","0.0824"
"","41.1590","3.9006","0.0798"
"","41.2590","3.8907","0.0774"
"","41.3590","3.8809","0.0751"
"","41.4590","3.8706","0.0727"
"","41.5590","3.8606","0.0705"
"","41.6590","3.8507","0.0683"
"","41.7590","3.8409","0.0662"
"","41.8590","3.8307","0.0641"
"","41.9590","3.8206","0.0621"
"","42.0590","3.8108","0.0601"
"","42.1590","3.8007","0.0581"
"","42.2590","3.7907","0.0562"
"","42.3590","3.7805","0.0544"
"","42.4590","3.7708","0.0527"
"","42.5590","3.7606","0.0509"
"","42.6590","3.7507","0.0491"
"","42.7590","3.7406","0.0475"
"","42.8590","3.7308","0.0459"
"","42.9590","3.7206","0.0443"
"","43.0590","3.7106","0.0428"
"","43.1590","3.7008","0.0413"
"","43.2590","3.6906","0.0399"
"","43.3590","3.6806","0.0385"
"","43.4590","3.6707","0.0371"
"","43.5590","3.6608","0.0358"
"","43.6590","3.6506","0.0345"
"","43.7590","3.6406","0.0335"
"","43.8590","3.6308","0.0336"
"","43.9590","3.6205","0.0335"
"","44.0590","3.6106","0.0335"
"","44.1590","3.6007","0.0335"
"","44.2590","3.5908","0.0335"
"","44.3590","3.5806","0.0335"
"","44.4590","3.5705","0.0335"
"","44.5590","3.5609","0.0334"
"","44.6590","3.5506","0.0334"
"","44.7590","3.5405","0.0334"
"","44.8590","3.5306","0.0334"
"","44.9590","3.5209","0.0334"
"","45.0590","3.5106","0.0333"
"","45.1590","3.5005","0.0333"
"","45.2590","3.4907","0.0334"
"","45.3590","3.4807","0.0334"
"","45.4590","3.4707","0.0333"
"","45.5590","3.4606","0.0333"
"","45.6590","3.4509","0.0333"
"","45.7590","3.4404","0.0333"
"","45.8590","3.4305","0.0325"
"","45.9590","3.4207","0.0311"
"","46.0590","3.4108","0.0298"
"","46.1590","3.4006","0.0286"
"","46.2590","3.3906","0.0274"
"","46.3590","3.3809","0.0264"
"","46.4590","3.3706","0.0253"
"","46.5590","3.3604","0.0242"
"","46.6590","3.3506","0.0233"
"","46.7590","3.3409","0.0224"
"","46.8590","3.3306","0.0215"
"","46.9590","3.3205","0.0206"
"","47.0590","3.3108","0.0198"
"","47.1590","3.3008","0.0190"
"","47.2590","3.2906","0.0183"
"","47.3590","3.2805","0.0175"
"","47.4590","3.2709","0.0169"
"","47.5590","3.2607","0.0162"
"","47.6590","3.2506","0.0155"
"","47.7590","3.2407","0.0149"
"","47.8590","3.2308","0.0143"
"","47.9590","3.2207","0.0138"
"","48.0590","3.2106","0.0132"
"","48.1590","3.2009","0.0127"
"","48.2590","3.1905","0.0121"
"","48.3590","3.1806","0.0116"
"","48.4590","3.1707","0.0112"
"","48.5590","3.1608","0.0107"
"","48.6590","3.1505","0.0103"
"","48.7590","3.1407","0.0098"
"","48.8590","3.1309","0.0094"
"","48.9590","3.1206","0.0090"
"","49.0590","3.1105","0.0086"
"","49.1590","3.1007","0.0082"
"","49.2590","3.0909","0.0079"
"","49.3590","3.0806","0.0075"
"","49.4590","3.0705","0.0072"
"","49.5590","3.0608","0.0068"
"","49.6590","3.0507","0.0065"
"","49.7590","3.0406","0.0062"
"","49.8590","3.0305","0.0059"
"","49.9590","3.0208","0.0056"
"","50.0590","3.0106","0.0054"
"","50.1590","3.0007","0.0051"
"","50.2590","2.9907","0.0049"
"","50.3590","2.9807","0.0046"
"","50.4590","2.9707","0.0044"
"","50.5590","2.9606","0.0042"
"","50.6590","2.9508","0.0040"
"","50.7590","2.9405","0.0038"
"","50.8590","2.9306","0.0037"
"","50.9590","2.9207","0.0035"
"","51.0590","2.9108","0.0033"
"","51.1590","2.9006","0.0032"
"","51.2590","2.8907","0.0031"
"","51.3590","2.8809","0.0030"
"","51.4590","2.8706","0.0028"
"","51.5590","2.8604","0.0027"
"","51.6590","2.8507","0.0026"
"","51.7590","2.8409","0.0025"
"","51.8590","2.8306","0.0024"
"","51.9590","2.8205","0.0024"
"","52.0590","2.8108","0.0023"
"","52.1590","2.8007","0.0022"
"","52.2590","2.7905","0.0021"
"","52.3590","2.7806","0.0020"
"","52.4590","2.7709","0.0020"
"","52.5590","2.7607","0.0019"
"","52.6590","2.7506","0.0019"
"","52.7590","2.7407","0.0018"
"","52.8590","2.7306","0.0017"
"","52.9590","2.7207","0.0017"
"","53.0590","2.7106","0.0016"
"","53.1590","2.7010","0.0016"
"","53.2590","2.6904","0.0015"
"","53.3590","2.6805","0.0015"
"","53.4590","2.6707","0.0014"
"","53.5590","2.6608","0.0014"
"","53.6590","2.6506","0.0013"
"","53.7590","2.6407","0.0013"
"","53.8590","2.6310","0.0012"
"","53.9590","2.6206","0.0012"
"","54.0590","2.6104","0.0012"
"","54.1590","2.6006","0.0011"
"","54.2590","2.5909","0.0011"
"","54.3590","2.5807","0.0010"
"","54.4590","2.5705","0.0010"
"","54.5590","2.5608","0.0010"
"","54.6590","2.5508","0.0010"
"","54.7590","2.5406","0.0009"
"","54.8590","2.5305","0.0009"
"","54.9590","2.5208","0.0009"
"","55.0590","2.5107","0.0008"
"","55.1590","2.5006","0.0008"
"","55.2590","2.4906","0.0008"
"","55.3590","2.4808","0.0007"
"","55.4590","2.4707","0.0007"
"","55.5590","2.4606","0.0007"
"","55.6590","2.4508","0.0007"
"","55.7590","2.4405","0.0007"
"","55.8590","2.4306","0.0006"
"","55.9590","2.4207","0.0006"
"","56.0590","2.4108","0.0006"
"","56.1590","2.4005","0.0006"
"","56.2590","2.3907","0.0005"
"","56.3590","2.3809","0.0005"
"","56.4590","2.3706","0.0005"
"","56.5590","2.3605","0.0005"
"","56.6590","2.3507","0.0005"
"","56.7590","2.3409","0.0005"
"","56.8590","2.3306","0.0004"
"","56.9590","2.3205","0.0004"
"","57.0590","2.3108","0.0004"
"","57.1590","2.3007","0.0004"
"","57.2590","2.2907","0.0004"
"","57.3590","2.2805","0.0004"
"","57.4590","2.2708","0.0004"
"","57.5590","2.2606","0.0004"
"","57.6590","2.2507","0.0003"
"","57.7590","2.2407","0.0003"
"","57.8590","2.2307","0.0003"
"","57.9590","2.2207","0.0003"
"","58.0590","2.2106","0.0003"
"","58.1590","2.2008","0.0003"
"","58.2590","2.1905","0.0003"
"","58.3590","2.1807","0.0003"
"","58.4590","2.1708","0.0003"
"","58.5590","2.1608","0.0003"
"","58.6590","2.1505","0.0003"
"","58.7590","2.1407","0.0003"
"","58.8590","2.1309","0.0003"
"","58.9590","2.1206","0.0003"
"","59.0590","2.1104","0.0002"
"","59.1590","2.1007","0.0002"
"","59.2590","2.0909","0.0002"
"","59.3590","2.0806","0.0002"
"","59.4590","2.0705","0.0002"
"","59.5590","2.0609","0.0002"
"","59.6590","2.0507","0.0002"
"","59.7590","2.0405","0.0002"
"","59.8590","2.0305","0.0002"
"","59.9590","2.0208","0.0002"
"","60.0590","2.0107","0.0002"
"","60.1590","2.0006","0.0002"
"","60.2590","1.9907","0.0002"
"","60.3590","1.9806","0.0002"
"","60.4590","1.9707","0.0002"
"","60.5590","1.9606","0.0002"
"","60.6590","1.9509","0.0002"
"","60.7590","1.9404","0.0002"
"","60.8590","1.9306","0.0002"
"","60.9590","1.9207","0.0002"
"","61.0590","1.9108","0.0002"
"","61.1590","1.9005","0.0002"
"","61.2590","1.8907","0.0002"
"","61.3590","1.8810","0.0001"
"","61.4590","1.8706","0.0002"
"","61.5590","1.8604","0.0002"
"","61.6590","1.8506","0.0002"
"","61.7590","1.8409","0.0001"
"","61.8590","1.8306","0.0002"
"","61.9590","1.8205","0.0001"
"","62.0590","1.8107","0.0001"
"","62.1590","1.8008","0.0001"
"","62.2590","1.7906","0.0001"
"","62.3590","1.7805","0.0001"
"","62.4590","1.7708","0.0001"
"","62.5590","1.7607","0.0001"
"","62.6590","1.7506","0.0001"
"","62.7590","1.7407","0.0001"
"","62.8590","1.7307","0.0001"
"","62.9590","1.7207","0.0001"
"","63.0590","1.7106","0.0001"
"","63.1590","1.7009","0.0001"
"","63.2590","1.6906","0.0001"
"","63.3590","1.6806","0.0001"
"","63.4590","1.6706","0.0001"
"","63.5590","1.6608","0.0001"
"","63.6590","1.6506","0.0001"
"","63.7590","1.6406","0.0001"
"","63.8590","1.6309","0.0001"
"","63.9590","1.6206","0.0001"
"","64.0590","1.6106","0.0001"
"","64.1590","1.6006","0.0001"
"","64.2590","1.5909","0.0001"
"","64.3590","1.5806","0.0001"
"","64.4590","1.5706","0.0001"
"","64.5590","1.5607","0.0001"
"","64.6590","1.5507","0.0001"
"","64.7590","1.5407","0.0001"
"","64.8590","1.5306","0.0001"
"","64.9590","1.5208","0.0001"
"","65.0590","1.5106","0.0001"
"","65.1590","1.5006","0.0001"
"","65.2590","1.4907","0.0001"
"","65.3590","1.4807","0.0001"
"","65.4590","1.4707","0.0000"
"","65.5590","1.4606","0.0000"
"","65.6590","1.4508","0.0000"
"","65.7590","1.4405","0.0001"
"","65.8590","1.4306","0.0000"
"","65.9590","1.4208","0.0000"
"","66.0590","1.4108","0.0000"
"","66.1590","1.4006","0.0000"
"","66.2590","1.3907","0.0000"
"","66.3590","1.3809","0.0000"
"","66.4590","1.3705","0.0000"
"","66.5590","1.3605","0.0000"
"","66.6590","1.3507","0.0000"
"","66.7590","1.3409","0.0000"
"","66.8590","1.3306","0.0000"
"","66.9590","1.3205","0.0000"
"","67.0590","1.3109","0.0000"
"","67.1590","1.3007","0.0000"
"","67.2590","1.2906","0.0000"
"","67.3590","1.2805","0.0000"
"","67.4590","1.2709","0.0000"
"","67.5590","1.2607","0.0000"
"","67.6590","1.2506","0.0000"
"","67.7590","1.2407","0.0000"
"","67.8590","1.2307","0.0000"
"","67.9590","1.2207","0.0000"
"","68.0590","1.2106","0.0000"
"","68.1590","1.2009","0.0000"
"","68.2590","1.1904","0.0000"
"","68.3590","1.1806","0.0000"
"","68.4590","1.1707","0.0000"
"","68.5590","1.1608","0.0000"
"","68.6590","1.1506","0.0000"
"","68.7590","1.1407","0.0000"
"","68.8590","1.1310","0.0000"
"","68.9590","1.1206","0.0000"
"","69.0590","1.1104","0.0000"
"","69.1590","1.1006","0.0000"
"","69.2590","1.0909","0.0000"
"","69.3590","1.0806","0.0000"
"","69.4590","1.0705","0.0000"
"","69.5590","1.0608","0.0000"
"","69.6590","1.0508","0.0000"
"","69.7590","1.0406","0.0000"
"","69.8590","1.0305","0.0000"
"","69.9590","1.0208","0.0000"
"","70.0590","1.0107","0.0000"
"","70.1590","1.0006","0.0000"
"","70.2590","0.9906","0.0000"
"","70.3590","0.9807","0.0000"
"","70.4590","0.9708","0.0000"
"","70.5590","0.9606","0.0000"
"","70.6590","0.9509","0.0000"
"","70.7590","0.9405","0.0000"
"","70.8590","0.9306","0.0000"
"","70.9590","0.9207","0.0000"
"","71.0590","0.9108","0.0000"
"","71.1590","0.9005","0.0000"
"","71.2590","0.8907","0.0000"
"","71.3590","0.8809","0.0000"
"","71.4590","0.8706","0.0000"
"","71.5590","0.8605","0.0000"
"","71.6590","0.8507","0.0000"
"","71.7590","0.8409","0.0000"
"","71.8590","0.8306","0.0000"
"","71.9590","0.8205","0.0000"
"","72.0590","0.8108","0.0000"
"","72.1590","0.8007","0.0000"
"","72.2590","0.7906","0.0000"
"","72.3590","0.7805","0.0000"
"","72.4590","0.7709","0.0000"
"","72.5590","0.7606","0.0000"
"","72.6590","0.7507","0.0000"
"","72.7590","0.7407","0.0000"
"","72.8590","0.7308","0.0000"
"","72.9590","0.7207","0.0000"
"","73.0590","0.7106","0.0000"
"","73.1590","0.7008","0.0000"
"","73.2590","0.6905","0.0000"
"","73.3590","0.6806","0.0000"
"","73.4590","0.6707","0.0000"
"","73.5590","0.6608","0.0000"
"","73.6590","0.6506","0.0000"
"","73.7590","0.6407","0.0000"
"","73.8590","0.6309","0.0000"
"","73.9590","0.6205","0.0000"
"","74.0590","0.6105","0.0000"
"","74.1590","0.6007","0.0000"
"","74.2590","0.5909","0.0000"
"","74.3590","0.5806","0.0000"
"","74.4590","0.5705","0.0000"
"","74.5590","0.5609","0.0000"
"","74.6590","0.5507","0.0000"
"","74.7590","0.5405","0.0000"
"","74.8590","0.5305","0.0000"
"","74.9590","0.5209","0.0000"
"","75.0590","0.5106","0.0000"
"","75.1590","0.5005","0.0000"
"","75.2590","0.4907","0.0000"
"","75.3590","0.4807","0.0000"
"","75.4590","0.4707","0.0000"
"","75.5590","0.4606","0.0000"
"","75.6590","0.4510","0.0000"
"","75.7590","0.4405","0.0000"
"","75.8590","0.4305","0.0000"
"","75.9590","0.4207","0.0000"
"","76.0590","0.4108","0.0000"
"","76.1590","0.4006","0.0000"
"","76.2590","0.3906","0.0000"
"","76.3590","0.3809","0.0000"
"","76.4590","0.3706","0.0000"
"","76.5590","0.3604","0.0000"
"","76.6590","0.3506","0.0000"
"","76.7590","0.3409","0.0000"
"","76.8590","0.3306","0.0000"
"","76.9590","0.3205","0.0000"
"","77.0590","0.3108","0.0000"
"","77.1590","0.3007","0.0000"
"","77.2590","0.2906","0.0000"
"","77.3590","0.2805","0.0000"
"","77.4590","0.2709","0.0000"
"","77.5590","0.2607","0.0000"
"","77.6590","0.2506","0.0000"
"","77.7590","0.2406","0.0000"
"","77.8590","0.2307","0.0000"
"","77.9590","0.2207","0.0000"
"","78.0590","0.2106","0.0000"
"","78.1590","0.2009","0.0000"
"","78.2590","0.1906","0.0000"
"","78.3590","0.1806","0.0000"
"","78.4590","0.1707","0.0000"
"","78.5590","0.1608","0.0000"
"","78.6590","0.1506","0.0000"
"","78.7590","0.1407","0.0000"
"","78.8590","0.1309","0.0000"
"","78.9590","0.1206","0.0000"
"","79.0590","0.1105","0.0000"
"","79.1590","0.1007","0.0000"
"","79.2590","0.0909","0.0000"
"","79.3590","0.0806","0.0000"
"","79.4590","0.0705","0.0000"
"","79.5590","0.0608","0.0000"
"","79.6590","0.0507","0.0000"
"","79.7590","0.0406","0.0000"
"","79.8590","0.0305","0.0000"
"","79.9590","0.0209","0.0000"
"","80.0590","0.0106","0.0000"
"","80.1590","0.0007","0.0000"
"","80.1660","0.0000","0.0000"
"","80.1670","-0.0001","0.0000"
"","80.1680","-0.0002","0.0000"
"","80.2680","-0.0006","0.0000"
"","80.3680","0.0071","0.0000"
"","80.4680","0.0191","0.0000"
"","80.5680","0.0292","0.0000"
"","80.6680","0.0394","0.0000"
"","80.7680","0.0494","0.0000"
"","80.8680","0.0595","0.0000"
"","80.9680","0.0692","0.0000"
"","81.0680","0.0794","0.0000"
"","81.1680","0.0894","0.0000"
"","81.2680","0.0993","0.0000"
"","81.3680","0.1094","0.0000"
"","81.4680","0.1195","0.0000"
"","81.5680","0.1295","0.0000"
"","81.6680","0.1391","0.0000"
"","81.7680","0.1495","0.0000"
"","81.8680","0.1595","0.0000"
"","81.9680","0.1694","0.0000"
"","82.0680","0.1792","0.0000"
"","82.1680","0.1895","0.0000"
"","82.2680","0.1996","0.0000"
"","82.3680","0.2092","0.0000"
"","82.4680","0.2194","0.0000"
"","82.5680","0.2294","0.0000"
"","82.6680","0.2395","0.0000"
"","82.7680","0.2492","0.0000"
"","82.8680","0.2594","0.0000"
"","82.9680","0.2695","0.0000"
"","83.0680","0.2794","0.0000"
"","83.1680","0.2894","0.0000"
"","83.2680","0.2994","0.0000"
"","83.3680","0.3095","0.0000"
"","83.4680","0.3193","0.0000"
"","83.5680","0.3294","0.0000"
"","83.6680","0.3394","0.0000"
"","83.7680","0.3494","0.0000"
"","83.8680","0.3595","0.0000"
"","83.9680","0.3695","0.0000"
"","84.0680","0.3795","0.0000"
"","84.1680","0.3891","0.0000"
"","84.2680","0.3995","0.0000"
"","84.3680","0.4094","0.0000"
"","84.4680","0.4194","0.0000"
"","84.5680","0.4294","0.0000"
"","84.6680","0.4396","0.0000"
"","84.7680","0.4496","0.0000"
"","84.8680","0.4591","0.0000"
"","84.9680","0.4695","0.0000"
"","85.0680","0.4794","0.0000"
"","85.1680","0.4896","0.0000"
"","85.2680","0.4992","0.0000"
"","85.3680","0.5095","0.0000"
"","85.4680","0.5195","0.0000"
"","85.5680","0.5294","0.0000"
"","85.6680","0.5394","0.0000"
"","85.7680","0.5495","0.0000"
"","85.8680","0.5595","0.0000"
"","85.9680","0.5692","0.0000"
"","86.0680","0.5794","0.0000"
"","86.1680","0.5894","0.0000"
"","86.2680","0.5993","0.0000"
"","86.3680","0.6094","0.0000"
"","86.4680","0.6196","0.0000"
"","86.5680","0.6295","0.0000"
"","86.6680","0.6392","0.0000"
"","86.7680","0.6494","0.0000"
"","86.8680","0.6595","0.0000"
"","86.9680","0.6693","0.0000"
"","87.0680","0.6793","0.0000"
"","87.1680","0.6895","0.0000"
"","87.2680","0.6996","0.0000"
"","87.3680","0.7091","0.0000"
"","87.4680","0.7195","0.0000"
"","87.5680","0.7295","0.0000"
"","87.6680","0.7396","0.0000"
"","87.7680","0.7492","0.0000"
"","87.8680","0.7594","0.0000"
"","87.9680","0.7695","0.0000"
"","88.0680","0.7793","0.0000"
"","88.1680","0.7894","0.0000"
"","88.2680","0.7995","0.0000"
"","88.3680","0.8095","0.0000"
"","88.4680","0.8192","0.0000"
"","88.5680","0.8295","0.0000"
"","88.6680","0.8394","0.0000"
"","88.7680","0.8493","0.0000"
"","88.8680","0.8595","0.0000"
"","88.9680","0.8695","0.0000"
"","89.0680","0.8795","0.0000"
"","89.1680","0.8891","0.0000"
"","89.2680","0.8995","0.0000"
"","89.3680","0.9095","0.0000"
"","89.4680","0.9194","0.0000"
"","89.5680","0.9292","0.0000"
"","89.6680","0.9395","0.0000"
"","89.7680","0.9496","0.0000"
"","89.8680","0.9592","0.0000"
"","89.9680","0.9694","0.0000"
"","90.0680","0.9794","0.0000"
"","90.1680","0.9895","0.0001"
"","90.2680","0.9993","0.0001"
"","90.3680","1.0094","0.0001"
"","90.4680","1.0194","0.0001"
"","90.5680","1.0294","0.0001"
"","90.6680","1.0395","0.0001"
"","90.7680","1.0494","0.0001"
"","90.8680","1.0595","0.0001"
"","90.9680","1.0692","0.0001"
"","91.0680","1.0794","0.0001"
"","91.1680","1.0894","0.0001"
"","91.2680","1.0993","0.0001"
"","91.3680","1.1095","0.0001"
"","91.4680","1.1196","0.0001"
"","91.5680","1.1295","0.0001"
"","91.6680","1.1391","0.0001"
"","91.7680","1.1495","0.0001"
"","91.8680","1.1595","0.0001"
"","91.9680","1.1693","0.0001"
"","92.0680","1.1793","0.0001"
"","92.1680","1.1895","0.0001"
"","92.2680","1.1996","0.0001"
"","92.3680","1.2092","0.0001"
"","92.4680","1.2194","0.0001"
"","92.5680","1.2294","0.0001"
"","92.6680","1.2395","0.0001"
"","92.7680","1.2493","0.0001"
"","92.8680","1.2594","0.0001"
"","92.9680","1.2694","0.0001"
"","93.0680","1.2794","0.0001"
"","93.1680","1.2896","0.0001"
"","93.2680","1.2995","0.0002"
"","93.3680","1.3095","0.0001"
"","93.4680","1.3192","0.0002"
"","93.5680","1.3295","0.0002"
"","93.6680","1.3394","0.0002"
"","93.7680","1.3493","0.0002"
"","93.8680","1.3594","0.0002"
"","93.9680","1.3696","0.0002"
"","94.0680","1.3795","0.0002"
"","94.1680","1.3891","0.0002"
"","94.2680","1.3994","0.0002"
"","94.3680","1.4095","0.0002"
"","94.4680","1.4194","0.0002"
"","94.5680","1.4292","0.0002"
"","94.6680","1.4395","0.0002"
"","94.7680","1.4495","0.0002"
"","94.8680","1.4592","0.0002"
"","94.9680","1.4694","0.0002"
"","95.0680","1.4795","0.0002"
"","95.1680","1.4895","0.0002"
"","95.2680","1.4992","0.0002"
"","95.3680","1.5094","0.0002"
"","95.4680","1.5195","0.0002"
"","95.5680","1.5293","0.0002"
"","95.6680","1.5395","0.0002"
"","95.7680","1.5495","0.0003"
"","95.8680","1.5595","0.0003"
"","95.9680","1.5692","0.0003"
"","96.0680","1.5795","0.0003"
"","96.1680","1.5894","0.0003"
"","96.2680","1.5993","0.0003"
"","96.3680","1.6094","0.0003"
"","96.4680","1.6195","0.0003"
"","96.5680","1.6295","0.0003"
"","96.6680","1.6391","0.0003"
"","96.7680","1.6494","0.0003"
"","96.8680","1.6595","0.0003"
"","96.9680","1.6694","0.0003"
"","97.0680","1.6793","0.0003"
"","97.1680","1.6895","0.0003"
"","97.2680","1.6996","0.0003"
"","97.3680","1.7092","0.0003"
"","97.4680","1.7193","0.0003"
"","97.5680","1.7294","0.0004"
"","97.6680","1.7395","0.0004"
"","97.7680","1.7493","0.0004"
"","97.8680","1.7594","0.0004"
"","97.9680","1.7694","0.0004"
"","98.0680","1.7794","0.0004"
"","98.1680","1.7896","0.0004"
"","98.2680","1.7994","0.0004"
"","98.3680","1.8094","0.0004"
"","98.4680","1.8192","0.0004"
"","98.5680","1.8294","0.0005"
"","98.6680","1.8393","0.0005"
"","98.7680","1.8493","0.0005"
"","98.8680","1.8596","0.0005"
"","98.9680","1.8695","0.0005"
"","99.0680","1.8794","0.0005"
"","99.1680","1.8891","0.0005"
"","99.2680","1.8995","0.0005"
"","99.3680","1.9095","0.0006"
"","99.4680","1.9194","0.0006"
"","99.5680","1.9293","0.0006"
"","99.6680","1.9395","0.0006"
"","99.7680","1.9496","0.0006"
"","99.8680","1.9591","0.0006"
"","99.9680","1.9694","0.0006"
"","100.0680","1.9794","0.0007"
"","100.1680","1.9895","0.0007"
"","100.2680","1.9992","0.0007"
"","100.3680","2.0094","0.0007"
"","100.4680","2.0194","0.0007"
"","100.5680","2.0293","0.0007"
"","100.6680","2.0395","0.0008"
"","100.7680","2.0495","0.0008"
"","100.8680","2.0595","0.0008"
"","100.9680","2.0692","0.0008"
"","101.0680","2.0795","0.0008"
"","101.1680","2.0894","0.0009"
"","101.2680","2.0993","0.0009"
"","101.3680","2.1094","0.0009"
"","101.4680","2.1196","0.0009"
"","101.5680","2.1295","0.0010"
"","101.6680","2.1392","0.0010"
"","101.7680","2.1494","0.0010"
"","101.8680","2.1596","0.0010"
"","101.9680","2.1693","0.0010"
"","102.0680","2.1793","0.0011"
"","102.1680","2.1894","0.0011"
"","102.2680","2.1996","0.0011"
"","102.3680","2.2091","0.0012"
"","102.4680","2.2194","0.0012"
"","102.5680","2.2295","0.0012"
"","102.6680","2.2396","0.0013"
"","102.7680","2.2492","0.0013"
"","102.8680","2.2594","0.0014"
"","102.9680","2.2695","0.0014"
"","103.0680","2.2793","0.0014"
"","103.1680","2.2894","0.0015"
"","103.2680","2.2995","0.0015"
"","103.3680","2.3095","0.0016"
"","103.4680","2.3192","0.0016"
"","103.5680","2.3295","0.0016"
"","103.6680","2.3394","0.0017"
"","103.7680","2.3493","0.0018"
"","103.8680","2.3594","0.0018"
"","103.9680","2.3696","0.0019"
"","104.0680","2.3795","0.0019"
"","104.1680","2.3891","0.0020"
"","104.2680","2.3994","0.0020"
"","104.3680","2.4095","0.0021"
"","104.4680","2.4194","0.0021"
"","104.5680","2.4293","0.0022"
"","104.6680","2.4395","0.0023"
"","104.7680","2.4495","0.0023"
"","104.8680","2.4591","0.0024"
"","104.9680","2.4694","0.0025"
"","105.0680","2.4794","0.0026"
"","105.1680","2.4895","0.0026"
"","105.2680","2.4993","0.0027"
"","105.3680","2.5094","0.0028"
"","105.4680","2.5194","0.0030"
"","105.5680","2.5294","0.0031"
"","105.6680","2.5395","0.0032"
"","105.7680","2.5494","0.0033"
"","105.8680","2.5595","0.0035"
"","105.9680","2.5692","0.0036"
"","106.0680","2.5794","0.0037"
"","106.1680","2.5893","0.0039"
"","106.2680","2.5993","0.0041"
"","106.3680","2.6095","0.0042"
"","106.4680","2.6196","0.0044"
"","106.5680","2.6295","0.0046"
"","106.6680","2.6391","0.0047"
"","106.7680","2.6495","0.0050"
"","106.8680","2.6595","0.0051"
"","106.9680","2.6694","0.0053"
"","107.0680","2.6793","0.0056"
"","107.1680","2.6896","0.0058"
"","107.2680","2.6996","0.0060"
"","107.3680","2.7091","0.0063"
"","107.4680","2.7194","0.0065"
"","107.5680","2.7294","0.0068"
"","107.6680","2.7395","0.0070"
"","107.7680","2.7492","0.0073"
"","107.8680","2.7595","0.0076"
"","107.9680","2.7694","0.0079"
"","108.0680","2.7793","0.0081"
"","108.1680","2.7894","0.0084"
"","108.2680","2.7995","0.0087"
"","108.3680","2.8095","0.0091"
"","108.4680","2.8192","0.0094"
"","108.5680","2.8295","0.0097"
"","108.6680","2.8394","0.0101"
"","108.7680","2.8494","0.0104"
"","108.8680","2.8595","0.0108"
"","108.9680","2.8696","0.0112"
"","109.0680","2.8795","0.0116"
"","109.1680","2.8892","0.0119"
"","109.2680","2.8994","0.0124"
"","109.3680","2.9096","0.0128"
"","109.4680","2.9193","0.0132"
"","109.5680","2.9293","0.0136"
"","109.6680","2.9395","0.0141"
"","109.7680","2.9496","0.0146"
"","109.8680","2.9591","0.0150"
"","109.9680","2.9694","0.0155"
"","110.0680","2.9794","0.0160"
"","110.1680","2.9896","0.0166"
"","110.2680","2.9993","0.0171"
"","110.3680","3.0094","0.0177"
"","110.4680","3.0195","0.0182"
"","110.5680","3.0293","0.0188"
"","110.6680","3.0395","0.0194"
"","110.7680","3.0495","0.0200"
"","110.8680","3.0595","0.0206"
"","110.9680","3.0692","0.0212"
"","111.0680","3.0795","0.0219"
"","111.1680","3.0894","0.0225"
"","111.2680","3.0993","0.0232"
"","111.3680","3.1094","0.0239"
"","111.4680","3.1196","0.0246"
"","111.5680","3.1295","0.0253"
"","111.6680","3.1391","0.0260"
"","111.7680","3.1494","0.0268"
"","111.8680","3.1595","0.0275"
"","111.9680","3.1693","0.0283"
"","112.0680","3.1793","0.0291"
"","112.1680","3.1895","0.0299"
"","112.2680","3.1996","0.0307"
"","112.3680","3.2092","0.0314"
"","112.4680","3.2194","0.0323"
"","112.5680","3.2295","0.0331"
"","112.6680","3.2395","0.0338"
"","112.7680","3.2493","0.0342"
"","112.8680","3.2594","0.0344"
"","112.9680","3.2694","0.0344"
"","113.0680","3.2794","0.0344"
"","113.1680","3.2894","0.0343"
"","113.2680","3.2994","0.0342"
"","113.3680","3.3095","0.0342"
"","113.4680","3.3192","0.0342"
"","113.5680","3.3294","0.0342"
"","113.6680","3.3394","0.0342"
"","113.7680","3.3494","0.0343"
"","113.8680","3.3595","0.0343"
"","113.9680","3.3695","0.0344"
"","114.0680","3.3794","0.0344"
"","114.1680","3.3891","0.0344"
"","114.2680","3.3995","0.0345"
"","114.3680","3.4094","0.0345"
"","114.4680","3.4194","0.0345"
"","114.5680","3.4293","0.0345"
"","114.6680","3.4396","0.0345"
"","114.7680","3.4495","0.0351"
"","114.8680","3.4591","0.0363"
"","114.9680","3.4695","0.0376"
"","115.0680","3.4794","0.0388"
"","115.1680","3.4894","0.0400"
"","115.2680","3.4991","0.0411"
"","115.3680","3.5095","0.0423"
"","115.4680","3.5195","0.0434"
"","115.5680","3.5293","0.0445"
"","115.6680","3.5394","0.0456"
"","115.7680","3.5495","0.0468"
"","115.8680","3.5596","0.0479"
"","115.9680","3.5692","0.0490"
"","116.0680","3.5794","0.0502"
"","116.1680","3.5895","0.0514"
"","116.2680","3.5994","0.0526"
"","116.3680","3.6095","0.0538"
"","116.4680","3.6194","0.0550"
"","116.5680","3.6295","0.0562"
"","116.6680","3.6392","0.0574"
"","116.7680","3.6495","0.0587"
"","116.8680","3.6594","0.0599"
"","116.9680","3.6694","0.0612"
"","117.0680","3.6793","0.0625"
"","117.1680","3.6895","0.0638"
"","117.2680","3.6995","0.0651"
"","117.3680","3.7091","0.0664"
"","117.4680","3.7194","0.0678"
"","117.5680","3.7295","0.0692"
"","117.6680","3.7395","0.0705"
"","117.7680","3.7492","0.0718"
"","117.8680","3.7594","0.0733"
"","117.9680","3.7695","0.0747"
"","118.0680","3.7793","0.0760"
"","118.1680","3.7894","0.0775"
"","118.2680","3.7995","0.0789"
"","118.3680","3.8095","0.0804"
"","118.4680","3.8192","0.0818"
"","118.5680","3.8295","0.0833"
"","118.6680","3.8394","0.0848"
"","118.7680","3.8493","0.0862"
"","118.8680","3.8594","0.0878"
"","118.9680","3.8695","0.0892"
"","119.0680","3.8795","0.0907"
"","119.1680","3.8891","0.0921"
"","119.2680","3.8994","0.0937"
"","119.3680","3.9095","0.0952"
"","119.4680","3.9194","0.0966"
"","119.5680","3.9293","0.0981"
"","119.6680","3.9395","0.0997"
"","119.7680","3.9496","0.1012"
"","119.8680","3.9592","0.1025"
"","119.9680","3.9694","0.1040"
"","120.0680","3.9794","0.1055"
"","120.1680","3.9895","0.1069"
"","120.2680","3.9992","0.1082"
"","120.2760","4.0001","0.1084"
"","120.2770","4.0002","0.1084"
"","120.2780","4.0003","0.1084"
"","120.3780","4.0008","0.1074"
"","120.4780","3.9932","0.1045"
"","120.5780","3.9814","0.1006"
"","120.6780","3.9709","0.0974"
"","120.7780","3.9607","0.0943"
"","120.8780","3.9509","0.0915"
"","120.9780","3.9407","0.0887"
"","121.0780","3.9307","0.0860"
"","121.1780","3.9208","0.0833"
"","121.2780","3.9108","0.0808"
"","121.3780","3.9007","0.0783"
"","121.4780","3.8907","0.0759"
"","121.5780","3.8809","0.0735"
"","121.6780","3.8707","0.0711"
"","121.7780","3.8606","0.0689"
"","121.8780","3.8507","0.0667"
"","121.9780","3.8410","0.0646"
"","122.0780","3.8307","0.0624"
"","122.1780","3.8206","0.0603"
"","122.2780","3.8108","0.0583"
"","122.3780","3.8007","0.0563"
"","122.4780","3.7907","0.0544"
"","122.5780","3.7806","0.0525"
"","122.6780","3.7709","0.0508"
"","122.7780","3.7607","0.0490"
"","122.8780","3.7507","0.0472"
"","122.9780","3.7407","0.0456"
"","123.0780","3.7308","0.0440"
"","123.1780","3.7207","0.0424"
"","123.2780","3.7107","0.0408"
"","123.3780","3.7009","0.0394"
"","123.4780","3.6906","0.0379"
"","123.5780","3.6807","0.0365"
"","123.6780","3.6707","0.0351"
"","123.7780","3.6608","0.0339"
"","123.8780","3.6507","0.0332"
"","123.9780","3.6407","0.0331"
"","124.0780","3.6309","0.0331"
"","124.1780","3.6206","0.0330"
"","124.2780","3.6106","0.0330"
"","124.3780","3.6007","0.0330"
"","124.4780","3.5909","0.0330"
"","124.5780","3.5806","0.0331"
"","124.6780","3.5706","0.0331"
"","124.7780","3.5609","0.0330"
"","124.8780","3.5507","0.0329"
"","124.9780","3.5406","0.0329"
"","125.0780","3.5306","0.0329"
"","125.1780","3.5210","0.0329"
"","125.2780","3.5107","0.0329"
"","125.3780","3.5006","0.0329"
"","125.4780","3.4908","0.0329"
"","125.5780","3.4808","0.0329"
"","125.6780","3.4707","0.0329"
"","125.7780","3.4606","0.0325"
"","125.8780","3.4510","0.0311"
"","125.9780","3.4405","0.0297"
"","126.0780","3.4306","0.0285"
"","126.1780","3.4207","0.0274"
"","126.2780","3.4109","0.0263"
"","126.3780","3.4007","0.0253"
"","126.4780","3.3907","0.0242"
"","126.5780","3.3810","0.0233"
"","126.6780","3.3706","0.0223"
"","126.7780","3.3605","0.0214"
"","126.8780","3.3507","0.0205"
"","126.9780","3.3410","0.0197"
"","127.0780","3.3307","0.0189"
"","127.1780","3.3206","0.0181"
"","127.2780","3.3108","0.0174"
"","127.3780","3.3008","0.0166"
"","127.4780","3.2907","0.0159"
"","127.5780","3.2806","0.0153"
"","127.6780","3.2709","0.0147"
"","127.7780","3.2608","0.0140"
"","127.8780","3.2507","0.0134"
"","127.9780","3.2407","0.0129"
"","128.0780","3.2308","0.0123"
"","128.1780","3.2208","0.0118"
"","128.2780","3.2106","0.0113"
"","128.3780","3.2009","0.0108"
"","128.4780","3.1905","0.0104"
"","128.5780","3.1807","0.0099"
"","128.6780","3.1707","0.0095"
"","128.7780","3.1608","0.0091"
"","128.8780","3.1506","0.0087"
"","128.9780","3.1407","0.0084"
"","129.0780","3.1309","0.0080"
"","129.1780","3.1207","0.0076"
"","129.2780","3.1106","0.0073"
"","129.3780","3.1007","0.0070"
"","129.4780","3.0910","0.0067"
"","129.5780","3.0807","0.0064"
"","129.6780","3.0706","0.0061"
"","129.7780","3.0609","0.0059"
"","129.8780","3.0508","0.0056"
"","129.9780","3.0407","0.0054"
"","130.0780","3.0306","0.0052"
"","130.1780","3.0209","0.0049"
"","130.2780","3.0107","0.0047"
"","130.3780","3.0007","0.0045"
"","130.4780","2.9907","0.0044"
"","130.5780","2.9807","0.0042"
"","130.6780","2.9707","0.0040"
"","130.7780","2.9607","0.0038"
"","130.8780","2.9509","0.0037"
"","130.9780","2.9405","0.0035"
"","131.0780","2.9307","0.0033"
"","131.1780","2.9208","0.0031"
"","131.2780","2.9109","0.0030"
"","131.3780","2.9006","0.0029"
"","131.4780","2.8908","0.0027"
"","131.5780","2.8809","0.0026"
"","131.6780","2.8706","0.0025"
"","131.7780","2.8605","0.0024"
"","131.8780","2.8507","0.0023"
"","131.9780","2.8410","0.0022"
"","132.0780","2.8306","0.0021"
"","132.1780","2.8206","0.0020"
"","132.2780","2.8109","0.0019"
"","132.3780","2.8008","0.0019"
"","132.4780","2.7906","0.0018"
"","132.5780","2.7806","0.0017"
"","132.6780","2.7710","0.0017"
"","132.7780","2.7607","0.0016"
"","132.8780","2.7506","0.0016"
"","132.9780","2.7408","0.0015"
"","133.0780","2.7307","0.0015"
"","133.1780","2.7208","0.0014"
"","133.2780","2.7107","0.0014"
"","133.3780","2.7010","0.0013"
"","133.4780","2.6905","0.0013"
"","133.5780","2.6806","0.0012"
"","133.6780","2.6707","0.0012"
"","133.7780","2.6608","0.0011"
"","133.8780","2.6507","0.0011"
"","133.9780","2.6408","0.0011"
"","134.0780","2.6310","0.0010"
"","134.1780","2.6206","0.0010"
"","134.2780","2.6105","0.0010"
"","134.3780","2.6007","0.0010"
"","134.4780","2.5910","0.0009"
"","134.5780","2.5807","0.0009"
"","134.6780","2.5706","0.0009"
"","134.7780","2.5608","0.0008"
"","134.8780","2.5508","0.0008"
"","134.9780","2.5407","0.0008"
"","135.0780","2.5306","0.0008"
"","135.1780","2.5209","0.0007"
"","135.2780","2.5108","0.0007"
"","135.3780","2.5006","0.0007"
"","135.4780","2.4907","0.0007"
"","135.5780","2.4808","0.0006"
"","135.6780","2.4708","0.0006"
"","135.7780","2.4606","0.0006"
"","135.8780","2.4509","0.0006"
"","135.9780","2.4405","0.0006"
"","136.0780","2.4307","0.0005"
"","136.1780","2.4207","0.0005"
"","136.2780","2.4108","0.0005"
"","136.3780","2.4006","0.0005"
"","136.4780","2.3907","0.0005"
"","136.5780","2.3809","0.0004"
"","136.6780","2.3707","0.0004"
"","136.7780","2.3606","0.0004"
"","136.8780","2.3507","0.0004"
"","136.9780","2.3410","0.0004"
"","137.0780","2.3307","0.0004"
"","137.1780","2.3206","0.0004"
"","137.2780","2.3108","0.0004"
"","137.3780","2.3007","0.0004"
"","137.4780","2.2907","0.0003"
"","137.5780","2.2806","0.0003"
"","137.6780","2.2709","0.0003"
"","137.7780","2.2607","0.0003"
"","137.8780","2.2507","0.0003"
"","137.9780","2.2407","0.0003"
"","138.0780","2.2308","0.0003"
"","138.1780","2.2208","0.0003"
"","138.2780","2.2106","0.0003"
"","138.3780","2.2009","0.0003"
"","138.4780","2.1906","0.0003"
"","138.5780","2.1807","0.0003"
"","138.6780","2.1709","0.0003"
"","138.7780","2.1609","0.0003"
"","138.8780","2.1506","0.0003"
"","138.9780","2.1407","0.0003"
"","139.0780","2.1309","0.0003"
"","139.1780","2.1206","0.0002"
"","139.2780","2.1105","0.0002"
"","139.3780","2.1007","0.0002"
"","139.4780","2.0910","0.0002"
"","139.5780","2.0807","0.0002"
"","139.6780","2.0705","0.0002"
"","139.7780","2.0609","0.0002"
"","139.8780","2.0507","0.0002"
"","139.9780","2.0406","0.0002"
"","140.0780","2.0306","0.0002"
"","140.1780","2.0209","0.0002"
"","140.2780","2.0107","0.0002"
"","140.3780","2.0006","0.0002"
"","140.4780","1.9908","0.0002"
"","140.5780","1.9806","0.0002"
"","140.6780","1.9708","0.0002"
"","140.7780","1.9607","0.0002"
"","140.8780","1.9510","0.0002"
"","140.9780","1.9404","0.0002"
"","141.0780","1.9306","0.0002"
"","141.1780","1.9207","0.0002"
"","141.2780","1.9109","0.0002"
"","141.3780","1.9006","0.0001"
"","141.4780","1.8907","0.0002"
"","141.5780","1.8810","0.0001"
"","141.6780","1.8707","0.0001"
"","141.7780","1.8605","0.0001"
"","141.8780","1.8507","0.0001"
"","141.9780","1.8410","0.0001"
"","142.0780","1.8307","0.0001"
"","142.1780","1.8206","0.0001"
"","142.2780","1.8108","0.0001"
"","142.3780","1.8008","0.0001"
"","142.4780","1.7907","0.0001"
"","142.5780","1.7806","0.0001"
"","142.6780","1.7709","0.0001"
"","142.7780","1.7607","0.0001"
"","142.8780","1.7507","0.0001"
"","142.9780","1.7407","0.0001"
"","143.0780","1.7308","0.0001"
"","143.1780","1.7208","0.0001"
"","143.2780","1.7107","0.0001"
"","143.3780","1.7009","0.0001"
"","143.4780","1.6906","0.0001"
"","143.5780","1.6806","0.0001"
"","143.6780","1.6707","0.0001"
"","143.7780","1.6608","0.0001"
"","143.8780","1.6507","0.0001"
"","143.9780","1.6406","0.0001"
"","144.0780","1.6309","0.0001"
"","144.1780","1.6206","0.0001"
"","144.2780","1.6107","0.0001"
"","144.3780","1.6007","0.0001"
"","144.4780","1.5910","0.0001"
"","144.5780","1.5807","0.0001"
"","144.6780","1.5706","0.0001"
"","144.7780","1.5608","0.0000"
"","144.8780","1.5508","0.0001"
"","144.9780","1.5407","0.0000"
"","145.0780","1.5306","0.0001"
"","145.1780","1.5209","0.0001"
"","145.2780","1.5107","0.0001"
"","145.3780","1.5007","0.0000"
"","145.4780","1.4907","0.0000"
"","145.5780","1.4807","0.0000"
"","145.6780","1.4707","0.0000"
"","145.7780","1.4607","0.0000"
"","145.8780","1.4509","0.0000"
"","145.9780","1.4405","0.0000"
"","146.0780","1.4307","0.0000"
"","146.1780","1.4209","0.0000"
"","146.2780","1.4109","0.0000"
"","146.3780","1.4006","0.0000"
"","146.4780","1.3908","0.0000"
"","146.5780","1.3809","0.0000"
"","146.6780","1.3706","0.0000"
"","146.7780","1.3605","0.0000"
"","146.8780","1.3508","0.0000"
"","146.9780","1.3410","0.0000"
"","147.0780","1.3306","0.0000"
"","147.1780","1.3205","0.0000"
"","147.2780","1.3109","0.0000"
"","147.3780","1.3008","0.0000"
"","147.4780","1.2906","0.0000"
"","147.5780","1.2806","0.0000"
"","147.6780","1.2710","0.0000"
"","147.7780","1.2607","0.0000"
"","147.8780","1.2506","0.0000"
"","147.9780","1.2408","0.0000"
"","148.0780","1.2307","0.0000"
"","148.1780","1.2207","0.0000"
"","148.2780","1.2106","0.0000"
"","148.3780","1.2010","0.0000"
"","148.4780","1.1905","0.0000"
"","148.5780","1.1806","0.0000"
"","148.6780","1.1707","0.0000"
"","148.7780","1.1609","0.0000"
"","148.8780","1.1506","0.0000"
"","148.9780","1.1407","0.0000"
"","149.0780","1.1310","0.0000"
"","149.1780","1.1206","0.0000"
"","149.2780","1.1104","0.0000"
"","149.3780","1.1007","0.0000"
"","149.4780","1.0910","0.0000"
"","149.5780","1.0807","0.0000"
"","149.6780","1.0706","0.0000"
"","149.7780","1.0609","0.0000"
"","149.8780","1.0508","0.0000"
"","149.9780","1.0407","0.0000"
"","150.0780","1.0306","0.0000"
"","150.1780","1.0209","0.0000"
"","150.2780","1.0108","0.0000"
"","150.3780","1.0006","0.0000"
"","150.4780","0.9907","0.0000"
"","150.5780","0.9808","0.0000"
"","150.6780","0.9708","0.0000"
"","150.7780","0.9607","0.0000"
"","150.8780","0.9509","0.0000"
"","150.9780","0.9406","0.0000"
"","151.0780","0.9307","0.0000"
"","151.1780","0.9207","0.0000"
"","151.2780","0.9109","0.0000"
"","151.3780","0.9006","0.0000"
"","151.4780","0.8907","0.0000"
"","151.5780","0.8810","0.0000"
"","151.6780","0.8707","0.0000"
"","151.7780","0.8606","0.0000"
"","151.8780","0.8507","0.0000"
"","151.9780","0.8410","0.0000"
"","152.0780","0.8307","0.0000"
"","152.1780","0.8206","0.0000"
"","152.2780","0.8109","0.0000"
"","152.3780","0.8008","0.0000"
"","152.4780","0.7907","0.0000"
"","152.5780","0.7806","0.0000"
"","152.6780","0.7710","0.0000"
"","152.7780","0.7607","0.0000"
"","152.8780","0.7507","0.0000"
"","152.9780","0.7407","0.0000"
"","153.0780","0.7308","0.0000"
"","153.1780","0.7207","0.0000"
"","153.2780","0.7107","0.0000"
"","153.3780","0.7009","0.0000"
"","153.4780","0.6905","0.0000"
"","153.5780","0.6806","0.0000"
"","153.6780","0.6707","0.0000"
"","153.7780","0.6609","0.0000"
"","153.8780","0.6507","0.0000"
"","153.9780","0.6408","0.0000"
"","154.0780","0.6309","0.0000"
"","154.1780","0.6206","0.0000"
"","154.2780","0.6105","0.0000"
"","154.3780","0.6007","0.0000"
"","154.4780","0.5909","0.0000"
"","154.5780","0.5806","0.0000"
"","154.6780","0.5706","0.0000"
"","154.7780","0.5610","0.0000"
"","154.8780","0.5507","0.0000"
"","154.9780","0.5406","0.0000"
"","155.0780","0.5306","0.0000"
"","155.1780","0.5210","-0.0001"
"","155.2780","0.5107","0.0000"
"","155.3780","0.5006","0.0000"
"","155.4780","0.4908","0.0000"
"","155.5780","0.4808","0.0000"
"","155.6780","0.4707","0.0000"
"","155.7780","0.4607","0.0000"
"","155.8780","0.4510","0.0000"
"","155.9780","0.4406","0.0000"
"","156.0780","0.4306","0.0000"
"","156.1780","0.4207","0.0000"
"","156.2780","0.4108","0.0000"
"","156.3780","0.4006","0.0000"
"","156.4780","0.3907","0.0000"
"","156.5780","0.3810","0.0000"
"","156.6780","0.3706","0.0000"
"","156.7780","0.3605","0.0000"
"","156.8780","0.3507","0.0000"
"","156.9780","0.3409","-0.0001"
"","157.0780","0.3307","0.0000"
"","157.1780","0.3206","0.0000"
"","157.2780","0.3109","0.0000"
"","157.3780","0.3008","0.0000"
"","157.4780","0.2907","0.0000"
"","157.5780","0.2806","-0.0001"
"","157.6780","0.2709","0.0000"
"","157.7780","0.2608","0.0000"
"","157.8780","0.2506","0.0000"
"","157.9780","0.2407","0.0000"
"","158.0780","0.2308","0.0000"
"","158.1780","0.2208","-0.0001"
"","158.2780","0.2106","0.0000"
"","158.3780","0.2009","0.0000"
"","158.4780","0.1906","0.0000"
"","158.5780","0.1807","0.0000"
"","158.6780","0.1707","0.0000"
"","158.7780","0.1608","0.0000"
"","158.8780","0.1506","0.0000"
"","158.9780","0.1407","0.0000"
"","159.0780","0.1309","0.0000"
"","159.1780","0.1207","0.0000"
"","159.2780","0.1106","-0.0001"
"","159.3780","0.1007","0.0000"
"","159.4780","0.0910","0.0000"
"","159.5780","0.0807","0.0000"
"","159.6780","0.0706","0.0000"
"","159.7780","0.0609","0.0000"
"","159.8780","0.0507","0.0000"
"","159.9780","0.0407","0.0000"
"","160.0780","0.0306","0.0000"
"","160.1780","0.0210","0.0000"
"","160.2780","0.0107","0.0000"
"","160.3780","0.0007","0.0000"
"","160.3860","-0.0001","0.0000"
"","160.3870","-0.0002","0.0000"
"","160.3880","-0.0003","0.0000"
"","160.4880","-0.0006","0.0000"
"","160.5880","0.0071","0.0000"
"","160.6880","0.0190","0.0000"
"","160.7880","0.0292","0.0000"
"","160.8880","0.0393","0.0000"
"","160.9880","0.0494","0.0000"
"","161.0880","0.0594","0.0000"
"","161.1880","0.0692","0.0000"
"","161.2880","0.0794","0.0000"
"","161.3880","0.0893","0.0000"
"","161.4880","0.0992","0.0000"
"","161.5880","0.1094","0.0000"
"","161.6880","0.1194","0.0000"
"","161.7880","0.1294","0.0000"
"","161.8880","0.1390","0.0000"
"","161.9880","0.1494","0.0000"
"","162.0880","0.1594","0.0000"
"","162.1880","0.1693","0.0000"
"","162.2880","0.1792","0.0000"
"","162.3880","0.1894","0.0000"
"","162.4880","0.1995","0.0000"
"","162.5880","0.2091","0.0000"
"","162.6880","0.2193","0.0000"
"","162.7880","0.2293","-0.0001"
"","162.8880","0.2395","0.0000"
"","162.9880","0.2492","0.0000"
"","163.0880","0.2594","0.0000"
"","163.1880","0.2694","0.0000"
"","163.2880","0.2794","0.0000"
"","163.3880","0.2893","0.0000"
"","163.4880","0.2993","0.0000"
"","163.5880","0.3094","0.0000"
"","163.6880","0.3192","0.0000"
"","163.7880","0.3293","0.0000"
"","163.8880","0.3393","0.0000"
"","163.9880","0.3493","0.0000"
"","164.0880","0.3595","0.0000"
"","164.1880","0.3694","0.0000"
"","164.2880","0.3794","0.0000"
"","164.3880","0.3891","0.0000"
"","164.4880","0.3994","0.0000"
"","164.5880","0.4094","0.0000"
"","164.6880","0.4193","0.0000"
"","164.7880","0.4293","0.0000"
"","164.8880","0.4395","0.0000"
"","164.9880","0.4495","0.0000"
"","165.0880","0.4591","0.0000"
"","165.1880","0.4694","0.0000"
"","165.2880","0.4794","0.0000"
"","165.3880","0.4895","0.0000"
"","165.4880","0.4991","0.0000"
"","165.5880","0.5094","0.0000"
"","165.6880","0.5194","0.0000"
"","165.7880","0.5293","0.0000"
"","165.8880","0.5394","0.0000"
"","165.9880","0.5494","0.0000"
"","166.0880","0.5595","0.0000"
"","166.1880","0.5691","0.0000"
"","166.2880","0.5793","0.0000"
"","166.3880","0.5893","0.0000"
"","166.4880","0.5992","0.0000"
"","166.5880","0.6094","0.0000"
"","166.6880","0.6195","0.0000"
"","166.7880","0.6295","0.0000"
"","166.8880","0.6391","0.0000"
"","166.9880","0.6493","0.0000"
"","167.0880","0.6594","0.0000"
"","167.1880","0.6692","0.0000"
"","167.2880","0.6792","0.0000"
"","167.3880","0.6894","0.0000"
"","167.4880","0.6996","0.0000"
"","167.5880","0.7091","0.0000"
"","167.6880","0.7194","0.0000"
"","167.7880","0.7294","0.0000"
"","167.8880","0.7395","0.0000"
"","167.9880","0.7491","0.0000"
"","168.0880","0.7593","0.0000"
"","168.1880","0.7694","0.0000"
"","168.2880","0.7793","0.0000"
"","168.3880","0.7894","0.0000"
"","168.4880","0.7994","0.0000"
"","168.5880","0.8095","0.0000"
"","168.6880","0.8191","0.0000"
"","168.7880","0.8294","0.0000"
"","168.8880","0.8393","0.0000"
"","168.9880","0.8493","0.0000"
"","169.0880","0.8594","0.0000"
"","169.1880","0.8695","0.0000"
"","169.2880","0.8794","0.0000"
"","169.3880","0.8891","0.0000"
"","169.4880","0.8994","0.0000"
"","169.5880","0.9095","0.0000"
"","169.6880","0.9193","0.0000"
"","169.7880","0.9292","0.0000"
"","169.8880","0.9394","0.0000"
"","169.9880","0.9495","0.0000"
"","170.0880","0.9591","0.0000"
"","170.1880","0.9693","0.0000"
"","170.2880","0.9793","0.0000"
"","170.3880","0.9895","0.0000"
"","170.4880","0.9992","0.0000"
"","170.5880","1.0093","0.0000"
"","170.6880","1.0194","0.0000"
"","170.7880","1.0294","0.0000"
"","170.8880","1.0394","0.0000"
"","170.9880","1.0493","0.0000"
"","171.0880","1.0594","0.0000"
"","171.1880","1.0692","0.0000"
"","171.2880","1.0794","0.0000"
"","171.3880","1.0893","0.0000"
"","171.4880","1.0993","0.0000"
"","171.5880","1.1095","0.0001"
"","171.6880","1.1195","0.0000"
"","171.7880","1.1294","0.0001"
"","171.8880","1.1391","0.0001"
"","171.9880","1.1494","0.0001"
"","172.0880","1.1595","0.0001"
"","172.1880","1.1693","0.0001"
"","172.2880","1.1793","0.0001"
"","172.3880","1.1895","0.0001"
"","172.4880","1.1995","0.0001"
"","172.5880","1.2091","0.0001"
"","172.6880","1.2194","0.0001"
"","172.7880","1.2294","0.0001"
"","172.8880","1.2394","0.0001"
"","172.9880","1.2492","0.0001"
"","173.0880","1.2594","0.0001"
"","173.1880","1.2693","0.0001"
"","173.2880","1.2793","0.0001"
"","173.3880","1.2895","0.0001"
"","173.4880","1.2994","0.0001"
"","173.5880","1.3094","0.0001"
"","173.6880","1.3191","0.0001"
"","173.7880","1.3295","0.0001"
"","173.8880","1.3394","0.0001"
"","173.9880","1.3492","0.0001"
"","174.0880","1.3593","0.0001"
"","174.1880","1.3695","0.0001"
"","174.2880","1.3795","0.0001"
"","174.3880","1.3891","0.0001"
"","174.4880","1.3993","0.0001"
"","174.5880","1.4094","0.0002"
"","174.6880","1.4193","0.0001"
"","174.7880","1.4292","0.0002"
"","174.8880","1.4394","0.0002"
"","174.9880","1.4495","0.0002"
"","175.0880","1.4591","0.0002"
"","175.1880","1.4693","0.0002"
"","175.2880","1.4794","0.0002"
"","175.3880","1.4895","0.0002"
"","175.4880","1.4992","0.0002"
"","175.5880","1.5093","0.0002"
"","175.6880","1.5194","0.0002"
"","175.7880","1.5292","0.0002"
"","175.8880","1.5394","0.0002"
"","175.9880","1.5494","0.0002"
"","176.0880","1.5595","0.0002"
"","176.1880","1.5691","0.0002"
"","176.2880","1.5794","0.0002"
"","176.3880","1.5893","0.0002"
"","176.4880","1.5992","0.0002"
"","176.5880","1.6093","0.0002"
"","176.6880","1.6195","0.0002"
"","176.7880","1.6295","0.0002"
"","176.8880","1.6390","0.0002"
"","176.9880","1.6494","0.0003"
"","177.0880","1.6594","0.0003"
"","177.1880","1.6693","0.0003"
"","177.2880","1.6792","0.0003"
"","177.3880","1.6895","0.0003"
"","177.4880","1.6995","0.0003"
"","177.5880","1.7091","0.0003"
"","177.6880","1.7193","0.0003"
"","177.7880","1.7294","0.0003"
"","177.8880","1.7395","0.0003"
"","177.9880","1.7493","0.0003"
"","178.0880","1.7593","0.0003"
"","178.1880","1.7694","0.0003"
"","178.2880","1.7793","0.0003"
"","178.3880","1.7895","0.0003"
"","178.4880","1.7993","0.0003"
"","178.5880","1.8094","0.0003"
"","178.6880","1.8191","0.0003"
"","178.7880","1.8294","0.0004"
"","178.8880","1.8393","0.0004"
"","178.9880","1.8492","0.0004"
"","179.0880","1.8595","0.0004"
"","179.1880","1.8695","0.0004"
"","179.2880","1.8793","0.0004"
"","179.3880","1.8890","0.0004"
"","179.4880","1.8994","0.0004"
"","179.5880","1.9095","0.0004"
"","179.6880","1.9193","0.0004"
"","179.7880","1.9293","0.0004"
"","179.8880","1.9395","0.0005"
"","179.9880","1.9496","0.0005"
"","180.0880","1.9591","0.0005"
"","180.1880","1.9694","0.0005"
"","180.2880","1.9794","0.0005"
"","180.3880","1.9895","0.0005"
"","180.4880","1.9991","0.0006"
"","180.5880","2.0094","0.0005"
"","180.6880","2.0193","0.0006"
"","180.7880","2.0293","0.0006"
"","180.8880","2.0395","0.0006"
"","180.9880","2.0494","0.0006"
"","181.0880","2.0594","0.0007"
"","181.1880","2.0691","0.0006"
"","181.2880","2.0794","0.0007"
"","181.3880","2.0893","0.0007"
"","181.4880","2.0992","0.0007"
"","181.5880","2.1093","0.0007"
"","181.6880","2.1195","0.0008"
"","181.7880","2.1294","0.0007"
"","181.8880","2.1391","0.0008"
"","181.9880","2.1493","0.0008"
"","182.0880","2.1595","0.0008"
"","182.1880","2.1693","0.0008"
"","182.2880","2.1792","0.0009"
"","182.3880","2.1894","0.0009"
"","182.4880","2.1996","0.0009"
"","182.5880","2.2091","0.0009"
"","182.6880","2.2194","0.0009"
"","182.7880","2.2294","0.0010"
"","182.8880","2.2395","0.0010"
"","182.9880","2.2492","0.0010"
"","183.0880","2.2593","0.0010"
"","183.1880","2.2694","0.0011"
"","183.2880","2.2793","0.0011"
"","183.3880","2.2894","0.0011"
"","183.4880","2.2994","0.0011"
"","183.5880","2.3095","0.0012"
"","183.6880","2.3192","0.0012"
"","183.7880","2.3295","0.0012"
"","183.8880","2.3393","0.0012"
"","183.9880","2.3492","0.0013"
"","184.0880","2.3594","0.0013"
"","184.1880","2.3695","0.0013"
"","184.2880","2.3795","0.0014"
"","184.3880","2.3891","0.0014"
"","184.4880","2.3993","0.0015"
"","184.5880","2.4095","0.0015"
"","184.6880","2.4193","0.0016"
"","184.7880","2.4292","0.0016"
"","184.8880","2.4395","0.0017"
"","184.9880","2.4495","0.0017"
"","185.0880","2.4591","0.0018"
"","185.1880","2.4693","0.0018"
"","185.2880","2.4794","0.0019"
"","185.3880","2.4895","0.0019"
"","185.4880","2.4992","0.0020"
"","185.5880","2.5093","0.0021"
"","185.6880","2.5194","0.0021"
"","185.7880","2.5293","0.0022"
"","185.8880","2.5394","0.0022"
"","185.9880","2.5493","0.0023"
"","186.0880","2.5594","0.0024"
"","186.1880","2.5692","0.0025"
"","186.2880","2.5793","0.0026"
"","186.3880","2.5893","0.0027"
"","186.4880","2.5992","0.0028"
"","186.5880","2.6094","0.0029"
"","186.6880","2.6196","0.0030"
"","186.7880","2.6294","0.0031"
"","186.8880","2.6391","0.0033"
"","186.9880","2.6494","0.0034"
"","187.0880","2.6595","0.0035"
"","187.1880","2.6693","0.0037"
"","187.2880","2.6793","0.0038"
"","187.3880","2.6895","0.0040"
"","187.4880","2.6995","0.0042"
"","187.5880","2.7091","0.0043"
"","187.6880","2.7194","0.0045"
"","187.7880","2.7294","0.0047"
"","187.8880","2.7395","0.0049"
"","187.9880","2.7491","0.0051"
"","188.0880","2.7594","0.0053"
"","188.1880","2.7694","0.0055"
"","188.2880","2.7793","0.0057"
"","188.3880","2.7894","0.0060"
"","188.4880","2.7994","0.0061"
"","188.5880","2.8095","0.0064"
"","188.6880","2.8192","0.0066"
"","188.7880","2.8294","0.0068"
"","188.8880","2.8394","0.0071"
"","188.9880","2.8493","0.0074"
"","189.0880","2.8594","0.0076"
"","189.1880","2.8695","0.0080"
"","189.2880","2.8794","0.0082"
"","189.3880","2.8891","0.0086"
"","189.4880","2.8994","0.0089"
"","189.5880","2.9095","0.0092"
"","189.6880","2.9193","0.0096"
"","189.7880","2.9292","0.0099"
"","189.8880","2.9394","0.0103"
"","189.9880","2.9496","0.0107"
"","190.0880","2.9591","0.0110"
"","190.1880","2.9693","0.0114"
"","190.2880","2.9794","0.0119"
"","190.3880","2.9895","0.0123"
"","190.4880","2.9992","0.0127"
"","190.5880","3.0093","0.0132"
"","190.6880","3.0194","0.0137"
"","190.7880","3.0293","0.0141"
"","190.8880","3.0394","0.0147"
"","190.9880","3.0494","0.0152"
"","191.0880","3.0595","0.0157"
"","191.1880","3.0691","0.0162"
"","191.2880","3.0794","0.0169"
"","191.3880","3.0893","0.0175"
"","191.4880","3.0992","0.0180"
"","191.5880","3.1093","0.0187"
"","191.6880","3.1195","0.0193"
"","191.7880","3.1294","0.0200"
"","191.8880","3.1391","0.0207"
"","191.9880","3.1494","0.0214"
"","192.0880","3.1595","0.0220"
"","192.1880","3.1693","0.0228"
"","192.2880","3.1792","0.0235"
"","192.3880","3.1894","0.0242"
"","192.4880","3.1995","0.0250"
"","192.5880","3.2091","0.0257"
"","192.6880","3.2193","0.0265"
"","192.7880","3.2294","0.0274"
"","192.8880","3.2395","0.0282"
"","192.9880","3.2492","0.0289"
"","193.0880","3.2593","0.0298"
"","193.1880","3.2693","0.0306"
"","193.2880","3.2793","0.0315"
"","193.3880","3.2893","0.0324"
"","193.4880","3.2994","0.0333"
"","193.5880","3.3094","0.0340"
"","193.6880","3.3191","0.0342"
"","193.7880","3.3293","0.0345"
"","193.8880","3.3393","0.0345"
"","193.9880","3.3493","0.0345"
"","194.0880","3.3594","0.0344"
"","194.1880","3.3695","0.0344"
"","194.2880","3.3794","0.0344"
"","194.3880","3.3891","0.0344"
"","194.4880","3.3995","0.0344"
"","194.5880","3.4093","0.0344"
"","194.6880","3.4193","0.0345"
"","194.7880","3.4293","0.0345"
"","194.8880","3.4395","0.0345"
"","194.9880","3.4495","0.0346"
"","195.0880","3.4591","0.0346"
"","195.1880","3.4694","0.0346"
"","195.2880","3.4794","0.0346"
"","195.3880","3.4894","0.0346"
"","195.4880","3.4991","0.0346"
"","195.5880","3.5095","0.0350"
"","195.6880","3.5194","0.0363"
"","195.7880","3.5293","0.0376"
"","195.8880","3.5393","0.0389"
"","195.9880","3.5494","0.0401"
"","196.0880","3.5595","0.0413"
"","196.1880","3.5692","0.0425"
"","196.2880","3.5794","0.0438"
"","196.3880","3.5894","0.0450"
"","196.4880","3.5993","0.0462"
"","196.5880","3.6094","0.0475"
"","196.6880","3.6193","0.0487"
"","196.7880","3.6294","0.0499"
"","196.8880","3.6392","0.0512"
"","196.9880","3.6494","0.0525"
"","197.0880","3.6594","0.0539"
"","197.1880","3.6693","0.0552"
"","197.2880","3.6792","0.0565"
"","197.3880","3.6895","0.0580"
"","197.4880","3.6995","0.0593"
"","197.5880","3.7091","0.0605"
"","197.6880","3.7194","0.0621"
"","197.7880","3.7294","0.0635"
"","197.8880","3.7395","0.0649"
"","197.9880","3.7491","0.0664"
"","198.0880","3.7593","0.0679"
"","198.1880","3.7695","0.0694"
"","198.2880","3.7792","0.0709"
"","198.3880","3.7894","0.0723"
"","198.4880","3.7994","0.0739"
"","198.5880","3.8095","0.0755"
"","198.6880","3.8191","0.0770"
"","198.7880","3.8294","0.0787"
"","198.8880","3.8393","0.0803"
"","198.9880","3.8492","0.0819"
"","199.0880","3.8593","0.0836"
"","199.1880","3.8695","0.0852"
"","199.2880","3.8794","0.0868"
"","199.3880","3.8891","0.0885"
"","199.4880","3.8994","0.0902"
"","199.5880","3.9095","0.0920"
"","199.6880","3.9193","0.0937"
"","199.7880","3.9292","0.0953"
"","199.8880","3.9394","0.0971"
"","199.9880","3.9495","0.0988"
"","200.0880","3.9591","0.1004"
"","200.1880","3.9693","0.1021"
"","200.2880","3.9793","0.1038"
"","200.3880","3.9895","0.1054"
"","200.4880","3.9992","0.1070"
"","200.4960","4.0000","0.1071"
"","200.4970","4.0001","0.1072"
"","200.4990","4.0003","0.1072"
"","200.5990","4.0008","0.1063"
"","200.6990","3.9933","0.1036"
"","200.7990","3.9814","0.0997"
"","200.8990","3.9709","0.0964"
"","200.9990","3.9608","0.0934"
"","201.0990","3.9510","0.0904"
"","201.1990","3.9407","0.0877"
"","201.2990","3.9308","0.0850"
"","201.3990","3.9208","0.0823"
"","201.4990","3.9109","0.0798"
"","201.5990","3.9007","0.0773"
"","201.6990","3.8908","0.0747"
"","201.7990","3.8810","0.0724"
"","201.8990","3.8707","0.0701"
"","201.9990","3.8606","0.0677"
"","202.0990","3.8508","0.0655"
"","202.1990","3.8410","0.0635"
"","202.2990","3.8308","0.0612"
"","202.3990","3.8207","0.0591"
"","202.4990","3.8109","0.0572"
"","202.5990","3.8008","0.0551"
"","202.6990","3.7908","0.0532"
"","202.7990","3.7806","0.0514"
"","202.8990","3.7709","0.0496"
"","202.9990","3.7607","0.0477"
"","203.0990","3.7507","0.0461"
"","203.1990","3.7408","0.0443"
"","203.2990","3.7309","0.0428"
"","203.3990","3.7208","0.0412"
"","203.4990","3.7107","0.0396"
"","203.5990","3.7009","0.0382"
"","203.6990","3.6907","0.0368"
"","203.7990","3.6807","0.0353"
"","203.8990","3.6708","0.0340"
"","203.9990","3.6609","0.0330"
"","204.0990","3.6507","0.0329"
"","204.1990","3.6407","0.0329"
"","204.2990","3.6309","0.0328"
"","204.3990","3.6206","0.0328"
"","204.4990","3.6107","0.0328"
"","204.5990","3.6007","0.0329"
"","204.6990","3.5909","0.0329"
"","204.7990","3.5807","0.0329"
"","204.8990","3.5706","0.0329"
"","204.9990","3.5610","0.0329"
"","205.0990","3.5508","0.0329"
"","205.1990","3.5406","0.0329"
"","205.2990","3.5307","0.0328"
"","205.3990","3.5210","0.0328"
"","205.4990","3.5107","0.0327"
"","205.5990","3.5006","0.0327"
"","205.6990","3.4908","0.0327"
"","205.7990","3.4808","0.0326"
"","205.8990","3.4708","0.0319"
"","205.9990","3.4607","0.0304"
"","206.0990","3.4511","0.0291"
"","206.1990","3.4405","0.0278"
"","206.2990","3.4306","0.0268"
"","206.3990","3.4208","0.0258"
"","206.4990","3.4109","0.0247"
"","206.5990","3.4007","0.0238"
"","206.6990","3.3907","0.0228"
"","206.7990","3.3810","0.0218"
"","206.8990","3.3707","0.0210"
"","206.9990","3.3605","0.0200"
"","207.0990","3.3507","0.0192"
"","207.1990","3.3410","0.0185"
"","207.2990","3.3307","0.0177"
"","207.3990","3.3206","0.0169"
"","207.4990","3.3109","0.0163"
"","207.5990","3.3009","0.0156"
"","207.6990","3.2907","0.0149"
"","207.7990","3.2807","0.0143"
"","207.8990","3.2709","0.0137"
"","207.9990","3.2608","0.0131"
"","208.0990","3.2507","0.0125"
"","208.1990","3.2408","0.0120"
"","208.2990","3.2309","0.0115"
"","208.3990","3.2208","0.0110"
"","208.4990","3.2107","0.0105"
"","208.5990","3.2010","0.0100"
"","208.6990","3.1906","0.0097"
"","208.7990","3.1808","0.0092"
"","208.8990","3.1707","0.0088"
"","208.9990","3.1609","0.0085"
"","209.0990","3.1507","0.0081"
"","209.1990","3.1408","0.0077"
"","209.2990","3.1310","0.0074"
"","209.3990","3.1207","0.0071"
"","209.4990","3.1106","0.0068"
"","209.5990","3.1008","0.0065"
"","209.6990","3.0910","0.0062"
"","209.7990","3.0807","0.0059"
"","209.8990","3.0706","0.0057"
"","209.9990","3.0609","0.0054"
"","210.0990","3.0508","0.0052"
"","210.1990","3.0407","0.0050"
"","210.2990","3.0306","0.0048"
"","210.3990","3.0209","0.0046"
"","210.4990","3.0107","0.0044"
"","210.5990","3.0007","0.0042"
"","210.6990","2.9908","0.0040"
"","210.7990","2.9808","0.0039"
"","210.8990","2.9708","0.0037"
"","210.9990","2.9607","0.0035"
"","211.0990","2.9509","0.0034"
"","211.1990","2.9406","0.0032"
"","211.2990","2.9307","0.0030"
"","211.3990","2.9209","0.0028"
"","211.4990","2.9109","0.0027"
"","211.5990","2.9007","0.0026"
"","211.6990","2.8908","0.0025"
"","211.7990","2.8810","0.0024"
"","211.8990","2.8707","0.0023"
"","211.9990","2.8605","0.0022"
"","212.0990","2.8508","0.0021"
"","212.1990","2.8410","0.0020"
"","212.2990","2.8307","0.0019"
"","212.3990","2.8206","0.0019"
"","212.4990","2.8109","0.0018"
"","212.5990","2.8008","0.0017"
"","212.6990","2.7906","0.0016"
"","212.7990","2.7806","0.0016"
"","212.8990","2.7710","0.0016"
"","212.9990","2.7607","0.0015"
"","213.0990","2.7507","0.0014"
"","213.1990","2.7408","0.0014"
"","213.2990","2.7308","0.0013"
"","213.3990","2.7208","0.0013"
"","213.4990","2.7107","0.0012"
"","213.5990","2.7011","0.0012"
"","213.6990","2.6905","0.0011"
"","213.7990","2.6806","0.0011"
"","213.8990","2.6708","0.0011"
"","213.9990","2.6609","0.0010"
"","214.0990","2.6507","0.0010"
"","214.1990","2.6408","0.0010"
"","214.2990","2.6311","0.0010"
"","214.3990","2.6207","0.0009"
"","214.4990","2.6105","0.0009"
"","214.5990","2.6007","0.0009"
"","214.6990","2.5910","0.0009"
"","214.7990","2.5808","0.0008"
"","214.8990","2.5706","0.0008"
"","214.9990","2.5609","0.0008"
"","215.0990","2.5509","0.0008"
"","215.1990","2.5407","0.0008"
"","215.2990","2.5306","0.0007"
"","215.3990","2.5209","0.0007"
"","215.4990","2.5108","0.0007"
"","215.5990","2.5007","0.0007"
"","215.6990","2.4907","0.0006"
"","215.7990","2.4809","0.0006"
"","215.8990","2.4708","0.0006"
"","215.9990","2.4607","0.0005"
"","216.0990","2.4509","0.0005"
"","216.1990","2.4406","0.0005"
"","216.2990","2.4308","0.0005"
"","216.3990","2.4208","0.0005"
"","216.4990","2.4109","0.0005"
"","216.5990","2.4006","0.0005"
"","216.6990","2.3908","0.0004"
"","216.7990","2.3810","0.0004"
"","216.8990","2.3707","0.0004"
"","216.9990","2.3606","0.0004"
"","217.0990","2.3507","0.0004"
"","217.1990","2.3410","0.0004"
"","217.2990","2.3307","0.0004"
"","217.3990","2.3206","0.0003"
"","217.4990","2.3109","0.0004"
"","217.5990","2.3008","0.0004"
"","217.6990","2.2908","0.0003"
"","217.7990","2.2807","0.0003"
"","217.8990","2.2709","0.0003"
"","217.9990","2.2607","0.0003"
"","218.0990","2.2508","0.0002"
"","218.1990","2.2408","0.0003"
"","218.2990","2.2308","0.0003"
"","218.3990","2.2208","0.0002"
"","218.4990","2.2107","0.0003"
"","218.5990","2.2009","0.0003"
"","218.6990","2.1906","0.0002"
"","218.7990","2.1808","0.0002"
"","218.8990","2.1709","0.0003"
"","218.9990","2.1609","0.0002"
"","219.0990","2.1506","0.0002"
"","219.1990","2.1408","0.0002"
"","219.2990","2.1310","0.0002"
"","219.3990","2.1207","0.0002"
"","219.4990","2.1105","0.0002"
"","219.5990","2.1008","0.0002"
"","219.6990","2.0910","0.0002"
"","219.7990","2.0807","0.0002"
"","219.8990","2.0706","0.0002"
"","219.9990","2.0610","0.0002"
"","220.0990","2.0508","0.0002"
"","220.1990","2.0407","0.0002"
"","220.2990","2.0306","0.0002"
"","220.3990","2.0209","0.0002"
"","220.4990","2.0108","0.0002"
"","220.5990","2.0007","0.0002"
"","220.6990","1.9908","0.0002"
"","220.7990","1.9807","0.0002"
"","220.8990","1.9708","0.0002"
"","220.9990","1.9607","0.0002"
"","221.0990","1.9510","0.0002"
"","221.1990","1.9405","0.0002"
"","221.2990","1.9306","0.0001"
"","221.3990","1.9208","0.0001"
"","221.4990","1.9109","0.0001"
"","221.5990","1.9007","0.0001"
"","221.6990","1.8907","0.0001"
"","221.7990","1.8811","0.0001"
"","221.8990","1.8707","0.0001"
"","221.9990","1.8605","0.0001"
"","222.0990","1.8507","0.0001"
"","222.1990","1.8410","0.0001"
"","222.2990","1.8307","0.0001"
"","222.3990","1.8206","0.0001"
"","222.4990","1.8108","0.0001"
"","222.5990","1.8009","0.0001"
"","222.6990","1.7908","0.0001"
"","222.7990","1.7806","0.0001"
"","222.8990","1.7709","0.0001"
"","222.9990","1.7608","0.0001"
"","223.0990","1.7507","0.0001"
"","223.1990","1.7408","0.0001"
"","223.2990","1.7308","0.0001"
"","223.3990","1.7208","0.0001"
"","223.4990","1.7107","0.0001"
"","223.5990","1.7009","0.0001"
"","223.6990","1.6907","0.0001"
"","223.7990","1.6807","0.0001"
"","223.8990","1.6707","0.0001"
"","223.9990","1.6609","0.0001"
"","224.0990","1.6507","0.0001"
"","224.1990","1.6407","0.0001"
"","224.2990","1.6310","0.0001"
"","224.3990","1.6207","0.0000"
"","224.4990","1.6107","0.0001"
"","224.5990","1.6007","0.0000"
"","224.6990","1.5910","0.0001"
"","224.7990","1.5807","0.0001"
"","224.8990","1.5707","0.0000"
"","224.9990","1.5608","0.0001"
"","225.0990","1.5508","0.0001"
"","225.1990","1.5408","0.0000"
"","225.2990","1.5307","0.0000"
"","225.3990","1.5209","0.0000"
"","225.4990","1.5107","0.0000"
"","225.5990","1.5008","0.0000"
"","225.6990","1.4908","0.0000"
"","225.7990","1.4808","0.0000"
"","225.8990","1.4708","0.0000"
"","225.9990","1.4607","0.0000"
"","226.0990","1.4509","0.0000"
"","226.1990","1.4406","0.0000"
"","226.2990","1.4307","0.0000"
"","226.3990","1.4209","0.0000"
"","226.4990","1.4109","0.0000"
"","226.5990","1.4007","0.0000"
"","226.6990","1.3908","0.0000"
"","226.7990","1.3810","0.0000"
"","226.8990","1.3707","0.0000"
"","226.9990","1.3606","0.0000"
"","227.0990","1.3508","0.0000"
"","227.1990","1.3410","0.0000"
"","227.2990","1.3307","0.0000"
"","227.3990","1.3206","0.0000"
"","227.4990","1.3110","0.0000"
"","227.5990","1.3008","0.0000"
"","227.6990","1.2907","0.0000"
"","227.7990","1.2806","0.0000"
"","227.8990","1.2710","0.0000"
"","227.9990","1.2608","0.0000"
"","228.0990","1.2507","0.0000"
"","228.1990","1.2408","0.0000"
"","228.2990","1.2308","0.0000"
"","228.3990","1.2208","0.0000"
"","228.4990","1.2107","0.0000"
"","228.5990","1.2010","0.0000"
"","228.6990","1.1905","0.0000"
"","228.7990","1.1807","0.0000"
"","228.8990","1.1708","0.0000"
"","228.9990","1.1609","0.0000"
"","229.0990","1.1507","0.0000"
"","229.1990","1.1408","0.0000"
"","229.2990","1.1310","0.0000"
"","229.3990","1.1207","0.0000"
"","229.4990","1.1105","0.0000"
"","229.5990","1.1007","0.0000"
"","229.6990","1.0910","-0.0001"
"","229.7990","1.0807","0.0000"
"","229.8990","1.0706","0.0000"
"","229.9990","1.0609","-0.0001"
"","230.0990","1.0509","0.0000"
"","230.1990","1.0408","-0.0001"
"","230.2990","1.0306","-0.0001"
"","230.3990","1.0209","0.0000"
"","230.4990","1.0108","0.0000"
"","230.5990","1.0007","-0.0001"
"","230.6990","0.9907","0.0000"
"","230.7990","0.9808","0.0000"
"","230.8990","0.9709","-0.0001"
"","230.9990","0.9607","-0.0001"
"","231.0990","0.9510","0.0000"
"","231.1990","0.9406","0.0000"
"","231.2990","0.9307","-0.0001"
"","231.3990","0.9208","-0.0001"
"","231.4990","0.9109","0.0000"
"","231.5990","0.9006","-0.0001"
"","231.6990","0.8908","-0.0001"
"","231.7990","0.8810","-0.0001"
"","231.8990","0.8707","0.0000"
"","231.9990","0.8606","-0.0001"
"","232.0990","0.8508","-0.0001"
"","232.1990","0.8410","0.0000"
"","232.2990","0.8307","0.0000"
"","232.3990","0.8206","-0.0001"
"","232.4990","0.8109","-0.0001"
"","232.5990","0.8008","0.0000"
"","232.6990","0.7907","0.0000"
"","232.7990","0.7806","-0.0001"
"","232.8990","0.7710","-0.0001"
"","232.9990","0.7607","0.0000"
"","233.0990","0.7507","-0.0001"
"","233.1990","0.7407","-0.0001"
"","233.2990","0.7309","0.0000"
"","233.3990","0.7208","0.0000"
"","233.4990","0.7107","-0.0001"
"","233.5990","0.7009","0.0000"
"","233.6990","0.6906","0.0000"
"","233.7990","0.6807","0.0000"
"","233.8990","0.6708","0.0000"
"","233.9990","0.6609","-0.0001"
"","234.0990","0.6507","0.0000"
"","234.1990","0.6408","0.0000"
"","234.2990","0.6310","-0.0001"
"","234.3990","0.6206","0.0000"
"","234.4990","0.6106","0.0000"
"","234.5990","0.6008","-0.0001"
"","234.6990","0.5910","-0.0001"
"","234.7990","0.5807","0.0000"
"","234.8990","0.5706","-0.0001"
"","234.9990","0.5610","0.0000"
"","235.0990","0.5508","0.0000"
"","235.1990","0.5406","-0.0001"
"","235.2990","0.5306","0.0000"
"","235.3990","0.5210","0.0000"
"","235.4990","0.5107","-0.0001"
"","235.5990","0.5006","-0.0001"
"","235.6990","0.4908","-0.0001"
"","235.7990","0.4808","-0.0001"
"","235.8990","0.4708","0.0000"
"","235.9990","0.4607","-0.0001"
"","236.0990","0.4511","-0.0001"
"","236.1990","0.4406","0.0000"
"","236.2990","0.4306","0.0000"
"","236.3990","0.4208","-0.0001"
"","236.4990","0.4109","-0.0001"
"","236.5990","0.4006","0.0000"
"","236.6990","0.3907","-0.0001"
"","236.7990","0.3810","-0.0001"
"","236.8990","0.3707","0.0000"
"","236.9990","0.3605","0.0000"
"","237.0990","0.3507","-0.0001"
"","237.1990","0.3410","-0.0001"
"","237.2990","0.3307","0.0000"
"","237.3990","0.3206","0.0000"
"","237.4990","0.3109","0.0000"
"","237.5990","0.3009","-0.0001"
"","237.6990","0.2907","-0.0001"
"","237.7990","0.2806","0.0000"
"","237.8990","0.2710","0.0000"
"","237.9990","0.2608","-0.0001"
"","238.0990","0.2507","0.0000"
"","238.1990","0.2407","0.0000"
"","238.2990","0.2308","-0.0001"
"","238.3990","0.2208","-0.0001"
"","238.4990","0.2107","0.0000"
"","238.5990","0.2009","-0.0001"
"","238.6990","0.1906","-0.0001"
"","238.7990","0.1807","0.0000"
"","238.8990","0.1707","-0.0001"
"","238.9990","0.1609","-0.0001"
"","239.0990","0.1507","0.0000"
"","239.1990","0.1408","-0.0001"
"","239.2990","0.1310","0.0000"
"","239.3990","0.1207","0.0000"
"","239.4990","0.1106","-0.0001"
"","239.5990","0.1008","0.0000"
"","239.6990","0.0910","0.0000"
"","239.7990","0.0807","-0.0001"
"","239.8990","0.0706","0.0000"
"","239.9990","0.0609","0.0000"
"","240.0990","0.0508","-0.0001"
"","240.1990","0.0407","-0.0001"
"","240.2990","0.0306","0.0000"
"","240.3990","0.0210","0.0000"
"","240.4990","0.0107","-0.0001"
"","240.5990","0.0008","0.0000"
"","240.6070","0.0000","0.0000"
"","240.6080","-0.0001","0.0000"
"","240.6090","-0.0002","0.0000"
"","240.7090","-0.0006","0.0000"
"","240.8090","0.0071","0.0000"
"","240.9090","0.0190","0.0000"
"","241.0090","0.0292","-0.0001"
"","241.1090","0.0393","-0.0001"
"","241.2090","0.0494","0.0000"
"","241.3090","0.0595","-0.0001"
"","241.4090","0.0692","-0.0001"
"","241.5090","0.0794","0.0000"
"","241.6090","0.0894","-0.0001"
"","241.7090","0.0993","-0.0001"
"","241.8090","0.1094","0.0000"
"","241.9090","0.1195","0.0000"
"","242.0090","0.1294","-0.0001"
"","242.1090","0.1391","-0.0001"
"","242.2090","0.1494","0.0000"
"","242.3090","0.1594","-0.0001"
"","242.4090","0.1693","-0.0001"
"","242.5090","0.1792","0.0000"
"","242.6090","0.1895","-0.0001"
"","242.7090","0.1996","-0.0001"
"","242.8090","0.2091","-0.0001"
"","242.9090","0.2193","0.0000"
"","243.0090","0.2293","-0.0001"
"","243.1090","0.2395","-0.0001"
"","243.2090","0.2492","-0.0001"
"","243.3090","0.2594","0.0000"
"","243.4090","0.2695","-0.0001"
"","243.5090","0.2794","0.0000"
"","243.6090","0.2894","0.0000"
"","243.7090","0.2994","0.0000"
"","243.8090","0.3094","-0.0001"
"","243.9090","0.3192","-0.0001"
"","244.0090","0.3293","-0.0001"
"","244.1090","0.3393","-0.0001"
"","244.2090","0.3493","-0.0001"
"","244.3090","0.3595","0.0000"
"","244.4090","0.3694","0.0000"
"","244.5090","0.3794","-0.0001"
"","244.6090","0.3891","-0.0001"
"","244.7090","0.3994","0.0000"
"","244.8090","0.4094","-0.0001"
"","244.9090","0.4193","0.0000"
"","245.0090","0.4293","-0.0001"
"","245.1090","0.4395","0.0000"
"","245.2090","0.4496","-0.0001"
"","245.3090","0.4591","-0.0001"
"","245.4090","0.4694","0.0000"
"","245.5090","0.4794","0.0000"
"","245.6090","0.4895","0.0000"
"","245.7090","0.4992","0.0000"
"","245.8090","0.5094","-0.0001"
"","245.9090","0.5194","-0.0001"
"","246.0090","0.5293","0.0000"
"","246.1090","0.5394","0.0000"
"","246.2090","0.5495","0.0000"
"","246.3090","0.5595","-0.0001"
"","246.4090","0.5692","0.0000"
"","246.5090","0.5794","0.0000"
"","246.6090","0.5893","0.0000"
"","246.7090","0.5993","-0.0001"
"","246.8090","0.6094","-0.0001"
"","246.9090","0.6195","0.0000"
"","247.0090","0.6295","0.0000"
"","247.1090","0.6392","-0.0001"
"","247.2090","0.6493","0.0000"
"","247.3090","0.6594","0.0000"
"","247.4090","0.6693","0.0000"
"","247.5090","0.6793","-0.0001"
"","247.6090","0.6894","-0.0001"
"","247.7090","0.6996","0.0000"
"","247.8090","0.7091","-0.0001"
"","247.9090","0.7194","0.0000"
"","248.0090","0.7294","0.0000"
"","248.1090","0.7395","0.0000"
"","248.2090","0.7492","-0.0001"
"","248.3090","0.7594","0.0000"
"","248.4090","0.7694","0.0000"
"","248.5090","0.7793","0.0000"
"","248.6090","0.7894","0.0000"
"","248.7090","0.7994","0.0000"
"","248.8090","0.8095","0.0000"
"","248.9090","0.8192","0.0000"
"","249.0090","0.8294","0.0000"
"","249.1090","0.8394","0.0000"
"","249.2090","0.8493","0.0000"
"","249.3090","0.8594","0.0000"
"","249.4090","0.8695","0.0000"
"","249.5090","0.8794","0.0000"
"","249.6090","0.8891","0.0000"
"","249.7090","0.8994","0.0000"
"","249.8090","0.9095","0.0000"
"","249.9090","0.9193","0.0000"
"","250.0090","0.9292","0.0000"
"","250.1090","0.9395","0.0000"
"","250.2090","0.9496","0.0000"
"","250.3090","0.9591","0.0000"
"","250.4090","0.9693","0.0000"
"","250.5090","0.9794","0.0000"
"","250.6090","0.9895","0.0000"
"","250.7090","0.9992","0.0000"
"","250.8090","1.0094","0.0000"
"","250.9090","1.0194","0.0000"
"","251.0090","1.0294","0.0000"
"","251.1090","1.0394","0.0000"
"","251.2090","1.0494","0.0000"
"","251.3090","1.0594","0.0000"
"","251.4090","1.0692","0.0000"
"","251.5090","1.0794","0.0000"
"","251.6090","1.0894","0.0000"
"","251.7090","1.0993","0.0000"
"","251.8090","1.1095","0.0000"
"","251.9090","1.1195","0.0000"
"","252.0090","1.1294","0.0000"
"","252.1090","1.1391","0.0001"
"","252.2090","1.1495","0.0000"
"","252.3090","1.1595","0.0000"
"","252.4090","1.1693","0.0000"
"","252.5090","1.1793","0.0000"
"","252.6090","1.1895","0.0001"
"","252.7090","1.1996","0.0001"
"","252.8090","1.2091","0.0001"
"","252.9090","1.2194","0.0000"
"","253.0090","1.2294","0.0001"
"","253.1090","1.2395","0.0000"
"","253.2090","1.2492","0.0001"
"","253.3090","1.2594","0.0000"
"","253.4090","1.2694","0.0000"
"","253.5090","1.2793","0.0001"
"","253.6090","1.2895","0.0001"
"","253.7090","1.2994","0.0001"
"","253.8090","1.3094","0.0001"
"","253.9090","1.3191","0.0001"
"","254.0090","1.3295","0.0001"
"","254.1090","1.3394","0.0001"
"","254.2090","1.3492","0.0001"
"","254.3090","1.3594","0.0000"
"","254.4090","1.3696","0.0001"
"","254.5090","1.3795","0.0001"
"","254.6090","1.3891","0.0002"
"","254.7090","1.3994","0.0001"
"","254.8090","1.4095","0.0001"
"","254.9090","1.4193","0.0002"
"","255.0090","1.4292","0.0001"
"","255.1090","1.4394","0.0002"
"","255.2090","1.4495","0.0001"
"","255.3090","1.4592","0.0001"
"","255.4090","1.4694","0.0001"
"","255.5090","1.4795","0.0002"
"","255.6090","1.4895","0.0002"
"","255.7090","1.4992","0.0001"
"","255.8090","1.5094","0.0002"
"","255.9090","1.5194","0.0002"
"","256.0090","1.5292","0.0002"
"","256.1090","1.5394","0.0002"
"","256.2090","1.5495","0.0001"
"","256.3090","1.5595","0.0002"
"","256.4090","1.5692","0.0002"
"","256.5090","1.5795","0.0002"
"","256.6090","1.5894","0.0002"
"","256.7090","1.5993","0.0002"
"","256.8090","1.6094","0.0002"
"","256.9090","1.6195","0.0002"
"","257.0090","1.6295","0.0002"
"","257.1090","1.6391","0.0002"
"","257.2090","1.6494","0.0002"
"","257.3090","1.6595","0.0002"
"","257.4090","1.6694","0.0002"
"","257.5090","1.6792","0.0003"
"","257.6090","1.6895","0.0002"
"","257.7090","1.6995","0.0002"
"","257.8090","1.7091","0.0003"
"","257.9090","1.7193","0.0002"
"","258.0090","1.7294","0.0003"
"","258.1090","1.7395","0.0002"
"","258.2090","1.7493","0.0003"
"","258.3090","1.7593","0.0003"
"","258.4090","1.7694","0.0003"
"","258.5090","1.7793","0.0003"
"","258.6090","1.7895","0.0003"
"","258.7090","1.7994","0.0003"
"","258.8090","1.8094","0.0003"
"","258.9090","1.8192","0.0003"
"","259.0090","1.8294","0.0003"
"","259.1090","1.8393","0.0003"
"","259.2090","1.8493","0.0003"
"","259.3090","1.8595","0.0003"
"","259.4090","1.8695","0.0004"
"","259.5090","1.8794","0.0003"
"","259.6090","1.8891","0.0004"
"","259.7090","1.8995","0.0004"
"","259.8090","1.9095","0.0004"
"","259.9090","1.9193","0.0004"
"","260.0090","1.9293","0.0004"
"","260.1090","1.9395","0.0004"
"","260.2090","1.9496","0.0004"
"","260.3090","1.9591","0.0004"
"","260.4090","1.9694","0.0004"
"","260.5090","1.9794","0.0005"
"","260.6090","1.9895","0.0005"
"","260.7090","1.9992","0.0005"
"","260.8090","2.0094","0.0005"
"","260.9090","2.0194","0.0005"
"","261.0090","2.0293","0.0005"
"","261.1090","2.0395","0.0005"
"","261.2090","2.0494","0.0006"
"","261.3090","2.0595","0.0006"
"","261.4090","2.0692","0.0006"
"","261.5090","2.0794","0.0006"
"","261.6090","2.0894","0.0006"
"","261.7090","2.0993","0.0006"
"","261.8090","2.1094","0.0006"
"","261.9090","2.1195","0.0007"
"","262.0090","2.1294","0.0007"
"","262.1090","2.1392","0.0007"
"","262.2090","2.1494","0.0007"
"","262.3090","2.1595","0.0007"
"","262.4090","2.1693","0.0007"
"","262.5090","2.1793","0.0008"
"","262.6090","2.1894","0.0008"
"","262.7090","2.1996","0.0008"
"","262.8090","2.2091","0.0008"
"","262.9090","2.2194","0.0008"
"","263.0090","2.2295","0.0008"
"","263.1090","2.2396","0.0009"
"","263.2090","2.2492","0.0009"
"","263.3090","2.2593","0.0009"
"","263.4090","2.2694","0.0009"
"","263.5090","2.2793","0.0010"
"","263.6090","2.2894","0.0010"
"","263.7090","2.2994","0.0010"
"","263.8090","2.3095","0.0010"
"","263.9090","2.3192","0.0011"
"","264.0090","2.3295","0.0011"
"","264.1090","2.3393","0.0011"
"","264.2090","2.3493","0.0012"
"","264.3090","2.3594","0.0011"
"","264.4090","2.3695","0.0012"
"","264.5090","2.3795","0.0012"
"","264.6090","2.3891","0.0013"
"","264.7090","2.3994","0.0013"
"","264.8090","2.4095","0.0013"
"","264.9090","2.4194","0.0014"
"","265.0090","2.4292","0.0014"
"","265.1090","2.4395","0.0014"
"","265.2090","2.4495","0.0015"
"","265.3090","2.4591","0.0015"
"","265.4090","2.4694","0.0016"
"","265.5090","2.4794","0.0016"
"","265.6090","2.4895","0.0017"
"","265.7090","2.4992","0.0017"
"","265.8090","2.5093","0.0018"
"","265.9090","2.5194","0.0019"
"","266.0090","2.5293","0.0019"
"","266.1090","2.5394","0.0019"
"","266.2090","2.5494","0.0020"
"","266.3090","2.5594","0.0021"
"","266.4090","2.5692","0.0021"
"","266.5090","2.5793","0.0022"
"","266.6090","2.5893","0.0023"
"","266.7090","2.5992","0.0024"
"","266.8090","2.6095","0.0025"
"","266.9090","2.6196","0.0025"
"","267.0090","2.6294","0.0026"
"","267.1090","2.6391","0.0027"
"","267.2090","2.6494","0.0029"
"","267.3090","2.6595","0.0030"
"","267.4090","2.6693","0.0031"
"","267.5090","2.6793","0.0032"
"","267.6090","2.6895","0.0034"
"","267.7090","2.6996","0.0035"
"","267.8090","2.7091","0.0036"
"","267.9090","2.7194","0.0038"
"","268.0090","2.7294","0.0040"
"","268.1090","2.7395","0.0041"
"","268.2090","2.7491","0.0043"
"","268.3090","2.7594","0.0044"
"","268.4090","2.7694","0.0046"
"","268.5090","2.7793","0.0048"
"","268.6090","2.7894","0.0049"
"","268.7090","2.7994","0.0051"
"","268.8090","2.8095","0.0053"
"","268.9090","2.8192","0.0055"
"","269.0090","2.8294","0.0057"
"","269.1090","2.8394","0.0059"
"","269.2090","2.8493","0.0062"
"","269.3090","2.8594","0.0064"
"","269.4090","2.8695","0.0066"
"","269.5090","2.8794","0.0069"
"","269.6090","2.8891","0.0071"
"","269.7090","2.8994","0.0074"
"","269.8090","2.9095","0.0077"
"","269.9090","2.9193","0.0079"
"","270.0090","2.9292","0.0083"
"","270.1090","2.9394","0.0086"
"","270.2090","2.9496","0.0089"
"","270.3090","2.9591","0.0092"
"","270.4090","2.9694","0.0096"
"","270.5090","2.9794","0.0099"
"","270.6090","2.9895","0.0103"
"","270.7090","2.9992","0.0107"
"","270.8090","3.0094","0.0111"
"","270.9090","3.0194","0.0116"
"","271.0090","3.0293","0.0120"
"","271.1090","3.0394","0.0124"
"","271.2090","3.0494","0.0129"
"","271.3090","3.0595","0.0134"
"","271.4090","3.0691","0.0139"
"","271.5090","3.0795","0.0144"
"","271.6090","3.0893","0.0149"
"","271.7090","3.0992","0.0155"
"","271.8090","3.1094","0.0161"
"","271.9090","3.1195","0.0166"
"","272.0090","3.1295","0.0172"
"","272.1090","3.1391","0.0178"
"","272.2090","3.1494","0.0185"
"","272.3090","3.1595","0.0191"
"","272.4090","3.1693","0.0198"
"","272.5090","3.1792","0.0205"
"","272.6090","3.1895","0.0212"
"","272.7090","3.1996","0.0219"
"","272.8090","3.2091","0.0226"
"","272.9090","3.2193","0.0234"
"","273.0090","3.2294","0.0241"
"","273.1090","3.2395","0.0249"
"","273.2090","3.2492","0.0257"
"","273.3090","3.2593","0.0265"
"","273.4090","3.2693","0.0274"
"","273.5090","3.2793","0.0283"
"","273.6090","3.2894","0.0292"
"","273.7090","3.2994","0.0300"
"","273.8090","3.3094","0.0309"
"","273.9090","3.3191","0.0318"
"","274.0090","3.3294","0.0327"
"","274.1090","3.3393","0.0336"
"","274.2090","3.3493","0.0342"
"","274.3090","3.3595","0.0344"
"","274.4090","3.3695","0.0346"
"","274.5090","3.3794","0.0346"
"","274.6090","3.3891","0.0346"
"","274.7090","3.3995","0.0346"
"","274.8090","3.4094","0.0345"
"","274.9090","3.4193","0.0345"
"","275.0090","3.4293","0.0346"
"","275.1090","3.4395","0.0346"
"","275.2090","3.4495","0.0346"
"","275.3090","3.4591","0.0346"
"","275.4090","3.4694","0.0346"
"","275.5090","3.4794","0.0347"
"","275.6090","3.4894","0.0347"
"","275.7090","3.4991","0.0347"
"","275.8090","3.5095","0.0347"
"","275.9090","3.5195","0.0347"
"","276.0090","3.5293","0.0347"
"","276.1090","3.5393","0.0348"
"","276.2090","3.5495","0.0361"
"","276.3090","3.5595","0.0375"
"","276.4090","3.5692","0.0387"
"","276.5090","3.5794","0.0400"
"","276.6090","3.5895","0.0413"
"","276.7090","3.5993","0.0425"
"","276.8090","3.6095","0.0438"
"","276.9090","3.6194","0.0451"
"","277.0090","3.6295","0.0464"
"","277.1090","3.6392","0.0477"
"","277.2090","3.6494","0.0490"
"","277.3090","3.6594","0.0503"
"","277.4090","3.6694","0.0517"
"","277.5090","3.6793","0.0530"
"","277.6090","3.6895","0.0544"
"","277.7090","3.6995","0.0558"
"","277.8090","3.7091","0.0572"
"","277.9090","3.7194","0.0587"
"","278.0090","3.7295","0.0601"
"","278.1090","3.7395","0.0616"
"","278.2090","3.7492","0.0630"
"","278.3090","3.7594","0.0646"
"","278.4090","3.7695","0.0661"
"","278.5090","3.7793","0.0676"
"","278.6090","3.7894","0.0692"
"","278.7090","3.7995","0.0708"
"","278.8090","3.8095","0.0724"
"","278.9090","3.8191","0.0740"
"","279.0090","3.8295","0.0757"
"","279.1090","3.8393","0.0774"
"","279.2090","3.8492","0.0790"
"","279.3090","3.8593","0.0807"
"","279.4090","3.8695","0.0825"
"","279.5090","3.8794","0.0842"
"","279.6090","3.8891","0.0859"
"","279.7090","3.8994","0.0877"
"","279.8090","3.9095","0.0895"
"","279.9090","3.9194","0.0913"
"","280.0090","3.9292","0.0931"
"","280.1090","3.9394","0.0949"
"","280.2090","3.9495","0.0968"
"","280.3090","3.9591","0.0985"
"","280.4090","3.9693","0.1004"
"","280.5090","3.9793","0.1022"
"","280.6090","3.9895","0.1040"
"","280.7090","3.9992","0.1057"
"","280.7170","4.0000","0.1059"
"","280.7180","4.0001","0.1059"
"","280.7190","4.0002","0.1059"
"","280.8190","4.0007","0.1052"
"","280.9190","3.9932","0.1025"
"","281.0190","3.9813","0.0986"
"","281.1190","3.9708","0.0953"
"","281.2190","3.9607","0.0923"
"","281.3190","3.9509","0.0895"
"","281.4190","3.9406","0.0866"
"","281.5190","3.9307","0.0839"
"","281.6190","3.9207","0.0813"
"","281.7190","3.9108","0.0787"
"","281.8190","3.9006","0.0762"
"","281.9190","3.8907","0.0737"
"","282.0190","3.8809","0.0713"
"","282.1190","3.8706","0.0690"
"","282.2190","3.8605","0.0667"
"","282.3190","3.8507","0.0644"
"","282.4190","3.8409","0.0623"
"","282.5190","3.8307","0.0601"
"","282.6190","3.8206","0.0581"
"","282.7190","3.8108","0.0561"
"","282.8190","3.8007","0.0541"
"","282.9190","3.7907","0.0521"
"","283.0190","3.7805","0.0503"
"","283.1190","3.7709","0.0485"
"","283.2190","3.7606","0.0467"
"","283.3190","3.7506","0.0449"
"","283.4190","3.7407","0.0433"
"","283.5190","3.7308","0.0417"
"","283.6190","3.7207","0.0401"
"","283.7190","3.7106","0.0385"
"","283.8190","3.7008","0.0371"
"","283.9190","3.6906","0.0357"
"","284.0190","3.6806","0.0343"
"","284.1190","3.6707","0.0331"
"","284.2190","3.6608","0.0329"
"","284.3190","3.6506","0.0329"
"","284.4190","3.6406","0.0329"
"","284.5190","3.6308","0.0329"
"","284.6190","3.6205","0.0329"
"","284.7190","3.6106","0.0329"
"","284.8190","3.6007","0.0328"
"","284.9190","3.5909","0.0328"
"","285.0190","3.5806","0.0328"
"","285.1190","3.5705","0.0328"
"","285.2190","3.5609","0.0327"
"","285.3190","3.5507","0.0328"
"","285.4190","3.5405","0.0328"
"","285.5190","3.5306","0.0328"
"","285.6190","3.5209","0.0327"
"","285.7190","3.5106","0.0326"
"","285.8190","3.5006","0.0325"
"","285.9190","3.4907","0.0325"
"","286.0190","3.4807","0.0320"
"","286.1190","3.4707","0.0305"
"","286.2190","3.4606","0.0291"
"","286.3190","3.4510","0.0279"
"","286.4190","3.4404","0.0268"
"","286.5190","3.4306","0.0258"
"","286.6190","3.4207","0.0248"
"","286.7190","3.4108","0.0238"
"","286.8190","3.4006","0.0228"
"","286.9190","3.3906","0.0219"
"","287.0190","3.3809","0.0210"
"","287.1190","3.3706","0.0201"
"","287.2190","3.3604","0.0192"
"","287.3190","3.3507","0.0184"
"","287.4190","3.3409","0.0177"
"","287.5190","3.3306","0.0169"
"","287.6190","3.3206","0.0162"
"","287.7190","3.3108","0.0155"
"","287.8190","3.3008","0.0148"
"","287.9190","3.2906","0.0142"
"","288.0190","3.2805","0.0136"
"","288.1190","3.2709","0.0130"
"","288.2190","3.2607","0.0125"
"","288.3190","3.2506","0.0119"
"","288.4190","3.2407","0.0114"
"","288.5190","3.2308","0.0109"
"","288.6190","3.2207","0.0104"
"","288.7190","3.2106","0.0100"
"","288.8190","3.2009","0.0096"
"","288.9190","3.1905","0.0092"
"","289.0190","3.1807","0.0088"
"","289.1190","3.1707","0.0084"
"","289.2190","3.1608","0.0080"
"","289.3190","3.1506","0.0077"
"","289.4190","3.1407","0.0073"
"","289.5190","3.1309","0.0070"
"","289.6190","3.1206","0.0067"
"","289.7190","3.1105","0.0064"
"","289.8190","3.1007","0.0062"
"","289.9190","3.0909","0.0059"
"","290.0190","3.0806","0.0056"
"","290.1190","3.0705","0.0054"
"","290.2190","3.0608","0.0051"
"","290.3190","3.0507","0.0049"
"","290.4190","3.0406","0.0047"
"","290.5190","3.0305","0.0045"
"","290.6190","3.0208","0.0044"
"","290.7190","3.0106","0.0042"
"","290.8190","3.0006","0.0040"
"","290.9190","2.9907","0.0039"
"","291.0190","2.9807","0.0037"
"","291.1190","2.9707","0.0036"
"","291.2190","2.9606","0.0033"
"","291.3190","2.9508","0.0032"
"","291.4190","2.9405","0.0030"
"","291.5190","2.9306","0.0028"
"","291.6190","2.9208","0.0027"
"","291.7190","2.9108","0.0026"
"","291.8190","2.9006","0.0024"
"","291.9190","2.8907","0.0023"
"","292.0190","2.8809","0.0022"
"","292.1190","2.8706","0.0021"
"","292.2190","2.8604","0.0020"
"","292.3190","2.8507","0.0020"
"","292.4190","2.8409","0.0019"
"","292.5190","2.8306","0.0018"
"","292.6190","2.8205","0.0018"
"","292.7190","2.8109","0.0017"
"","292.8190","2.8007","0.0016"
"","292.9190","2.7905","0.0016"
"","293.0190","2.7806","0.0015"
"","293.1190","2.7709","0.0014"
"","293.2190","2.7606","0.0014"
"","293.3190","2.7506","0.0013"
"","293.4190","2.7407","0.0013"
"","293.5190","2.7306","0.0013"
"","293.6190","2.7207","0.0012"
"","293.7190","2.7106","0.0012"
"","293.8190","2.7010","0.0011"
"","293.9190","2.6904","0.0011"
"","294.0190","2.6805","0.0011"
"","294.1190","2.6707","0.0010"
"","294.2190","2.6608","0.0010"
"","294.3190","2.6506","0.0010"
"","294.4190","2.6407","0.0009"
"","294.5190","2.6310","0.0009"
"","294.6190","2.6206","0.0009"
"","294.7190","2.6104","0.0009"
"","294.8190","2.6007","0.0009"
"","294.9190","2.5909","0.0008"
"","295.0190","2.5807","0.0008"
"","295.1190","2.5705","0.0008"
"","295.2190","2.5608","0.0008"
"","295.3190","2.5507","0.0007"
"","295.4190","2.5406","0.0007"
"","295.5190","2.5305","0.0007"
"","295.6190","2.5208","0.0007"
"","295.7190","2.5107","0.0006"
"","295.8190","2.5006","0.0006"
"","295.9190","2.4906","0.0006"
"","296.0190","2.4808","0.0006"
"","296.1190","2.4707","0.0005"
"","296.2190","2.4606","0.0005"
"","296.3190","2.4508","0.0005"
"","296.4190","2.4405","0.0005"
"","296.5190","2.4306","0.0005"
"","296.6190","2.4206","0.0005"
"","296.7190","2.4108","0.0005"
"","296.8190","2.4005","0.0005"
"","296.9190","2.3907","0.0005"
"","297.0190","2.3809","0.0004"
"","297.1190","2.3706","0.0004"
"","297.2190","2.3605","0.0004"
"","297.3190","2.3507","0.0004"
"","297.4190","2.3409","0.0004"
"","297.5190","2.3306","0.0004"
"","297.6190","2.3205","0.0003"
"","297.7190","2.3108","0.0003"
"","297.8190","2.3007","0.0003"
"","297.9190","2.2907","0.0003"
"","298.0190","2.2806","0.0003"
"","298.1190","2.2708","0.0003"
"","298.2190","2.2606","0.0003"
"","298.3190","2.2507","0.0003"
"","298.4190","2.2407","0.0003"
"","298.5190","2.2307","0.0003"
"","298.6190","2.2207","0.0003"
"","298.7190","2.2106","0.0002"
"","298.8190","2.2008","0.0002"
"","298.9190","2.1905","0.0002"
"","299.0190","2.1807","0.0002"
"","299.1190","2.1708","0.0002"
"","299.2190","2.1608","0.0002"
"","299.3190","2.1505","0.0002"
"","299.4190","2.1407","0.0002"
"","299.5190","2.1309","0.0002"
"","299.6190","2.1206","0.0002"
"","299.7190","2.1104","0.0002"
"","299.8190","2.1007","0.0002"
"","299.9190","2.0909","0.0002"
"","300.0190","2.0806","0.0002"
"","300.1190","2.0705","0.0002"
"","300.2190","2.0609","0.0002"
"","300.3190","2.0507","0.0002"
"","300.4190","2.0405","0.0002"
"","300.5190","2.0305","0.0002"
"","300.6190","2.0209","0.0002"
"","300.7190","2.0107","0.0002"
"","300.8190","2.0006","0.0002"
"","300.9190","1.9907","0.0001"
"","301.0190","1.9806","0.0002"
"","301.1190","1.9707","0.0002"
"","301.2190","1.9606","0.0001"
"","301.3190","1.9510","0.0001"
"","301.4190","1.9404","0.0001"
"","301.5190","1.9306","0.0001"
"","301.6190","1.9207","0.0001"
"","301.7190","1.9108","0.0001"
"","301.8190","1.9005","0.0001"
"","301.9190","1.8907","0.0001"
"","302.0190","1.8810","0.0001"
"","302.1190","1.8706","0.0001"
"","302.2190","1.8604","0.0001"
"","302.3190","1.8506","0.0001"
"","302.4190","1.8409","0.0001"
"","302.5190","1.8306","0.0001"
"","302.6190","1.8205","0.0001"
"","302.7190","1.8107","0.0001"
"","302.8190","1.8008","0.0001"
"","302.9190","1.7907","0.0001"
"","303.0190","1.7805","0.0001"
"","303.1190","1.7708","0.0001"
"","303.2190","1.7607","0.0001"
"","303.3190","1.7506","0.0001"
"","303.4190","1.7407","0.0001"
"","303.5190","1.7307","0.0001"
"","303.6190","1.7207","0.0001"
"","303.7190","1.7106","0.0001"
"","303.8190","1.7009","0.0001"
"","303.9190","1.6906","0.0001"
"","304.0190","1.6806","0.0001"
"","304.1190","1.6707","0.0001"
"","304.2190","1.6608","0.0001"
"","304.3190","1.6506","0.0000"
"","304.4190","1.6406","0.0001"
"","304.5190","1.6309","0.0000"
"","304.6190","1.6206","0.0000"
"","304.7190","1.6106","0.0001"
"","304.8190","1.6006","0.0001"
"","304.9190","1.5910","0.0000"
"","305.0190","1.5806","0.0000"
"","305.1190","1.5706","0.0000"
"","305.2190","1.5607","0.0000"
"","305.3190","1.5507","0.0000"
"","305.4190","1.5407","0.0000"
"","305.5190","1.5306","0.0000"
"","305.6190","1.5208","0.0000"
"","305.7190","1.5106","0.0000"
"","305.8190","1.5007","0.0000"
"","305.9190","1.4907","0.0000"
"","306.0190","1.4807","0.0000"
"","306.1190","1.4707","0.0000"
"","306.2190","1.4606","0.0000"
"","306.3190","1.4508","0.0000"
"","306.4190","1.4405","0.0000"
"","306.5190","1.4306","0.0000"
"","306.6190","1.4208","0.0000"
"","306.7190","1.4108","0.0000"
"","306.8190","1.4006","0.0000"
"","306.9190","1.3907","0.0000"
"","307.0190","1.3809","0.0000"
"","307.1190","1.3706","0.0000"
"","307.2190","1.3605","0.0000"
"","307.3190","1.3507","0.0000"
"","307.4190","1.3410","0.0000"
"","307.5190","1.3306","0.0000"
"","307.6190","1.3205","0.0000"
"","307.7190","1.3109","0.0000"
"","307.8190","1.3007","0.0000"
"","307.9190","1.2906","0.0000"
"","308.0190","1.2805","0.0000"
"","308.1190","1.2709","0.0000"
"","308.2190","1.2607","0.0000"
"","308.3190","1.2506","0.0000"
"","308.4190","1.2407","0.0000"
"","308.5190","1.2307","0.0000"
"","308.6190","1.2207","0.0000"
"","308.7190","1.2106","0.0000"
"","308.8190","1.2009","0.0000"
"","308.9190","1.1904","0.0000"
"","309.0190","1.1806","0.0000"
"","309.1190","1.1707","0.0000"
"","309.2190","1.1608","0.0000"
"","309.3190","1.1506","0.0000"
"","309.4190","1.1407","0.0000"
"","309.5190","1.1310","0.0000"
"","309.6190","1.1206","0.0000"
"","309.7190","1.1104","0.0000"
"","309.8190","1.1006","0.0000"
"","309.9190","1.0909","0.0000"
"","310.0190","1.0806","0.0000"
"","310.1190","1.0705","0.0000"
"","310.2190","1.0608","0.0000"
"","310.3190","1.0508","0.0000"
"","310.4190","1.0406","0.0000"
"","310.5190","1.0305","0.0000"
"","310.6190","1.0208","0.0000"
"","310.7190","1.0107","0.0000"
"","310.8190","1.0006","0.0000"
"","310.9190","0.9906","0.0000"
"","311.0190","0.9807","0.0000"
"","311.1190","0.9707","0.0000"
"","311.2190","0.9607","0.0000"
"","311.3190","0.9509","0.0000"
"","311.4190","0.9405","0.0000"
"","311.5190","0.9306","0.0000"
"","311.6190","0.9207","-0.0001"
"","311.7190","0.9108","0.0000"
"","311.8190","0.9005","-0.0001"
"","311.9190","0.8907","0.0000"
"","312.0190","0.8809","0.0000"
"","312.1190","0.8706","0.0000"
"","312.2190","0.8605","0.0000"
"","312.3190","0.8507","0.0000"
"","312.4190","0.8409","-0.0001"
"","312.5190","0.8306","0.0000"
"","312.6190","0.8205","0.0000"
"","312.7190","0.8108","0.0000"
"","312.8190","0.8007","0.0000"
"","312.9190","0.7906","-0.0001"
"","313.0190","0.7805","-0.0001"
"","313.1190","0.7709","0.0000"
"","313.2190","0.7607","0.0000"
"","313.3190","0.7507","0.0000"
"","313.4190","0.7407","0.0000"
"","313.5190","0.7308","-0.0001"
"","313.6190","0.7207","0.0000"
"","313.7190","0.7106","0.0000"
"","313.8190","0.7008","-0.0001"
"","313.9190","0.6905","-0.0001"
"","314.0190","0.6806","-0.0001"
"","314.1190","0.6707","0.0000"
"","314.2190","0.6608","-0.0001"
"","314.3190","0.6506","-0.0001"
"","314.4190","0.6407","-0.0001"
"","314.5190","0.6309","-0.0001"
"","314.6190","0.6205","-0.0001"
"","314.7190","0.6105","-0.0001"
"","314.8190","0.6007","-0.0001"
"","314.9190","0.5909","-0.0001"
"","315.0190","0.5806","-0.0001"
"","315.1190","0.5705","-0.0001"
"","315.2190","0.5609","-0.0001"
"","315.3190","0.5507","-0.0001"
"","315.4190","0.5405","-0.0001"
"","315.5190","0.5305","-0.0001"
"","315.6190","0.5209","0.0000"
"","315.7190","0.5106","-0.0001"
"","315.8190","0.5005","-0.0001"
"","315.9190","0.4907","-0.0001"
"","316.0190","0.4807","-0.0001"
"","316.1190","0.4706","-0.0001"
"","316.2190","0.4606","-0.0001"
"","316.3190","0.4510","-0.0001"
"","316.4190","0.4405","-0.0001"
"","316.5190","0.4305","-0.0001"
"","316.6190","0.4207","-0.0001"
"","316.7190","0.4108","-0.0001"
"","316.8190","0.4006","-0.0001"
"","316.9190","0.3906","-0.0001"
"","317.0190","0.3809","-0.0001"
"","317.1190","0.3706","-0.0001"
"","317.2190","0.3604","-0.0001"
"","317.3190","0.3506","-0.0001"
"","317.4190","0.3409","-0.0001"
"","317.5190","0.3306","-0.0001"
"","317.6190","0.3205","-0.0001"
"","317.7190","0.3108","-0.0001"
"","317.8190","0.3008","0.0000"
"","317.9190","0.2906","-0.0001"
"","318.0190","0.2805","-0.0001"
"","318.1190","0.2709","0.0000"
"","318.2190","0.2607","-0.0001"
"","318.3190","0.2506","-0.0001"
"","318.4190","0.2406","-0.0001"
"","318.5190","0.2307","0.0000"
"","318.6190","0.2207","-0.0001"
"","318.7190","0.2106","-0.0001"
"","318.8190","0.2009","0.0000"
"","318.9190","0.1905","0.0000"
"","319.0190","0.1806","0.0000"
"","319.1190","0.1706","-0.0001"
"","319.2190","0.1608","-0.0001"
"","319.3190","0.1506","-0.0001"
"","319.4190","0.1407","0.0000"
"","319.5190","0.1309","-0.0001"
"","319.6190","0.1206","0.0000"
"","319.7190","0.1105","-0.0001"
"","319.8190","0.1007","-0.0001"
"","319.9190","0.0909","0.0000"
"","320.0190","0.0806","0.0000"
"","320.1190","0.0705","0.0000"
"","320.2190","0.0608","-0.0001"
"","320.3190","0.0507","0.0000"
"","320.4190","0.0406","-0.0001"
"","320.5190","0.0305","-0.0001"
"","320.6190","0.0209","-0.0001"
"","320.7190","0.0106","0.0000"
"","320.8190","0.0007","0.0000"
"","320.8260","0.0000","0.0000"
"","320.8270","-0.0001","0.0000"
"","320.8280","-0.0002","0.0000"
"","320.9280","-0.0006","-0.0001"
"","321.0280","0.0071","0.0000"
"","321.1280","0.0190","-0.0001"
"","321.2280","0.0292","-0.0001"
"","321.3280","0.0394","-0.0001"
"","321.4280","0.0494","-0.0001"
"","321.5280","0.0595","-0.0001"
"","321.6280","0.0692","-0.0001"
"","321.7280","0.0794","0.0000"
"","321.8280","0.0894","-0.0001"
"","321.9280","0.0993","-0.0001"
"","322.0280","0.1094","0.0000"
"","322.1280","0.1195","-0.0001"
"","322.2280","0.1294","-0.0001"
"","322.3280","0.1391","-0.0001"
"","322.4280","0.1494","-0.0001"
"","322.5280","0.1595","0.0000"
"","322.6280","0.1694","-0.0001"
"","322.7280","0.1792","-0.0001"
"","322.8280","0.1895","0.0000"
"","322.9280","0.1996","0.0000"
"","323.0280","0.2091","0.0000"
"","323.1280","0.2194","-0.0001"
"","323.2280","0.2294","0.0000"
"","323.3280","0.2395","0.0000"
"","323.4280","0.2492","-0.0001"
"","323.5280","0.2594","0.0000"
"","323.6280","0.2695","-0.0001"
"","323.7280","0.2794","-0.0001"
"","323.8280","0.2894","0.0000"
"","323.9280","0.2994","-0.0001"
"","324.0280","0.3095","-0.0001"
"","324.1280","0.3192","-0.0001"
"","324.2280","0.3293","-0.0001"
"","324.3280","0.3394","-0.0001"
"","324.4280","0.3493","-0.0001"
"","324.5280","0.3595","-0.0001"
"","324.6280","0.3694","-0.0001"
"","324.7280","0.3794","-0.0001"
"","324.8280","0.3891","0.0000"
"","324.9280","0.3995","-0.0001"
"","325.0280","0.4094","-0.0001"
"","325.1280","0.4194","-0.0001"
"","325.2280","0.4293","-0.0001"
"","325.3280","0.4396","0.0000"
"","325.4280","0.4496","0.0000"
"","325.5280","0.4591","0.0000"
"","325.6280","0.4694","0.0000"
"","325.7280","0.4794","0.0000"
"","325.8280","0.4895","0.0000"
"","325.9280","0.4992","0.0000"
"","326.0280","0.5095","0.0000"
"","326.1280","0.5194","-0.0001"
"","326.2280","0.5293","0.0000"
"","326.3280","0.5394","0.0000"
"","326.4280","0.5495","-0.0001"
"","326.5280","0.5595","-0.0001"
"","326.6280","0.5692","0.0000"
"","326.7280","0.5794","0.0000"
"","326.8280","0.5894","0.0000"
"","326.9280","0.5993","0.0000"
"","327.0280","0.6094","0.0000"
"","327.1280","0.6196","0.0000"
"","327.2280","0.6295","0.0000"
"","327.3280","0.6392","0.0000"
"","327.4280","0.6494","0.0000"
"","327.5280","0.6594","0.0000"
"","327.6280","0.6693","0.0000"
"","327.7280","0.6793","0.0000"
"","327.8280","0.6895","0.0000"
"","327.9280","0.6996","0.0000"
"","328.0280","0.7091","0.0000"
"","328.1280","0.7194","0.0000"
"","328.2280","0.7295","0.0000"
"","328.3280","0.7396","0.0000"
"","328.4280","0.7492","0.0000"
"","328.5280","0.7594","0.0000"
"","328.6280","0.7694","0.0000"
"","328.7280","0.7793","0.0000"
"","328.8280","0.7894","0.0000"
"","328.9280","0.7994","0.0000"
"","329.0280","0.8095","0.0000"
"","329.1280","0.8192","0.0000"
"","329.2280","0.8295","0.0000"
"","329.3280","0.8394","0.0000"
"","329.4280","0.8493","0.0000"
"","329.5280","0.8594","0.0000"
"","329.6280","0.8695","0.0000"
"","329.7280","0.8794","0.0000"
"","329.8280","0.8891","0.0000"
"","329.9280","0.8994","0.0000"
"","330.0280","0.9095","0.0000"
"","330.1280","0.9194","0.0000"
"","330.2280","0.9292","0.0000"
"","330.3280","0.9395","0.0000"
"","330.4280","0.9496","0.0000"
"","330.5280","0.9591","0.0000"
"","330.6280","0.9693","0.0000"
"","330.7280","0.9794","0.0000"
"","330.8280","0.9895","0.0000"
"","330.9280","0.9992","0.0000"
"","331.0280","1.0094","0.0000"
"","331.1280","1.0194","0.0000"
"","331.2280","1.0294","0.0000"
"","331.3280","1.0394","0.0000"
"","331.4280","1.0494","0.0000"
"","331.5280","1.0594","0.0000"
"","331.6280","1.0692","0.0000"
"","331.7280","1.0794","0.0000"
"","331.8280","1.0894","0.0000"
"","331.9280","1.0993","0.0000"
"","332.0280","1.1095","0.0000"
"","332.1280","1.1195","0.0000"
"","332.2280","1.1295","0.0000"
"","332.3280","1.1391","0.0000"
"","332.4280","1.1495","0.0000"
"","332.5280","1.1595","0.0000"
"","332.6280","1.1693","0.0000"
"","332.7280","1.1793","0.0000"
"","332.8280","1.1895","0.0000"
"","332.9280","1.1996","0.0000"
"","333.0280","1.2091","0.0000"
"","333.1280","1.2194","0.0000"
"","333.2280","1.2294","0.0000"
"","333.3280","1.2395","0.0000"
"","333.4280","1.2493","0.0001"
"","333.5280","1.2594","0.0001"
"","333.6280","1.2694","0.0000"
"","333.7280","1.2793","0.0001"
"","333.8280","1.2896","0.0001"
"","333.9280","1.2995","0.0001"
"","334.0280","1.3094","0.0001"
"","334.1280","1.3191","0.0001"
"","334.2280","1.3295","0.0001"
"","334.3280","1.3394","0.0001"
"","334.4280","1.3493","0.0001"
"","334.5280","1.3594","0.0001"
"","334.6280","1.3696","0.0001"
"","334.7280","1.3795","0.0001"
"","334.8280","1.3891","0.0001"
"","334.9280","1.3994","0.0001"
"","335.0280","1.4095","0.0001"
"","335.1280","1.4193","0.0001"
"","335.2280","1.4292","0.0001"
"","335.3280","1.4395","0.0001"
"","335.4280","1.4495","0.0001"
"","335.5280","1.4592","0.0001"
"","335.6280","1.4694","0.0001"
"","335.7280","1.4795","0.0001"
"","335.8280","1.4895","0.0001"
"","335.9280","1.4992","0.0001"
"","336.0280","1.5094","0.0002"
"","336.1280","1.5195","0.0002"
"","336.2280","1.5292","0.0001"
"","336.3280","1.5394","0.0001"
"","336.4280","1.5495","0.0001"
"","336.5280","1.5595","0.0002"
"","336.6280","1.5692","0.0002"
"","336.7280","1.5795","0.0002"
"","336.8280","1.5894","0.0002"
"","336.9280","1.5993","0.0002"
"","337.0280","1.6094","0.0002"
"","337.1280","1.6195","0.0002"
"","337.2280","1.6295","0.0002"
"","337.3280","1.6391","0.0002"
"","337.4280","1.6494","0.0002"
"","337.5280","1.6595","0.0002"
"","337.6280","1.6694","0.0002"
"","337.7280","1.6792","0.0002"
"","337.8280","1.6895","0.0002"
"","337.9280","1.6995","0.0002"
"","338.0280","1.7092","0.0002"
"","338.1280","1.7193","0.0002"
"","338.2280","1.7294","0.0002"
"","338.3280","1.7395","0.0002"
"","338.4280","1.7493","0.0002"
"","338.5280","1.7593","0.0003"
"","338.6280","1.7694","0.0002"
"","338.7280","1.7794","0.0003"
"","338.8280","1.7895","0.0003"
"","338.9280","1.7994","0.0003"
"","339.0280","1.8094","0.0003"
"","339.1280","1.8192","0.0003"
"","339.2280","1.8294","0.0003"
"","339.3280","1.8393","0.0003"
"","339.4280","1.8493","0.0003"
"","339.5280","1.8595","0.0003"
"","339.6280","1.8695","0.0003"
"","339.7280","1.8794","0.0003"
"","339.8280","1.8891","0.0003"
"","339.9280","1.8995","0.0003"
"","340.0280","1.9095","0.0003"
"","340.1280","1.9193","0.0003"
"","340.2280","1.9293","0.0004"
"","340.3280","1.9395","0.0003"
"","340.4280","1.9496","0.0004"
"","340.5280","1.9591","0.0004"
"","340.6280","1.9694","0.0004"
"","340.7280","1.9794","0.0004"
"","340.8280","1.9895","0.0004"
"","340.9280","1.9992","0.0004"
"","341.0280","2.0094","0.0004"
"","341.1280","2.0194","0.0004"
"","341.2280","2.0293","0.0005"
"","341.3280","2.0395","0.0005"
"","341.4280","2.0494","0.0005"
"","341.5280","2.0595","0.0005"
"","341.6280","2.0692","0.0005"
"","341.7280","2.0795","0.0005"
"","341.8280","2.0894","0.0005"
"","341.9280","2.0993","0.0006"
"","342.0280","2.1094","0.0006"
"","342.1280","2.1196","0.0006"
"","342.2280","2.1295","0.0006"
"","342.3280","2.1392","0.0006"
"","342.4280","2.1494","0.0006"
"","342.5280","2.1595","0.0007"
"","342.6280","2.1693","0.0007"
"","342.7280","2.1793","0.0007"
"","342.8280","2.1894","0.0007"
"","342.9280","2.1996","0.0007"
"","343.0280","2.2091","0.0007"
"","343.1280","2.2194","0.0008"
"","343.2280","2.2295","0.0008"
"","343.3280","2.2396","0.0008"
"","343.4280","2.2492","0.0008"
"","343.5280","2.2593","0.0008"
"","343.6280","2.2694","0.0009"
"","343.7280","2.2793","0.0009"
"","343.8280","2.2894","0.0009"
"","343.9280","2.2994","0.0009"
"","344.0280","2.3095","0.0010"
"","344.1280","2.3192","0.0010"
"","344.2280","2.3295","0.0010"
"","344.3280","2.3393","0.0010"
"","344.4280","2.3493","0.0010"
"","344.5280","2.3594","0.0011"
"","344.6280","2.3696","0.0011"
"","344.7280","2.3795","0.0011"
"","344.8280","2.3891","0.0012"
"","344.9280","2.3994","0.0012"
"","345.0280","2.4095","0.0012"
"","345.1280","2.4194","0.0013"
"","345.2280","2.4293","0.0013"
"","345.3280","2.4395","0.0013"
"","345.4280","2.4495","0.0014"
"","345.5280","2.4591","0.0014"
"","345.6280","2.4693","0.0015"
"","345.7280","2.4794","0.0015"
"","345.8280","2.4895","0.0015"
"","345.9280","2.4993","0.0016"
"","346.0280","2.5094","0.0016"
"","346.1280","2.5194","0.0017"
"","346.2280","2.5293","0.0017"
"","346.3280","2.5394","0.0018"
"","346.4280","2.5494","0.0018"
"","346.5280","2.5594","0.0019"
"","346.6280","2.5692","0.0019"
"","346.7280","2.5793","0.0020"
"","346.8280","2.5893","0.0021"
"","346.9280","2.5993","0.0021"
"","347.0280","2.6095","0.0022"
"","347.1280","2.6196","0.0023"
"","347.2280","2.6294","0.0024"
"","347.3280","2.6391","0.0025"
"","347.4280","2.6494","0.0026"
"","347.5280","2.6595","0.0027"
"","347.6280","2.6693","0.0028"
"","347.7280","2.6793","0.0029"
"","347.8280","2.6895","0.0030"
"","347.9280","2.6996","0.0031"
"","348.0280","2.7091","0.0033"
"","348.1280","2.7194","0.0034"
"","348.2280","2.7294","0.0035"
"","348.3280","2.7395","0.0037"
"","348.4280","2.7492","0.0039"
"","348.5280","2.7595","0.0040"
"","348.6280","2.7694","0.0042"
"","348.7280","2.7793","0.0043"
"","348.8280","2.7894","0.0045"
"","348.9280","2.7995","0.0047"
"","349.0280","2.8095","0.0049"
"","349.1280","2.8192","0.0050"
"","349.2280","2.8294","0.0052"
"","349.3280","2.8394","0.0054"
"","349.4280","2.8493","0.0056"
"","349.5280","2.8594","0.0059"
"","349.6280","2.8696","0.0061"
"","349.7280","2.8795","0.0063"
"","349.8280","2.8892","0.0065"
"","349.9280","2.8994","0.0068"
"","350.0280","2.9095","0.0070"
"","350.1280","2.9193","0.0073"
"","350.2280","2.9293","0.0075"
"","350.3280","2.9394","0.0078"
"","350.4280","2.9496","0.0081"
"","350.5280","2.9591","0.0084"
"","350.6280","2.9694","0.0088"
"","350.7280","2.9795","0.0091"
"","350.8280","2.9896","0.0095"
"","350.9280","2.9992","0.0098"
"","351.0280","3.0094","0.0102"
"","351.1280","3.0195","0.0106"
"","351.2280","3.0293","0.0110"
"","351.3280","3.0394","0.0114"
"","351.4280","3.0494","0.0119"
"","351.5280","3.0595","0.0123"
"","351.6280","3.0692","0.0128"
"","351.7280","3.0795","0.0133"
"","351.8280","3.0894","0.0138"
"","351.9280","3.0993","0.0143"
"","352.0280","3.1094","0.0149"
"","352.1280","3.1195","0.0154"
"","352.2280","3.1295","0.0160"
"","352.3280","3.1391","0.0166"
"","352.4280","3.1494","0.0172"
"","352.5280","3.1595","0.0178"
"","352.6280","3.1693","0.0184"
"","352.7280","3.1792","0.0191"
"","352.8280","3.1894","0.0198"
"","352.9280","3.1996","0.0205"
"","353.0280","3.2091","0.0212"
"","353.1280","3.2194","0.0219"
"","353.2280","3.2294","0.0227"
"","353.3280","3.2395","0.0235"
"","353.4280","3.2492","0.0242"
"","353.5280","3.2593","0.0250"
"","353.6280","3.2694","0.0259"
"","353.7280","3.2793","0.0267"
"","353.8280","3.2894","0.0276"
"","353.9280","3.2994","0.0285"
"","354.0280","3.3095","0.0294"
"","354.1280","3.3192","0.0303"
"","354.2280","3.3294","0.0312"
"","354.3280","3.3393","0.0321"
"","354.4280","3.3493","0.0330"
"","354.5280","3.3595","0.0339"
"","354.6280","3.3695","0.0344"
"","354.7280","3.3794","0.0345"
"","354.8280","3.3891","0.0345"
"","354.9280","3.3995","0.0344"
"","355.0280","3.4094","0.0345"
"","355.1280","3.4193","0.0345"
"","355.2280","3.4293","0.0345"
"","355.3280","3.4396","0.0345"
"","355.4280","3.4495","0.0346"
"","355.5280","3.4591","0.0346"
"","355.6280","3.4695","0.0347"
"","355.7280","3.4794","0.0346"
"","355.8280","3.4894","0.0346"
"","355.9280","3.4991","0.0346"
"","356.0280","3.5095","0.0346"
"","356.1280","3.5195","0.0346"
"","356.2280","3.5293","0.0346"
"","356.3280","3.5394","0.0347"
"","356.4280","3.5495","0.0347"
"","356.5280","3.5595","0.0353"
"","356.6280","3.5692","0.0367"
"","356.7280","3.5794","0.0381"
"","356.8280","3.5895","0.0394"
"","356.9280","3.5994","0.0407"
"","357.0280","3.6094","0.0420"
"","357.1280","3.6194","0.0433"
"","357.2280","3.6295","0.0446"
"","357.3280","3.6392","0.0459"
"","357.4280","3.6494","0.0472"
"","357.5280","3.6594","0.0486"
"","357.6280","3.6694","0.0499"
"","357.7280","3.6793","0.0513"
"","357.8280","3.6895","0.0527"
"","357.9280","3.6995","0.0541"
"","358.0280","3.7091","0.0555"
"","358.1280","3.7194","0.0570"
"","358.2280","3.7295","0.0585"
"","358.3280","3.7395","0.0600"
"","358.4280","3.7492","0.0614"
"","358.5280","3.7594","0.0630"
"","358.6280","3.7695","0.0646"
"","358.7280","3.7793","0.0661"
"","358.8280","3.7894","0.0677"
"","358.9280","3.7995","0.0693"
"","359.0280","3.8095","0.0709"
"","359.1280","3.8191","0.0725"
"","359.2280","3.8295","0.0743"
"","359.3280","3.8393","0.0760"
"","359.4280","3.8492","0.0777"
"","359.5280","3.8594","0.0794"
"","359.6280","3.8695","0.0812"
"","359.7280","3.8795","0.0830"
"","359.8280","3.8891","0.0847"
"","359.9280","3.8994","0.0865"
"","360.0280","3.9095","0.0884"
"","360.1280","3.9194","0.0902"
"","360.2280","3.9292","0.0920"
"","360.3280","3.9395","0.0939"
"","360.4280","3.9496","0.0958"
"","360.5280","3.9591","0.0976"
"","360.6280","3.9694","0.0995"
"","360.7280","3.9794","0.1014"
"","360.8280","3.9895","0.1033"
"","360.9280","3.9992","0.1050"
"","360.9360","4.0001","0.1052"
"","360.9370","4.0002","0.1052"
"","360.9380","4.0003","0.1052"
"","361.0380","4.0008","0.1045"
"","361.1380","3.9932","0.1018"
"","361.2380","3.9813","0.0980"
"","361.3380","3.9709","0.0947"
"","361.4380","3.9608","0.0917"
"","361.5380","3.9509","0.0888"
"","361.6380","3.9406","0.0860"
"","361.7380","3.9307","0.0832"
"","361.8380","3.9208","0.0806"
"","361.9380","3.9108","0.0780"
"","362.0380","3.9007","0.0755"
"","362.1380","3.8907","0.0730"
"","362.2380","3.8809","0.0707"
"","362.3380","3.8707","0.0683"
"","362.4380","3.8606","0.0660"
"","362.5380","3.8507","0.0638"
"","362.6380","3.8410","0.0616"
"","362.7380","3.8307","0.0594"
"","362.8380","3.8206","0.0574"
"","362.9380","3.8108","0.0554"
"","363.0380","3.8008","0.0533"
"","363.1380","3.7907","0.0514"
"","363.2380","3.7806","0.0495"
"","363.3380","3.7709","0.0478"
"","363.4380","3.7607","0.0459"
"","363.5380","3.7507","0.0442"
"","363.6380","3.7407","0.0426"
"","363.7380","3.7308","0.0410"
"","363.8380","3.7207","0.0394"
"","363.9380","3.7106","0.0379"
"","364.0380","3.7009","0.0364"
"","364.1380","3.6907","0.0350"
"","364.2380","3.6806","0.0337"
"","364.3380","3.6707","0.0328"
"","364.4380","3.6608","0.0327"
"","364.5380","3.6507","0.0327"
"","364.6380","3.6407","0.0327"
"","364.7380","3.6309","0.0327"
"","364.8380","3.6206","0.0327"
"","364.9380","3.6106","0.0327"
"","365.0380","3.6007","0.0327"
"","365.1380","3.5909","0.0326"
"","365.2380","3.5806","0.0326"
"","365.3380","3.5706","0.0326"
"","365.4380","3.5609","0.0326"
"","365.5380","3.5507","0.0326"
"","365.6380","3.5406","0.0326"
"","365.7380","3.5306","0.0326"
"","365.8380","3.5209","0.0327"
"","365.9380","3.5107","0.0327"
"","366.0380","3.5006","0.0326"
"","366.1380","3.4908","0.0325"
"","366.2380","3.4808","0.0313"
"","366.3380","3.4708","0.0299"
"","366.4380","3.4606","0.0286"
"","366.5380","3.4510","0.0274"
"","366.6380","3.4405","0.0262"
"","366.7380","3.4306","0.0252"
"","366.8380","3.4207","0.0242"
"","366.9380","3.4109","0.0232"
"","367.0380","3.4007","0.0223"
"","367.1380","3.3907","0.0214"
"","367.2380","3.3810","0.0205"
"","367.3380","3.3706","0.0196"
"","367.4380","3.3605","0.0187"
"","367.5380","3.3507","0.0180"
"","367.6380","3.3409","0.0172"
"","367.7380","3.3307","0.0165"
"","367.8380","3.3206","0.0158"
"","367.9380","3.3108","0.0151"
"","368.0380","3.3008","0.0145"
"","368.1380","3.2907","0.0138"
"","368.2380","3.2806","0.0132"
"","368.3380","3.2709","0.0127"
"","368.4380","3.2608","0.0121"
"","368.5380","3.2507","0.0116"
"","368.6380","3.2407","0.0111"
"","368.7380","3.2308","0.0106"
"","368.8380","3.2208","0.0101"
"","368.9380","3.2106","0.0097"
"","369.0380","3.2009","0.0093"
"","369.1380","3.1905","0.0089"
"","369.2380","3.1807","0.0085"
"","369.3380","3.1707","0.0081"
"","369.4380","3.1608","0.0078"
"","369.5380","3.1506","0.0074"
"","369.6380","3.1407","0.0071"
"","369.7380","3.1309","0.0068"
"","369.8380","3.1207","0.0065"
"","369.9380","3.1106","0.0062"
"","370.0380","3.1007","0.0059"
"","370.1380","3.0910","0.0057"
"","370.2380","3.0807","0.0054"
"","370.3380","3.0706","0.0052"
"","370.4380","3.0608","0.0050"
"","370.5380","3.0508","0.0047"
"","370.6380","3.0407","0.0046"
"","370.7380","3.0306","0.0044"
"","370.8380","3.0209","0.0042"
"","370.9380","3.0107","0.0040"
"","371.0380","3.0007","0.0039"
"","371.1380","2.9907","0.0037"
"","371.2380","2.9807","0.0035"
"","371.3380","2.9707","0.0033"
"","371.4380","2.9606","0.0032"
"","371.5380","2.9509","0.0030"
"","371.6380","2.9405","0.0029"
"","371.7380","2.9307","0.0027"
"","371.8380","2.9208","0.0026"
"","371.9380","2.9108","0.0024"
"","372.0380","2.9006","0.0023"
"","372.1380","2.8907","0.0022"
"","372.2380","2.8809","0.0021"
"","372.3380","2.8706","0.0020"
"","372.4380","2.8605","0.0020"
"","372.5380","2.8507","0.0019"
"","372.6380","2.8409","0.0018"
"","372.7380","2.8306","0.0017"
"","372.8380","2.8205","0.0017"
"","372.9380","2.8109","0.0016"
"","373.0380","2.8008","0.0015"
"","373.1380","2.7906","0.0015"
"","373.2380","2.7806","0.0014"
"","373.3380","2.7710","0.0014"
"","373.4380","2.7607","0.0013"
"","373.5380","2.7506","0.0013"
"","373.6380","2.7408","0.0012"
"","373.7380","2.7307","0.0012"
"","373.8380","2.7208","0.0012"
"","373.9380","2.7106","0.0011"
"","374.0380","2.7010","0.0011"
"","374.1380","2.6904","0.0011"
"","374.2380","2.6806","0.0010"
"","374.3380","2.6707","0.0010"
"","374.4380","2.6608","0.0010"
"","374.5380","2.6506","0.0009"
"","374.6380","2.6407","0.0009"
"","374.7380","2.6310","0.0009"
"","374.8380","2.6206","0.0008"
"","374.9380","2.6105","0.0008"
"","375.0380","2.6007","0.0008"
"","375.1380","2.5910","0.0008"
"","375.2380","2.5807","0.0008"
"","375.3380","2.5706","0.0007"
"","375.4380","2.5608","0.0007"
"","375.5380","2.5508","0.0007"
"","375.6380","2.5406","0.0007"
"","375.7380","2.5306","0.0006"
"","375.8380","2.5209","0.0006"
"","375.9380","2.5108","0.0006"
"","376.0380","2.5006","0.0006"
"","376.1380","2.4907","0.0005"
"","376.2380","2.4808","0.0005"
"","376.3380","2.4708","0.0005"
"","376.4380","2.4606","0.0005"
"","376.5380","2.4509","0.0005"
"","376.6380","2.4405","0.0005"
"","376.7380","2.4307","0.0005"
"","376.8380","2.4207","0.0005"
"","376.9380","2.4108","0.0005"
"","377.0380","2.4006","0.0004"
"","377.1380","2.3907","0.0004"
"","377.2380","2.3809","0.0004"
"","377.3380","2.3707","0.0004"
"","377.4380","2.3605","0.0004"
"","377.5380","2.3507","0.0004"
"","377.6380","2.3410","0.0004"
"","377.7380","2.3307","0.0003"
"","377.8380","2.3206","0.0003"
"","377.9380","2.3108","0.0003"
"","378.0380","2.3007","0.0003"
"","378.1380","2.2907","0.0003"
"","378.2380","2.2806","0.0003"
"","378.3380","2.2709","0.0003"
"","378.4380","2.2607","0.0003"
"","378.5380","2.2507","0.0003"
"","378.6380","2.2407","0.0003"
"","378.7380","2.2308","0.0002"
"","378.8380","2.2207","0.0003"
"","378.9380","2.2107","0.0002"
"","379.0380","2.2009","0.0002"
"","379.1380","2.1905","0.0002"
"","379.2380","2.1807","0.0002"
"","379.3380","2.1709","0.0002"
"","379.4380","2.1609","0.0002"
"","379.5380","2.1506","0.0002"
"","379.6380","2.1408","0.0002"
"","379.7380","2.1309","0.0002"
"","379.8380","2.1206","0.0002"
"","379.9380","2.1105","0.0002"
"","380.0380","2.1007","0.0002"
"","380.1380","2.0910","0.0002"
"","380.2380","2.0806","0.0002"
"","380.3380","2.0705","0.0002"
"","380.4380","2.0609","0.0002"
"","380.5380","2.0507","0.0002"
"","380.6380","2.0406","0.0002"
"","380.7380","2.0306","0.0002"
"","380.8380","2.0209","0.0002"
"","380.9380","2.0107","0.0002"
"","381.0380","2.0006","0.0001"
"","381.1380","1.9908","0.0001"
"","381.2380","1.9807","0.0001"
"","381.3380","1.9707","0.0001"
"","381.4380","1.9606","0.0001"
"","381.5380","1.9510","0.0001"
"","381.6380","1.9405","0.0001"
"","381.7380","1.9306","0.0001"
"","381.8380","1.9207","0.0001"
"","381.9380","1.9109","0.0001"
"","382.0380","1.9006","0.0001"
"","382.1380","1.8907","0.0001"
"","382.2380","1.8810","0.0001"
"","382.3380","1.8707","0.0001"
"","382.4380","1.8605","0.0001"
"","382.5380","1.8507","0.0001"
"","382.6380","1.8410","0.0001"
"","382.7380","1.8307","0.0001"
"","382.8380","1.8206","0.0001"
"","382.9380","1.8108","0.0001"
"","383.0380","1.8008","0.0001"
"","383.1380","1.7907","0.0001"
"","383.2380","1.7806","0.0001"
"","383.3380","1.7708","0.0001"
"","383.4380","1.7607","0.0001"
"","383.5380","1.7507","0.0001"
"","383.6380","1.7407","0.0001"
"","383.7380","1.7308","0.0001"
"","383.8380","1.7207","0.0001"
"","383.9380","1.7106","0.0001"
"","384.0380","1.7009","0.0001"
"","384.1380","1.6906","0.0001"
"","384.2380","1.6806","0.0000"
"","384.3380","1.6707","0.0000"
"","384.4380","1.6608","0.0000"
"","384.5380","1.6507","0.0000"
"","384.6380","1.6407","0.0001"
"","384.7380","1.6309","0.0000"
"","384.8380","1.6206","0.0000"
"","384.9380","1.6106","0.0000"
"","385.0380","1.6006","0.0000"
"","385.1380","1.5910","0.0000"
"","385.2380","1.5807","0.0000"
"","385.3380","1.5706","0.0000"
"","385.4380","1.5608","0.0000"
"","385.5380","1.5507","0.0000"
"","385.6380","1.5407","0.0000"
"","385.7380","1.5306","0.0000"
"","385.8380","1.5209","0.0000"
"","385.9380","1.5107","0.0000"
"","386.0380","1.5007","0.0000"
"","386.1380","1.4907","0.0000"
"","386.2380","1.4807","0.0000"
"","386.3380","1.4707","0.0000"
"","386.4380","1.4606","0.0000"
"","386.5380","1.4509","0.0000"
"","386.6380","1.4405","0.0000"
"","386.7380","1.4307","0.0000"
"","386.8380","1.4208","0.0000"
"","386.9380","1.4109","0.0000"
"","387.0380","1.4006","0.0000"
"","387.1380","1.3907","0.0000"
"","387.2380","1.3809","0.0000"
"","387.3380","1.3706","0.0000"
"","387.4380","1.3605","0.0000"
"","387.5380","1.3508","0.0000"
"","387.6380","1.3410","0.0000"
"","387.7380","1.3306","0.0000"
"","387.8380","1.3205","0.0000"
"","387.9380","1.3109","0.0000"
"","388.0380","1.3008","0.0000"
"","388.1380","1.2906","0.0000"
"","388.2380","1.2806","0.0000"
"","388.3380","1.2709","0.0000"
"","388.4380","1.2607","0.0000"
"","388.5380","1.2506","0.0000"
"","388.6380","1.2407","0.0000"
"","388.7380","1.2307","0.0000"
"","388.8380","1.2207","0.0000"
"","388.9380","1.2106","0.0000"
"","389.0380","1.2010","0.0000"
"","389.1380","1.1905","0.0000"
"","389.2380","1.1806","0.0000"
"","389.3380","1.1707","0.0000"
"","389.4380","1.1608","0.0000"
"","389.5380","1.1506","0.0000"
"","389.6380","1.1407","0.0000"
"","389.7380","1.1310","0.0000"
"","389.8380","1.1206","0.0000"
"","389.9380","1.1104","0.0000"
"","390.0380","1.1007","0.0000"
"","390.1380","1.0910","0.0000"
"","390.2380","1.0807","-0.0001"
"","390.3380","1.0706","0.0000"
"","390.4380","1.0608","0.0000"
"","390.5380","1.0508","-0.0001"
"","390.6380","1.0407","0.0000"
"","390.7380","1.0305","0.0000"
"","390.8380","1.0209","-0.0001"
"","390.9380","1.0108","0.0000"
"","391.0380","1.0006","0.0000"
"","391.1380","0.9907","0.0000"
"","391.2380","0.9808","0.0000"
"","391.3380","0.9708","0.0000"
"","391.4380","0.9607","-0.0001"
"","391.5380","0.9509","0.0000"
"","391.6380","0.9405","-0.0001"
"","391.7380","0.9306","0.0000"
"","391.8380","0.9207","0.0000"
"","391.9380","0.9108","-0.0001"
"","392.0380","0.9006","0.0000"
"","392.1380","0.8907","0.0000"
"","392.2380","0.8809","-0.0001"
"","392.3380","0.8707","0.0000"
"","392.4380","0.8606","-0.0001"
"","392.5380","0.8507","-0.0001"
"","392.6380","0.8410","0.0000"
"","392.7380","0.8307","-0.0001"
"","392.8380","0.8205","0.0000"
"","392.9380","0.8108","0.0000"
"","393.0380","0.8008","-0.0001"
"","393.1380","0.7907","0.0000"
"","393.2380","0.7806","-0.0001"
"","393.3380","0.7710","-0.0001"
"","393.4380","0.7607","-0.0001"
"","393.5380","0.7507","0.0000"
"","393.6380","0.7407","-0.0001"
"","393.7380","0.7308","0.0000"
"","393.8380","0.7207","-0.0001"
"","393.9380","0.7107","0.0000"
"","394.0380","0.7008","-0.0001"
"","394.1380","0.6905","0.0000"
"","394.2380","0.6806","-0.0001"
"","394.3380","0.6707","-0.0001"
"","394.4380","0.6609","-0.0001"
"","394.5380","0.6507","-0.0001"
"","394.6380","0.6408","-0.0001"
"","394.7380","0.6309","0.0000"
"","394.8380","0.6206","-0.0001"
"","394.9380","0.6105","0.0000"
"","395.0380","0.6007","-0.0001"
"","395.1380","0.5909","-0.0001"
"","395.2380","0.5806","0.0000"
"","395.3380","0.5706","-0.0001"
"","395.4380","0.5609","-0.0001"
"","395.5380","0.5507","-0.0001"
"","395.6380","0.5406","0.0000"
"","395.7380","0.5306","-0.0001"
"","395.8380","0.5210","-0.0001"
"","395.9380","0.5107","-0.0001"
"","396.0380","0.5006","0.0000"
"","396.1380","0.4908","-0.0001"
"","396.2380","0.4807","-0.0001"
"","396.3380","0.4707","-0.0001"
"","396.4380","0.4606","-0.0001"
"","396.5380","0.4510","-0.0001"
"","396.6380","0.4406","-0.0001"
"","396.7380","0.4306","-0.0001"
"","396.8380","0.4207","-0.0001"
"","396.9380","0.4108","-0.0001"
"","397.0380","0.4006","0.0000"
"","397.1380","0.3907","-0.0001"
"","397.2380","0.3810","-0.0001"
"","397.3380","0.3706","0.0000"
"","397.4380","0.3605","-0.0001"
"","397.5380","0.3507","-0.0001"
"","397.6380","0.3409","-0.0001"
"","397.7380","0.3307","-0.0001"
"","397.8380","0.3205","0.0000"
"","397.9380","0.3108","-0.0001"
"","398.0380","0.3008","-0.0001"
"","398.1380","0.2907","0.0000"
"","398.2380","0.2806","-0.0001"
"","398.3380","0.2709","-0.0001"
"","398.4380","0.2607","0.0000"
"","398.5380","0.2506","-0.0001"
"","398.6380","0.2407","-0.0001"
"","398.7380","0.2308","-0.0001"
"","398.8380","0.2207","-0.0001"
"","398.9380","0.2106","-0.0001"
"","399.0380","0.2009","-0.0001"
"","399.1380","0.1906","-0.0001"
"","399.2380","0.1807","-0.0001"
"","399.3380","0.1707","-0.0001"
"","399.4380","0.1608","-0.0001"
"","399.5380","0.1506","-0.0001"
"","399.6380","0.1407","-0.0001"
"","399.7380","0.1309","-0.0001"
"","399.8380","0.1207","-0.0001"
"","399.9380","0.1106","0.0000"
"","400.0380","0.1007","0.0000"
"","400.1380","0.0910","-0.0001"
"","400.2380","0.0807","-0.0001"
"","400.3380","0.0706","0.0000"
"","400.4380","0.0608","-0.0001"
"","400.5380","0.0507","0.0000"
"","400.6380","0.0407","0.0000"
"","400.7380","0.0306","-0.0001"
"","400.8380","0.0209","-0.0001"
"","400.9380","0.0107","0.0000"
"","401.0380","0.0007","-0.0001"
"","401.0450","0.0000","-0.0001"

