1,Time,Displacement,Force
,(s),(mm),(kN)
"","0.0000","0.0000","0.0024"
"","0.1000","0.0035","0.0024"
"","0.2000","0.0126","0.0025"
"","0.3000","0.0246","0.0026"
"","0.4000","0.0344","0.0026"
"","0.5000","0.0446","0.0027"
"","0.6000","0.0546","0.0027"
"","0.7000","0.0647","0.0028"
"","0.8000","0.0744","0.0029"
"","0.9000","0.0846","0.0029"
"","1.0000","0.0946","0.0030"
"","1.1000","0.1045","0.0031"
"","1.2000","0.1146","0.0031"
"","1.3000","0.1247","0.0032"
"","1.4000","0.1346","0.0032"
"","1.5000","0.1443","0.0033"
"","1.6000","0.1547","0.0034"
"","1.7000","0.1646","0.0034"
"","1.8000","0.1744","0.0035"
"","1.9000","0.1845","0.0036"
"","2.0000","0.1948","0.0036"
"","2.1000","0.2047","0.0037"
"","2.2000","0.2143","0.0038"
"","2.3000","0.2246","0.0039"
"","2.4000","0.2346","0.0039"
"","2.5000","0.2446","0.0040"
"","2.6000","0.2543","0.0041"
"","2.7000","0.2647","0.0042"
"","2.8000","0.2747","0.0043"
"","2.9000","0.2844","0.0044"
"","3.0000","0.2946","0.0045"
"","3.1000","0.3047","0.0046"
"","3.2000","0.3147","0.0046"
"","3.3000","0.3244","0.0048"
"","3.4000","0.3346","0.0049"
"","3.5000","0.3447","0.0049"
"","3.6000","0.3545","0.0050"
"","3.7000","0.3646","0.0052"
"","3.8000","0.3747","0.0053"
"","3.9000","0.3847","0.0054"
"","4.0000","0.3943","0.0055"
"","4.1000","0.4046","0.0056"
"","4.2000","0.4146","0.0057"
"","4.3000","0.4245","0.0058"
"","4.4000","0.4345","0.0059"
"","4.5000","0.4447","0.0060"
"","4.6000","0.4547","0.0061"
"","4.7000","0.4643","0.0062"
"","4.8000","0.4746","0.0064"
"","4.9000","0.4847","0.0065"
"","5.0000","0.4946","0.0066"
"","5.1000","0.5044","0.0067"
"","5.2000","0.5147","0.0069"
"","5.3000","0.5247","0.0070"
"","5.4000","0.5345","0.0070"
"","5.5000","0.5445","0.0072"
"","5.6000","0.5546","0.0074"
"","5.7000","0.5647","0.0075"
"","5.8000","0.5745","0.0076"
"","5.9000","0.5845","0.0077"
"","6.0000","0.5946","0.0079"
"","6.1000","0.6046","0.0080"
"","6.2000","0.6147","0.0082"
"","6.3000","0.6246","0.0082"
"","6.4000","0.6346","0.0084"
"","6.5000","0.6443","0.0086"
"","6.6000","0.6546","0.0087"
"","6.7000","0.6645","0.0088"
"","6.8000","0.6745","0.0090"
"","6.9000","0.6846","0.0091"
"","7.0000","0.6948","0.0093"
"","7.1000","0.7046","0.0095"
"","7.2000","0.7143","0.0097"
"","7.3000","0.7246","0.0098"
"","7.4000","0.7347","0.0099"
"","7.5000","0.7446","0.0101"
"","7.6000","0.7544","0.0103"
"","7.7000","0.7647","0.0105"
"","7.8000","0.7748","0.0107"
"","7.9000","0.7844","0.0109"
"","8.0000","0.7946","0.0111"
"","8.1000","0.8045","0.0113"
"","8.2000","0.8147","0.0115"
"","8.3000","0.8243","0.0117"
"","8.4000","0.8346","0.0120"
"","8.5000","0.8446","0.0122"
"","8.6000","0.8546","0.0124"
"","8.7000","0.8647","0.0127"
"","8.8000","0.8747","0.0129"
"","8.9000","0.8846","0.0132"
"","9.0000","0.8943","0.0134"
"","9.1000","0.9047","0.0137"
"","9.2000","0.9146","0.0140"
"","9.3000","0.9245","0.0143"
"","9.4000","0.9345","0.0146"
"","9.5000","0.9448","0.0148"
"","9.6000","0.9546","0.0151"
"","9.7000","0.9644","0.0154"
"","9.8000","0.9746","0.0158"
"","9.9000","0.9847","0.0161"
"","10.0000","0.9945","0.0164"
"","10.1000","1.0043","0.0168"
"","10.2000","1.0146","0.0171"
"","10.3000","1.0248","0.0175"
"","10.4000","1.0344","0.0178"
"","10.5000","1.0445","0.0182"
"","10.6000","1.0546","0.0186"
"","10.7000","1.0648","0.0190"
"","10.8000","1.0744","0.0193"
"","10.9000","1.0845","0.0197"
"","11.0000","1.0946","0.0201"
"","11.1000","1.1046","0.0205"
"","11.2000","1.1147","0.0210"
"","11.3000","1.1247","0.0214"
"","11.4000","1.1347","0.0218"
"","11.5000","1.1443","0.0222"
"","11.6000","1.1547","0.0226"
"","11.7000","1.1645","0.0231"
"","11.8000","1.1745","0.0235"
"","11.9000","1.1845","0.0240"
"","12.0000","1.1948","0.0245"
"","12.1000","1.2046","0.0249"
"","12.2000","1.2143","0.0254"
"","12.3000","1.2246","0.0259"
"","12.4000","1.2347","0.0264"
"","12.5000","1.2446","0.0268"
"","12.6000","1.2544","0.0273"
"","12.7000","1.2647","0.0278"
"","12.8000","1.2747","0.0284"
"","12.9000","1.2844","0.0289"
"","13.0000","1.2945","0.0294"
"","13.1000","1.3046","0.0300"
"","13.2000","1.3148","0.0306"
"","13.3000","1.3245","0.0311"
"","13.4000","1.3345","0.0317"
"","13.5000","1.3446","0.0323"
"","13.6000","1.3546","0.0328"
"","13.7000","1.3647","0.0334"
"","13.8000","1.3746","0.0341"
"","13.9000","1.3846","0.0347"
"","14.0000","1.3943","0.0353"
"","14.1000","1.4046","0.0359"
"","14.2000","1.4145","0.0365"
"","14.3000","1.4245","0.0371"
"","14.4000","1.4346","0.0377"
"","14.5000","1.4448","0.0381"
"","14.6000","1.4546","0.0381"
"","14.7000","1.4643","0.0380"
"","14.8000","1.4746","0.0380"
"","14.9000","1.4846","0.0380"
"","15.0000","1.4946","0.0379"
"","15.1000","1.5044","0.0379"
"","15.2000","1.5147","0.0380"
"","15.3000","1.5247","0.0381"
"","15.4000","1.5344","0.0381"
"","15.5000","1.5446","0.0381"
"","15.6000","1.5546","0.0381"
"","15.7000","1.5647","0.0380"
"","15.8000","1.5743","0.0381"
"","15.9000","1.5846","0.0381"
"","16.0000","1.5946","0.0380"
"","16.1000","1.6045","0.0379"
"","16.2000","1.6147","0.0379"
"","16.3000","1.6247","0.0380"
"","16.4000","1.6347","0.0387"
"","16.5000","1.6443","0.0396"
"","16.6000","1.6547","0.0407"
"","16.7000","1.6645","0.0417"
"","16.8000","1.6745","0.0426"
"","16.9000","1.6845","0.0435"
"","17.0000","1.6948","0.0444"
"","17.1000","1.7047","0.0452"
"","17.2000","1.7143","0.0459"
"","17.3000","1.7246","0.0468"
"","17.4000","1.7347","0.0477"
"","17.5000","1.7445","0.0485"
"","17.6000","1.7544","0.0494"
"","17.7000","1.7646","0.0503"
"","17.8000","1.7748","0.0511"
"","17.9000","1.7843","0.0519"
"","18.0000","1.7945","0.0529"
"","18.1000","1.8046","0.0538"
"","18.2000","1.8148","0.0547"
"","18.3000","1.8243","0.0555"
"","18.4000","1.8345","0.0565"
"","18.5000","1.8446","0.0575"
"","18.6000","1.8545","0.0584"
"","18.7000","1.8646","0.0593"
"","18.8000","1.8747","0.0603"
"","18.9000","1.8847","0.0612"
"","19.0000","1.8943","0.0621"
"","19.1000","1.9047","0.0632"
"","19.2000","1.9145","0.0641"
"","19.3000","1.9245","0.0652"
"","19.4000","1.9345","0.0662"
"","19.5000","1.9448","0.0673"
"","19.6000","1.9546","0.0683"
"","19.7000","1.9643","0.0692"
"","19.8000","1.9746","0.0704"
"","19.9000","1.9847","0.0714"
"","20.0000","1.9946","0.0724"
"","20.1000","2.0044","0.0735"
"","20.2000","2.0147","0.0746"
"","20.3000","2.0248","0.0757"
"","20.4000","2.0344","0.0767"
"","20.5000","2.0445","0.0779"
"","20.6000","2.0546","0.0790"
"","20.7000","2.0647","0.0801"
"","20.8000","2.0744","0.0811"
"","20.9000","2.0845","0.0823"
"","21.0000","2.0946","0.0835"
"","21.1000","2.1046","0.0847"
"","21.2000","2.1146","0.0858"
"","21.3000","2.1246","0.0870"
"","21.4000","2.1346","0.0882"
"","21.5000","2.1444","0.0893"
"","21.6000","2.1546","0.0905"
"","21.7000","2.1645","0.0918"
"","21.8000","2.1745","0.0930"
"","21.9000","2.1846","0.0942"
"","22.0000","2.1947","0.0954"
"","22.1000","2.2046","0.0966"
"","22.2000","2.2143","0.0978"
"","22.3000","2.2247","0.0991"
"","22.4000","2.2345","0.1004"
"","22.5000","2.2446","0.1016"
"","22.6000","2.2544","0.1029"
"","22.7000","2.2647","0.1042"
"","22.8000","2.2747","0.1054"
"","22.9000","2.2843","0.1066"
"","23.0000","2.2947","0.1081"
"","23.1000","2.3046","0.1094"
"","23.2000","2.3147","0.1107"
"","23.3000","2.3242","0.1119"
"","23.4000","2.3346","0.1134"
"","23.5000","2.3447","0.1147"
"","23.6000","2.3546","0.1160"
"","23.7000","2.3645","0.1174"
"","23.8000","2.3747","0.1188"
"","23.9000","2.3847","0.1201"
"","24.0000","2.3943","0.1214"
"","24.1000","2.4046","0.1228"
"","24.2000","2.4146","0.1242"
"","24.3000","2.4246","0.1255"
"","24.4000","2.4346","0.1269"
"","24.5000","2.4446","0.1283"
"","24.6000","2.4547","0.1297"
"","24.7000","2.4644","0.1310"
"","24.8000","2.4746","0.1325"
"","24.9000","2.4846","0.1338"
"","25.0000","2.4946","0.1352"
"","25.1000","2.5044","0.1366"
"","25.2000","2.5147","0.1381"
"","25.3000","2.5247","0.1395"
"","25.4000","2.5343","0.1407"
"","25.5000","2.5446","0.1423"
"","25.6000","2.5547","0.1438"
"","25.7000","2.5647","0.1452"
"","25.8000","2.5743","0.1465"
"","25.9000","2.5846","0.1480"
"","26.0000","2.5947","0.1495"
"","26.1000","2.6045","0.1509"
"","26.2000","2.6146","0.1524"
"","26.3000","2.6247","0.1539"
"","26.4000","2.6347","0.1554"
"","26.5000","2.6443","0.1567"
"","26.6000","2.6547","0.1583"
"","26.7000","2.6645","0.1597"
"","26.8000","2.6745","0.1612"
"","26.9000","2.6845","0.1627"
"","27.0000","2.6948","0.1642"
"","27.1000","2.7046","0.1657"
"","27.2000","2.7143","0.1671"
"","27.3000","2.7245","0.1687"
"","27.4000","2.7346","0.1702"
"","27.5000","2.7446","0.1717"
"","27.6000","2.7544","0.1731"
"","27.7000","2.7647","0.1747"
"","27.8000","2.7747","0.1762"
"","27.9000","2.7844","0.1776"
"","28.0000","2.7945","0.1792"
"","28.1000","2.8045","0.1807"
"","28.2000","2.8147","0.1821"
"","28.3000","2.8243","0.1836"
"","28.4000","2.8345","0.1852"
"","28.5000","2.8446","0.1868"
"","28.6000","2.8546","0.1883"
"","28.7000","2.8646","0.1898"
"","28.8000","2.8746","0.1914"
"","28.9000","2.8845","0.1929"
"","29.0000","2.8944","0.1944"
"","29.1000","2.9046","0.1960"
"","29.2000","2.9145","0.1975"
"","29.3000","2.9245","0.1991"
"","29.4000","2.9346","0.2007"
"","29.5000","2.9448","0.2023"
"","29.6000","2.9547","0.2038"
"","29.7000","2.9644","0.2053"
"","29.8000","2.9747","0.2070"
"","29.9000","2.9847","0.2085"
"","30.0000","2.9946","0.2100"
"","30.1000","3.0044","0.2115"
"","30.2000","3.0147","0.2132"
"","30.3000","3.0248","0.2147"
"","30.4000","3.0343","0.2161"
"","30.5000","3.0446","0.2178"
"","30.6000","3.0546","0.2193"
"","30.7000","3.0647","0.2209"
"","30.8000","3.0743","0.2222"
"","30.9000","3.0846","0.2238"
"","31.0000","3.0946","0.2254"
"","31.1000","3.1046","0.2269"
"","31.2000","3.1146","0.2284"
"","31.3000","3.1247","0.2299"
"","31.4000","3.1347","0.2315"
"","31.5000","3.1443","0.2329"
"","31.6000","3.1546","0.2346"
"","31.7000","3.1645","0.2361"
"","31.8000","3.1745","0.2377"
"","31.9000","3.1846","0.2393"
"","32.0000","3.1948","0.2409"
"","32.1000","3.2047","0.2425"
"","32.2000","3.2143","0.2438"
"","32.3000","3.2246","0.2455"
"","32.4000","3.2347","0.2470"
"","32.5000","3.2445","0.2485"
"","32.6000","3.2544","0.2500"
"","32.7000","3.2646","0.2517"
"","32.8000","3.2748","0.2533"
"","32.9000","3.2844","0.2547"
"","33.0000","3.2946","0.2564"
"","33.1000","3.3046","0.2580"
"","33.2000","3.3147","0.2596"
"","33.3000","3.3243","0.2609"
"","33.4000","3.3345","0.2626"
"","33.5000","3.3446","0.2643"
"","33.6000","3.3545","0.2657"
"","33.7000","3.3646","0.2673"
"","33.8000","3.3746","0.2689"
"","33.9000","3.3847","0.2705"
"","34.0000","3.3943","0.2718"
"","34.1000","3.4046","0.2734"
"","34.2000","3.4144","0.2749"
"","34.3000","3.4245","0.2764"
"","34.4000","3.4345","0.2780"
"","34.5000","3.4448","0.2795"
"","34.6000","3.4546","0.2810"
"","34.7000","3.4643","0.2824"
"","34.8000","3.4746","0.2841"
"","34.9000","3.4847","0.2856"
"","35.0000","3.4946","0.2872"
"","35.1000","3.5044","0.2887"
"","35.2000","3.5147","0.2903"
"","35.3000","3.5248","0.2917"
"","35.4000","3.5344","0.2932"
"","35.5000","3.5446","0.2949"
"","35.6000","3.5546","0.2965"
"","35.7000","3.5647","0.2979"
"","35.8000","3.5744","0.2993"
"","35.9000","3.5845","0.3009"
"","36.0000","3.5946","0.3025"
"","36.1000","3.6046","0.3039"
"","36.2000","3.6146","0.3054"
"","36.3000","3.6246","0.3070"
"","36.4000","3.6346","0.3084"
"","36.5000","3.6443","0.3098"
"","36.6000","3.6546","0.3113"
"","36.7000","3.6645","0.3128"
"","36.8000","3.6745","0.3142"
"","36.9000","3.6846","0.3157"
"","37.0000","3.6948","0.3171"
"","37.1000","3.7046","0.3185"
"","37.2000","3.7143","0.3199"
"","37.3000","3.7246","0.3215"
"","37.4000","3.7346","0.3228"
"","37.5000","3.7446","0.3243"
"","37.6000","3.7544","0.3256"
"","37.7000","3.7647","0.3272"
"","37.8000","3.7748","0.3286"
"","37.9000","3.7843","0.3298"
"","38.0000","3.7946","0.3314"
"","38.1000","3.8046","0.3327"
"","38.2000","3.8148","0.3341"
"","38.3000","3.8243","0.3353"
"","38.4000","3.8346","0.3370"
"","38.5000","3.8446","0.3384"
"","38.6000","3.8546","0.3398"
"","38.7000","3.8647","0.3412"
"","38.8000","3.8746","0.3427"
"","38.9000","3.8846","0.3441"
"","39.0000","3.8943","0.3452"
"","39.1000","3.9047","0.3467"
"","39.2000","3.9145","0.3480"
"","39.3000","3.9245","0.3494"
"","39.4000","3.9346","0.3508"
"","39.5000","3.9448","0.3522"
"","39.6000","3.9547","0.3534"
"","39.7000","3.9643","0.3546"
"","39.8000","3.9745","0.3561"
"","39.9000","3.9847","0.3574"
"","40.0000","3.9945","0.3588"
"","40.0590","4.0001","0.3594"
"","40.0600","4.0001","0.3594"
"","40.0610","4.0002","0.3595"
"","40.1610","4.0011","0.3565"
"","40.2420","3.9954","0.3514"
"","40.3020","3.9884","0.3464"
"","40.3660","3.9809","0.3413"
"","40.4410","3.9732","0.3362"
"","40.5200","3.9654","0.3312"
"","40.6010","3.9574","0.3262"
"","40.6830","3.9490","0.3211"
"","40.7680","3.9404","0.3161"
"","40.8560","3.9316","0.3111"
"","40.9470","3.9228","0.3061"
"","41.0360","3.9137","0.3010"
"","41.1270","3.9046","0.2960"
"","41.2200","3.8951","0.2910"
"","41.3180","3.8857","0.2859"
"","41.4110","3.8762","0.2809"
"","41.5070","3.8665","0.2758"
"","41.6050","3.8566","0.2708"
"","41.7050","3.8470","0.2660"
"","41.8020","3.8371","0.2609"
"","41.9020","3.8270","0.2559"
"","42.0020","3.8171","0.2511"
"","42.1020","3.8071","0.2463"
"","42.2020","3.7971","0.2416"
"","42.3020","3.7871","0.2369"
"","42.4020","3.7774","0.2324"
"","42.5020","3.7669","0.2276"
"","42.6020","3.7570","0.2231"
"","42.7020","3.7471","0.2187"
"","42.8020","3.7372","0.2144"
"","42.9020","3.7270","0.2100"
"","43.0020","3.7171","0.2057"
"","43.1020","3.7074","0.2016"
"","43.2020","3.6971","0.1974"
"","43.3020","3.6868","0.1933"
"","43.4020","3.6770","0.1893"
"","43.5020","3.6673","0.1854"
"","43.6020","3.6570","0.1814"
"","43.7020","3.6469","0.1775"
"","43.8020","3.6372","0.1738"
"","43.9020","3.6272","0.1700"
"","44.0020","3.6170","0.1663"
"","44.1020","3.6069","0.1626"
"","44.2020","3.5973","0.1592"
"","44.3020","3.5871","0.1555"
"","44.4020","3.5770","0.1520"
"","44.5020","3.5670","0.1486"
"","44.6020","3.5571","0.1453"
"","44.7020","3.5471","0.1420"
"","44.8020","3.5370","0.1387"
"","44.9020","3.5272","0.1356"
"","45.0020","3.5170","0.1323"
"","45.1020","3.5070","0.1292"
"","45.2020","3.4970","0.1262"
"","45.3020","3.4871","0.1232"
"","45.4020","3.4770","0.1203"
"","45.5020","3.4670","0.1174"
"","45.6020","3.4572","0.1146"
"","45.7020","3.4470","0.1118"
"","45.8020","3.4369","0.1090"
"","45.9020","3.4270","0.1064"
"","46.0020","3.4173","0.1038"
"","46.1020","3.4070","0.1012"
"","46.2020","3.3969","0.0986"
"","46.3020","3.3872","0.0962"
"","46.4020","3.3770","0.0937"
"","46.5020","3.3670","0.0914"
"","46.6020","3.3569","0.0890"
"","46.7020","3.3473","0.0868"
"","46.8020","3.3370","0.0845"
"","46.9020","3.3270","0.0823"
"","47.0020","3.3170","0.0803"
"","47.1020","3.3071","0.0782"
"","47.2020","3.2971","0.0761"
"","47.3020","3.2870","0.0741"
"","47.4020","3.2772","0.0723"
"","47.5020","3.2669","0.0703"
"","47.6020","3.2571","0.0684"
"","47.7020","3.2472","0.0667"
"","47.8020","3.2372","0.0649"
"","47.9020","3.2270","0.0631"
"","48.0020","3.2171","0.0615"
"","48.1020","3.2073","0.0599"
"","48.2020","3.1970","0.0582"
"","48.3020","3.1868","0.0567"
"","48.4020","3.1770","0.0553"
"","48.5020","3.1673","0.0539"
"","48.6020","3.1570","0.0524"
"","48.7020","3.1469","0.0510"
"","48.8020","3.1372","0.0497"
"","48.9020","3.1271","0.0483"
"","49.0020","3.1169","0.0470"
"","49.1020","3.1069","0.0458"
"","49.2020","3.0973","0.0447"
"","49.3020","3.0870","0.0435"
"","49.4020","3.0769","0.0424"
"","49.5020","3.0671","0.0413"
"","49.6020","3.0570","0.0403"
"","49.7020","3.0471","0.0393"
"","49.8020","3.0370","0.0383"
"","49.9020","3.0273","0.0376"
"","50.0020","3.0168","0.0367"
"","50.1020","3.0069","0.0358"
"","50.2020","2.9971","0.0350"
"","50.3020","2.9872","0.0342"
"","50.4020","2.9769","0.0335"
"","50.5020","2.9671","0.0328"
"","50.6020","2.9573","0.0321"
"","50.7020","2.9470","0.0313"
"","50.8020","2.9368","0.0306"
"","50.9020","2.9270","0.0300"
"","51.0020","2.9173","0.0294"
"","51.1020","2.9071","0.0288"
"","51.2020","2.8970","0.0283"
"","51.3020","2.8871","0.0279"
"","51.4020","2.8772","0.0278"
"","51.5020","2.8670","0.0279"
"","51.6020","2.8569","0.0280"
"","51.7020","2.8472","0.0281"
"","51.8020","2.8371","0.0280"
"","51.9020","2.8270","0.0279"
"","52.0020","2.8170","0.0277"
"","52.1020","2.8070","0.0276"
"","52.2020","2.7971","0.0276"
"","52.3020","2.7870","0.0276"
"","52.4020","2.7773","0.0278"
"","52.5020","2.7669","0.0280"
"","52.6020","2.7570","0.0282"
"","52.7020","2.7470","0.0284"
"","52.8020","2.7371","0.0284"
"","52.9020","2.7270","0.0284"
"","53.0020","2.7171","0.0281"
"","53.1020","2.7073","0.0279"
"","53.2020","2.6970","0.0269"
"","53.3020","2.6869","0.0261"
"","53.4020","2.6770","0.0254"
"","53.5020","2.6673","0.0248"
"","53.6020","2.6570","0.0244"
"","53.7020","2.6469","0.0239"
"","53.8020","2.6372","0.0235"
"","53.9020","2.6271","0.0230"
"","54.0020","2.6170","0.0225"
"","54.1020","2.6069","0.0221"
"","54.2020","2.5972","0.0217"
"","54.3020","2.5870","0.0213"
"","54.4020","2.5770","0.0208"
"","54.5020","2.5670","0.0204"
"","54.6020","2.5571","0.0201"
"","54.7020","2.5470","0.0197"
"","54.8020","2.5370","0.0193"
"","54.9020","2.5272","0.0190"
"","55.0020","2.5169","0.0186"
"","55.1020","2.5070","0.0183"
"","55.2020","2.4970","0.0179"
"","55.3020","2.4871","0.0176"
"","55.4020","2.4771","0.0173"
"","55.5020","2.4671","0.0170"
"","55.6020","2.4572","0.0166"
"","55.7020","2.4469","0.0163"
"","55.8020","2.4370","0.0160"
"","55.9020","2.4270","0.0157"
"","56.0020","2.4172","0.0154"
"","56.1020","2.4069","0.0151"
"","56.2020","2.3969","0.0148"
"","56.3020","2.3873","0.0146"
"","56.4020","2.3770","0.0143"
"","56.5020","2.3669","0.0140"
"","56.6020","2.3569","0.0138"
"","56.7020","2.3473","0.0135"
"","56.8020","2.3370","0.0133"
"","56.9020","2.3269","0.0130"
"","57.0020","2.3171","0.0128"
"","57.1020","2.3071","0.0126"
"","57.2020","2.2971","0.0123"
"","57.3020","2.2870","0.0121"
"","57.4020","2.2773","0.0119"
"","57.5020","2.2669","0.0117"
"","57.6020","2.2569","0.0115"
"","57.7020","2.2470","0.0113"
"","57.8020","2.2371","0.0111"
"","57.9020","2.2270","0.0109"
"","58.0020","2.2171","0.0107"
"","58.1020","2.2073","0.0105"
"","58.2020","2.1970","0.0103"
"","58.3020","2.1868","0.0102"
"","58.4020","2.1770","0.0100"
"","58.5020","2.1673","0.0098"
"","58.6020","2.1570","0.0096"
"","58.7020","2.1469","0.0094"
"","58.8020","2.1372","0.0093"
"","58.9020","2.1271","0.0090"
"","59.0020","2.1170","0.0088"
"","59.1020","2.1069","0.0087"
"","59.2020","2.0972","0.0085"
"","59.3020","2.0871","0.0083"
"","59.4020","2.0770","0.0081"
"","59.5020","2.0670","0.0079"
"","59.6020","2.0571","0.0077"
"","59.7020","2.0471","0.0076"
"","59.8020","2.0370","0.0074"
"","59.9020","2.0273","0.0073"
"","60.0020","2.0169","0.0071"
"","60.1020","2.0070","0.0069"
"","60.2020","1.9970","0.0068"
"","60.3020","1.9872","0.0067"
"","60.4020","1.9770","0.0065"
"","60.5020","1.9670","0.0064"
"","60.6020","1.9573","0.0063"
"","60.7020","1.9470","0.0061"
"","60.8020","1.9369","0.0060"
"","60.9020","1.9270","0.0059"
"","61.0020","1.9173","0.0058"
"","61.1020","1.9070","0.0056"
"","61.2020","1.8969","0.0055"
"","61.3020","1.8871","0.0054"
"","61.4020","1.8771","0.0053"
"","61.5020","1.8670","0.0052"
"","61.6020","1.8569","0.0051"
"","61.7020","1.8472","0.0050"
"","61.8020","1.8370","0.0049"
"","61.9020","1.8270","0.0048"
"","62.0020","1.8171","0.0047"
"","62.1020","1.8070","0.0046"
"","62.2020","1.7971","0.0045"
"","62.3020","1.7870","0.0044"
"","62.4020","1.7772","0.0044"
"","62.5020","1.7668","0.0043"
"","62.6020","1.7571","0.0042"
"","62.7020","1.7472","0.0041"
"","62.8020","1.7372","0.0040"
"","62.9020","1.7269","0.0040"
"","63.0020","1.7171","0.0039"
"","63.1020","1.7072","0.0038"
"","63.2020","1.6970","0.0037"
"","63.3020","1.6868","0.0037"
"","63.4020","1.6770","0.0036"
"","63.5020","1.6673","0.0036"
"","63.6020","1.6570","0.0035"
"","63.7020","1.6469","0.0035"
"","63.8020","1.6372","0.0034"
"","63.9020","1.6271","0.0034"
"","64.0020","1.6170","0.0033"
"","64.1020","1.6069","0.0033"
"","64.2020","1.5972","0.0032"
"","64.3020","1.5871","0.0032"
"","64.4020","1.5770","0.0031"
"","64.5020","1.5671","0.0031"
"","64.6020","1.5570","0.0030"
"","64.7020","1.5471","0.0030"
"","64.8020","1.5370","0.0029"
"","64.9020","1.5273","0.0029"
"","65.0020","1.5168","0.0029"
"","65.1020","1.5069","0.0028"
"","65.2020","1.4970","0.0028"
"","65.3020","1.4872","0.0027"
"","65.4020","1.4770","0.0027"
"","65.5020","1.4671","0.0026"
"","65.6020","1.4574","0.0026"
"","65.7020","1.4470","0.0026"
"","65.8020","1.4368","0.0025"
"","65.9020","1.4270","0.0025"
"","66.0020","1.4173","0.0025"
"","66.1020","1.4071","0.0024"
"","66.2020","1.3969","0.0024"
"","66.3020","1.3872","0.0023"
"","66.4020","1.3772","0.0023"
"","66.5020","1.3670","0.0023"
"","66.6020","1.3569","0.0022"
"","66.7020","1.3472","0.0022"
"","66.8020","1.3371","0.0022"
"","66.9020","1.3270","0.0022"
"","67.0020","1.3170","0.0021"
"","67.1020","1.3071","0.0021"
"","67.2020","1.2971","0.0021"
"","67.3020","1.2870","0.0020"
"","67.4020","1.2773","0.0020"
"","67.5020","1.2669","0.0020"
"","67.6020","1.2570","0.0020"
"","67.7020","1.2470","0.0019"
"","67.8020","1.2371","0.0019"
"","67.9020","1.2270","0.0019"
"","68.0020","1.2170","0.0019"
"","68.1020","1.2073","0.0018"
"","68.2020","1.1970","0.0018"
"","68.3020","1.1869","0.0018"
"","68.4020","1.1770","0.0018"
"","68.5020","1.1673","0.0018"
"","68.6020","1.1570","0.0017"
"","68.7020","1.1469","0.0017"
"","68.8020","1.1372","0.0017"
"","68.9020","1.1271","0.0017"
"","69.0020","1.1171","0.0016"
"","69.1020","1.1069","0.0016"
"","69.2020","1.0972","0.0016"
"","69.3020","1.0870","0.0016"
"","69.4020","1.0770","0.0016"
"","69.5020","1.0670","0.0015"
"","69.6020","1.0570","0.0015"
"","69.7020","1.0471","0.0015"
"","69.8020","1.0371","0.0015"
"","69.9020","1.0272","0.0014"
"","70.0020","1.0169","0.0014"
"","70.1020","1.0071","0.0014"
"","70.2020","0.9972","0.0014"
"","70.3020","0.9872","0.0014"
"","70.4020","0.9769","0.0014"
"","70.5020","0.9671","0.0013"
"","70.6020","0.9573","0.0013"
"","70.7020","0.9470","0.0013"
"","70.8020","0.9368","0.0013"
"","70.9020","0.9271","0.0013"
"","71.0020","0.9173","0.0013"
"","71.1020","0.9070","0.0012"
"","71.2020","0.8969","0.0012"
"","71.3020","0.8872","0.0012"
"","71.4020","0.8771","0.0012"
"","71.5020","0.8670","0.0012"
"","71.6020","0.8569","0.0012"
"","71.7020","0.8472","0.0011"
"","71.8020","0.8371","0.0011"
"","71.9020","0.8270","0.0011"
"","72.0020","0.8171","0.0011"
"","72.1020","0.8070","0.0011"
"","72.2020","0.7971","0.0011"
"","72.3020","0.7870","0.0010"
"","72.4020","0.7773","0.0010"
"","72.5020","0.7667","0.0010"
"","72.6020","0.7569","0.0010"
"","72.7020","0.7471","0.0010"
"","72.8020","0.7372","0.0010"
"","72.9020","0.7269","0.0010"
"","73.0020","0.7171","0.0010"
"","73.1020","0.7074","0.0009"
"","73.2020","0.6970","0.0009"
"","73.3020","0.6868","0.0009"
"","73.4020","0.6770","0.0009"
"","73.5020","0.6673","0.0009"
"","73.6020","0.6570","0.0009"
"","73.7020","0.6470","0.0009"
"","73.8020","0.6371","0.0008"
"","73.9020","0.6272","0.0008"
"","74.0020","0.6170","0.0008"
"","74.1020","0.6070","0.0008"
"","74.2020","0.5972","0.0008"
"","74.3020","0.5870","0.0008"
"","74.4020","0.5769","0.0008"
"","74.5020","0.5671","0.0007"
"","74.6020","0.5571","0.0007"
"","74.7020","0.5470","0.0007"
"","74.8020","0.5370","0.0007"
"","74.9020","0.5273","0.0007"
"","75.0020","0.5169","0.0007"
"","75.1020","0.5069","0.0007"
"","75.2020","0.4970","0.0007"
"","75.3020","0.4872","0.0007"
"","75.4020","0.4770","0.0007"
"","75.5020","0.4670","0.0006"
"","75.6020","0.4573","0.0006"
"","75.7020","0.4470","0.0006"
"","75.8020","0.4370","0.0006"
"","75.9020","0.4270","0.0006"
"","76.0020","0.4173","0.0006"
"","76.1020","0.4070","0.0006"
"","76.2020","0.3969","0.0006"
"","76.3020","0.3871","0.0006"
"","76.4020","0.3771","0.0006"
"","76.5020","0.3670","0.0005"
"","76.6020","0.3569","0.0005"
"","76.7020","0.3472","0.0005"
"","76.8020","0.3370","0.0005"
"","76.9020","0.3270","0.0005"
"","77.0020","0.3170","0.0005"
"","77.1020","0.3070","0.0005"
"","77.2020","0.2971","0.0005"
"","77.3020","0.2871","0.0005"
"","77.4020","0.2772","0.0004"
"","77.5020","0.2669","0.0004"
"","77.6020","0.2570","0.0004"
"","77.7020","0.2472","0.0004"
"","77.8020","0.2372","0.0004"
"","77.9020","0.2270","0.0004"
"","78.0020","0.2171","0.0004"
"","78.1020","0.2073","0.0004"
"","78.2020","0.1969","0.0004"
"","78.3020","0.1869","0.0004"
"","78.4020","0.1771","0.0004"
"","78.5020","0.1673","0.0003"
"","78.6020","0.1570","0.0003"
"","78.7020","0.1469","0.0003"
"","78.8020","0.1372","0.0003"
"","78.9020","0.1271","0.0003"
"","79.0020","0.1169","0.0003"
"","79.1020","0.1070","0.0003"
"","79.2020","0.0973","0.0003"
"","79.3020","0.0871","0.0003"
"","79.4020","0.0769","0.0003"
"","79.5020","0.0671","0.0003"
"","79.6020","0.0570","0.0003"
"","79.7020","0.0471","0.0002"
"","79.8020","0.0370","0.0002"
"","79.9020","0.0273","0.0002"
"","80.0020","0.0168","0.0002"
"","80.1020","0.0070","0.0002"
"","80.1730","-0.0001","0.0002"
"","80.1740","-0.0002","0.0002"
"","80.1750","-0.0003","0.0002"
"","80.2750","-0.0008","0.0002"
"","80.3750","0.0064","0.0002"
"","80.4750","0.0186","0.0002"
"","80.5750","0.0292","0.0003"
"","80.6750","0.0388","0.0003"
"","80.7750","0.0491","0.0003"
"","80.8750","0.0591","0.0003"
"","80.9750","0.0691","0.0003"
"","81.0750","0.0791","0.0004"
"","81.1750","0.0891","0.0004"
"","81.2750","0.0992","0.0004"
"","81.3750","0.1088","0.0004"
"","81.4750","0.1191","0.0004"
"","81.5750","0.1291","0.0005"
"","81.6750","0.1391","0.0005"
"","81.7750","0.1491","0.0005"
"","81.8750","0.1592","0.0005"
"","81.9750","0.1691","0.0005"
"","82.0750","0.1788","0.0005"
"","82.1750","0.1892","0.0006"
"","82.2750","0.1992","0.0006"
"","82.3750","0.2090","0.0006"
"","82.4750","0.2189","0.0006"
"","82.5750","0.2291","0.0006"
"","82.6750","0.2392","0.0006"
"","82.7750","0.2489","0.0006"
"","82.8750","0.2591","0.0007"
"","82.9750","0.2692","0.0007"
"","83.0750","0.2791","0.0007"
"","83.1750","0.2889","0.0007"
"","83.2750","0.2991","0.0007"
"","83.3750","0.3092","0.0008"
"","83.4750","0.3190","0.0008"
"","83.5750","0.3291","0.0008"
"","83.6750","0.3392","0.0008"
"","83.7750","0.3492","0.0008"
"","83.8750","0.3588","0.0009"
"","83.9750","0.3691","0.0009"
"","84.0750","0.3791","0.0009"
"","84.1750","0.3890","0.0009"
"","84.2750","0.3990","0.0009"
"","84.3750","0.4092","0.0009"
"","84.4750","0.4192","0.0010"
"","84.5750","0.4288","0.0010"
"","84.6750","0.4392","0.0010"
"","84.7750","0.4491","0.0010"
"","84.8750","0.4591","0.0010"
"","84.9750","0.4689","0.0011"
"","85.0750","0.4792","0.0011"
"","85.1750","0.4892","0.0011"
"","85.2750","0.4989","0.0011"
"","85.3750","0.5091","0.0011"
"","85.4750","0.5191","0.0011"
"","85.5750","0.5292","0.0012"
"","85.6750","0.5388","0.0012"
"","85.7750","0.5490","0.0012"
"","85.8750","0.5592","0.0012"
"","85.9750","0.5691","0.0013"
"","86.0750","0.5790","0.0013"
"","86.1750","0.5891","0.0013"
"","86.2750","0.5991","0.0013"
"","86.3750","0.6089","0.0014"
"","86.4750","0.6191","0.0014"
"","86.5750","0.6290","0.0014"
"","86.6750","0.6390","0.0015"
"","86.7750","0.6491","0.0015"
"","86.8750","0.6591","0.0015"
"","86.9750","0.6690","0.0015"
"","87.0750","0.6789","0.0016"
"","87.1750","0.6893","0.0016"
"","87.2750","0.6991","0.0016"
"","87.3750","0.7090","0.0016"
"","87.4750","0.7189","0.0017"
"","87.5750","0.7292","0.0017"
"","87.6750","0.7392","0.0017"
"","87.7750","0.7489","0.0018"
"","87.8750","0.7591","0.0018"
"","87.9750","0.7691","0.0019"
"","88.0750","0.7793","0.0019"
"","88.1750","0.7888","0.0019"
"","88.2750","0.7991","0.0019"
"","88.3750","0.8091","0.0020"
"","88.4750","0.8191","0.0020"
"","88.5750","0.8290","0.0021"
"","88.6750","0.8391","0.0021"
"","88.7750","0.8491","0.0021"
"","88.8750","0.8590","0.0022"
"","88.9750","0.8691","0.0022"
"","89.0750","0.8791","0.0022"
"","89.1750","0.8890","0.0023"
"","89.2750","0.8991","0.0023"
"","89.3750","0.9092","0.0023"
"","89.4750","0.9191","0.0024"
"","89.5750","0.9288","0.0024"
"","89.6750","0.9392","0.0025"
"","89.7750","0.9491","0.0025"
"","89.8750","0.9590","0.0025"
"","89.9750","0.9689","0.0026"
"","90.0750","0.9792","0.0026"
"","90.1750","0.9892","0.0026"
"","90.2750","0.9988","0.0027"
"","90.3750","1.0091","0.0028"
"","90.4750","1.0192","0.0028"
"","90.5750","1.0292","0.0029"
"","90.6750","1.0388","0.0029"
"","90.7750","1.0490","0.0030"
"","90.8750","1.0592","0.0030"
"","90.9750","1.0691","0.0031"
"","91.0750","1.0790","0.0031"
"","91.1750","1.0891","0.0032"
"","91.2750","1.0992","0.0033"
"","91.3750","1.1089","0.0034"
"","91.4750","1.1191","0.0034"
"","91.5750","1.1291","0.0035"
"","91.6750","1.1390","0.0035"
"","91.7750","1.1491","0.0036"
"","91.8750","1.1592","0.0037"
"","91.9750","1.1691","0.0037"
"","92.0750","1.1788","0.0038"
"","92.1750","1.1892","0.0039"
"","92.2750","1.1991","0.0040"
"","92.3750","1.2091","0.0040"
"","92.4750","1.2189","0.0041"
"","92.5750","1.2291","0.0042"
"","92.6750","1.2392","0.0043"
"","92.7750","1.2489","0.0043"
"","92.8750","1.2591","0.0045"
"","92.9750","1.2691","0.0045"
"","93.0750","1.2792","0.0046"
"","93.1750","1.2888","0.0047"
"","93.2750","1.2990","0.0048"
"","93.3750","1.3091","0.0049"
"","93.4750","1.3192","0.0049"
"","93.5750","1.3291","0.0050"
"","93.6750","1.3391","0.0051"
"","93.7750","1.3491","0.0052"
"","93.8750","1.3590","0.0053"
"","93.9750","1.3690","0.0054"
"","94.0750","1.3790","0.0055"
"","94.1750","1.3890","0.0056"
"","94.2750","1.3991","0.0057"
"","94.3750","1.4091","0.0058"
"","94.4750","1.4191","0.0059"
"","94.5750","1.4288","0.0060"
"","94.6750","1.4392","0.0061"
"","94.7750","1.4492","0.0062"
"","94.8750","1.4590","0.0064"
"","94.9750","1.4689","0.0065"
"","95.0750","1.4791","0.0066"
"","95.1750","1.4892","0.0067"
"","95.2750","1.4989","0.0068"
"","95.3750","1.5092","0.0070"
"","95.4750","1.5191","0.0071"
"","95.5750","1.5292","0.0072"
"","95.6750","1.5388","0.0073"
"","95.7750","1.5491","0.0075"
"","95.8750","1.5591","0.0077"
"","95.9750","1.5691","0.0078"
"","96.0750","1.5791","0.0079"
"","96.1750","1.5891","0.0081"
"","96.2750","1.5991","0.0082"
"","96.3750","1.6089","0.0084"
"","96.4750","1.6191","0.0086"
"","96.5750","1.6291","0.0087"
"","96.6750","1.6391","0.0088"
"","96.7750","1.6492","0.0090"
"","96.8750","1.6591","0.0092"
"","96.9750","1.6691","0.0094"
"","97.0750","1.6788","0.0096"
"","97.1750","1.6892","0.0098"
"","97.2750","1.6991","0.0099"
"","97.3750","1.7090","0.0101"
"","97.4750","1.7189","0.0103"
"","97.5750","1.7291","0.0106"
"","97.6750","1.7392","0.0108"
"","97.7750","1.7489","0.0110"
"","97.8750","1.7591","0.0112"
"","97.9750","1.7692","0.0114"
"","98.0750","1.7791","0.0117"
"","98.1750","1.7888","0.0119"
"","98.2750","1.7991","0.0121"
"","98.3750","1.8092","0.0124"
"","98.4750","1.8191","0.0126"
"","98.5750","1.8290","0.0128"
"","98.6750","1.8391","0.0131"
"","98.7750","1.8492","0.0133"
"","98.8750","1.8589","0.0136"
"","98.9750","1.8691","0.0139"
"","99.0750","1.8791","0.0141"
"","99.1750","1.8890","0.0144"
"","99.2750","1.8991","0.0147"
"","99.3750","1.9091","0.0150"
"","99.4750","1.9191","0.0153"
"","99.5750","1.9288","0.0155"
"","99.6750","1.9392","0.0159"
"","99.7750","1.9491","0.0161"
"","99.8750","1.9591","0.0164"
"","99.9750","1.9689","0.0168"
"","100.0750","1.9792","0.0171"
"","100.1750","1.9892","0.0174"
"","100.2750","1.9989","0.0177"
"","100.3750","2.0091","0.0181"
"","100.4750","2.0191","0.0184"
"","100.5750","2.0292","0.0188"
"","100.6750","2.0388","0.0191"
"","100.7750","2.0490","0.0195"
"","100.8750","2.0591","0.0199"
"","100.9750","2.0691","0.0202"
"","101.0750","2.0791","0.0206"
"","101.1750","2.0892","0.0210"
"","101.2750","2.0992","0.0214"
"","101.3750","2.1090","0.0218"
"","101.4750","2.1190","0.0222"
"","101.5750","2.1291","0.0226"
"","101.6750","2.1390","0.0230"
"","101.7750","2.1491","0.0235"
"","101.8750","2.1591","0.0239"
"","101.9750","2.1691","0.0243"
"","102.0750","2.1788","0.0248"
"","102.1750","2.1892","0.0252"
"","102.2750","2.1991","0.0257"
"","102.3750","2.2090","0.0262"
"","102.4750","2.2189","0.0267"
"","102.5750","2.2292","0.0273"
"","102.6750","2.2391","0.0278"
"","102.7750","2.2490","0.0283"
"","102.8750","2.2592","0.0289"
"","102.9750","2.2691","0.0294"
"","103.0750","2.2791","0.0300"
"","103.1750","2.2888","0.0306"
"","103.2750","2.2992","0.0312"
"","103.3750","2.3091","0.0318"
"","103.4750","2.3189","0.0324"
"","103.5750","2.3290","0.0331"
"","103.6750","2.3391","0.0337"
"","103.7750","2.3492","0.0343"
"","103.8750","2.3588","0.0349"
"","103.9750","2.3691","0.0348"
"","104.0750","2.3791","0.0345"
"","104.1750","2.3891","0.0343"
"","104.2750","2.3991","0.0343"
"","104.3750","2.4092","0.0343"
"","104.4750","2.4191","0.0344"
"","104.5750","2.4289","0.0345"
"","104.6750","2.4391","0.0346"
"","104.7750","2.4491","0.0346"
"","104.8750","2.4591","0.0345"
"","104.9750","2.4690","0.0344"
"","105.0750","2.4792","0.0344"
"","105.1750","2.4891","0.0344"
"","105.2750","2.4989","0.0343"
"","105.3750","2.5091","0.0343"
"","105.4750","2.5192","0.0345"
"","105.5750","2.5291","0.0349"
"","105.6750","2.5388","0.0358"
"","105.7750","2.5491","0.0368"
"","105.8750","2.5592","0.0377"
"","105.9750","2.5691","0.0385"
"","106.0750","2.5790","0.0394"
"","106.1750","2.5892","0.0404"
"","106.2750","2.5992","0.0413"
"","106.3750","2.6088","0.0421"
"","106.4750","2.6191","0.0431"
"","106.5750","2.6291","0.0440"
"","106.6750","2.6391","0.0450"
"","106.7750","2.6490","0.0460"
"","106.8750","2.6591","0.0470"
"","106.9750","2.6691","0.0480"
"","107.0750","2.6788","0.0490"
"","107.1750","2.6891","0.0501"
"","107.2750","2.6990","0.0512"
"","107.3750","2.7090","0.0523"
"","107.4750","2.7189","0.0534"
"","107.5750","2.7290","0.0545"
"","107.6750","2.7392","0.0557"
"","107.7750","2.7489","0.0569"
"","107.8750","2.7591","0.0581"
"","107.9750","2.7691","0.0594"
"","108.0750","2.7792","0.0606"
"","108.1750","2.7888","0.0618"
"","108.2750","2.7990","0.0632"
"","108.3750","2.8091","0.0645"
"","108.4750","2.8191","0.0658"
"","108.5750","2.8291","0.0672"
"","108.6750","2.8392","0.0686"
"","108.7750","2.8491","0.0700"
"","108.8750","2.8589","0.0714"
"","108.9750","2.8690","0.0730"
"","109.0750","2.8791","0.0746"
"","109.1750","2.8891","0.0761"
"","109.2750","2.8992","0.0777"
"","109.3750","2.9091","0.0793"
"","109.4750","2.9190","0.0809"
"","109.5750","2.9288","0.0825"
"","109.6750","2.9393","0.0843"
"","109.7750","2.9491","0.0859"
"","109.8750","2.9590","0.0876"
"","109.9750","2.9688","0.0893"
"","110.0750","2.9792","0.0912"
"","110.1750","2.9892","0.0930"
"","110.2750","2.9989","0.0947"
"","110.3750","3.0092","0.0967"
"","110.4750","3.0191","0.0985"
"","110.5750","3.0292","0.1004"
"","110.6750","3.0387","0.1022"
"","110.7750","3.0492","0.1043"
"","110.8750","3.0591","0.1063"
"","110.9750","3.0691","0.1082"
"","111.0750","3.0791","0.1102"
"","111.1750","3.0891","0.1122"
"","111.2750","3.0992","0.1143"
"","111.3750","3.1088","0.1162"
"","111.4750","3.1191","0.1184"
"","111.5750","3.1291","0.1205"
"","111.6750","3.1391","0.1226"
"","111.7750","3.1491","0.1248"
"","111.8750","3.1591","0.1269"
"","111.9750","3.1691","0.1291"
"","112.0750","3.1788","0.1313"
"","112.1750","3.1892","0.1336"
"","112.2750","3.1991","0.1358"
"","112.3750","3.2090","0.1380"
"","112.4750","3.2189","0.1403"
"","112.5750","3.2292","0.1426"
"","112.6750","3.2392","0.1449"
"","112.7750","3.2488","0.1471"
"","112.8750","3.2591","0.1495"
"","112.9750","3.2692","0.1519"
"","113.0750","3.2792","0.1542"
"","113.1750","3.2888","0.1565"
"","113.2750","3.2990","0.1590"
"","113.3750","3.3092","0.1614"
"","113.4750","3.3191","0.1637"
"","113.5750","3.3290","0.1662"
"","113.6750","3.3391","0.1687"
"","113.7750","3.3492","0.1712"
"","113.8750","3.3588","0.1734"
"","113.9750","3.3690","0.1760"
"","114.0750","3.3791","0.1786"
"","114.1750","3.3891","0.1811"
"","114.2750","3.3991","0.1836"
"","114.3750","3.4091","0.1861"
"","114.4750","3.4191","0.1888"
"","114.5750","3.4288","0.1912"
"","114.6750","3.4392","0.1939"
"","114.7750","3.4490","0.1964"
"","114.8750","3.4590","0.1990"
"","114.9750","3.4689","0.2016"
"","115.0750","3.4792","0.2044"
"","115.1750","3.4892","0.2070"
"","115.2750","3.4989","0.2095"
"","115.3750","3.5091","0.2123"
"","115.4750","3.5191","0.2150"
"","115.5750","3.5292","0.2176"
"","115.6750","3.5388","0.2202"
"","115.7750","3.5490","0.2230"
"","115.8750","3.5592","0.2258"
"","115.9750","3.5691","0.2284"
"","116.0750","3.5790","0.2311"
"","116.1750","3.5891","0.2339"
"","116.2750","3.5991","0.2366"
"","116.3750","3.6090","0.2392"
"","116.4750","3.6190","0.2420"
"","116.5750","3.6290","0.2448"
"","116.6750","3.6390","0.2475"
"","116.7750","3.6491","0.2503"
"","116.8750","3.6592","0.2531"
"","116.9750","3.6692","0.2559"
"","117.0750","3.6789","0.2585"
"","117.1750","3.6892","0.2614"
"","117.2750","3.6991","0.2640"
"","117.3750","3.7090","0.2668"
"","117.4750","3.7189","0.2695"
"","117.5750","3.7292","0.2723"
"","117.6750","3.7392","0.2750"
"","117.7750","3.7489","0.2777"
"","117.8750","3.7592","0.2806"
"","117.9750","3.7691","0.2833"
"","118.0750","3.7793","0.2861"
"","118.1750","3.7888","0.2886"
"","118.2750","3.7991","0.2915"
"","118.3750","3.8091","0.2942"
"","118.4750","3.8191","0.2968"
"","118.5750","3.8291","0.2996"
"","118.6750","3.8391","0.3023"
"","118.7750","3.8491","0.3050"
"","118.8750","3.8588","0.3074"
"","118.9750","3.8690","0.3101"
"","119.0750","3.8790","0.3127"
"","119.1750","3.8890","0.3153"
"","119.2750","3.8990","0.3178"
"","119.3750","3.9091","0.3203"
"","119.4750","3.9191","0.3228"
"","119.5750","3.9288","0.3252"
"","119.6750","3.9392","0.3278"
"","119.7750","3.9491","0.3301"
"","119.8750","3.9590","0.3324"
"","119.9750","3.9689","0.3348"
"","120.0750","3.9791","0.3372"
"","120.1750","3.9892","0.3395"
"","120.2750","3.9989","0.3417"
"","120.2870","4.0000","0.3419"
"","120.2880","4.0001","0.3419"
"","120.2890","4.0002","0.3419"
"","120.3890","4.0008","0.3396"
"","120.4750","3.9945","0.3345"
"","120.5370","3.9872","0.3295"
"","120.6050","3.9794","0.3245"
"","120.6820","3.9717","0.3194"
"","120.7620","3.9637","0.3144"
"","120.8450","3.9555","0.3094"
"","120.9270","3.9470","0.3044"
"","121.0130","3.9383","0.2994"
"","121.1010","3.9296","0.2944"
"","121.1920","3.9208","0.2893"
"","121.2800","3.9118","0.2843"
"","121.3710","3.9026","0.2793"
"","121.4640","3.8932","0.2743"
"","121.5610","3.8839","0.2692"
"","121.6530","3.8745","0.2642"
"","121.7490","3.8648","0.2592"
"","121.8480","3.8549","0.2542"
"","121.9480","3.8451","0.2492"
"","122.0460","3.8352","0.2442"
"","122.1460","3.8251","0.2392"
"","122.2460","3.8152","0.2344"
"","122.3460","3.8051","0.2295"
"","122.4460","3.7952","0.2248"
"","122.5460","3.7852","0.2201"
"","122.6460","3.7754","0.2156"
"","122.7460","3.7650","0.2109"
"","122.8460","3.7551","0.2063"
"","122.9460","3.7452","0.2020"
"","123.0460","3.7351","0.1976"
"","123.1460","3.7251","0.1933"
"","123.2460","3.7152","0.1890"
"","123.3460","3.7055","0.1850"
"","123.4460","3.6951","0.1807"
"","123.5460","3.6850","0.1767"
"","123.6460","3.6752","0.1728"
"","123.7460","3.6653","0.1688"
"","123.8460","3.6551","0.1649"
"","123.9460","3.6450","0.1611"
"","124.0460","3.6354","0.1575"
"","124.1460","3.6252","0.1536"
"","124.2460","3.6151","0.1500"
"","124.3460","3.6050","0.1464"
"","124.4460","3.5953","0.1430"
"","124.5460","3.5852","0.1395"
"","124.6460","3.5751","0.1360"
"","124.7460","3.5651","0.1327"
"","124.8460","3.5552","0.1294"
"","124.9460","3.5451","0.1261"
"","125.0460","3.5351","0.1230"
"","125.1460","3.5253","0.1200"
"","125.2460","3.5151","0.1169"
"","125.3460","3.5051","0.1138"
"","125.4460","3.4952","0.1109"
"","125.5460","3.4851","0.1080"
"","125.6460","3.4751","0.1052"
"","125.7460","3.4651","0.1024"
"","125.8460","3.4553","0.0998"
"","125.9460","3.4451","0.0971"
"","126.0460","3.4350","0.0945"
"","126.1460","3.4252","0.0920"
"","126.2460","3.4153","0.0895"
"","126.3460","3.4052","0.0870"
"","126.4460","3.3950","0.0846"
"","126.5460","3.3853","0.0824"
"","126.6460","3.3751","0.0800"
"","126.7460","3.3651","0.0779"
"","126.8460","3.3550","0.0757"
"","126.9460","3.3454","0.0737"
"","127.0460","3.3352","0.0716"
"","127.1460","3.3251","0.0696"
"","127.2460","3.3152","0.0678"
"","127.3460","3.3051","0.0658"
"","127.4460","3.2951","0.0640"
"","127.5460","3.2851","0.0622"
"","127.6460","3.2752","0.0605"
"","127.7460","3.2651","0.0588"
"","127.8460","3.2552","0.0572"
"","127.9460","3.2453","0.0557"
"","128.0460","3.2351","0.0541"
"","128.1460","3.2251","0.0526"
"","128.2460","3.2152","0.0512"
"","128.3460","3.2053","0.0498"
"","128.4460","3.1950","0.0484"
"","128.5460","3.1849","0.0471"
"","128.6460","3.1752","0.0459"
"","128.7460","3.1653","0.0447"
"","128.8460","3.1551","0.0435"
"","128.9460","3.1450","0.0424"
"","129.0460","3.1354","0.0414"
"","129.1460","3.1251","0.0403"
"","129.2460","3.1150","0.0394"
"","129.3460","3.1050","0.0385"
"","129.4460","3.0953","0.0376"
"","129.5460","3.0851","0.0367"
"","129.6460","3.0750","0.0358"
"","129.7460","3.0652","0.0351"
"","129.8460","3.0551","0.0343"
"","129.9460","3.0451","0.0336"
"","130.0460","3.0351","0.0328"
"","130.1460","3.0254","0.0327"
"","130.2460","3.0150","0.0327"
"","130.3460","3.0051","0.0327"
"","130.4460","2.9953","0.0327"
"","130.5460","2.9851","0.0327"
"","130.6460","2.9750","0.0327"
"","130.7460","2.9651","0.0326"
"","130.8460","2.9555","0.0326"
"","130.9460","2.9450","0.0326"
"","131.0460","2.9349","0.0326"
"","131.1460","2.9252","0.0326"
"","131.2460","2.9153","0.0326"
"","131.3460","2.9052","0.0326"
"","131.4460","2.8950","0.0327"
"","131.5460","2.8854","0.0327"
"","131.6460","2.8752","0.0327"
"","131.7460","2.8650","0.0326"
"","131.8460","2.8550","0.0323"
"","131.9460","2.8454","0.0315"
"","132.0460","2.8352","0.0307"
"","132.1460","2.8251","0.0300"
"","132.2460","2.8152","0.0293"
"","132.3460","2.8051","0.0286"
"","132.4460","2.7951","0.0279"
"","132.5460","2.7851","0.0273"
"","132.6460","2.7754","0.0268"
"","132.7460","2.7651","0.0263"
"","132.8460","2.7551","0.0258"
"","132.9460","2.7452","0.0253"
"","133.0460","2.7351","0.0248"
"","133.1460","2.7250","0.0244"
"","133.2460","2.7152","0.0239"
"","133.3460","2.7054","0.0235"
"","133.4460","2.6950","0.0230"
"","133.5460","2.6849","0.0226"
"","133.6460","2.6752","0.0222"
"","133.7460","2.6653","0.0218"
"","133.8460","2.6552","0.0214"
"","133.9460","2.6449","0.0209"
"","134.0460","2.6354","0.0206"
"","134.1460","2.6251","0.0202"
"","134.2460","2.6150","0.0198"
"","134.3460","2.6050","0.0194"
"","134.4460","2.5953","0.0191"
"","134.5460","2.5851","0.0187"
"","134.6460","2.5751","0.0183"
"","134.7460","2.5652","0.0180"
"","134.8460","2.5551","0.0176"
"","134.9460","2.5451","0.0173"
"","135.0460","2.5350","0.0169"
"","135.1460","2.5253","0.0166"
"","135.2460","2.5150","0.0163"
"","135.3460","2.5051","0.0160"
"","135.4460","2.4952","0.0157"
"","135.5460","2.4851","0.0154"
"","135.6460","2.4751","0.0151"
"","135.7460","2.4652","0.0148"
"","135.8460","2.4553","0.0145"
"","135.9460","2.4450","0.0142"
"","136.0460","2.4350","0.0139"
"","136.1460","2.4251","0.0137"
"","136.2460","2.4152","0.0134"
"","136.3460","2.4051","0.0132"
"","136.4460","2.3950","0.0129"
"","136.5460","2.3854","0.0127"
"","136.6460","2.3751","0.0124"
"","136.7460","2.3649","0.0122"
"","136.8460","2.3551","0.0120"
"","136.9460","2.3453","0.0118"
"","137.0460","2.3351","0.0116"
"","137.1460","2.3250","0.0113"
"","137.2460","2.3153","0.0111"
"","137.3460","2.3051","0.0109"
"","137.4460","2.2951","0.0107"
"","137.5460","2.2850","0.0106"
"","137.6460","2.2754","0.0104"
"","137.7460","2.2650","0.0102"
"","137.8460","2.2550","0.0100"
"","137.9460","2.2452","0.0098"
"","138.0460","2.2351","0.0096"
"","138.1460","2.2251","0.0095"
"","138.2460","2.2151","0.0093"
"","138.3460","2.2054","0.0091"
"","138.4460","2.1950","0.0090"
"","138.5460","2.1849","0.0088"
"","138.6460","2.1751","0.0086"
"","138.7460","2.1653","0.0084"
"","138.8460","2.1551","0.0082"
"","138.9460","2.1450","0.0081"
"","139.0460","2.1354","0.0079"
"","139.1460","2.1251","0.0077"
"","139.2460","2.1150","0.0076"
"","139.3460","2.1050","0.0074"
"","139.4460","2.0954","0.0073"
"","139.5460","2.0852","0.0071"
"","139.6460","2.0750","0.0069"
"","139.7460","2.0652","0.0068"
"","139.8460","2.0552","0.0067"
"","139.9460","2.0451","0.0065"
"","140.0460","2.0350","0.0064"
"","140.1460","2.0254","0.0063"
"","140.2460","2.0151","0.0061"
"","140.3460","2.0051","0.0060"
"","140.4460","1.9951","0.0059"
"","140.5460","1.9851","0.0057"
"","140.6460","1.9750","0.0056"
"","140.7460","1.9651","0.0055"
"","140.8460","1.9554","0.0054"
"","140.9460","1.9451","0.0053"
"","141.0460","1.9349","0.0052"
"","141.1460","1.9252","0.0051"
"","141.2460","1.9153","0.0050"
"","141.3460","1.9051","0.0049"
"","141.4460","1.8949","0.0048"
"","141.5460","1.8853","0.0047"
"","141.6460","1.8751","0.0046"
"","141.7460","1.8651","0.0045"
"","141.8460","1.8550","0.0044"
"","141.9460","1.8453","0.0044"
"","142.0460","1.8352","0.0043"
"","142.1460","1.8251","0.0042"
"","142.2460","1.8152","0.0041"
"","142.3460","1.8050","0.0040"
"","142.4460","1.7951","0.0040"
"","142.5460","1.7850","0.0039"
"","142.6460","1.7753","0.0039"
"","142.7460","1.7650","0.0038"
"","142.8460","1.7552","0.0037"
"","142.9460","1.7453","0.0037"
"","143.0460","1.7351","0.0036"
"","143.1460","1.7250","0.0035"
"","143.2460","1.7152","0.0035"
"","143.3460","1.7053","0.0034"
"","143.4460","1.6950","0.0033"
"","143.5460","1.6849","0.0033"
"","143.6460","1.6752","0.0032"
"","143.7460","1.6652","0.0032"
"","143.8460","1.6551","0.0031"
"","143.9460","1.6450","0.0031"
"","144.0460","1.6354","0.0030"
"","144.1460","1.6252","0.0030"
"","144.2460","1.6150","0.0029"
"","144.3460","1.6050","0.0029"
"","144.4460","1.5953","0.0028"
"","144.5460","1.5852","0.0028"
"","144.6460","1.5751","0.0027"
"","144.7460","1.5652","0.0027"
"","144.8460","1.5550","0.0027"
"","144.9460","1.5451","0.0026"
"","145.0460","1.5351","0.0026"
"","145.1460","1.5254","0.0026"
"","145.2460","1.5149","0.0025"
"","145.3460","1.5050","0.0025"
"","145.4460","1.4952","0.0024"
"","145.5460","1.4851","0.0024"
"","145.6460","1.4750","0.0024"
"","145.7460","1.4652","0.0023"
"","145.8460","1.4555","0.0023"
"","145.9460","1.4450","0.0023"
"","146.0460","1.4349","0.0022"
"","146.1460","1.4252","0.0022"
"","146.2460","1.4153","0.0022"
"","146.3460","1.4051","0.0021"
"","146.4460","1.3949","0.0021"
"","146.5460","1.3853","0.0021"
"","146.6460","1.3752","0.0020"
"","146.7460","1.3650","0.0020"
"","146.8460","1.3550","0.0020"
"","146.9460","1.3453","0.0020"
"","147.0460","1.3352","0.0020"
"","147.1460","1.3251","0.0019"
"","147.2460","1.3151","0.0019"
"","147.3460","1.3051","0.0019"
"","147.4460","1.2951","0.0018"
"","147.5460","1.2851","0.0018"
"","147.6460","1.2754","0.0018"
"","147.7460","1.2650","0.0018"
"","147.8460","1.2551","0.0017"
"","147.9460","1.2452","0.0017"
"","148.0460","1.2352","0.0017"
"","148.1460","1.2250","0.0017"
"","148.2460","1.2151","0.0016"
"","148.3460","1.2054","0.0016"
"","148.4460","1.1951","0.0016"
"","148.5460","1.1849","0.0016"
"","148.6460","1.1752","0.0016"
"","148.7460","1.1653","0.0015"
"","148.8460","1.1551","0.0015"
"","148.9460","1.1449","0.0015"
"","149.0460","1.1353","0.0015"
"","149.1460","1.1251","0.0015"
"","149.2460","1.1151","0.0014"
"","149.3460","1.1050","0.0014"
"","149.4460","1.0953","0.0014"
"","149.5460","1.0852","0.0014"
"","149.6460","1.0751","0.0013"
"","149.7460","1.0652","0.0013"
"","149.8460","1.0550","0.0013"
"","149.9460","1.0451","0.0013"
"","150.0460","1.0351","0.0013"
"","150.1460","1.0253","0.0012"
"","150.2460","1.0150","0.0012"
"","150.3460","1.0052","0.0012"
"","150.4460","0.9953","0.0012"
"","150.5460","0.9851","0.0012"
"","150.6460","0.9750","0.0012"
"","150.7460","0.9652","0.0011"
"","150.8460","0.9553","0.0011"
"","150.9460","0.9450","0.0011"
"","151.0460","0.9349","0.0011"
"","151.1460","0.9252","0.0011"
"","151.2460","0.9153","0.0011"
"","151.3460","0.9051","0.0010"
"","151.4460","0.8949","0.0010"
"","151.5460","0.8854","0.0010"
"","151.6460","0.8751","0.0010"
"","151.7460","0.8650","0.0010"
"","151.8460","0.8550","0.0010"
"","151.9460","0.8453","0.0010"
"","152.0460","0.8352","0.0009"
"","152.1460","0.8251","0.0009"
"","152.2460","0.8152","0.0009"
"","152.3460","0.8050","0.0009"
"","152.4460","0.7951","0.0009"
"","152.5460","0.7852","0.0009"
"","152.6460","0.7753","0.0009"
"","152.7460","0.7649","0.0008"
"","152.8460","0.7551","0.0008"
"","152.9460","0.7453","0.0008"
"","153.0460","0.7351","0.0008"
"","153.1460","0.7250","0.0008"
"","153.2460","0.7151","0.0008"
"","153.3460","0.7055","0.0008"
"","153.4460","0.6951","0.0008"
"","153.5460","0.6849","0.0007"
"","153.6460","0.6751","0.0007"
"","153.7460","0.6653","0.0007"
"","153.8460","0.6551","0.0007"
"","153.9460","0.6450","0.0007"
"","154.0460","0.6353","0.0007"
"","154.1460","0.6252","0.0007"
"","154.2460","0.6150","0.0006"
"","154.3460","0.6051","0.0007"
"","154.4460","0.5953","0.0006"
"","154.5460","0.5852","0.0006"
"","154.6460","0.5751","0.0006"
"","154.7460","0.5652","0.0006"
"","154.8460","0.5551","0.0006"
"","154.9460","0.5451","0.0006"
"","155.0460","0.5351","0.0006"
"","155.1460","0.5254","0.0005"
"","155.2460","0.5151","0.0005"
"","155.3460","0.5051","0.0005"
"","155.4460","0.4952","0.0005"
"","155.5460","0.4852","0.0005"
"","155.6460","0.4751","0.0005"
"","155.7460","0.4651","0.0005"
"","155.8460","0.4553","0.0005"
"","155.9460","0.4450","0.0005"
"","156.0460","0.4350","0.0004"
"","156.1460","0.4252","0.0004"
"","156.2460","0.4153","0.0004"
"","156.3460","0.4051","0.0004"
"","156.4460","0.3950","0.0004"
"","156.5460","0.3853","0.0004"
"","156.6460","0.3751","0.0004"
"","156.7460","0.3651","0.0004"
"","156.8460","0.3551","0.0004"
"","156.9460","0.3453","0.0004"
"","157.0460","0.3352","0.0004"
"","157.1460","0.3251","0.0003"
"","157.2460","0.3152","0.0003"
"","157.3460","0.3050","0.0003"
"","157.4460","0.2951","0.0003"
"","157.5460","0.2851","0.0003"
"","157.6460","0.2753","0.0003"
"","157.7460","0.2650","0.0003"
"","157.8460","0.2551","0.0003"
"","157.9460","0.2453","0.0003"
"","158.0460","0.2351","0.0003"
"","158.1460","0.2251","0.0003"
"","158.2460","0.2152","0.0003"
"","158.3460","0.2053","0.0003"
"","158.4460","0.1950","0.0003"
"","158.5460","0.1849","0.0002"
"","158.6460","0.1752","0.0002"
"","158.7460","0.1653","0.0002"
"","158.8460","0.1551","0.0002"
"","158.9460","0.1450","0.0002"
"","159.0460","0.1354","0.0002"
"","159.1460","0.1251","0.0002"
"","159.2460","0.1149","0.0002"
"","159.3460","0.1051","0.0002"
"","159.4460","0.0954","0.0002"
"","159.5460","0.0852","0.0002"
"","159.6460","0.0750","0.0002"
"","159.7460","0.0652","0.0001"
"","159.8460","0.0551","0.0001"
"","159.9460","0.0452","0.0001"
"","160.0460","0.0351","0.0001"
"","160.1460","0.0253","0.0001"
"","160.2460","0.0150","0.0001"
"","160.3460","0.0051","0.0001"
"","160.3980","-0.0001","0.0001"
"","160.3990","-0.0002","0.0001"
"","160.4000","-0.0003","0.0001"
"","160.5000","-0.0008","0.0001"
"","160.6000","0.0064","0.0001"
"","160.7000","0.0186","0.0001"
"","160.8000","0.0291","0.0002"
"","160.9000","0.0387","0.0002"
"","161.0000","0.0491","0.0002"
"","161.1000","0.0591","0.0002"
"","161.2000","0.0690","0.0002"
"","161.3000","0.0791","0.0002"
"","161.4000","0.0891","0.0003"
"","161.5000","0.0991","0.0003"
"","161.6000","0.1088","0.0003"
"","161.7000","0.1191","0.0003"
"","161.8000","0.1291","0.0003"
"","161.9000","0.1390","0.0003"
"","162.0000","0.1491","0.0004"
"","162.1000","0.1592","0.0004"
"","162.2000","0.1691","0.0004"
"","162.3000","0.1788","0.0004"
"","162.4000","0.1892","0.0004"
"","162.5000","0.1992","0.0004"
"","162.6000","0.2090","0.0004"
"","162.7000","0.2188","0.0005"
"","162.8000","0.2291","0.0005"
"","162.9000","0.2392","0.0005"
"","163.0000","0.2488","0.0005"
"","163.1000","0.2590","0.0005"
"","163.2000","0.2691","0.0005"
"","163.3000","0.2791","0.0006"
"","163.4000","0.2888","0.0006"
"","163.5000","0.2990","0.0006"
"","163.6000","0.3092","0.0006"
"","163.7000","0.3190","0.0006"
"","163.8000","0.3291","0.0006"
"","163.9000","0.3391","0.0006"
"","164.0000","0.3491","0.0007"
"","164.1000","0.3588","0.0007"
"","164.2000","0.3691","0.0007"
"","164.3000","0.3791","0.0007"
"","164.4000","0.3890","0.0007"
"","164.5000","0.3990","0.0007"
"","164.6000","0.4091","0.0008"
"","164.7000","0.4191","0.0008"
"","164.8000","0.4288","0.0008"
"","164.9000","0.4391","0.0008"
"","165.0000","0.4491","0.0008"
"","165.1000","0.4590","0.0008"
"","165.2000","0.4689","0.0009"
"","165.3000","0.4792","0.0009"
"","165.4000","0.4892","0.0009"
"","165.5000","0.4989","0.0009"
"","165.6000","0.5091","0.0009"
"","165.7000","0.5191","0.0010"
"","165.8000","0.5292","0.0010"
"","165.9000","0.5388","0.0010"
"","166.0000","0.5490","0.0010"
"","166.1000","0.5591","0.0010"
"","166.2000","0.5691","0.0010"
"","166.3000","0.5790","0.0011"
"","166.4000","0.5891","0.0011"
"","166.5000","0.5991","0.0011"
"","166.6000","0.6089","0.0011"
"","166.7000","0.6190","0.0011"
"","166.8000","0.6290","0.0012"
"","166.9000","0.6390","0.0012"
"","167.0000","0.6491","0.0012"
"","167.1000","0.6591","0.0012"
"","167.2000","0.6690","0.0012"
"","167.3000","0.6788","0.0013"
"","167.4000","0.6892","0.0013"
"","167.5000","0.6991","0.0013"
"","167.6000","0.7089","0.0014"
"","167.7000","0.7188","0.0014"
"","167.8000","0.7292","0.0014"
"","167.9000","0.7392","0.0014"
"","168.0000","0.7489","0.0015"
"","168.1000","0.7591","0.0015"
"","168.2000","0.7691","0.0015"
"","168.3000","0.7793","0.0015"
"","168.4000","0.7887","0.0016"
"","168.5000","0.7991","0.0016"
"","168.6000","0.8091","0.0016"
"","168.7000","0.8191","0.0017"
"","168.8000","0.8290","0.0017"
"","168.9000","0.8391","0.0017"
"","169.0000","0.8491","0.0018"
"","169.1000","0.8590","0.0018"
"","169.2000","0.8691","0.0018"
"","169.3000","0.8791","0.0018"
"","169.4000","0.8890","0.0019"
"","169.5000","0.8991","0.0019"
"","169.6000","0.9091","0.0019"
"","169.7000","0.9191","0.0020"
"","169.8000","0.9288","0.0020"
"","169.9000","0.9392","0.0020"
"","170.0000","0.9491","0.0021"
"","170.1000","0.9590","0.0021"
"","170.2000","0.9689","0.0022"
"","170.3000","0.9791","0.0022"
"","170.4000","0.9891","0.0022"
"","170.5000","0.9988","0.0023"
"","170.6000","1.0090","0.0023"
"","170.7000","1.0191","0.0023"
"","170.8000","1.0291","0.0024"
"","170.9000","1.0387","0.0024"
"","171.0000","1.0490","0.0025"
"","171.1000","1.0592","0.0025"
"","171.2000","1.0691","0.0025"
"","171.3000","1.0790","0.0026"
"","171.4000","1.0891","0.0026"
"","171.5000","1.0991","0.0027"
"","171.6000","1.1089","0.0027"
"","171.7000","1.1191","0.0028"
"","171.8000","1.1291","0.0028"
"","171.9000","1.1390","0.0029"
"","172.0000","1.1491","0.0029"
"","172.1000","1.1591","0.0030"
"","172.2000","1.1690","0.0031"
"","172.3000","1.1788","0.0031"
"","172.4000","1.1892","0.0032"
"","172.5000","1.1991","0.0033"
"","172.6000","1.2090","0.0033"
"","172.7000","1.2188","0.0034"
"","172.8000","1.2291","0.0035"
"","172.9000","1.2392","0.0035"
"","173.0000","1.2489","0.0036"
"","173.1000","1.2591","0.0037"
"","173.2000","1.2691","0.0037"
"","173.3000","1.2792","0.0038"
"","173.4000","1.2888","0.0039"
"","173.5000","1.2990","0.0039"
"","173.6000","1.3091","0.0040"
"","173.7000","1.3191","0.0041"
"","173.8000","1.3290","0.0042"
"","173.9000","1.3391","0.0042"
"","174.0000","1.3491","0.0043"
"","174.1000","1.3589","0.0044"
"","174.2000","1.3690","0.0045"
"","174.3000","1.3790","0.0045"
"","174.4000","1.3890","0.0046"
"","174.5000","1.3991","0.0047"
"","174.6000","1.4091","0.0048"
"","174.7000","1.4191","0.0049"
"","174.8000","1.4288","0.0050"
"","174.9000","1.4392","0.0051"
"","175.0000","1.4492","0.0052"
"","175.1000","1.4590","0.0052"
"","175.2000","1.4689","0.0053"
"","175.3000","1.4791","0.0054"
"","175.4000","1.4892","0.0055"
"","175.5000","1.4989","0.0056"
"","175.6000","1.5091","0.0057"
"","175.7000","1.5191","0.0058"
"","175.8000","1.5292","0.0059"
"","175.9000","1.5387","0.0060"
"","176.0000","1.5491","0.0061"
"","176.1000","1.5591","0.0062"
"","176.2000","1.5691","0.0063"
"","176.3000","1.5790","0.0065"
"","176.4000","1.5891","0.0066"
"","176.5000","1.5991","0.0067"
"","176.6000","1.6089","0.0067"
"","176.7000","1.6191","0.0069"
"","176.8000","1.6291","0.0070"
"","176.9000","1.6390","0.0072"
"","177.0000","1.6491","0.0073"
"","177.1000","1.6591","0.0074"
"","177.2000","1.6691","0.0075"
"","177.3000","1.6789","0.0077"
"","177.4000","1.6892","0.0078"
"","177.5000","1.6991","0.0079"
"","177.6000","1.7090","0.0081"
"","177.7000","1.7189","0.0083"
"","177.8000","1.7291","0.0084"
"","177.9000","1.7391","0.0085"
"","178.0000","1.7488","0.0087"
"","178.1000","1.7591","0.0089"
"","178.2000","1.7692","0.0091"
"","178.3000","1.7791","0.0092"
"","178.4000","1.7887","0.0094"
"","178.5000","1.7990","0.0096"
"","178.6000","1.8092","0.0098"
"","178.7000","1.8191","0.0100"
"","178.8000","1.8290","0.0102"
"","178.9000","1.8391","0.0104"
"","179.0000","1.8492","0.0106"
"","179.1000","1.8589","0.0109"
"","179.2000","1.8691","0.0111"
"","179.3000","1.8790","0.0113"
"","179.4000","1.8890","0.0116"
"","179.5000","1.8991","0.0118"
"","179.6000","1.9091","0.0121"
"","179.7000","1.9191","0.0123"
"","179.8000","1.9288","0.0125"
"","179.9000","1.9392","0.0128"
"","180.0000","1.9490","0.0130"
"","180.1000","1.9590","0.0133"
"","180.2000","1.9688","0.0135"
"","180.3000","1.9792","0.0138"
"","180.4000","1.9891","0.0141"
"","180.5000","1.9989","0.0143"
"","180.6000","2.0091","0.0146"
"","180.7000","2.0191","0.0149"
"","180.8000","2.0292","0.0152"
"","180.9000","2.0387","0.0154"
"","181.0000","2.0490","0.0157"
"","181.1000","2.0591","0.0161"
"","181.2000","2.0691","0.0164"
"","181.3000","2.0790","0.0167"
"","181.4000","2.0891","0.0170"
"","181.5000","2.0991","0.0173"
"","181.6000","2.1090","0.0176"
"","181.7000","2.1190","0.0179"
"","181.8000","2.1291","0.0183"
"","181.9000","2.1390","0.0186"
"","182.0000","2.1491","0.0190"
"","182.1000","2.1591","0.0193"
"","182.2000","2.1691","0.0197"
"","182.3000","2.1788","0.0200"
"","182.4000","2.1892","0.0204"
"","182.5000","2.1990","0.0207"
"","182.6000","2.2090","0.0211"
"","182.7000","2.2189","0.0215"
"","182.8000","2.2292","0.0219"
"","182.9000","2.2390","0.0223"
"","183.0000","2.2489","0.0227"
"","183.1000","2.2592","0.0231"
"","183.2000","2.2691","0.0235"
"","183.3000","2.2791","0.0239"
"","183.4000","2.2888","0.0243"
"","183.5000","2.2992","0.0248"
"","183.6000","2.3091","0.0253"
"","183.7000","2.3189","0.0257"
"","183.8000","2.3290","0.0262"
"","183.9000","2.3391","0.0267"
"","184.0000","2.3492","0.0272"
"","184.1000","2.3588","0.0277"
"","184.2000","2.3691","0.0282"
"","184.3000","2.3791","0.0288"
"","184.4000","2.3891","0.0293"
"","184.5000","2.3991","0.0299"
"","184.6000","2.4091","0.0305"
"","184.7000","2.4192","0.0310"
"","184.8000","2.4289","0.0316"
"","184.9000","2.4391","0.0322"
"","185.0000","2.4490","0.0328"
"","185.1000","2.4590","0.0334"
"","185.2000","2.4689","0.0341"
"","185.3000","2.4792","0.0342"
"","185.4000","2.4891","0.0342"
"","185.5000","2.4989","0.0342"
"","185.6000","2.5091","0.0341"
"","185.7000","2.5192","0.0340"
"","185.8000","2.5291","0.0341"
"","185.9000","2.5388","0.0341"
"","186.0000","2.5491","0.0342"
"","186.1000","2.5592","0.0342"
"","186.2000","2.5690","0.0343"
"","186.3000","2.5790","0.0342"
"","186.4000","2.5892","0.0342"
"","186.5000","2.5992","0.0342"
"","186.6000","2.6088","0.0342"
"","186.7000","2.6190","0.0341"
"","186.8000","2.6291","0.0341"
"","186.9000","2.6390","0.0342"
"","187.0000","2.6490","0.0345"
"","187.1000","2.6591","0.0351"
"","187.2000","2.6691","0.0360"
"","187.3000","2.6788","0.0368"
"","187.4000","2.6892","0.0376"
"","187.5000","2.6991","0.0384"
"","187.6000","2.7091","0.0392"
"","187.7000","2.7189","0.0400"
"","187.8000","2.7291","0.0408"
"","187.9000","2.7392","0.0417"
"","188.0000","2.7489","0.0426"
"","188.1000","2.7591","0.0435"
"","188.2000","2.7691","0.0444"
"","188.3000","2.7792","0.0454"
"","188.4000","2.7887","0.0463"
"","188.5000","2.7989","0.0473"
"","188.6000","2.8090","0.0483"
"","188.7000","2.8191","0.0493"
"","188.8000","2.8290","0.0504"
"","188.9000","2.8391","0.0516"
"","189.0000","2.8490","0.0526"
"","189.1000","2.8589","0.0537"
"","189.2000","2.8689","0.0549"
"","189.3000","2.8790","0.0562"
"","189.4000","2.8890","0.0573"
"","189.5000","2.8991","0.0586"
"","189.6000","2.9091","0.0598"
"","189.7000","2.9190","0.0611"
"","189.8000","2.9288","0.0624"
"","189.9000","2.9392","0.0638"
"","190.0000","2.9490","0.0651"
"","190.1000","2.9590","0.0665"
"","190.2000","2.9688","0.0680"
"","190.3000","2.9792","0.0696"
"","190.4000","2.9891","0.0711"
"","190.5000","2.9989","0.0726"
"","190.6000","3.0091","0.0743"
"","190.7000","3.0191","0.0758"
"","190.8000","3.0292","0.0775"
"","190.9000","3.0387","0.0791"
"","191.0000","3.0491","0.0809"
"","191.1000","3.0591","0.0826"
"","191.2000","3.0690","0.0843"
"","191.3000","3.0790","0.0862"
"","191.4000","3.0891","0.0880"
"","191.5000","3.0992","0.0899"
"","191.6000","3.1089","0.0917"
"","191.7000","3.1191","0.0937"
"","191.8000","3.1291","0.0957"
"","191.9000","3.1390","0.0976"
"","192.0000","3.1491","0.0997"
"","192.1000","3.1591","0.1017"
"","192.2000","3.1691","0.1038"
"","192.3000","3.1787","0.1058"
"","192.4000","3.1892","0.1081"
"","192.5000","3.1991","0.1101"
"","192.6000","3.2090","0.1123"
"","192.7000","3.2188","0.1144"
"","192.8000","3.2292","0.1167"
"","192.9000","3.2391","0.1189"
"","193.0000","3.2488","0.1211"
"","193.1000","3.2590","0.1235"
"","193.2000","3.2692","0.1258"
"","193.3000","3.2791","0.1280"
"","193.4000","3.2887","0.1303"
"","193.5000","3.2990","0.1327"
"","193.6000","3.3092","0.1352"
"","193.7000","3.3191","0.1375"
"","193.8000","3.3290","0.1399"
"","193.9000","3.3392","0.1424"
"","194.0000","3.3492","0.1449"
"","194.1000","3.3588","0.1472"
"","194.2000","3.3690","0.1498"
"","194.3000","3.3790","0.1523"
"","194.4000","3.3890","0.1549"
"","194.5000","3.3991","0.1574"
"","194.6000","3.4091","0.1600"
"","194.7000","3.4191","0.1626"
"","194.8000","3.4288","0.1651"
"","194.9000","3.4391","0.1678"
"","195.0000","3.4490","0.1704"
"","195.1000","3.4590","0.1731"
"","195.2000","3.4689","0.1758"
"","195.3000","3.4792","0.1786"
"","195.4000","3.4892","0.1813"
"","195.5000","3.4989","0.1839"
"","195.6000","3.5091","0.1869"
"","195.7000","3.5191","0.1896"
"","195.8000","3.5292","0.1924"
"","195.9000","3.5388","0.1951"
"","196.0000","3.5490","0.1980"
"","196.1000","3.5591","0.2009"
"","196.2000","3.5691","0.2037"
"","196.3000","3.5790","0.2066"
"","196.4000","3.5891","0.2095"
"","196.5000","3.5991","0.2124"
"","196.6000","3.6090","0.2152"
"","196.7000","3.6190","0.2182"
"","196.8000","3.6290","0.2212"
"","196.9000","3.6390","0.2241"
"","197.0000","3.6491","0.2271"
"","197.1000","3.6591","0.2300"
"","197.2000","3.6691","0.2331"
"","197.3000","3.6788","0.2359"
"","197.4000","3.6892","0.2391"
"","197.5000","3.6991","0.2420"
"","197.6000","3.7090","0.2450"
"","197.7000","3.7189","0.2480"
"","197.8000","3.7292","0.2512"
"","197.9000","3.7391","0.2542"
"","198.0000","3.7489","0.2572"
"","198.1000","3.7591","0.2604"
"","198.2000","3.7691","0.2634"
"","198.3000","3.7792","0.2665"
"","198.4000","3.7887","0.2694"
"","198.5000","3.7991","0.2728"
"","198.6000","3.8090","0.2758"
"","198.7000","3.8191","0.2789"
"","198.8000","3.8291","0.2821"
"","198.9000","3.8391","0.2852"
"","199.0000","3.8491","0.2884"
"","199.1000","3.8589","0.2913"
"","199.2000","3.8691","0.2945"
"","199.3000","3.8790","0.2976"
"","199.4000","3.8890","0.3007"
"","199.5000","3.8991","0.3037"
"","199.6000","3.9091","0.3068"
"","199.7000","3.9190","0.3098"
"","199.8000","3.9288","0.3126"
"","199.9000","3.9392","0.3158"
"","200.0000","3.9491","0.3186"
"","200.1000","3.9590","0.3215"
"","200.2000","3.9688","0.3244"
"","200.3000","3.9792","0.3274"
"","200.4000","3.9891","0.3301"
"","200.5000","3.9988","0.3328"
"","200.5130","4.0000","0.3331"
"","200.5140","4.0001","0.3331"
"","200.5160","4.0003","0.3332"
"","200.6160","4.0009","0.3312"
"","200.7050","3.9943","0.3262"
"","200.7680","3.9868","0.3212"
"","200.8380","3.9789","0.3161"
"","200.9160","3.9711","0.3111"
"","200.9970","3.9630","0.3061"
"","201.0800","3.9548","0.3011"
"","201.1630","3.9462","0.2961"
"","201.2500","3.9374","0.2910"
"","201.3380","3.9287","0.2860"
"","201.4300","3.9198","0.2810"
"","201.5180","3.9108","0.2759"
"","201.6100","3.9015","0.2709"
"","201.7040","3.8921","0.2659"
"","201.8000","3.8828","0.2609"
"","201.8930","3.8733","0.2558"
"","201.9890","3.8636","0.2508"
"","202.0890","3.8537","0.2458"
"","202.1890","3.8438","0.2408"
"","202.2880","3.8339","0.2357"
"","202.3880","3.8237","0.2307"
"","202.4880","3.8139","0.2260"
"","202.5880","3.8038","0.2211"
"","202.6880","3.7938","0.2164"
"","202.7880","3.7839","0.2117"
"","202.8880","3.7739","0.2072"
"","202.9880","3.7637","0.2026"
"","203.0880","3.7537","0.1980"
"","203.1880","3.7440","0.1938"
"","203.2880","3.7336","0.1893"
"","203.3880","3.7237","0.1850"
"","203.4880","3.7138","0.1808"
"","203.5880","3.7040","0.1767"
"","203.6880","3.6937","0.1725"
"","203.7880","3.6837","0.1685"
"","203.8880","3.6739","0.1646"
"","203.9880","3.6638","0.1607"
"","204.0880","3.6537","0.1568"
"","204.1880","3.6437","0.1530"
"","204.2880","3.6340","0.1494"
"","204.3880","3.6238","0.1457"
"","204.4880","3.6137","0.1420"
"","204.5880","3.6037","0.1385"
"","204.6880","3.5940","0.1351"
"","204.7880","3.5838","0.1316"
"","204.8880","3.5737","0.1282"
"","204.9880","3.5638","0.1250"
"","205.0880","3.5538","0.1218"
"","205.1880","3.5437","0.1185"
"","205.2880","3.5337","0.1154"
"","205.3880","3.5239","0.1125"
"","205.4880","3.5138","0.1095"
"","205.5880","3.5038","0.1065"
"","205.6880","3.4939","0.1037"
"","205.7880","3.4837","0.1008"
"","205.8880","3.4737","0.0981"
"","205.9880","3.4637","0.0954"
"","206.0880","3.4540","0.0928"
"","206.1880","3.4437","0.0902"
"","206.2880","3.4337","0.0877"
"","206.3880","3.4239","0.0853"
"","206.4880","3.4138","0.0829"
"","206.5880","3.4038","0.0806"
"","206.6880","3.3936","0.0783"
"","206.7880","3.3840","0.0762"
"","206.8880","3.3737","0.0739"
"","206.9880","3.3637","0.0719"
"","207.0880","3.3537","0.0699"
"","207.1880","3.3439","0.0679"
"","207.2880","3.3339","0.0660"
"","207.3880","3.3237","0.0640"
"","207.4880","3.3138","0.0623"
"","207.5880","3.3037","0.0605"
"","207.6880","3.2937","0.0588"
"","207.7880","3.2837","0.0572"
"","207.8880","3.2738","0.0556"
"","207.9880","3.2637","0.0541"
"","208.0880","3.2538","0.0526"
"","208.1880","3.2440","0.0511"
"","208.2880","3.2337","0.0496"
"","208.3880","3.2237","0.0483"
"","208.4880","3.2139","0.0470"
"","208.5880","3.2039","0.0457"
"","208.6880","3.1936","0.0444"
"","208.7880","3.1836","0.0433"
"","208.8880","3.1738","0.0422"
"","208.9880","3.1638","0.0412"
"","209.0880","3.1537","0.0401"
"","209.1880","3.1436","0.0391"
"","209.2880","3.1340","0.0382"
"","209.3880","3.1237","0.0373"
"","209.4880","3.1136","0.0364"
"","209.5880","3.1037","0.0356"
"","209.6880","3.0939","0.0348"
"","209.7880","3.0838","0.0341"
"","209.8880","3.0737","0.0334"
"","209.9880","3.0639","0.0327"
"","210.0880","3.0537","0.0326"
"","210.1880","3.0437","0.0326"
"","210.2880","3.0338","0.0326"
"","210.3880","3.0239","0.0326"
"","210.4880","3.0136","0.0326"
"","210.5880","3.0037","0.0326"
"","210.6880","2.9940","0.0326"
"","210.7880","2.9836","0.0326"
"","210.8880","2.9736","0.0326"
"","210.9880","2.9638","0.0326"
"","211.0880","2.9541","0.0326"
"","211.1880","2.9437","0.0325"
"","211.2880","2.9335","0.0325"
"","211.3880","2.9239","0.0326"
"","211.4880","2.9139","0.0326"
"","211.5880","2.9037","0.0326"
"","211.6880","2.8936","0.0325"
"","211.7880","2.8840","0.0324"
"","211.8880","2.8738","0.0316"
"","211.9880","2.8637","0.0309"
"","212.0880","2.8537","0.0302"
"","212.1880","2.8440","0.0296"
"","212.2880","2.8339","0.0288"
"","212.3880","2.8237","0.0282"
"","212.4880","2.8138","0.0276"
"","212.5880","2.8037","0.0271"
"","212.6880","2.7938","0.0265"
"","212.7880","2.7837","0.0260"
"","212.8880","2.7739","0.0255"
"","212.9880","2.7638","0.0250"
"","213.0880","2.7537","0.0245"
"","213.1880","2.7439","0.0241"
"","213.2880","2.7337","0.0236"
"","213.3880","2.7237","0.0232"
"","213.4880","2.7138","0.0228"
"","213.5880","2.7040","0.0223"
"","213.6880","2.6937","0.0219"
"","213.7880","2.6836","0.0215"
"","213.8880","2.6739","0.0211"
"","213.9880","2.6639","0.0207"
"","214.0880","2.6538","0.0203"
"","214.1880","2.6436","0.0199"
"","214.2880","2.6340","0.0195"
"","214.3880","2.6237","0.0191"
"","214.4880","2.6136","0.0188"
"","214.5880","2.6037","0.0184"
"","214.6880","2.5939","0.0181"
"","214.7880","2.5838","0.0177"
"","214.8880","2.5737","0.0174"
"","214.9880","2.5639","0.0171"
"","215.0880","2.5537","0.0167"
"","215.1880","2.5437","0.0164"
"","215.2880","2.5337","0.0161"
"","215.3880","2.5239","0.0158"
"","215.4880","2.5137","0.0154"
"","215.5880","2.5037","0.0152"
"","215.6880","2.4939","0.0148"
"","215.7880","2.4836","0.0146"
"","215.8880","2.4738","0.0143"
"","215.9880","2.4638","0.0140"
"","216.0880","2.4539","0.0137"
"","216.1880","2.4436","0.0134"
"","216.2880","2.4337","0.0132"
"","216.3880","2.4238","0.0129"
"","216.4880","2.4138","0.0127"
"","216.5880","2.4037","0.0124"
"","216.6880","2.3937","0.0122"
"","216.7880","2.3840","0.0120"
"","216.8880","2.3737","0.0117"
"","216.9880","2.3636","0.0115"
"","217.0880","2.3538","0.0113"
"","217.1880","2.3439","0.0111"
"","217.2880","2.3337","0.0109"
"","217.3880","2.3237","0.0107"
"","217.4880","2.3140","0.0105"
"","217.5880","2.3038","0.0103"
"","217.6880","2.2937","0.0101"
"","217.7880","2.2837","0.0099"
"","217.8880","2.2739","0.0098"
"","217.9880","2.2637","0.0096"
"","218.0880","2.2537","0.0094"
"","218.1880","2.2439","0.0092"
"","218.2880","2.2336","0.0090"
"","218.3880","2.2237","0.0088"
"","218.4880","2.2138","0.0086"
"","218.5880","2.2040","0.0084"
"","218.6880","2.1937","0.0082"
"","218.7880","2.1836","0.0081"
"","218.8880","2.1738","0.0079"
"","218.9880","2.1638","0.0077"
"","219.0880","2.1537","0.0076"
"","219.1880","2.1436","0.0074"
"","219.2880","2.1340","0.0073"
"","219.3880","2.1238","0.0071"
"","219.4880","2.1137","0.0069"
"","219.5880","2.1037","0.0068"
"","219.6880","2.0940","0.0067"
"","219.7880","2.0838","0.0065"
"","219.8880","2.0737","0.0064"
"","219.9880","2.0639","0.0063"
"","220.0880","2.0538","0.0061"
"","220.1880","2.0437","0.0060"
"","220.2880","2.0337","0.0059"
"","220.3880","2.0240","0.0058"
"","220.4880","2.0138","0.0057"
"","220.5880","2.0037","0.0056"
"","220.6880","1.9938","0.0055"
"","220.7880","1.9837","0.0053"
"","220.8880","1.9736","0.0052"
"","220.9880","1.9638","0.0052"
"","221.0880","1.9540","0.0051"
"","221.1880","1.9437","0.0050"
"","221.2880","1.9336","0.0049"
"","221.3880","1.9239","0.0048"
"","221.4880","1.9139","0.0047"
"","221.5880","1.9038","0.0046"
"","221.6880","1.8935","0.0045"
"","221.7880","1.8840","0.0044"
"","221.8880","1.8737","0.0044"
"","221.9880","1.8637","0.0043"
"","222.0880","1.8537","0.0042"
"","222.1880","1.8439","0.0041"
"","222.2880","1.8338","0.0041"
"","222.3880","1.8238","0.0040"
"","222.4880","1.8139","0.0039"
"","222.5880","1.8036","0.0039"
"","222.6880","1.7937","0.0038"
"","222.7880","1.7837","0.0037"
"","222.8880","1.7739","0.0037"
"","222.9880","1.7637","0.0036"
"","223.0880","1.7538","0.0035"
"","223.1880","1.7440","0.0035"
"","223.2880","1.7337","0.0034"
"","223.3880","1.7237","0.0034"
"","223.4880","1.7139","0.0033"
"","223.5880","1.7039","0.0032"
"","223.6880","1.6937","0.0032"
"","223.7880","1.6836","0.0031"
"","223.8880","1.6739","0.0031"
"","223.9880","1.6638","0.0030"
"","224.0880","1.6537","0.0030"
"","224.1880","1.6436","0.0029"
"","224.2880","1.6340","0.0029"
"","224.3880","1.6238","0.0028"
"","224.4880","1.6136","0.0028"
"","224.5880","1.6037","0.0027"
"","224.6880","1.5939","0.0027"
"","224.7880","1.5838","0.0027"
"","224.8880","1.5737","0.0027"
"","224.9880","1.5639","0.0026"
"","225.0880","1.5537","0.0026"
"","225.1880","1.5437","0.0025"
"","225.2880","1.5338","0.0025"
"","225.3880","1.5239","0.0024"
"","225.4880","1.5136","0.0024"
"","225.5880","1.5037","0.0024"
"","225.6880","1.4939","0.0023"
"","225.7880","1.4837","0.0023"
"","225.8880","1.4737","0.0023"
"","225.9880","1.4638","0.0022"
"","226.0880","1.4541","0.0022"
"","226.1880","1.4436","0.0022"
"","226.2880","1.4336","0.0021"
"","226.3880","1.4239","0.0021"
"","226.4880","1.4139","0.0021"
"","226.5880","1.4037","0.0020"
"","226.6880","1.3936","0.0020"
"","226.7880","1.3840","0.0020"
"","226.8880","1.3738","0.0019"
"","226.9880","1.3637","0.0019"
"","227.0880","1.3537","0.0019"
"","227.1880","1.3440","0.0019"
"","227.2880","1.3339","0.0018"
"","227.3880","1.3237","0.0018"
"","227.4880","1.3138","0.0018"
"","227.5880","1.3037","0.0018"
"","227.6880","1.2937","0.0017"
"","227.7880","1.2837","0.0017"
"","227.8880","1.2739","0.0017"
"","227.9880","1.2637","0.0017"
"","228.0880","1.2537","0.0016"
"","228.1880","1.2439","0.0016"
"","228.2880","1.2337","0.0016"
"","228.3880","1.2236","0.0016"
"","228.4880","1.2138","0.0015"
"","228.5880","1.2040","0.0015"
"","228.6880","1.1937","0.0015"
"","228.7880","1.1836","0.0015"
"","228.8880","1.1739","0.0015"
"","228.9880","1.1638","0.0014"
"","229.0880","1.1538","0.0014"
"","229.1880","1.1435","0.0014"
"","229.2880","1.1340","0.0014"
"","229.3880","1.1237","0.0014"
"","229.4880","1.1137","0.0013"
"","229.5880","1.1037","0.0013"
"","229.6880","1.0939","0.0013"
"","229.7880","1.0839","0.0013"
"","229.8880","1.0737","0.0012"
"","229.9880","1.0638","0.0012"
"","230.0880","1.0536","0.0012"
"","230.1880","1.0437","0.0012"
"","230.2880","1.0337","0.0012"
"","230.3880","1.0239","0.0012"
"","230.4880","1.0137","0.0011"
"","230.5880","1.0038","0.0011"
"","230.6880","0.9940","0.0011"
"","230.7880","0.9837","0.0011"
"","230.8880","0.9737","0.0011"
"","230.9880","0.9639","0.0011"
"","231.0880","0.9539","0.0010"
"","231.1880","0.9436","0.0010"
"","231.2880","0.9336","0.0010"
"","231.3880","0.9239","0.0010"
"","231.4880","0.9138","0.0010"
"","231.5880","0.9037","0.0009"
"","231.6880","0.8936","0.0009"
"","231.7880","0.8840","0.0009"
"","231.8880","0.8737","0.0009"
"","231.9880","0.8636","0.0009"
"","232.0880","0.8537","0.0009"
"","232.1880","0.8439","0.0008"
"","232.2880","0.8338","0.0008"
"","232.3880","0.8237","0.0008"
"","232.4880","0.8139","0.0008"
"","232.5880","0.8036","0.0008"
"","232.6880","0.7937","0.0008"
"","232.7880","0.7838","0.0008"
"","232.8880","0.7739","0.0008"
"","232.9880","0.7636","0.0008"
"","233.0880","0.7537","0.0008"
"","233.1880","0.7440","0.0007"
"","233.2880","0.7336","0.0007"
"","233.3880","0.7236","0.0007"
"","233.4880","0.7138","0.0007"
"","233.5880","0.7041","0.0007"
"","233.6880","0.6937","0.0007"
"","233.7880","0.6835","0.0007"
"","233.8880","0.6739","0.0006"
"","233.9880","0.6639","0.0006"
"","234.0880","0.6537","0.0006"
"","234.1880","0.6437","0.0006"
"","234.2880","0.6340","0.0006"
"","234.3880","0.6238","0.0006"
"","234.4880","0.6136","0.0006"
"","234.5880","0.6038","0.0006"
"","234.6880","0.5939","0.0006"
"","234.7880","0.5838","0.0005"
"","234.8880","0.5737","0.0005"
"","234.9880","0.5639","0.0005"
"","235.0880","0.5537","0.0005"
"","235.1880","0.5437","0.0005"
"","235.2880","0.5337","0.0005"
"","235.3880","0.5240","0.0005"
"","235.4880","0.5137","0.0005"
"","235.5880","0.5037","0.0005"
"","235.6880","0.4938","0.0004"
"","235.7880","0.4837","0.0004"
"","235.8880","0.4737","0.0004"
"","235.9880","0.4637","0.0004"
"","236.0880","0.4540","0.0004"
"","236.1880","0.4437","0.0004"
"","236.2880","0.4337","0.0004"
"","236.3880","0.4239","0.0004"
"","236.4880","0.4138","0.0004"
"","236.5880","0.4038","0.0004"
"","236.6880","0.3936","0.0003"
"","236.7880","0.3839","0.0003"
"","236.8880","0.3737","0.0003"
"","236.9880","0.3637","0.0003"
"","237.0880","0.3537","0.0003"
"","237.1880","0.3439","0.0003"
"","237.2880","0.3339","0.0003"
"","237.3880","0.3237","0.0003"
"","237.4880","0.3139","0.0003"
"","237.5880","0.3036","0.0003"
"","237.6880","0.2938","0.0003"
"","237.7880","0.2838","0.0003"
"","237.8880","0.2739","0.0003"
"","237.9880","0.2636","0.0002"
"","238.0880","0.2537","0.0002"
"","238.1880","0.2440","0.0002"
"","238.2880","0.2337","0.0002"
"","238.3880","0.2237","0.0002"
"","238.4880","0.2138","0.0002"
"","238.5880","0.2039","0.0002"
"","238.6880","0.1936","0.0002"
"","238.7880","0.1836","0.0002"
"","238.8880","0.1739","0.0002"
"","238.9880","0.1638","0.0002"
"","239.0880","0.1537","0.0002"
"","239.1880","0.1436","0.0001"
"","239.2880","0.1340","0.0001"
"","239.3880","0.1237","0.0001"
"","239.4880","0.1136","0.0001"
"","239.5880","0.1037","0.0001"
"","239.6880","0.0939","0.0001"
"","239.7880","0.0839","0.0001"
"","239.8880","0.0737","0.0001"
"","239.9880","0.0639","0.0001"
"","240.0880","0.0537","0.0001"
"","240.1880","0.0438","0.0001"
"","240.2880","0.0338","0.0001"
"","240.3880","0.0239","0.0000"
"","240.4880","0.0137","0.0001"
"","240.5880","0.0038","0.0000"
"","240.6260","0.0000","0.0000"
"","240.6270","-0.0001","0.0000"
"","240.6280","-0.0002","0.0000"
"","240.7280","-0.0008","0.0000"
"","240.8280","0.0063","0.0001"
"","240.9280","0.0186","0.0001"
"","241.0280","0.0292","0.0001"
"","241.1280","0.0388","0.0001"
"","241.2280","0.0491","0.0001"
"","241.3280","0.0592","0.0002"
"","241.4280","0.0690","0.0002"
"","241.5280","0.0791","0.0002"
"","241.6280","0.0891","0.0002"
"","241.7280","0.0992","0.0002"
"","241.8280","0.1089","0.0002"
"","241.9280","0.1192","0.0002"
"","242.0280","0.1291","0.0003"
"","242.1280","0.1391","0.0003"
"","242.2280","0.1491","0.0003"
"","242.3280","0.1592","0.0003"
"","242.4280","0.1691","0.0003"
"","242.5280","0.1788","0.0003"
"","242.6280","0.1892","0.0003"
"","242.7280","0.1992","0.0004"
"","242.8280","0.2090","0.0004"
"","242.9280","0.2189","0.0004"
"","243.0280","0.2292","0.0004"
"","243.1280","0.2392","0.0004"
"","243.2280","0.2489","0.0004"
"","243.3280","0.2591","0.0005"
"","243.4280","0.2692","0.0005"
"","243.5280","0.2791","0.0005"
"","243.6280","0.2889","0.0005"
"","243.7280","0.2990","0.0005"
"","243.8280","0.3092","0.0005"
"","243.9280","0.3190","0.0005"
"","244.0280","0.3291","0.0006"
"","244.1280","0.3392","0.0006"
"","244.2280","0.3492","0.0006"
"","244.3280","0.3588","0.0006"
"","244.4280","0.3692","0.0006"
"","244.5280","0.3791","0.0006"
"","244.6280","0.3891","0.0006"
"","244.7280","0.3990","0.0007"
"","244.8280","0.4092","0.0007"
"","244.9280","0.4192","0.0007"
"","245.0280","0.4288","0.0007"
"","245.1280","0.4391","0.0007"
"","245.2280","0.4491","0.0007"
"","245.3280","0.4591","0.0007"
"","245.4280","0.4689","0.0008"
"","245.5280","0.4792","0.0008"
"","245.6280","0.4892","0.0008"
"","245.7280","0.4989","0.0008"
"","245.8280","0.5092","0.0008"
"","245.9280","0.5191","0.0009"
"","246.0280","0.5292","0.0009"
"","246.1280","0.5388","0.0009"
"","246.2280","0.5490","0.0009"
"","246.3280","0.5592","0.0009"
"","246.4280","0.5691","0.0009"
"","246.5280","0.5791","0.0010"
"","246.6280","0.5892","0.0010"
"","246.7280","0.5992","0.0010"
"","246.8280","0.6090","0.0010"
"","246.9280","0.6191","0.0010"
"","247.0280","0.6290","0.0011"
"","247.1280","0.6390","0.0011"
"","247.2280","0.6491","0.0011"
"","247.3280","0.6591","0.0011"
"","247.4280","0.6691","0.0011"
"","247.5280","0.6788","0.0011"
"","247.6280","0.6893","0.0012"
"","247.7280","0.6991","0.0012"
"","247.8280","0.7090","0.0012"
"","247.9280","0.7189","0.0012"
"","248.0280","0.7293","0.0013"
"","248.1280","0.7393","0.0013"
"","248.2280","0.7489","0.0013"
"","248.3280","0.7592","0.0013"
"","248.4280","0.7691","0.0014"
"","248.5280","0.7793","0.0014"
"","248.6280","0.7888","0.0014"
"","248.7280","0.7992","0.0015"
"","248.8280","0.8091","0.0015"
"","248.9280","0.8191","0.0015"
"","249.0280","0.8291","0.0015"
"","249.1280","0.8391","0.0016"
"","249.2280","0.8492","0.0016"
"","249.3280","0.8590","0.0016"
"","249.4280","0.8692","0.0016"
"","249.5280","0.8791","0.0017"
"","249.6280","0.8891","0.0017"
"","249.7280","0.8991","0.0017"
"","249.8280","0.9092","0.0018"
"","249.9280","0.9191","0.0018"
"","250.0280","0.9288","0.0018"
"","250.1280","0.9392","0.0018"
"","250.2280","0.9491","0.0019"
"","250.3280","0.9591","0.0019"
"","250.4280","0.9689","0.0019"
"","250.5280","0.9792","0.0020"
"","250.6280","0.9892","0.0020"
"","250.7280","0.9988","0.0020"
"","250.8280","1.0091","0.0021"
"","250.9280","1.0192","0.0021"
"","251.0280","1.0292","0.0022"
"","251.1280","1.0388","0.0022"
"","251.2280","1.0490","0.0022"
"","251.3280","1.0592","0.0023"
"","251.4280","1.0692","0.0023"
"","251.5280","1.0790","0.0023"
"","251.6280","1.0891","0.0024"
"","251.7280","1.0992","0.0024"
"","251.8280","1.1089","0.0025"
"","251.9280","1.1191","0.0025"
"","252.0280","1.1291","0.0025"
"","252.1280","1.1390","0.0026"
"","252.2280","1.1491","0.0026"
"","252.3280","1.1592","0.0027"
"","252.4280","1.1691","0.0028"
"","252.5280","1.1788","0.0028"
"","252.6280","1.1892","0.0028"
"","252.7280","1.1991","0.0029"
"","252.8280","1.2091","0.0030"
"","252.9280","1.2189","0.0031"
"","253.0280","1.2292","0.0031"
"","253.1280","1.2392","0.0032"
"","253.2280","1.2489","0.0032"
"","253.3280","1.2591","0.0033"
"","253.4280","1.2691","0.0034"
"","253.5280","1.2792","0.0034"
"","253.6280","1.2888","0.0035"
"","253.7280","1.2990","0.0036"
"","253.8280","1.3092","0.0036"
"","253.9280","1.3192","0.0037"
"","254.0280","1.3290","0.0038"
"","254.1280","1.3391","0.0039"
"","254.2280","1.3491","0.0039"
"","254.3280","1.3590","0.0040"
"","254.4280","1.3690","0.0041"
"","254.5280","1.3790","0.0042"
"","254.6280","1.3890","0.0042"
"","254.7280","1.3991","0.0043"
"","254.8280","1.4091","0.0044"
"","254.9280","1.4191","0.0045"
"","255.0280","1.4289","0.0045"
"","255.1280","1.4393","0.0046"
"","255.2280","1.4492","0.0047"
"","255.3280","1.4590","0.0048"
"","255.4280","1.4689","0.0049"
"","255.5280","1.4791","0.0049"
"","255.6280","1.4892","0.0050"
"","255.7280","1.4989","0.0051"
"","255.8280","1.5092","0.0052"
"","255.9280","1.5191","0.0053"
"","256.0280","1.5293","0.0053"
"","256.1280","1.5388","0.0055"
"","256.2280","1.5492","0.0056"
"","256.3280","1.5591","0.0057"
"","256.4280","1.5691","0.0057"
"","256.5280","1.5791","0.0058"
"","256.6280","1.5892","0.0059"
"","256.7280","1.5992","0.0061"
"","256.8280","1.6089","0.0062"
"","256.9280","1.6192","0.0062"
"","257.0280","1.6291","0.0063"
"","257.1280","1.6391","0.0065"
"","257.2280","1.6492","0.0066"
"","257.3280","1.6592","0.0067"
"","257.4280","1.6691","0.0068"
"","257.5280","1.6788","0.0069"
"","257.6280","1.6892","0.0070"
"","257.7280","1.6991","0.0072"
"","257.8280","1.7091","0.0073"
"","257.9280","1.7189","0.0074"
"","258.0280","1.7292","0.0076"
"","258.1280","1.7392","0.0077"
"","258.2280","1.7489","0.0078"
"","258.3280","1.7591","0.0079"
"","258.4280","1.7692","0.0081"
"","258.5280","1.7792","0.0083"
"","258.6280","1.7888","0.0084"
"","258.7280","1.7991","0.0086"
"","258.8280","1.8092","0.0088"
"","258.9280","1.8192","0.0089"
"","259.0280","1.8290","0.0091"
"","259.1280","1.8391","0.0092"
"","259.2280","1.8492","0.0094"
"","259.3280","1.8589","0.0096"
"","259.4280","1.8691","0.0098"
"","259.5280","1.8791","0.0100"
"","259.6280","1.8890","0.0102"
"","259.7280","1.8991","0.0105"
"","259.8280","1.9092","0.0107"
"","259.9280","1.9192","0.0109"
"","260.0280","1.9288","0.0111"
"","260.1280","1.9392","0.0114"
"","260.2280","1.9491","0.0116"
"","260.3280","1.9591","0.0118"
"","260.4280","1.9689","0.0121"
"","260.5280","1.9792","0.0123"
"","260.6280","1.9892","0.0125"
"","260.7280","1.9989","0.0128"
"","260.8280","2.0091","0.0131"
"","260.9280","2.0191","0.0133"
"","261.0280","2.0292","0.0136"
"","261.1280","2.0388","0.0138"
"","261.2280","2.0490","0.0141"
"","261.3280","2.0591","0.0144"
"","261.4280","2.0691","0.0146"
"","261.5280","2.0791","0.0149"
"","261.6280","2.0892","0.0152"
"","261.7280","2.0992","0.0155"
"","261.8280","2.1090","0.0157"
"","261.9280","2.1190","0.0160"
"","262.0280","2.1291","0.0163"
"","262.1280","2.1391","0.0166"
"","262.2280","2.1491","0.0170"
"","262.3280","2.1591","0.0173"
"","262.4280","2.1692","0.0176"
"","262.5280","2.1789","0.0179"
"","262.6280","2.1893","0.0182"
"","262.7280","2.1991","0.0185"
"","262.8280","2.2090","0.0189"
"","262.9280","2.2189","0.0192"
"","263.0280","2.2292","0.0196"
"","263.1280","2.2391","0.0199"
"","263.2280","2.2490","0.0203"
"","263.3280","2.2592","0.0207"
"","263.4280","2.2691","0.0210"
"","263.5280","2.2792","0.0214"
"","263.6280","2.2888","0.0218"
"","263.7280","2.2992","0.0222"
"","263.8280","2.3092","0.0226"
"","263.9280","2.3190","0.0230"
"","264.0280","2.3290","0.0235"
"","264.1280","2.3392","0.0239"
"","264.2280","2.3492","0.0243"
"","264.3280","2.3588","0.0248"
"","264.4280","2.3691","0.0252"
"","264.5280","2.3791","0.0257"
"","264.6280","2.3891","0.0262"
"","264.7280","2.3991","0.0266"
"","264.8280","2.4092","0.0272"
"","264.9280","2.4192","0.0277"
"","265.0280","2.4289","0.0282"
"","265.1280","2.4392","0.0287"
"","265.2280","2.4491","0.0293"
"","265.3280","2.4591","0.0298"
"","265.4280","2.4690","0.0304"
"","265.5280","2.4793","0.0310"
"","265.6280","2.4892","0.0316"
"","265.7280","2.4989","0.0322"
"","265.8280","2.5091","0.0328"
"","265.9280","2.5192","0.0334"
"","266.0280","2.5291","0.0340"
"","266.1280","2.5388","0.0342"
"","266.2280","2.5491","0.0342"
"","266.3280","2.5592","0.0341"
"","266.4280","2.5691","0.0340"
"","266.5280","2.5791","0.0340"
"","266.6280","2.5892","0.0340"
"","266.7280","2.5992","0.0341"
"","266.8280","2.6089","0.0341"
"","266.9280","2.6191","0.0342"
"","267.0280","2.6291","0.0342"
"","267.1280","2.6391","0.0341"
"","267.2280","2.6491","0.0341"
"","267.3280","2.6591","0.0341"
"","267.4280","2.6691","0.0341"
"","267.5280","2.6788","0.0341"
"","267.6280","2.6892","0.0341"
"","267.7280","2.6991","0.0342"
"","267.8280","2.7091","0.0345"
"","267.9280","2.7189","0.0349"
"","268.0280","2.7291","0.0358"
"","268.1280","2.7392","0.0366"
"","268.2280","2.7489","0.0373"
"","268.3280","2.7591","0.0382"
"","268.4280","2.7691","0.0389"
"","268.5280","2.7792","0.0396"
"","268.6280","2.7888","0.0405"
"","268.7280","2.7990","0.0413"
"","268.8280","2.8091","0.0422"
"","268.9280","2.8191","0.0431"
"","269.0280","2.8291","0.0440"
"","269.1280","2.8392","0.0450"
"","269.2280","2.8491","0.0460"
"","269.3280","2.8590","0.0469"
"","269.4280","2.8690","0.0479"
"","269.5280","2.8791","0.0489"
"","269.6280","2.8891","0.0500"
"","269.7280","2.8992","0.0511"
"","269.8280","2.9091","0.0522"
"","269.9280","2.9191","0.0534"
"","270.0280","2.9288","0.0545"
"","270.1280","2.9393","0.0557"
"","270.2280","2.9491","0.0569"
"","270.3280","2.9590","0.0582"
"","270.4280","2.9689","0.0595"
"","270.5280","2.9792","0.0608"
"","270.6280","2.9892","0.0621"
"","270.7280","2.9989","0.0634"
"","270.8280","3.0092","0.0649"
"","270.9280","3.0191","0.0663"
"","271.0280","3.0292","0.0678"
"","271.1280","3.0387","0.0693"
"","271.2280","3.0492","0.0709"
"","271.3280","3.0591","0.0725"
"","271.4280","3.0691","0.0741"
"","271.5280","3.0791","0.0758"
"","271.6280","3.0892","0.0775"
"","271.7280","3.0992","0.0793"
"","271.8280","3.1089","0.0809"
"","271.9280","3.1191","0.0827"
"","272.0280","3.1291","0.0845"
"","272.1280","3.1391","0.0864"
"","272.2280","3.1492","0.0884"
"","272.3280","3.1591","0.0903"
"","272.4280","3.1692","0.0923"
"","272.5280","3.1788","0.0942"
"","272.6280","3.1892","0.0964"
"","272.7280","3.1991","0.0984"
"","272.8280","3.2091","0.1005"
"","272.9280","3.2189","0.1026"
"","273.0280","3.2292","0.1048"
"","273.1280","3.2392","0.1069"
"","273.2280","3.2489","0.1090"
"","273.3280","3.2591","0.1113"
"","273.4280","3.2692","0.1136"
"","273.5280","3.2792","0.1158"
"","273.6280","3.2888","0.1180"
"","273.7280","3.2991","0.1204"
"","273.8280","3.3092","0.1228"
"","273.9280","3.3191","0.1250"
"","274.0280","3.3291","0.1274"
"","274.1280","3.3392","0.1299"
"","274.2280","3.3492","0.1323"
"","274.3280","3.3588","0.1346"
"","274.4280","3.3691","0.1372"
"","274.5280","3.3791","0.1397"
"","274.6280","3.3891","0.1423"
"","274.7280","3.3991","0.1448"
"","274.8280","3.4091","0.1474"
"","274.9280","3.4191","0.1500"
"","275.0280","3.4288","0.1525"
"","275.1280","3.4392","0.1553"
"","275.2280","3.4490","0.1578"
"","275.3280","3.4590","0.1605"
"","275.4280","3.4689","0.1632"
"","275.5280","3.4792","0.1659"
"","275.6280","3.4892","0.1686"
"","275.7280","3.4989","0.1712"
"","275.8280","3.5091","0.1742"
"","275.9280","3.5191","0.1769"
"","276.0280","3.5292","0.1797"
"","276.1280","3.5388","0.1824"
"","276.2280","3.5490","0.1854"
"","276.3280","3.5592","0.1884"
"","276.4280","3.5691","0.1912"
"","276.5280","3.5790","0.1941"
"","276.6280","3.5891","0.1971"
"","276.7280","3.5992","0.2000"
"","276.8280","3.6090","0.2028"
"","276.9280","3.6190","0.2058"
"","277.0280","3.6290","0.2089"
"","277.1280","3.6390","0.2119"
"","277.2280","3.6491","0.2149"
"","277.3280","3.6591","0.2180"
"","277.4280","3.6691","0.2210"
"","277.5280","3.6789","0.2240"
"","277.6280","3.6892","0.2272"
"","277.7280","3.6991","0.2302"
"","277.8280","3.7090","0.2333"
"","277.9280","3.7189","0.2364"
"","278.0280","3.7292","0.2396"
"","278.1280","3.7392","0.2428"
"","278.2280","3.7489","0.2458"
"","278.3280","3.7591","0.2492"
"","278.4280","3.7691","0.2523"
"","278.5280","3.7792","0.2555"
"","278.6280","3.7887","0.2586"
"","278.7280","3.7991","0.2620"
"","278.8280","3.8091","0.2653"
"","278.9280","3.8191","0.2685"
"","279.0280","3.8291","0.2718"
"","279.1280","3.8391","0.2751"
"","279.2280","3.8491","0.2784"
"","279.3280","3.8589","0.2816"
"","279.4280","3.8691","0.2850"
"","279.5280","3.8791","0.2883"
"","279.6280","3.8891","0.2916"
"","279.7280","3.8992","0.2949"
"","279.8280","3.9092","0.2982"
"","279.9280","3.9191","0.3015"
"","280.0280","3.9288","0.3046"
"","280.1280","3.9392","0.3081"
"","280.2280","3.9492","0.3112"
"","280.3280","3.9590","0.3144"
"","280.4280","3.9688","0.3175"
"","280.5280","3.9792","0.3208"
"","280.6280","3.9892","0.3239"
"","280.7280","3.9988","0.3268"
"","280.7410","4.0000","0.3271"
"","280.7420","4.0001","0.3272"
"","280.7430","4.0002","0.3272"
"","280.8430","4.0008","0.3255"
"","280.9340","3.9941","0.3205"
"","280.9980","3.9864","0.3154"
"","281.0690","3.9785","0.3104"
"","281.1490","3.9704","0.3053"
"","281.2310","3.9622","0.3003"
"","281.3150","3.9539","0.2953"
"","281.3980","3.9453","0.2903"
"","281.4850","3.9365","0.2853"
"","281.5750","3.9277","0.2802"
"","281.6670","3.9187","0.2752"
"","281.7550","3.9097","0.2701"
"","281.8470","3.9004","0.2651"
"","281.9410","3.8911","0.2601"
"","282.0380","3.8816","0.2550"
"","282.1310","3.8721","0.2500"
"","282.2270","3.8624","0.2450"
"","282.3270","3.8526","0.2400"
"","282.4260","3.8427","0.2350"
"","282.5260","3.8327","0.2299"
"","282.6260","3.8225","0.2249"
"","282.7260","3.8128","0.2203"
"","282.8260","3.8026","0.2154"
"","282.9260","3.7926","0.2106"
"","283.0260","3.7827","0.2060"
"","283.1260","3.7726","0.2014"
"","283.2260","3.7626","0.1969"
"","283.3260","3.7526","0.1924"
"","283.4260","3.7428","0.1881"
"","283.5260","3.7324","0.1836"
"","283.6260","3.7225","0.1794"
"","283.7260","3.7127","0.1753"
"","283.8260","3.7028","0.1712"
"","283.9260","3.6925","0.1670"
"","284.0260","3.6825","0.1631"
"","284.1260","3.6728","0.1592"
"","284.2260","3.6626","0.1552"
"","284.3260","3.6524","0.1514"
"","284.4260","3.6425","0.1477"
"","284.5260","3.6329","0.1441"
"","284.6260","3.6226","0.1404"
"","284.7260","3.6125","0.1368"
"","284.8260","3.6026","0.1333"
"","284.9260","3.5927","0.1299"
"","285.0260","3.5826","0.1265"
"","285.1260","3.5725","0.1231"
"","285.2260","3.5627","0.1200"
"","285.3260","3.5526","0.1168"
"","285.4260","3.5425","0.1136"
"","285.5260","3.5326","0.1106"
"","285.6260","3.5227","0.1076"
"","285.7260","3.5127","0.1047"
"","285.8260","3.5026","0.1017"
"","285.9260","3.4927","0.0990"
"","286.0260","3.4825","0.0962"
"","286.1260","3.4725","0.0935"
"","286.2260","3.4626","0.0909"
"","286.3260","3.4528","0.0884"
"","286.4260","3.4426","0.0859"
"","286.5260","3.4325","0.0834"
"","286.6260","3.4228","0.0811"
"","286.7260","3.4126","0.0787"
"","286.8260","3.4026","0.0765"
"","286.9260","3.3925","0.0743"
"","287.0260","3.3828","0.0723"
"","287.1260","3.3726","0.0701"
"","287.2260","3.3625","0.0682"
"","287.3260","3.3526","0.0663"
"","287.4260","3.3427","0.0643"
"","287.5260","3.3327","0.0625"
"","287.6260","3.3225","0.0607"
"","287.7260","3.3127","0.0590"
"","287.8260","3.3025","0.0573"
"","287.9260","3.2925","0.0556"
"","288.0260","3.2826","0.0541"
"","288.1260","3.2726","0.0526"
"","288.2260","3.2626","0.0511"
"","288.3260","3.2526","0.0496"
"","288.4260","3.2428","0.0483"
"","288.5260","3.2325","0.0469"
"","288.6260","3.2225","0.0457"
"","288.7260","3.2127","0.0444"
"","288.8260","3.2027","0.0432"
"","288.9260","3.1925","0.0422"
"","289.0260","3.1825","0.0411"
"","289.1260","3.1727","0.0401"
"","289.2260","3.1626","0.0391"
"","289.3260","3.1525","0.0381"
"","289.4260","3.1425","0.0373"
"","289.5260","3.1328","0.0364"
"","289.6260","3.1225","0.0355"
"","289.7260","3.1125","0.0348"
"","289.8260","3.1026","0.0340"
"","289.9260","3.0927","0.0332"
"","290.0260","3.0826","0.0327"
"","290.1260","3.0725","0.0325"
"","290.2260","3.0628","0.0326"
"","290.3260","3.0525","0.0326"
"","290.4260","3.0425","0.0326"
"","290.5260","3.0326","0.0326"
"","290.6260","3.0226","0.0326"
"","290.7260","3.0125","0.0325"
"","290.8260","3.0026","0.0325"
"","290.9260","2.9928","0.0325"
"","291.0260","2.9824","0.0326"
"","291.1260","2.9724","0.0326"
"","291.2260","2.9626","0.0325"
"","291.3260","2.9529","0.0325"
"","291.4260","2.9425","0.0326"
"","291.5260","2.9324","0.0326"
"","291.6260","2.9228","0.0326"
"","291.7260","2.9127","0.0325"
"","291.8260","2.9026","0.0324"
"","291.9260","2.8924","0.0316"
"","292.0260","2.8829","0.0310"
"","292.1260","2.8726","0.0303"
"","292.2260","2.8625","0.0296"
"","292.3260","2.8526","0.0289"
"","292.4260","2.8428","0.0283"
"","292.5260","2.8327","0.0277"
"","292.6260","2.8225","0.0271"
"","292.7260","2.8127","0.0266"
"","292.8260","2.8025","0.0261"
"","292.9260","2.7926","0.0256"
"","293.0260","2.7826","0.0251"
"","293.1260","2.7727","0.0246"
"","293.2260","2.7626","0.0241"
"","293.3260","2.7525","0.0237"
"","293.4260","2.7427","0.0232"
"","293.5260","2.7325","0.0228"
"","293.6260","2.7225","0.0224"
"","293.7260","2.7127","0.0219"
"","293.8260","2.7028","0.0215"
"","293.9260","2.6925","0.0211"
"","294.0260","2.6825","0.0207"
"","294.1260","2.6728","0.0203"
"","294.2260","2.6626","0.0199"
"","294.3260","2.6526","0.0196"
"","294.4260","2.6425","0.0192"
"","294.5260","2.6328","0.0188"
"","294.6260","2.6225","0.0184"
"","294.7260","2.6125","0.0181"
"","294.8260","2.6025","0.0177"
"","294.9260","2.5927","0.0174"
"","295.0260","2.5826","0.0170"
"","295.1260","2.5725","0.0167"
"","295.2260","2.5627","0.0164"
"","295.3260","2.5525","0.0161"
"","295.4260","2.5425","0.0157"
"","295.5260","2.5326","0.0154"
"","295.6260","2.5227","0.0151"
"","295.7260","2.5126","0.0149"
"","295.8260","2.5025","0.0146"
"","295.9260","2.4927","0.0143"
"","296.0260","2.4824","0.0140"
"","296.1260","2.4726","0.0137"
"","296.2260","2.4626","0.0135"
"","296.3260","2.4527","0.0132"
"","296.4260","2.4425","0.0129"
"","296.5260","2.4325","0.0127"
"","296.6260","2.4227","0.0125"
"","296.7260","2.4125","0.0122"
"","296.8260","2.4025","0.0120"
"","296.9260","2.3926","0.0118"
"","297.0260","2.3828","0.0115"
"","297.1260","2.3725","0.0113"
"","297.2260","2.3624","0.0111"
"","297.3260","2.3527","0.0109"
"","297.4260","2.3427","0.0107"
"","297.5260","2.3325","0.0105"
"","297.6260","2.3225","0.0103"
"","297.7260","2.3129","0.0101"
"","297.8260","2.3026","0.0099"
"","297.9260","2.2925","0.0097"
"","298.0260","2.2826","0.0095"
"","298.1260","2.2727","0.0093"
"","298.2260","2.2626","0.0091"
"","298.3260","2.2525","0.0089"
"","298.4260","2.2428","0.0087"
"","298.5260","2.2324","0.0085"
"","298.6260","2.2225","0.0083"
"","298.7260","2.2126","0.0082"
"","298.8260","2.2028","0.0080"
"","298.9260","2.1925","0.0078"
"","299.0260","2.1825","0.0077"
"","299.1260","2.1727","0.0075"
"","299.2260","2.1626","0.0073"
"","299.3260","2.1525","0.0072"
"","299.4260","2.1424","0.0070"
"","299.5260","2.1329","0.0069"
"","299.6260","2.1226","0.0068"
"","299.7260","2.1125","0.0066"
"","299.8260","2.1026","0.0065"
"","299.9260","2.0927","0.0064"
"","300.0260","2.0826","0.0062"
"","300.1260","2.0725","0.0061"
"","300.2260","2.0627","0.0060"
"","300.3260","2.0526","0.0059"
"","300.4260","2.0425","0.0058"
"","300.5260","2.0326","0.0057"
"","300.6260","2.0227","0.0055"
"","300.7260","2.0126","0.0054"
"","300.8260","2.0025","0.0053"
"","300.9260","1.9927","0.0052"
"","301.0260","1.9825","0.0051"
"","301.1260","1.9725","0.0050"
"","301.2260","1.9626","0.0050"
"","301.3260","1.9528","0.0049"
"","301.4260","1.9426","0.0048"
"","301.5260","1.9324","0.0047"
"","301.6260","1.9228","0.0046"
"","301.7260","1.9126","0.0045"
"","301.8260","1.9026","0.0044"
"","301.9260","1.8924","0.0044"
"","302.0260","1.8828","0.0043"
"","302.1260","1.8725","0.0042"
"","302.2260","1.8625","0.0041"
"","302.3260","1.8525","0.0041"
"","302.4260","1.8427","0.0040"
"","302.5260","1.8327","0.0039"
"","302.6260","1.8226","0.0039"
"","302.7260","1.8127","0.0038"
"","302.8260","1.8025","0.0037"
"","302.9260","1.7925","0.0037"
"","303.0260","1.7826","0.0036"
"","303.1260","1.7727","0.0035"
"","303.2260","1.7626","0.0035"
"","303.3260","1.7526","0.0034"
"","303.4260","1.7428","0.0034"
"","303.5260","1.7325","0.0033"
"","303.6260","1.7225","0.0033"
"","303.7260","1.7127","0.0032"
"","303.8260","1.7027","0.0031"
"","303.9260","1.6925","0.0031"
"","304.0260","1.6825","0.0030"
"","304.1260","1.6728","0.0030"
"","304.2260","1.6626","0.0029"
"","304.3260","1.6525","0.0029"
"","304.4260","1.6424","0.0028"
"","304.5260","1.6328","0.0028"
"","304.6260","1.6226","0.0027"
"","304.7260","1.6125","0.0027"
"","304.8260","1.6026","0.0027"
"","304.9260","1.5927","0.0026"
"","305.0260","1.5827","0.0026"
"","305.1260","1.5726","0.0026"
"","305.2260","1.5627","0.0025"
"","305.3260","1.5525","0.0025"
"","305.4260","1.5425","0.0024"
"","305.5260","1.5327","0.0024"
"","305.6260","1.5226","0.0023"
"","305.7260","1.5125","0.0023"
"","305.8260","1.5025","0.0023"
"","305.9260","1.4928","0.0022"
"","306.0260","1.4824","0.0022"
"","306.1260","1.4725","0.0022"
"","306.2260","1.4627","0.0021"
"","306.3260","1.4529","0.0021"
"","306.4260","1.4425","0.0021"
"","306.5260","1.4324","0.0020"
"","306.6260","1.4228","0.0020"
"","306.7260","1.4126","0.0020"
"","306.8260","1.4025","0.0020"
"","306.9260","1.3924","0.0019"
"","307.0260","1.3829","0.0019"
"","307.1260","1.3726","0.0019"
"","307.2260","1.3625","0.0018"
"","307.3260","1.3526","0.0018"
"","307.4260","1.3428","0.0018"
"","307.5260","1.3326","0.0018"
"","307.6260","1.3225","0.0018"
"","307.7260","1.3126","0.0017"
"","307.8260","1.3026","0.0017"
"","307.9260","1.2925","0.0017"
"","308.0260","1.2826","0.0017"
"","308.1260","1.2727","0.0016"
"","308.2260","1.2626","0.0016"
"","308.3260","1.2525","0.0016"
"","308.4260","1.2427","0.0016"
"","308.5260","1.2325","0.0015"
"","308.6260","1.2224","0.0015"
"","308.7260","1.2126","0.0015"
"","308.8260","1.2028","0.0015"
"","308.9260","1.1926","0.0015"
"","309.0260","1.1824","0.0014"
"","309.1260","1.1728","0.0014"
"","309.2260","1.1626","0.0014"
"","309.3260","1.1525","0.0014"
"","309.4260","1.1424","0.0013"
"","309.5260","1.1329","0.0013"
"","309.6260","1.1226","0.0013"
"","309.7260","1.1125","0.0013"
"","309.8260","1.1025","0.0013"
"","309.9260","1.0927","0.0012"
"","310.0260","1.0827","0.0012"
"","310.1260","1.0725","0.0012"
"","310.2260","1.0626","0.0012"
"","310.3260","1.0525","0.0012"
"","310.4260","1.0426","0.0011"
"","310.5260","1.0326","0.0011"
"","310.6260","1.0226","0.0011"
"","310.7260","1.0126","0.0011"
"","310.8260","1.0026","0.0011"
"","310.9260","0.9928","0.0010"
"","311.0260","0.9825","0.0010"
"","311.1260","0.9725","0.0010"
"","311.2260","0.9627","0.0010"
"","311.3260","0.9527","0.0010"
"","311.4260","0.9425","0.0010"
"","311.5260","0.9324","0.0009"
"","311.6260","0.9228","0.0009"
"","311.7260","0.9126","0.0009"
"","311.8260","0.9025","0.0009"
"","311.9260","0.8924","0.0009"
"","312.0260","0.8829","0.0009"
"","312.1260","0.8726","0.0009"
"","312.2260","0.8625","0.0008"
"","312.3260","0.8526","0.0008"
"","312.4260","0.8427","0.0008"
"","312.5260","0.8327","0.0008"
"","312.6260","0.8226","0.0008"
"","312.7260","0.8128","0.0008"
"","312.8260","0.8025","0.0008"
"","312.9260","0.7926","0.0008"
"","313.0260","0.7827","0.0007"
"","313.1260","0.7726","0.0007"
"","313.2260","0.7625","0.0007"
"","313.3260","0.7526","0.0007"
"","313.4260","0.7429","0.0007"
"","313.5260","0.7324","0.0007"
"","313.6260","0.7224","0.0007"
"","313.7260","0.7126","0.0007"
"","313.8260","0.7029","0.0006"
"","313.9260","0.6925","0.0006"
"","314.0260","0.6824","0.0006"
"","314.1260","0.6728","0.0006"
"","314.2260","0.6626","0.0006"
"","314.3260","0.6525","0.0006"
"","314.4260","0.6425","0.0006"
"","314.5260","0.6328","0.0006"
"","314.6260","0.6226","0.0006"
"","314.7260","0.6125","0.0006"
"","314.8260","0.6026","0.0005"
"","314.9260","0.5927","0.0005"
"","315.0260","0.5826","0.0005"
"","315.1260","0.5725","0.0005"
"","315.2260","0.5628","0.0005"
"","315.3260","0.5525","0.0005"
"","315.4260","0.5425","0.0005"
"","315.5260","0.5326","0.0005"
"","315.6260","0.5228","0.0004"
"","315.7260","0.5126","0.0004"
"","315.8260","0.5025","0.0004"
"","315.9260","0.4927","0.0004"
"","316.0260","0.4825","0.0004"
"","316.1260","0.4725","0.0004"
"","316.2260","0.4626","0.0004"
"","316.3260","0.4528","0.0004"
"","316.4260","0.4426","0.0004"
"","316.5260","0.4325","0.0004"
"","316.6260","0.4228","0.0003"
"","316.7260","0.4126","0.0003"
"","316.8260","0.4026","0.0003"
"","316.9260","0.3924","0.0003"
"","317.0260","0.3828","0.0003"
"","317.1260","0.3726","0.0003"
"","317.2260","0.3625","0.0003"
"","317.3260","0.3526","0.0003"
"","317.4260","0.3427","0.0003"
"","317.5260","0.3327","0.0003"
"","317.6260","0.3225","0.0003"
"","317.7260","0.3127","0.0003"
"","317.8260","0.3025","0.0002"
"","317.9260","0.2926","0.0002"
"","318.0260","0.2826","0.0002"
"","318.1260","0.2727","0.0002"
"","318.2260","0.2625","0.0002"
"","318.3260","0.2526","0.0002"
"","318.4260","0.2428","0.0002"
"","318.5260","0.2325","0.0002"
"","318.6260","0.2225","0.0002"
"","318.7260","0.2127","0.0002"
"","318.8260","0.2027","0.0002"
"","318.9260","0.1925","0.0001"
"","319.0260","0.1825","0.0001"
"","319.1260","0.1728","0.0001"
"","319.2260","0.1626","0.0001"
"","319.3260","0.1525","0.0001"
"","319.4260","0.1425","0.0001"
"","319.5260","0.1328","0.0001"
"","319.6260","0.1225","0.0001"
"","319.7260","0.1124","0.0001"
"","319.8260","0.1026","0.0001"
"","319.9260","0.0927","0.0001"
"","320.0260","0.0827","0.0001"
"","320.1260","0.0725","0.0001"
"","320.2260","0.0628","0.0001"
"","320.3260","0.0525","0.0000"
"","320.4260","0.0426","0.0000"
"","320.5260","0.0326","0.0000"
"","320.6260","0.0226","0.0000"
"","320.7260","0.0126","0.0000"
"","320.8260","0.0026","0.0000"
"","320.8520","0.0000","0.0000"
"","320.8530","-0.0001","0.0000"
"","320.8540","-0.0002","0.0000"
"","320.9540","-0.0008","0.0000"
"","321.0540","0.0065","0.0000"
"","321.1540","0.0187","0.0001"
"","321.2540","0.0292","0.0001"
"","321.3540","0.0388","0.0001"
"","321.4540","0.0492","0.0001"
"","321.5540","0.0592","0.0001"
"","321.6540","0.0691","0.0001"
"","321.7540","0.0792","0.0001"
"","321.8540","0.0892","0.0002"
"","321.9540","0.0992","0.0002"
"","322.0540","0.1089","0.0002"
"","322.1540","0.1192","0.0002"
"","322.2540","0.1292","0.0002"
"","322.3540","0.1391","0.0002"
"","322.4540","0.1491","0.0003"
"","322.5540","0.1593","0.0003"
"","322.6540","0.1691","0.0003"
"","322.7540","0.1789","0.0003"
"","322.8540","0.1892","0.0003"
"","322.9540","0.1993","0.0003"
"","323.0540","0.2090","0.0003"
"","323.1540","0.2189","0.0004"
"","323.2540","0.2292","0.0004"
"","323.3540","0.2393","0.0004"
"","323.4540","0.2489","0.0004"
"","323.5540","0.2591","0.0004"
"","323.6540","0.2692","0.0004"
"","323.7540","0.2792","0.0004"
"","323.8540","0.2889","0.0004"
"","323.9540","0.2991","0.0005"
"","324.0540","0.3093","0.0005"
"","324.1540","0.3191","0.0005"
"","324.2540","0.3291","0.0005"
"","324.3540","0.3392","0.0005"
"","324.4540","0.3492","0.0005"
"","324.5540","0.3589","0.0005"
"","324.6540","0.3692","0.0006"
"","324.7540","0.3792","0.0006"
"","324.8540","0.3891","0.0006"
"","324.9540","0.3991","0.0006"
"","325.0540","0.4092","0.0006"
"","325.1540","0.4192","0.0006"
"","325.2540","0.4289","0.0007"
"","325.3540","0.4392","0.0007"
"","325.4540","0.4491","0.0007"
"","325.5540","0.4591","0.0007"
"","325.6540","0.4690","0.0007"
"","325.7540","0.4793","0.0007"
"","325.8540","0.4893","0.0008"
"","325.9540","0.4990","0.0008"
"","326.0540","0.5092","0.0008"
"","326.1540","0.5192","0.0008"
"","326.2540","0.5292","0.0008"
"","326.3540","0.5388","0.0008"
"","326.4540","0.5491","0.0009"
"","326.5540","0.5592","0.0009"
"","326.6540","0.5692","0.0009"
"","326.7540","0.5791","0.0009"
"","326.8540","0.5892","0.0009"
"","326.9540","0.5992","0.0009"
"","327.0540","0.6090","0.0010"
"","327.1540","0.6191","0.0010"
"","327.2540","0.6291","0.0010"
"","327.3540","0.6391","0.0010"
"","327.4540","0.6492","0.0010"
"","327.5540","0.6592","0.0010"
"","327.6540","0.6691","0.0010"
"","327.7540","0.6789","0.0011"
"","327.8540","0.6893","0.0011"
"","327.9540","0.6991","0.0011"
"","328.0540","0.7090","0.0011"
"","328.1540","0.7189","0.0012"
"","328.2540","0.7293","0.0012"
"","328.3540","0.7393","0.0012"
"","328.4540","0.7490","0.0013"
"","328.5540","0.7592","0.0012"
"","328.6540","0.7692","0.0013"
"","328.7540","0.7793","0.0013"
"","328.8540","0.7888","0.0013"
"","328.9540","0.7992","0.0013"
"","329.0540","0.8092","0.0014"
"","329.1540","0.8192","0.0014"
"","329.2540","0.8291","0.0014"
"","329.3540","0.8392","0.0015"
"","329.4540","0.8492","0.0015"
"","329.5540","0.8591","0.0015"
"","329.6540","0.8692","0.0015"
"","329.7540","0.8791","0.0016"
"","329.8540","0.8891","0.0016"
"","329.9540","0.8992","0.0016"
"","330.0540","0.9092","0.0017"
"","330.1540","0.9192","0.0017"
"","330.2540","0.9289","0.0017"
"","330.3540","0.9393","0.0017"
"","330.4540","0.9492","0.0018"
"","330.5540","0.9591","0.0018"
"","330.6540","0.9690","0.0018"
"","330.7540","0.9792","0.0019"
"","330.8540","0.9892","0.0019"
"","330.9540","0.9989","0.0019"
"","331.0540","1.0091","0.0020"
"","331.1540","1.0192","0.0020"
"","331.2540","1.0292","0.0020"
"","331.3540","1.0388","0.0021"
"","331.4540","1.0491","0.0021"
"","331.5540","1.0593","0.0021"
"","331.6540","1.0692","0.0022"
"","331.7540","1.0791","0.0022"
"","331.8540","1.0891","0.0022"
"","331.9540","1.0992","0.0023"
"","332.0540","1.1090","0.0023"
"","332.1540","1.1191","0.0024"
"","332.2540","1.1292","0.0024"
"","332.3540","1.1391","0.0024"
"","332.4540","1.1492","0.0025"
"","332.5540","1.1592","0.0025"
"","332.6540","1.1692","0.0026"
"","332.7540","1.1789","0.0026"
"","332.8540","1.1893","0.0027"
"","332.9540","1.1992","0.0027"
"","333.0540","1.2091","0.0028"
"","333.1540","1.2189","0.0028"
"","333.2540","1.2292","0.0029"
"","333.3540","1.2393","0.0030"
"","333.4540","1.2490","0.0030"
"","333.5540","1.2592","0.0031"
"","333.6540","1.2691","0.0031"
"","333.7540","1.2793","0.0032"
"","333.8540","1.2888","0.0033"
"","333.9540","1.2991","0.0033"
"","334.0540","1.3092","0.0034"
"","334.1540","1.3192","0.0035"
"","334.2540","1.3291","0.0035"
"","334.3540","1.3392","0.0036"
"","334.4540","1.3492","0.0037"
"","334.5540","1.3590","0.0038"
"","334.6540","1.3691","0.0038"
"","334.7540","1.3791","0.0039"
"","334.8540","1.3890","0.0040"
"","334.9540","1.3992","0.0040"
"","335.0540","1.4092","0.0041"
"","335.1540","1.4192","0.0042"
"","335.2540","1.4289","0.0043"
"","335.3540","1.4393","0.0043"
"","335.4540","1.4492","0.0044"
"","335.5540","1.4591","0.0045"
"","335.6540","1.4689","0.0046"
"","335.7540","1.4792","0.0046"
"","335.8540","1.4892","0.0047"
"","335.9540","1.4989","0.0048"
"","336.0540","1.5092","0.0049"
"","336.1540","1.5192","0.0049"
"","336.2540","1.5293","0.0050"
"","336.3540","1.5388","0.0051"
"","336.4540","1.5492","0.0052"
"","336.5540","1.5592","0.0053"
"","336.6540","1.5692","0.0054"
"","336.7540","1.5791","0.0055"
"","336.8540","1.5892","0.0056"
"","336.9540","1.5992","0.0056"
"","337.0540","1.6090","0.0057"
"","337.1540","1.6192","0.0058"
"","337.2540","1.6292","0.0060"
"","337.3540","1.6391","0.0061"
"","337.4540","1.6492","0.0062"
"","337.5540","1.6592","0.0062"
"","337.6540","1.6692","0.0063"
"","337.7540","1.6789","0.0065"
"","337.8540","1.6892","0.0066"
"","337.9540","1.6992","0.0067"
"","338.0540","1.7091","0.0068"
"","338.1540","1.7190","0.0069"
"","338.2540","1.7292","0.0070"
"","338.3540","1.7392","0.0072"
"","338.4540","1.7489","0.0073"
"","338.5540","1.7591","0.0074"
"","338.6540","1.7692","0.0076"
"","338.7540","1.7792","0.0077"
"","338.8540","1.7888","0.0078"
"","338.9540","1.7991","0.0080"
"","339.0540","1.8093","0.0081"
"","339.1540","1.8192","0.0083"
"","339.2540","1.8291","0.0084"
"","339.3540","1.8391","0.0086"
"","339.4540","1.8492","0.0088"
"","339.5540","1.8590","0.0090"
"","339.6540","1.8691","0.0092"
"","339.7540","1.8791","0.0093"
"","339.8540","1.8891","0.0095"
"","339.9540","1.8992","0.0097"
"","340.0540","1.9092","0.0099"
"","340.1540","1.9192","0.0101"
"","340.2540","1.9289","0.0103"
"","340.3540","1.9392","0.0105"
"","340.4540","1.9491","0.0108"
"","340.5540","1.9591","0.0110"
"","340.6540","1.9689","0.0112"
"","340.7540","1.9793","0.0114"
"","340.8540","1.9892","0.0117"
"","340.9540","1.9990","0.0119"
"","341.0540","2.0092","0.0122"
"","341.1540","2.0192","0.0124"
"","341.2540","2.0292","0.0126"
"","341.3540","2.0388","0.0129"
"","341.4540","2.0491","0.0131"
"","341.5540","2.0592","0.0134"
"","341.6540","2.0692","0.0136"
"","341.7540","2.0791","0.0139"
"","341.8540","2.0892","0.0141"
"","341.9540","2.0992","0.0144"
"","342.0540","2.1090","0.0146"
"","342.1540","2.1191","0.0149"
"","342.2540","2.1292","0.0152"
"","342.3540","2.1391","0.0155"
"","342.4540","2.1492","0.0158"
"","342.5540","2.1592","0.0161"
"","342.6540","2.1692","0.0164"
"","342.7540","2.1789","0.0167"
"","342.8540","2.1893","0.0170"
"","342.9540","2.1991","0.0173"
"","343.0540","2.2091","0.0176"
"","343.1540","2.2190","0.0179"
"","343.2540","2.2293","0.0182"
"","343.3540","2.2391","0.0186"
"","343.4540","2.2490","0.0189"
"","343.5540","2.2593","0.0193"
"","343.6540","2.2692","0.0196"
"","343.7540","2.2792","0.0200"
"","343.8540","2.2888","0.0204"
"","343.9540","2.2993","0.0207"
"","344.0540","2.3092","0.0211"
"","344.1540","2.3190","0.0215"
"","344.2540","2.3291","0.0219"
"","344.3540","2.3392","0.0223"
"","344.4540","2.3493","0.0227"
"","344.5540","2.3589","0.0231"
"","344.6540","2.3691","0.0236"
"","344.7540","2.3792","0.0240"
"","344.8540","2.3892","0.0244"
"","344.9540","2.3991","0.0249"
"","345.0540","2.4092","0.0253"
"","345.1540","2.4192","0.0258"
"","345.2540","2.4290","0.0262"
"","345.3540","2.4392","0.0268"
"","345.4540","2.4491","0.0272"
"","345.5540","2.4591","0.0277"
"","345.6540","2.4690","0.0282"
"","345.7540","2.4793","0.0288"
"","345.8540","2.4892","0.0293"
"","345.9540","2.4990","0.0299"
"","346.0540","2.5092","0.0305"
"","346.1540","2.5192","0.0311"
"","346.2540","2.5292","0.0317"
"","346.3540","2.5389","0.0322"
"","346.4540","2.5492","0.0328"
"","346.5540","2.5593","0.0335"
"","346.6540","2.5691","0.0340"
"","346.7540","2.5791","0.0341"
"","346.8540","2.5892","0.0342"
"","346.9540","2.5993","0.0341"
"","347.0540","2.6089","0.0340"
"","347.1540","2.6191","0.0340"
"","347.2540","2.6292","0.0340"
"","347.3540","2.6391","0.0340"
"","347.4540","2.6491","0.0341"
"","347.5540","2.6592","0.0341"
"","347.6540","2.6692","0.0341"
"","347.7540","2.6789","0.0341"
"","347.8540","2.6892","0.0341"
"","347.9540","2.6992","0.0341"
"","348.0540","2.7091","0.0341"
"","348.1540","2.7189","0.0340"
"","348.2540","2.7292","0.0341"
"","348.3540","2.7393","0.0342"
"","348.4540","2.7490","0.0344"
"","348.5540","2.7592","0.0350"
"","348.6540","2.7692","0.0358"
"","348.7540","2.7793","0.0366"
"","348.8540","2.7888","0.0373"
"","348.9540","2.7991","0.0381"
"","349.0540","2.8092","0.0389"
"","349.1540","2.8192","0.0397"
"","349.2540","2.8291","0.0405"
"","349.3540","2.8392","0.0414"
"","349.4540","2.8492","0.0423"
"","349.5540","2.8590","0.0431"
"","349.6540","2.8691","0.0441"
"","349.7540","2.8791","0.0450"
"","349.8540","2.8890","0.0460"
"","349.9540","2.8992","0.0471"
"","350.0540","2.9091","0.0480"
"","350.1540","2.9191","0.0490"
"","350.2540","2.9289","0.0501"
"","350.3540","2.9393","0.0512"
"","350.4540","2.9492","0.0523"
"","350.5540","2.9591","0.0535"
"","350.6540","2.9689","0.0547"
"","350.7540","2.9793","0.0559"
"","350.8540","2.9892","0.0571"
"","350.9540","2.9990","0.0584"
"","351.0540","3.0092","0.0597"
"","351.1540","3.0192","0.0610"
"","351.2540","3.0293","0.0624"
"","351.3540","3.0388","0.0637"
"","351.4540","3.0492","0.0652"
"","351.5540","3.0592","0.0667"
"","351.6540","3.0691","0.0682"
"","351.7540","3.0791","0.0698"
"","351.8540","3.0892","0.0714"
"","351.9540","3.0992","0.0730"
"","352.0540","3.1089","0.0746"
"","352.1540","3.1192","0.0764"
"","352.2540","3.1292","0.0781"
"","352.3540","3.1392","0.0799"
"","352.4540","3.1492","0.0817"
"","352.5540","3.1592","0.0835"
"","352.6540","3.1692","0.0854"
"","352.7540","3.1789","0.0873"
"","352.8540","3.1893","0.0893"
"","352.9540","3.1992","0.0913"
"","353.0540","3.2091","0.0933"
"","353.1540","3.2190","0.0953"
"","353.2540","3.2292","0.0975"
"","353.3540","3.2392","0.0995"
"","353.4540","3.2489","0.1016"
"","353.5540","3.2591","0.1039"
"","353.6540","3.2692","0.1061"
"","353.7540","3.2792","0.1083"
"","353.8540","3.2889","0.1105"
"","353.9540","3.2991","0.1129"
"","354.0540","3.3093","0.1152"
"","354.1540","3.3191","0.1174"
"","354.2540","3.3291","0.1198"
"","354.3540","3.3392","0.1222"
"","354.4540","3.3492","0.1246"
"","354.5540","3.3589","0.1269"
"","354.6540","3.3691","0.1294"
"","354.7540","3.3791","0.1320"
"","354.8540","3.3891","0.1345"
"","354.9540","3.3991","0.1370"
"","355.0540","3.4092","0.1395"
"","355.1540","3.4192","0.1421"
"","355.2540","3.4289","0.1446"
"","355.3540","3.4393","0.1474"
"","355.4540","3.4491","0.1499"
"","355.5540","3.4591","0.1526"
"","355.6540","3.4689","0.1553"
"","355.7540","3.4793","0.1581"
"","355.8540","3.4892","0.1607"
"","355.9540","3.4989","0.1634"
"","356.0540","3.5092","0.1664"
"","356.1540","3.5192","0.1691"
"","356.2540","3.5293","0.1719"
"","356.3540","3.5388","0.1746"
"","356.4540","3.5491","0.1776"
"","356.5540","3.5592","0.1805"
"","356.6540","3.5692","0.1833"
"","356.7540","3.5791","0.1863"
"","356.8540","3.5892","0.1892"
"","356.9540","3.5992","0.1922"
"","357.0540","3.6090","0.1950"
"","357.1540","3.6191","0.1981"
"","357.2540","3.6291","0.2011"
"","357.3540","3.6390","0.2041"
"","357.4540","3.6492","0.2072"
"","357.5540","3.6592","0.2103"
"","357.6540","3.6692","0.2134"
"","357.7540","3.6790","0.2164"
"","357.8540","3.6893","0.2196"
"","357.9540","3.6991","0.2227"
"","358.0540","3.7091","0.2258"
"","358.1540","3.7190","0.2290"
"","358.2540","3.7292","0.2323"
"","358.3540","3.7392","0.2355"
"","358.4540","3.7489","0.2386"
"","358.5540","3.7592","0.2420"
"","358.6540","3.7691","0.2452"
"","358.7540","3.7793","0.2485"
"","358.8540","3.7888","0.2516"
"","358.9540","3.7992","0.2552"
"","359.0540","3.8092","0.2585"
"","359.1540","3.8191","0.2617"
"","359.2540","3.8291","0.2651"
"","359.3540","3.8392","0.2685"
"","359.4540","3.8492","0.2720"
"","359.5540","3.8590","0.2752"
"","359.6540","3.8692","0.2787"
"","359.7540","3.8791","0.2821"
"","359.8540","3.8891","0.2855"
"","359.9540","3.8992","0.2889"
"","360.0540","3.9092","0.2923"
"","360.1540","3.9191","0.2957"
"","360.2540","3.9288","0.2990"
"","360.3540","3.9393","0.3026"
"","360.4540","3.9492","0.3059"
"","360.5540","3.9591","0.3092"
"","360.6540","3.9689","0.3125"
"","360.7540","3.9792","0.3159"
"","360.8540","3.9892","0.3192"
"","360.9540","3.9989","0.3223"
"","360.9670","4.0001","0.3226"
"","360.9680","4.0002","0.3227"
"","360.9690","4.0003","0.3227"
"","361.0690","4.0009","0.3212"
"","361.1620","3.9939","0.3161"
"","361.2270","3.9861","0.3110"
"","361.2990","3.9781","0.3060"
"","361.3790","3.9701","0.3010"
"","361.4610","3.9619","0.2960"
"","361.5460","3.9534","0.2910"
"","361.6300","3.9448","0.2859"
"","361.7180","3.9359","0.2809"
"","361.8080","3.9271","0.2758"
"","361.9000","3.9181","0.2708"
"","361.9880","3.9090","0.2658"
"","362.0800","3.8997","0.2607"
"","362.1750","3.8904","0.2557"
"","362.2710","3.8810","0.2507"
"","362.3640","3.8715","0.2457"
"","362.4600","3.8617","0.2407"
"","362.5600","3.8520","0.2357"
"","362.6580","3.8421","0.2307"
"","362.7580","3.8321","0.2257"
"","362.8580","3.8220","0.2207"
"","362.9580","3.8122","0.2160"
"","363.0580","3.8021","0.2111"
"","363.1580","3.7920","0.2064"
"","363.2580","3.7822","0.2018"
"","363.3580","3.7720","0.1972"
"","363.4580","3.7621","0.1927"
"","363.5580","3.7520","0.1882"
"","363.6580","3.7423","0.1839"
"","363.7580","3.7319","0.1794"
"","363.8580","3.7220","0.1753"
"","363.9580","3.7122","0.1712"
"","364.0580","3.7022","0.1671"
"","364.1580","3.6920","0.1629"
"","364.2580","3.6820","0.1590"
"","364.3580","3.6722","0.1552"
"","364.4580","3.6620","0.1512"
"","364.5580","3.6519","0.1473"
"","364.6580","3.6420","0.1437"
"","364.7580","3.6323","0.1401"
"","364.8580","3.6221","0.1364"
"","364.9580","3.6120","0.1329"
"","365.0580","3.6021","0.1295"
"","365.1580","3.5922","0.1261"
"","365.2580","3.5821","0.1227"
"","365.3580","3.5720","0.1194"
"","365.4580","3.5621","0.1163"
"","365.5580","3.5521","0.1131"
"","365.6580","3.5420","0.1100"
"","365.7580","3.5321","0.1070"
"","365.8580","3.5221","0.1041"
"","365.9580","3.5121","0.1012"
"","366.0580","3.5020","0.0983"
"","366.1580","3.4922","0.0956"
"","366.2580","3.4819","0.0928"
"","366.3580","3.4720","0.0902"
"","366.4580","3.4620","0.0876"
"","366.5580","3.4522","0.0852"
"","366.6580","3.4420","0.0827"
"","366.7580","3.4320","0.0803"
"","366.8580","3.4222","0.0781"
"","366.9580","3.4120","0.0757"
"","367.0580","3.4020","0.0735"
"","367.1580","3.3920","0.0714"
"","367.2580","3.3823","0.0694"
"","367.3580","3.3720","0.0673"
"","367.4580","3.3620","0.0654"
"","367.5580","3.3521","0.0636"
"","367.6580","3.3421","0.0617"
"","367.7580","3.3321","0.0600"
"","367.8580","3.3220","0.0582"
"","367.9580","3.3122","0.0566"
"","368.0580","3.3019","0.0549"
"","368.1580","3.2920","0.0533"
"","368.2580","3.2820","0.0519"
"","368.3580","3.2720","0.0504"
"","368.4580","3.2621","0.0490"
"","368.5580","3.2521","0.0476"
"","368.6580","3.2423","0.0463"
"","368.7580","3.2319","0.0450"
"","368.8580","3.2220","0.0438"
"","368.9580","3.2121","0.0427"
"","369.0580","3.2022","0.0416"
"","369.1580","3.1919","0.0406"
"","369.2580","3.1820","0.0396"
"","369.3580","3.1722","0.0386"
"","369.4580","3.1620","0.0376"
"","369.5580","3.1519","0.0367"
"","369.6580","3.1420","0.0359"
"","369.7580","3.1323","0.0351"
"","369.8580","3.1220","0.0343"
"","369.9580","3.1119","0.0336"
"","370.0580","3.1021","0.0329"
"","370.1580","3.0921","0.0326"
"","370.2580","3.0820","0.0325"
"","370.3580","3.0719","0.0325"
"","370.4580","3.0622","0.0326"
"","370.5580","3.0520","0.0326"
"","370.6580","3.0420","0.0325"
"","370.7580","3.0321","0.0325"
"","370.8580","3.0220","0.0325"
"","370.9580","3.0120","0.0325"
"","371.0580","3.0020","0.0326"
"","371.1580","2.9923","0.0326"
"","371.2580","2.9818","0.0325"
"","371.3580","2.9719","0.0325"
"","371.4580","2.9621","0.0326"
"","371.5580","2.9523","0.0326"
"","371.6580","2.9419","0.0326"
"","371.7580","2.9319","0.0326"
"","371.8580","2.9222","0.0325"
"","371.9580","2.9121","0.0321"
"","372.0580","2.9020","0.0313"
"","372.1580","2.8919","0.0306"
"","372.2580","2.8823","0.0299"
"","372.3580","2.8721","0.0293"
"","372.4580","2.8620","0.0286"
"","372.5580","2.8521","0.0280"
"","372.6580","2.8422","0.0274"
"","372.7580","2.8321","0.0269"
"","372.8580","2.8219","0.0263"
"","372.9580","2.8121","0.0258"
"","373.0580","2.8020","0.0253"
"","373.1580","2.7920","0.0248"
"","373.2580","2.7820","0.0243"
"","373.3580","2.7721","0.0239"
"","373.4580","2.7621","0.0234"
"","373.5580","2.7520","0.0230"
"","373.6580","2.7422","0.0225"
"","373.7580","2.7319","0.0221"
"","373.8580","2.7219","0.0217"
"","373.9580","2.7121","0.0213"
"","374.0580","2.7022","0.0209"
"","374.1580","2.6920","0.0205"
"","374.2580","2.6819","0.0201"
"","374.3580","2.6723","0.0197"
"","374.4580","2.6621","0.0193"
"","374.5580","2.6520","0.0189"
"","374.6580","2.6419","0.0186"
"","374.7580","2.6323","0.0182"
"","374.8580","2.6220","0.0179"
"","374.9580","2.6119","0.0175"
"","375.0580","2.6020","0.0172"
"","375.1580","2.5921","0.0168"
"","375.2580","2.5821","0.0165"
"","375.3580","2.5719","0.0162"
"","375.4580","2.5622","0.0159"
"","375.5580","2.5519","0.0155"
"","375.6580","2.5420","0.0152"
"","375.7580","2.5320","0.0149"
"","375.8580","2.5221","0.0146"
"","375.9580","2.5121","0.0144"
"","376.0580","2.5020","0.0141"
"","376.1580","2.4922","0.0138"
"","376.2580","2.4819","0.0135"
"","376.3580","2.4720","0.0133"
"","376.4580","2.4621","0.0130"
"","376.5580","2.4521","0.0128"
"","376.6580","2.4419","0.0125"
"","376.7580","2.4320","0.0123"
"","376.8580","2.4222","0.0121"
"","376.9580","2.4120","0.0118"
"","377.0580","2.4019","0.0116"
"","377.1580","2.3920","0.0114"
"","377.2580","2.3822","0.0112"
"","377.3580","2.3720","0.0110"
"","377.4580","2.3619","0.0108"
"","377.5580","2.3522","0.0106"
"","377.6580","2.3421","0.0104"
"","377.7580","2.3319","0.0101"
"","377.8580","2.3220","0.0099"
"","377.9580","2.3123","0.0097"
"","378.0580","2.3020","0.0095"
"","378.1580","2.2920","0.0093"
"","378.2580","2.2821","0.0091"
"","378.3580","2.2720","0.0089"
"","378.4580","2.2620","0.0087"
"","378.5580","2.2520","0.0085"
"","378.6580","2.2422","0.0084"
"","378.7580","2.2319","0.0082"
"","378.8580","2.2219","0.0080"
"","378.9580","2.2121","0.0078"
"","379.0580","2.2023","0.0077"
"","379.1580","2.1919","0.0075"
"","379.2580","2.1819","0.0074"
"","379.3580","2.1722","0.0072"
"","379.4580","2.1620","0.0071"
"","379.5580","2.1519","0.0069"
"","379.6580","2.1419","0.0068"
"","379.7580","2.1323","0.0067"
"","379.8580","2.1221","0.0065"
"","379.9580","2.1120","0.0064"
"","380.0580","2.1020","0.0062"
"","380.1580","2.0922","0.0061"
"","380.2580","2.0820","0.0060"
"","380.3580","2.0720","0.0059"
"","380.4580","2.0622","0.0058"
"","380.5580","2.0520","0.0057"
"","380.6580","2.0420","0.0056"
"","380.7580","2.0321","0.0054"
"","380.8580","2.0221","0.0053"
"","380.9580","2.0121","0.0053"
"","381.0580","2.0020","0.0052"
"","381.1580","1.9922","0.0051"
"","381.2580","1.9819","0.0050"
"","381.3580","1.9719","0.0049"
"","381.4580","1.9621","0.0048"
"","381.5580","1.9523","0.0047"
"","381.6580","1.9420","0.0046"
"","381.7580","1.9319","0.0046"
"","381.8580","1.9223","0.0045"
"","381.9580","1.9120","0.0044"
"","382.0580","1.9020","0.0043"
"","382.1580","1.8918","0.0042"
"","382.2580","1.8823","0.0042"
"","382.3580","1.8720","0.0041"
"","382.4580","1.8620","0.0040"
"","382.5580","1.8520","0.0040"
"","382.6580","1.8421","0.0039"
"","382.7580","1.8321","0.0038"
"","382.8580","1.8220","0.0037"
"","382.9580","1.8121","0.0037"
"","383.0580","1.8019","0.0036"
"","383.1580","1.7920","0.0036"
"","383.2580","1.7820","0.0035"
"","383.3580","1.7720","0.0035"
"","383.4580","1.7621","0.0034"
"","383.5580","1.7521","0.0033"
"","383.6580","1.7423","0.0033"
"","383.7580","1.7319","0.0032"
"","383.8580","1.7219","0.0032"
"","383.9580","1.7121","0.0031"
"","384.0580","1.7022","0.0031"
"","384.1580","1.6920","0.0030"
"","384.2580","1.6819","0.0030"
"","384.3580","1.6722","0.0029"
"","384.4580","1.6620","0.0029"
"","384.5580","1.6519","0.0028"
"","384.6580","1.6419","0.0028"
"","384.7580","1.6323","0.0027"
"","384.8580","1.6220","0.0027"
"","384.9580","1.6119","0.0027"
"","385.0580","1.6021","0.0026"
"","385.1580","1.5921","0.0026"
"","385.2580","1.5821","0.0025"
"","385.3580","1.5720","0.0025"
"","385.4580","1.5622","0.0025"
"","385.5580","1.5520","0.0024"
"","385.6580","1.5420","0.0024"
"","385.7580","1.5321","0.0023"
"","385.8580","1.5220","0.0023"
"","385.9580","1.5120","0.0022"
"","386.0580","1.5020","0.0022"
"","386.1580","1.4923","0.0022"
"","386.2580","1.4819","0.0021"
"","386.3580","1.4719","0.0021"
"","386.4580","1.4622","0.0021"
"","386.5580","1.4523","0.0021"
"","386.6580","1.4419","0.0020"
"","386.7580","1.4319","0.0020"
"","386.8580","1.4223","0.0020"
"","386.9580","1.4121","0.0019"
"","387.0580","1.4019","0.0019"
"","387.1580","1.3919","0.0019"
"","387.2580","1.3823","0.0018"
"","387.3580","1.3721","0.0018"
"","387.4580","1.3620","0.0018"
"","387.5580","1.3520","0.0018"
"","387.6580","1.3422","0.0017"
"","387.7580","1.3321","0.0017"
"","387.8580","1.3219","0.0017"
"","387.9580","1.3121","0.0017"
"","388.0580","1.3020","0.0017"
"","388.1580","1.2920","0.0016"
"","388.2580","1.2821","0.0016"
"","388.3580","1.2721","0.0016"
"","388.4580","1.2621","0.0015"
"","388.5580","1.2520","0.0015"
"","388.6580","1.2422","0.0015"
"","388.7580","1.2319","0.0015"
"","388.8580","1.2219","0.0014"
"","388.9580","1.2121","0.0015"
"","389.0580","1.2022","0.0015"
"","389.1580","1.1920","0.0014"
"","389.2580","1.1819","0.0014"
"","389.3580","1.1723","0.0014"
"","389.4580","1.1620","0.0013"
"","389.5580","1.1520","0.0013"
"","389.6580","1.1418","0.0013"
"","389.7580","1.1323","0.0012"
"","389.8580","1.1220","0.0013"
"","389.9580","1.1120","0.0012"
"","390.0580","1.1020","0.0012"
"","390.1580","1.0921","0.0012"
"","390.2580","1.0822","0.0012"
"","390.3580","1.0720","0.0011"
"","390.4580","1.0621","0.0011"
"","390.5580","1.0519","0.0011"
"","390.6580","1.0420","0.0011"
"","390.7580","1.0321","0.0011"
"","390.8580","1.0220","0.0011"
"","390.9580","1.0121","0.0010"
"","391.0580","1.0021","0.0010"
"","391.1580","0.9923","0.0010"
"","391.2580","0.9819","0.0010"
"","391.3580","0.9720","0.0010"
"","391.4580","0.9622","0.0009"
"","391.5580","0.9522","0.0009"
"","391.6580","0.9419","0.0009"
"","391.7580","0.9319","0.0009"
"","391.8580","0.9223","0.0009"
"","391.9580","0.9120","0.0009"
"","392.0580","0.9019","0.0009"
"","392.1580","0.8919","0.0008"
"","392.2580","0.8823","0.0008"
"","392.3580","0.8720","0.0008"
"","392.4580","0.8619","0.0008"
"","392.5580","0.8520","0.0008"
"","392.6580","0.8421","0.0008"
"","392.7580","0.8321","0.0008"
"","392.8580","0.8220","0.0008"
"","392.9580","0.8122","0.0007"
"","393.0580","0.8020","0.0007"
"","393.1580","0.7920","0.0007"
"","393.2580","0.7822","0.0007"
"","393.3580","0.7720","0.0007"
"","393.4580","0.7620","0.0007"
"","393.5580","0.7520","0.0007"
"","393.6580","0.7423","0.0007"
"","393.7580","0.7319","0.0006"
"","393.8580","0.7218","0.0006"
"","393.9580","0.7121","0.0006"
"","394.0580","0.7023","0.0006"
"","394.1580","0.6920","0.0006"
"","394.2580","0.6819","0.0006"
"","394.3580","0.6723","0.0006"
"","394.4580","0.6621","0.0006"
"","394.5580","0.6519","0.0005"
"","394.6580","0.6419","0.0005"
"","394.7580","0.6323","0.0005"
"","394.8580","0.6221","0.0005"
"","394.9580","0.6120","0.0005"
"","395.0580","0.6021","0.0005"
"","395.1580","0.5921","0.0005"
"","395.2580","0.5820","0.0005"
"","395.3580","0.5719","0.0005"
"","395.4580","0.5622","0.0005"
"","395.5580","0.5519","0.0004"
"","395.6580","0.5420","0.0004"
"","395.7580","0.5321","0.0004"
"","395.8580","0.5222","0.0004"
"","395.9580","0.5120","0.0004"
"","396.0580","0.5020","0.0004"
"","396.1580","0.4922","0.0004"
"","396.2580","0.4819","0.0004"
"","396.3580","0.4719","0.0004"
"","396.4580","0.4620","0.0004"
"","396.5580","0.4522","0.0004"
"","396.6580","0.4420","0.0003"
"","396.7580","0.4319","0.0003"
"","396.8580","0.4222","0.0003"
"","396.9580","0.4120","0.0003"
"","397.0580","0.4020","0.0003"
"","397.1580","0.3919","0.0003"
"","397.2580","0.3822","0.0003"
"","397.3580","0.3720","0.0003"
"","397.4580","0.3620","0.0003"
"","397.5580","0.3521","0.0003"
"","397.6580","0.3421","0.0003"
"","397.7580","0.3321","0.0002"
"","397.8580","0.3220","0.0002"
"","397.9580","0.3122","0.0002"
"","398.0580","0.3019","0.0002"
"","398.1580","0.2921","0.0002"
"","398.2580","0.2821","0.0002"
"","398.3580","0.2721","0.0002"
"","398.4580","0.2620","0.0002"
"","398.5580","0.2521","0.0002"
"","398.6580","0.2422","0.0002"
"","398.7580","0.2319","0.0002"
"","398.8580","0.2220","0.0001"
"","398.9580","0.2122","0.0001"
"","399.0580","0.2022","0.0001"
"","399.1580","0.1919","0.0001"
"","399.2580","0.1819","0.0001"
"","399.3580","0.1722","0.0001"
"","399.4580","0.1620","0.0001"
"","399.5580","0.1519","0.0001"
"","399.6580","0.1419","0.0001"
"","399.7580","0.1323","0.0001"
"","399.8580","0.1220","0.0001"
"","399.9580","0.1119","0.0001"
"","400.0580","0.1021","0.0000"
"","400.1580","0.0921","0.0000"
"","400.2580","0.0821","0.0001"
"","400.3580","0.0719","0.0000"
"","400.4580","0.0622","0.0000"
"","400.5580","0.0520","0.0000"
"","400.6580","0.0420","0.0000"
"","400.7580","0.0321","0.0000"
"","400.8580","0.0220","0.0000"
"","400.9580","0.0120","0.0000"
"","401.0580","0.0021","0.0000"
"","401.0790","0.0000","0.0000"

