1,Time,Displacement,Force
,(s),(mm),(kN)
"","0.0000","0.0000","0.0000"
"","0.1000","0.0036","0.0000"
"","0.2000","0.0122","0.0000"
"","0.3000","0.0238","0.0000"
"","0.4000","0.0344","0.0000"
"","0.5000","0.0445","0.0000"
"","0.6000","0.0543","0.0000"
"","0.7000","0.0641","0.0000"
"","0.8000","0.0743","0.0000"
"","0.9000","0.0845","0.0000"
"","1.0000","0.0942","0.0000"
"","1.1000","0.1043","0.0000"
"","1.2000","0.1143","0.0000"
"","1.3000","0.1244","0.0000"
"","1.4000","0.1342","0.0000"
"","1.5000","0.1443","0.0000"
"","1.6000","0.1543","0.0000"
"","1.7000","0.1642","0.0000"
"","1.8000","0.1745","0.0000"
"","1.9000","0.1843","0.0000"
"","2.0000","0.1943","0.0000"
"","2.1000","0.2040","0.0000"
"","2.2000","0.2144","0.0000"
"","2.3000","0.2243","0.0000"
"","2.4000","0.2343","0.0000"
"","2.5000","0.2443","0.0000"
"","2.6000","0.2545","0.0000"
"","2.7000","0.2644","0.0000"
"","2.8000","0.2741","0.0000"
"","2.9000","0.2844","0.0000"
"","3.0000","0.2944","0.0000"
"","3.1000","0.3043","0.0000"
"","3.2000","0.3142","0.0000"
"","3.3000","0.3244","0.0000"
"","3.4000","0.3345","0.0000"
"","3.5000","0.3442","0.0000"
"","3.6000","0.3544","0.0000"
"","3.7000","0.3644","0.0000"
"","3.8000","0.3744","0.0000"
"","3.9000","0.3842","0.0000"
"","4.0000","0.3944","0.0000"
"","4.1000","0.4044","0.0000"
"","4.2000","0.4142","0.0000"
"","4.3000","0.4245","0.0000"
"","4.4000","0.4344","0.0000"
"","4.5000","0.4443","0.0000"
"","4.6000","0.4541","0.0000"
"","4.7000","0.4645","0.0000"
"","4.8000","0.4744","0.0000"
"","4.9000","0.4842","0.0000"
"","5.0000","0.4942","0.0000"
"","5.1000","0.5045","0.0000"
"","5.2000","0.5144","0.0000"
"","5.3000","0.5241","0.0000"
"","5.4000","0.5343","0.0000"
"","5.5000","0.5445","0.0000"
"","5.6000","0.5543","0.0000"
"","5.7000","0.5641","0.0000"
"","5.8000","0.5743","0.0000"
"","5.9000","0.5845","0.0000"
"","6.0000","0.5942","0.0000"
"","6.1000","0.6043","0.0000"
"","6.2000","0.6144","0.0000"
"","6.3000","0.6244","0.0000"
"","6.4000","0.6342","0.0000"
"","6.5000","0.6443","0.0001"
"","6.6000","0.6544","0.0000"
"","6.7000","0.6642","0.0001"
"","6.8000","0.6744","0.0001"
"","6.9000","0.6844","0.0001"
"","7.0000","0.6944","0.0001"
"","7.1000","0.7041","0.0001"
"","7.2000","0.7144","0.0001"
"","7.3000","0.7243","0.0001"
"","7.4000","0.7342","0.0001"
"","7.5000","0.7442","0.0001"
"","7.6000","0.7545","0.0001"
"","7.7000","0.7644","0.0001"
"","7.8000","0.7740","0.0001"
"","7.9000","0.7843","0.0001"
"","8.0000","0.7944","0.0001"
"","8.1000","0.8043","0.0001"
"","8.2000","0.8141","0.0001"
"","8.3000","0.8243","0.0001"
"","8.4000","0.8345","0.0001"
"","8.5000","0.8442","0.0001"
"","8.6000","0.8542","0.0001"
"","8.7000","0.8644","0.0001"
"","8.8000","0.8744","0.0001"
"","8.9000","0.8843","0.0001"
"","9.0000","0.8943","0.0002"
"","9.1000","0.9043","0.0002"
"","9.2000","0.9142","0.0002"
"","9.3000","0.9245","0.0002"
"","9.4000","0.9344","0.0002"
"","9.5000","0.9444","0.0002"
"","9.6000","0.9541","0.0002"
"","9.7000","0.9645","0.0002"
"","9.8000","0.9744","0.0002"
"","9.9000","0.9843","0.0002"
"","10.0000","0.9943","0.0002"
"","10.1000","1.0045","0.0002"
"","10.2000","1.0144","0.0002"
"","10.3000","1.0240","0.0003"
"","10.4000","1.0344","0.0003"
"","10.5000","1.0444","0.0003"
"","10.6000","1.0544","0.0003"
"","10.7000","1.0642","0.0003"
"","10.8000","1.0744","0.0003"
"","10.9000","1.0845","0.0003"
"","11.0000","1.0942","0.0003"
"","11.1000","1.1044","0.0003"
"","11.2000","1.1143","0.0004"
"","11.3000","1.1244","0.0004"
"","11.4000","1.1342","0.0004"
"","11.5000","1.1444","0.0004"
"","11.6000","1.1543","0.0004"
"","11.7000","1.1642","0.0004"
"","11.8000","1.1744","0.0004"
"","11.9000","1.1844","0.0005"
"","12.0000","1.1943","0.0005"
"","12.1000","1.2041","0.0005"
"","12.2000","1.2145","0.0005"
"","12.3000","1.2244","0.0005"
"","12.4000","1.2342","0.0006"
"","12.5000","1.2442","0.0006"
"","12.6000","1.2545","0.0006"
"","12.7000","1.2644","0.0006"
"","12.8000","1.2740","0.0006"
"","12.9000","1.2843","0.0007"
"","13.0000","1.2944","0.0007"
"","13.1000","1.3043","0.0007"
"","13.2000","1.3142","0.0007"
"","13.3000","1.3244","0.0007"
"","13.4000","1.3345","0.0008"
"","13.5000","1.3442","0.0008"
"","13.6000","1.3544","0.0008"
"","13.7000","1.3644","0.0008"
"","13.8000","1.3744","0.0009"
"","13.9000","1.3841","0.0009"
"","14.0000","1.3945","0.0009"
"","14.1000","1.4044","0.0009"
"","14.2000","1.4142","0.0010"
"","14.3000","1.4244","0.0010"
"","14.4000","1.4344","0.0010"
"","14.5000","1.4444","0.0010"
"","14.6000","1.4540","0.0011"
"","14.7000","1.4643","0.0011"
"","14.8000","1.4744","0.0011"
"","14.9000","1.4843","0.0011"
"","15.0000","1.4943","0.0012"
"","15.1000","1.5045","0.0012"
"","15.2000","1.5145","0.0012"
"","15.3000","1.5241","0.0013"
"","15.4000","1.5343","0.0013"
"","15.5000","1.5444","0.0013"
"","15.6000","1.5544","0.0014"
"","15.7000","1.5641","0.0014"
"","15.8000","1.5743","0.0014"
"","15.9000","1.5845","0.0014"
"","16.0000","1.5943","0.0015"
"","16.1000","1.6043","0.0015"
"","16.2000","1.6144","0.0015"
"","16.3000","1.6244","0.0016"
"","16.4000","1.6342","0.0016"
"","16.5000","1.6443","0.0016"
"","16.6000","1.6543","0.0017"
"","16.7000","1.6642","0.0017"
"","16.8000","1.6744","0.0017"
"","16.9000","1.6844","0.0018"
"","17.0000","1.6943","0.0019"
"","17.1000","1.7041","0.0019"
"","17.2000","1.7145","0.0019"
"","17.3000","1.7243","0.0020"
"","17.4000","1.7342","0.0020"
"","17.5000","1.7442","0.0021"
"","17.6000","1.7545","0.0021"
"","17.7000","1.7645","0.0022"
"","17.8000","1.7740","0.0023"
"","17.9000","1.7844","0.0023"
"","18.0000","1.7944","0.0024"
"","18.1000","1.8044","0.0024"
"","18.2000","1.8142","0.0025"
"","18.3000","1.8244","0.0025"
"","18.4000","1.8344","0.0026"
"","18.5000","1.8442","0.0026"
"","18.6000","1.8543","0.0027"
"","18.7000","1.8643","0.0028"
"","18.8000","1.8744","0.0028"
"","18.9000","1.8843","0.0029"
"","19.0000","1.8944","0.0030"
"","19.1000","1.9043","0.0031"
"","19.2000","1.9142","0.0031"
"","19.3000","1.9245","0.0032"
"","19.4000","1.9344","0.0033"
"","19.5000","1.9443","0.0034"
"","19.6000","1.9541","0.0035"
"","19.7000","1.9645","0.0036"
"","19.8000","1.9743","0.0037"
"","19.9000","1.9842","0.0038"
"","20.0000","1.9942","0.0039"
"","20.1000","2.0045","0.0040"
"","20.2000","2.0144","0.0041"
"","20.3000","2.0240","0.0043"
"","20.4000","2.0343","0.0044"
"","20.5000","2.0445","0.0045"
"","20.6000","2.0543","0.0046"
"","20.7000","2.0641","0.0047"
"","20.8000","2.0743","0.0049"
"","20.9000","2.0845","0.0050"
"","21.0000","2.0943","0.0052"
"","21.1000","2.1042","0.0053"
"","21.2000","2.1143","0.0054"
"","21.3000","2.1244","0.0056"
"","21.4000","2.1342","0.0057"
"","21.5000","2.1444","0.0059"
"","21.6000","2.1543","0.0060"
"","21.7000","2.1642","0.0062"
"","21.8000","2.1745","0.0063"
"","21.9000","2.1844","0.0065"
"","22.0000","2.1943","0.0066"
"","22.1000","2.2040","0.0068"
"","22.2000","2.2145","0.0070"
"","22.3000","2.2244","0.0071"
"","22.4000","2.2342","0.0073"
"","22.5000","2.2442","0.0075"
"","22.6000","2.2545","0.0076"
"","22.7000","2.2644","0.0078"
"","22.8000","2.2741","0.0080"
"","22.9000","2.2843","0.0082"
"","23.0000","2.2943","0.0084"
"","23.1000","2.3043","0.0086"
"","23.2000","2.3141","0.0088"
"","23.3000","2.3243","0.0090"
"","23.4000","2.3344","0.0092"
"","23.5000","2.3443","0.0094"
"","23.6000","2.3542","0.0096"
"","23.7000","2.3643","0.0099"
"","23.8000","2.3743","0.0101"
"","23.9000","2.3843","0.0103"
"","24.0000","2.3943","0.0106"
"","24.1000","2.4043","0.0108"
"","24.2000","2.4142","0.0111"
"","24.3000","2.4245","0.0113"
"","24.4000","2.4344","0.0116"
"","24.5000","2.4443","0.0119"
"","24.6000","2.4541","0.0122"
"","24.7000","2.4645","0.0124"
"","24.8000","2.4744","0.0127"
"","24.9000","2.4842","0.0130"
"","25.0000","2.4943","0.0133"
"","25.1000","2.5044","0.0136"
"","25.2000","2.5144","0.0139"
"","25.3000","2.5240","0.0142"
"","25.4000","2.5344","0.0145"
"","25.5000","2.5444","0.0148"
"","25.6000","2.5544","0.0151"
"","25.7000","2.5641","0.0154"
"","25.8000","2.5744","0.0158"
"","25.9000","2.5844","0.0161"
"","26.0000","2.5942","0.0164"
"","26.1000","2.6043","0.0168"
"","26.2000","2.6143","0.0171"
"","26.3000","2.6244","0.0175"
"","26.4000","2.6343","0.0178"
"","26.5000","2.6444","0.0182"
"","26.6000","2.6544","0.0186"
"","26.7000","2.6642","0.0190"
"","26.8000","2.6746","0.0194"
"","26.9000","2.6844","0.0197"
"","27.0000","2.6943","0.0201"
"","27.1000","2.7041","0.0205"
"","27.2000","2.7145","0.0209"
"","27.3000","2.7244","0.0213"
"","27.4000","2.7342","0.0217"
"","27.5000","2.7442","0.0221"
"","27.6000","2.7544","0.0226"
"","27.7000","2.7644","0.0230"
"","27.8000","2.7740","0.0234"
"","27.9000","2.7842","0.0238"
"","28.0000","2.7944","0.0242"
"","28.1000","2.8043","0.0247"
"","28.2000","2.8141","0.0251"
"","28.3000","2.8243","0.0256"
"","28.4000","2.8345","0.0260"
"","28.5000","2.8443","0.0265"
"","28.6000","2.8543","0.0269"
"","28.7000","2.8644","0.0274"
"","28.8000","2.8744","0.0279"
"","28.9000","2.8842","0.0283"
"","29.0000","2.8943","0.0288"
"","29.1000","2.9043","0.0292"
"","29.2000","2.9142","0.0296"
"","29.3000","2.9245","0.0299"
"","29.4000","2.9344","0.0302"
"","29.5000","2.9444","0.0304"
"","29.6000","2.9540","0.0308"
"","29.7000","2.9645","0.0312"
"","29.8000","2.9743","0.0315"
"","29.9000","2.9842","0.0317"
"","30.0000","2.9942","0.0319"
"","30.1000","3.0045","0.0322"
"","30.2000","3.0145","0.0326"
"","30.3000","3.0240","0.0328"
"","30.4000","3.0343","0.0330"
"","30.5000","3.0444","0.0332"
"","30.6000","3.0543","0.0334"
"","30.7000","3.0641","0.0337"
"","30.8000","3.0743","0.0341"
"","30.9000","3.0844","0.0343"
"","31.0000","3.0943","0.0345"
"","31.1000","3.1043","0.0347"
"","31.2000","3.1144","0.0348"
"","31.3000","3.1244","0.0349"
"","31.4000","3.1342","0.0350"
"","31.5000","3.1441","0.0352"
"","31.6000","3.1542","0.0354"
"","31.7000","3.1642","0.0356"
"","31.8000","3.1745","0.0360"
"","31.9000","3.1843","0.0365"
"","32.0000","3.1944","0.0371"
"","32.1000","3.2041","0.0375"
"","32.2000","3.2145","0.0379"
"","32.3000","3.2243","0.0384"
"","32.4000","3.2343","0.0389"
"","32.5000","3.2443","0.0394"
"","32.6000","3.2544","0.0400"
"","32.7000","3.2644","0.0406"
"","32.8000","3.2741","0.0412"
"","32.9000","3.2845","0.0418"
"","33.0000","3.2943","0.0424"
"","33.1000","3.3044","0.0429"
"","33.2000","3.3143","0.0435"
"","33.3000","3.3245","0.0441"
"","33.4000","3.3345","0.0447"
"","33.5000","3.3441","0.0453"
"","33.6000","3.3543","0.0460"
"","33.7000","3.3644","0.0466"
"","33.8000","3.3745","0.0473"
"","33.9000","3.3841","0.0479"
"","34.0000","3.3943","0.0486"
"","34.1000","3.4044","0.0493"
"","34.2000","3.4142","0.0499"
"","34.3000","3.4245","0.0507"
"","34.4000","3.4344","0.0513"
"","34.5000","3.4444","0.0520"
"","34.6000","3.4541","0.0527"
"","34.7000","3.4644","0.0534"
"","34.8000","3.4744","0.0541"
"","34.9000","3.4843","0.0548"
"","35.0000","3.4942","0.0555"
"","35.1000","3.5045","0.0563"
"","35.2000","3.5144","0.0570"
"","35.3000","3.5241","0.0577"
"","35.4000","3.5343","0.0585"
"","35.5000","3.5444","0.0592"
"","35.6000","3.5543","0.0599"
"","35.7000","3.5641","0.0606"
"","35.8000","3.5744","0.0614"
"","35.9000","3.5845","0.0622"
"","36.0000","3.5942","0.0629"
"","36.1000","3.6043","0.0637"
"","36.2000","3.6144","0.0645"
"","36.3000","3.6244","0.0653"
"","36.4000","3.6341","0.0660"
"","36.5000","3.6444","0.0668"
"","36.6000","3.6544","0.0676"
"","36.7000","3.6643","0.0684"
"","36.8000","3.6744","0.0692"
"","36.9000","3.6843","0.0700"
"","37.0000","3.6943","0.0708"
"","37.1000","3.7040","0.0716"
"","37.2000","3.7144","0.0725"
"","37.3000","3.7244","0.0733"
"","37.4000","3.7342","0.0741"
"","37.5000","3.7442","0.0750"
"","37.6000","3.7544","0.0758"
"","37.7000","3.7645","0.0767"
"","37.8000","3.7741","0.0775"
"","37.9000","3.7843","0.0784"
"","38.0000","3.7944","0.0792"
"","38.1000","3.8044","0.0801"
"","38.2000","3.8141","0.0809"
"","38.3000","3.8243","0.0818"
"","38.4000","3.8344","0.0827"
"","38.5000","3.8442","0.0835"
"","38.6000","3.8542","0.0844"
"","38.7000","3.8643","0.0854"
"","38.8000","3.8743","0.0862"
"","38.9000","3.8842","0.0871"
"","39.0000","3.8942","0.0880"
"","39.1000","3.9043","0.0889"
"","39.2000","3.9142","0.0898"
"","39.3000","3.9246","0.0908"
"","39.4000","3.9342","0.0917"
"","39.5000","3.9443","0.0926"
"","39.6000","3.9541","0.0935"
"","39.7000","3.9645","0.0945"
"","39.8000","3.9744","0.0954"
"","39.9000","3.9842","0.0963"
"","40.0000","3.9943","0.0973"
"","40.0570","4.0001","0.0978"
"","40.0580","4.0002","0.0978"
"","40.0590","4.0003","0.0979"
"","40.1590","4.0008","0.0967"
"","40.2590","3.9931","0.0939"
"","40.3590","3.9814","0.0902"
"","40.4590","3.9708","0.0872"
"","40.5590","3.9605","0.0843"
"","40.6590","3.9507","0.0817"
"","40.7590","3.9410","0.0792"
"","40.8590","3.9307","0.0767"
"","40.9590","3.9206","0.0743"
"","41.0590","3.9108","0.0720"
"","41.1590","3.9008","0.0697"
"","41.2590","3.8907","0.0674"
"","41.3590","3.8806","0.0653"
"","41.4590","3.8709","0.0633"
"","41.5590","3.8608","0.0612"
"","41.6590","3.8506","0.0592"
"","41.7590","3.8406","0.0573"
"","41.8590","3.8307","0.0554"
"","41.9590","3.8208","0.0536"
"","42.0590","3.8107","0.0518"
"","42.1590","3.8009","0.0501"
"","42.2590","3.7906","0.0484"
"","42.3590","3.7807","0.0468"
"","42.4590","3.7707","0.0452"
"","42.5590","3.7608","0.0436"
"","42.6590","3.7506","0.0422"
"","42.7590","3.7407","0.0410"
"","42.8590","3.7310","0.0401"
"","42.9590","3.7207","0.0390"
"","43.0590","3.7105","0.0380"
"","43.1590","3.7007","0.0372"
"","43.2590","3.6910","0.0365"
"","43.3590","3.6807","0.0362"
"","43.4590","3.6705","0.0358"
"","43.5590","3.6608","0.0352"
"","43.6590","3.6508","0.0343"
"","43.7590","3.6406","0.0340"
"","43.8590","3.6305","0.0336"
"","43.9590","3.6208","0.0333"
"","44.0590","3.6106","0.0332"
"","44.1590","3.6006","0.0332"
"","44.2590","3.5907","0.0332"
"","44.3590","3.5808","0.0331"
"","44.4590","3.5707","0.0330"
"","44.5590","3.5606","0.0329"
"","44.6590","3.5509","0.0324"
"","44.7590","3.5405","0.0322"
"","44.8590","3.5307","0.0320"
"","44.9590","3.5207","0.0317"
"","45.0590","3.5108","0.0314"
"","45.1590","3.5006","0.0309"
"","45.2590","3.4907","0.0301"
"","45.3590","3.4809","0.0292"
"","45.4590","3.4706","0.0282"
"","45.5590","3.4605","0.0275"
"","45.6590","3.4507","0.0267"
"","45.7590","3.4409","0.0257"
"","45.8590","3.4306","0.0247"
"","45.9590","3.4206","0.0238"
"","46.0590","3.4108","0.0229"
"","46.1590","3.4007","0.0220"
"","46.2590","3.3905","0.0211"
"","46.3590","3.3806","0.0203"
"","46.4590","3.3709","0.0196"
"","46.5590","3.3606","0.0188"
"","46.6590","3.3505","0.0181"
"","46.7590","3.3407","0.0174"
"","46.8590","3.3308","0.0168"
"","46.9590","3.3207","0.0161"
"","47.0590","3.3106","0.0155"
"","47.1590","3.3009","0.0149"
"","47.2590","3.2905","0.0144"
"","47.3590","3.2806","0.0138"
"","47.4590","3.2707","0.0133"
"","47.5590","3.2608","0.0128"
"","47.6590","3.2506","0.0123"
"","47.7590","3.2407","0.0119"
"","47.8590","3.2309","0.0114"
"","47.9590","3.2206","0.0110"
"","48.0590","3.2104","0.0106"
"","48.1590","3.2006","0.0102"
"","48.2590","3.1909","0.0098"
"","48.3590","3.1807","0.0095"
"","48.4590","3.1705","0.0091"
"","48.5590","3.1608","0.0088"
"","48.6590","3.1508","0.0085"
"","48.7590","3.1407","0.0081"
"","48.8590","3.1306","0.0078"
"","48.9590","3.1208","0.0076"
"","49.0590","3.1107","0.0073"
"","49.1590","3.1006","0.0070"
"","49.2590","3.0907","0.0067"
"","49.3590","3.0807","0.0065"
"","49.4590","3.0707","0.0063"
"","49.5590","3.0607","0.0060"
"","49.6590","3.0509","0.0058"
"","49.7590","3.0405","0.0056"
"","49.8590","3.0306","0.0054"
"","49.9590","3.0206","0.0052"
"","50.0590","3.0108","0.0051"
"","50.1590","3.0005","0.0049"
"","50.2590","2.9907","0.0047"
"","50.3590","2.9809","0.0045"
"","50.4590","2.9707","0.0044"
"","50.5590","2.9605","0.0042"
"","50.6590","2.9506","0.0041"
"","50.7590","2.9409","0.0039"
"","50.8590","2.9307","0.0038"
"","50.9590","2.9205","0.0036"
"","51.0590","2.9107","0.0035"
"","51.1590","2.9008","0.0034"
"","51.2590","2.8907","0.0033"
"","51.3590","2.8806","0.0032"
"","51.4590","2.8708","0.0031"
"","51.5590","2.8607","0.0030"
"","51.6590","2.8507","0.0029"
"","51.7590","2.8407","0.0029"
"","51.8590","2.8306","0.0028"
"","51.9590","2.8207","0.0027"
"","52.0590","2.8106","0.0026"
"","52.1590","2.8009","0.0026"
"","52.2590","2.7905","0.0025"
"","52.3590","2.7807","0.0024"
"","52.4590","2.7708","0.0024"
"","52.5590","2.7608","0.0023"
"","52.6590","2.7505","0.0023"
"","52.7590","2.7408","0.0022"
"","52.8590","2.7309","0.0022"
"","52.9590","2.7207","0.0021"
"","53.0590","2.7104","0.0021"
"","53.1590","2.7007","0.0020"
"","53.2590","2.6909","0.0020"
"","53.3590","2.6807","0.0019"
"","53.4590","2.6705","0.0019"
"","53.5590","2.6608","0.0018"
"","53.6590","2.6508","0.0018"
"","53.7590","2.6406","0.0017"
"","53.8590","2.6305","0.0017"
"","53.9590","2.6208","0.0017"
"","54.0590","2.6107","0.0016"
"","54.1590","2.6006","0.0016"
"","54.2590","2.5907","0.0015"
"","54.3590","2.5806","0.0015"
"","54.4590","2.5707","0.0015"
"","54.5590","2.5607","0.0014"
"","54.6590","2.5510","0.0014"
"","54.7590","2.5404","0.0014"
"","54.8590","2.5305","0.0013"
"","54.9590","2.5207","0.0013"
"","55.0590","2.5108","0.0013"
"","55.1590","2.5006","0.0013"
"","55.2590","2.4907","0.0012"
"","55.3590","2.4810","0.0012"
"","55.4590","2.4706","0.0012"
"","55.5590","2.4604","0.0011"
"","55.6590","2.4506","0.0011"
"","55.7590","2.4410","0.0011"
"","55.8590","2.4307","0.0010"
"","55.9590","2.4205","0.0010"
"","56.0590","2.4108","0.0010"
"","56.1590","2.4008","0.0010"
"","56.2590","2.3907","0.0009"
"","56.3590","2.3805","0.0009"
"","56.4590","2.3708","0.0009"
"","56.5590","2.3607","0.0009"
"","56.6590","2.3506","0.0008"
"","56.7590","2.3406","0.0008"
"","56.8590","2.3307","0.0008"
"","56.9590","2.3207","0.0008"
"","57.0590","2.3106","0.0007"
"","57.1590","2.3009","0.0007"
"","57.2590","2.2905","0.0007"
"","57.3590","2.2806","0.0007"
"","57.4590","2.2706","0.0007"
"","57.5590","2.2608","0.0006"
"","57.6590","2.2506","0.0006"
"","57.7590","2.2407","0.0006"
"","57.8590","2.2309","0.0006"
"","57.9590","2.2207","0.0006"
"","58.0590","2.2105","0.0006"
"","58.1590","2.2007","0.0005"
"","58.2590","2.1909","0.0005"
"","58.3590","2.1806","0.0005"
"","58.4590","2.1705","0.0005"
"","58.5590","2.1608","0.0005"
"","58.6590","2.1508","0.0005"
"","58.7590","2.1407","0.0004"
"","58.8590","2.1305","0.0004"
"","58.9590","2.1208","0.0004"
"","59.0590","2.1107","0.0004"
"","59.1590","2.1007","0.0004"
"","59.2590","2.0907","0.0004"
"","59.3590","2.0807","0.0004"
"","59.4590","2.0707","0.0004"
"","59.5590","2.0606","0.0003"
"","59.6590","2.0509","0.0003"
"","59.7590","2.0405","0.0003"
"","59.8590","2.0307","0.0003"
"","59.9590","2.0208","0.0003"
"","60.0590","2.0109","0.0003"
"","60.1590","2.0005","0.0003"
"","60.2590","1.9908","0.0002"
"","60.3590","1.9809","0.0002"
"","60.4590","1.9706","0.0002"
"","60.5590","1.9605","0.0002"
"","60.6590","1.9507","0.0002"
"","60.7590","1.9410","0.0002"
"","60.8590","1.9306","0.0002"
"","60.9590","1.9205","0.0002"
"","61.0590","1.9108","0.0002"
"","61.1590","1.9008","0.0002"
"","61.2590","1.8906","0.0001"
"","61.3590","1.8805","0.0001"
"","61.4590","1.8708","0.0001"
"","61.5590","1.8607","0.0001"
"","61.6590","1.8506","0.0001"
"","61.7590","1.8407","0.0001"
"","61.8590","1.8306","0.0001"
"","61.9590","1.8207","0.0001"
"","62.0590","1.8107","0.0001"
"","62.1590","1.8009","0.0001"
"","62.2590","1.7904","0.0001"
"","62.3590","1.7806","0.0001"
"","62.4590","1.7707","0.0001"
"","62.5590","1.7608","0.0001"
"","62.6590","1.7506","0.0001"
"","62.7590","1.7407","0.0001"
"","62.8590","1.7310","0.0001"
"","62.9590","1.7207","0.0001"
"","63.0590","1.7105","0.0001"
"","63.1590","1.7006","0.0000"
"","63.2590","1.6910","0.0000"
"","63.3590","1.6807","0.0000"
"","63.4590","1.6706","0.0000"
"","63.5590","1.6608","0.0000"
"","63.6590","1.6508","0.0000"
"","63.7590","1.6406","0.0000"
"","63.8590","1.6306","0.0000"
"","63.9590","1.6208","0.0000"
"","64.0590","1.6107","0.0000"
"","64.1590","1.6006","0.0000"
"","64.2590","1.5907","0.0000"
"","64.3590","1.5807","0.0000"
"","64.4590","1.5707","0.0000"
"","64.5590","1.5606","0.0000"
"","64.6590","1.5509","0.0000"
"","64.7590","1.5406","0.0000"
"","64.8590","1.5306","0.0000"
"","64.9590","1.5206","0.0000"
"","65.0590","1.5108","0.0000"
"","65.1590","1.5007","0.0000"
"","65.2590","1.4906","0.0000"
"","65.3590","1.4808","0.0000"
"","65.4590","1.4706","0.0000"
"","65.5590","1.4606","0.0000"
"","65.6590","1.4506","0.0000"
"","65.7590","1.4410","0.0000"
"","65.8590","1.4307","0.0000"
"","65.9590","1.4206","0.0000"
"","66.0590","1.4107","0.0000"
"","66.1590","1.4008","0.0000"
"","66.2590","1.3907","0.0000"
"","66.3590","1.3806","0.0000"
"","66.4590","1.3708","0.0000"
"","66.5590","1.3606","0.0000"
"","66.6590","1.3506","0.0000"
"","66.7590","1.3407","0.0000"
"","66.8590","1.3307","0.0000"
"","66.9590","1.3207","0.0000"
"","67.0590","1.3106","0.0000"
"","67.1590","1.3008","0.0000"
"","67.2590","1.2905","0.0000"
"","67.3590","1.2806","0.0000"
"","67.4590","1.2708","0.0000"
"","67.5590","1.2609","0.0000"
"","67.6590","1.2506","0.0000"
"","67.7590","1.2408","0.0000"
"","67.8590","1.2309","0.0000"
"","67.9590","1.2206","0.0000"
"","68.0590","1.2105","0.0000"
"","68.1590","1.2006","0.0000"
"","68.2590","1.1910","0.0000"
"","68.3590","1.1806","0.0000"
"","68.4590","1.1706","0.0000"
"","68.5590","1.1608","0.0000"
"","68.6590","1.1508","0.0000"
"","68.7590","1.1406","0.0000"
"","68.8590","1.1306","0.0000"
"","68.9590","1.1209","0.0000"
"","69.0590","1.1107","0.0000"
"","69.1590","1.1006","0.0000"
"","69.2590","1.0907","0.0000"
"","69.3590","1.0807","0.0000"
"","69.4590","1.0707","0.0000"
"","69.5590","1.0607","0.0000"
"","69.6590","1.0509","0.0000"
"","69.7590","1.0404","0.0000"
"","69.8590","1.0306","0.0000"
"","69.9590","1.0207","0.0000"
"","70.0590","1.0109","0.0000"
"","70.1590","1.0006","0.0000"
"","70.2590","0.9907","0.0000"
"","70.3590","0.9810","0.0000"
"","70.4590","0.9706","0.0000"
"","70.5590","0.9604","0.0000"
"","70.6590","0.9506","0.0000"
"","70.7590","0.9410","0.0000"
"","70.8590","0.9307","0.0000"
"","70.9590","0.9205","0.0000"
"","71.0590","0.9108","0.0000"
"","71.1590","0.9008","0.0000"
"","71.2590","0.8907","0.0000"
"","71.3590","0.8805","0.0000"
"","71.4590","0.8708","0.0000"
"","71.5590","0.8607","0.0000"
"","71.6590","0.8506","0.0000"
"","71.7590","0.8407","0.0000"
"","71.8590","0.8308","0.0000"
"","71.9590","0.8208","0.0000"
"","72.0590","0.8106","0.0000"
"","72.1590","0.8009","0.0000"
"","72.2590","0.7905","0.0000"
"","72.3590","0.7807","0.0000"
"","72.4590","0.7706","0.0000"
"","72.5590","0.7608","0.0000"
"","72.6590","0.7506","0.0000"
"","72.7590","0.7407","0.0000"
"","72.8590","0.7309","0.0000"
"","72.9590","0.7207","0.0000"
"","73.0590","0.7105","0.0000"
"","73.1590","0.7007","0.0000"
"","73.2590","0.6909","0.0000"
"","73.3590","0.6807","0.0000"
"","73.4590","0.6705","0.0000"
"","73.5590","0.6608","0.0000"
"","73.6590","0.6508","0.0000"
"","73.7590","0.6406","0.0000"
"","73.8590","0.6305","0.0000"
"","73.9590","0.6209","0.0000"
"","74.0590","0.6107","0.0000"
"","74.1590","0.6007","0.0000"
"","74.2590","0.5906","0.0000"
"","74.3590","0.5808","0.0000"
"","74.4590","0.5707","0.0000"
"","74.5590","0.5606","0.0000"
"","74.6590","0.5509","0.0000"
"","74.7590","0.5405","0.0000"
"","74.8590","0.5307","0.0000"
"","74.9590","0.5207","0.0000"
"","75.0590","0.5108","0.0000"
"","75.1590","0.5006","0.0000"
"","75.2590","0.4908","0.0000"
"","75.3590","0.4809","0.0000"
"","75.4590","0.4706","0.0000"
"","75.5590","0.4605","0.0000"
"","75.6590","0.4507","0.0000"
"","75.7590","0.4409","0.0000"
"","75.8590","0.4306","0.0000"
"","75.9590","0.4205","0.0000"
"","76.0590","0.4109","0.0000"
"","76.1590","0.4008","0.0000"
"","76.2590","0.3906","0.0000"
"","76.3590","0.3805","0.0000"
"","76.4590","0.3709","0.0000"
"","76.5590","0.3607","0.0000"
"","76.6590","0.3506","0.0000"
"","76.7590","0.3407","0.0000"
"","76.8590","0.3307","0.0000"
"","76.9590","0.3207","0.0000"
"","77.0590","0.3106","0.0000"
"","77.1590","0.3009","0.0000"
"","77.2590","0.2905","0.0000"
"","77.3590","0.2806","0.0000"
"","77.4590","0.2707","0.0000"
"","77.5590","0.2608","0.0000"
"","77.6590","0.2505","0.0000"
"","77.7590","0.2407","0.0000"
"","77.8590","0.2309","0.0000"
"","77.9590","0.2206","0.0000"
"","78.0590","0.2105","0.0000"
"","78.1590","0.2006","0.0000"
"","78.2590","0.1909","0.0000"
"","78.3590","0.1806","0.0000"
"","78.4590","0.1705","0.0000"
"","78.5590","0.1608","0.0000"
"","78.6590","0.1508","0.0000"
"","78.7590","0.1407","0.0000"
"","78.8590","0.1305","0.0000"
"","78.9590","0.1208","0.0000"
"","79.0590","0.1107","0.0000"
"","79.1590","0.1006","0.0000"
"","79.2590","0.0906","0.0000"
"","79.3590","0.0807","0.0000"
"","79.4590","0.0707","0.0000"
"","79.5590","0.0606","0.0000"
"","79.6590","0.0508","0.0000"
"","79.7590","0.0405","0.0000"
"","79.8590","0.0306","0.0000"
"","79.9590","0.0206","0.0000"
"","80.0590","0.0109","0.0000"
"","80.1590","0.0009","0.0000"
"","80.1690","-0.0001","0.0000"
"","80.1700","-0.0002","0.0000"
"","80.1710","-0.0003","0.0000"
"","80.2710","-0.0007","0.0000"
"","80.3710","0.0068","0.0000"
"","80.4710","0.0186","0.0000"
"","80.5710","0.0291","0.0000"
"","80.6710","0.0394","0.0000"
"","80.7710","0.0495","0.0000"
"","80.8710","0.0590","0.0000"
"","80.9710","0.0692","0.0000"
"","81.0710","0.0793","0.0000"
"","81.1710","0.0894","0.0000"
"","81.2710","0.0991","0.0000"
"","81.3710","0.1093","0.0000"
"","81.4710","0.1193","0.0000"
"","81.5710","0.1293","0.0000"
"","81.6710","0.1393","0.0000"
"","81.7710","0.1493","0.0000"
"","81.8710","0.1593","0.0000"
"","81.9710","0.1691","0.0000"
"","82.0710","0.1793","0.0000"
"","82.1710","0.1892","0.0000"
"","82.2710","0.1992","0.0000"
"","82.3710","0.2093","0.0000"
"","82.4710","0.2193","0.0000"
"","82.5710","0.2293","0.0000"
"","82.6710","0.2390","0.0000"
"","82.7710","0.2494","0.0000"
"","82.8710","0.2593","0.0000"
"","82.9710","0.2693","0.0000"
"","83.0710","0.2792","0.0000"
"","83.1710","0.2894","0.0000"
"","83.2710","0.2995","0.0000"
"","83.3710","0.3090","0.0000"
"","83.4710","0.3193","0.0000"
"","83.5710","0.3293","0.0000"
"","83.6710","0.3394","0.0000"
"","83.7710","0.3491","0.0000"
"","83.8710","0.3593","0.0000"
"","83.9710","0.3693","0.0000"
"","84.0710","0.3793","0.0000"
"","84.1710","0.3893","0.0000"
"","84.2710","0.3993","0.0000"
"","84.3710","0.4094","0.0000"
"","84.4710","0.4191","0.0000"
"","84.5710","0.4293","0.0000"
"","84.6710","0.4393","0.0000"
"","84.7710","0.4492","0.0000"
"","84.8710","0.4593","0.0000"
"","84.9710","0.4694","0.0000"
"","85.0710","0.4793","0.0000"
"","85.1710","0.4890","0.0000"
"","85.2710","0.4992","0.0000"
"","85.3710","0.5094","0.0000"
"","85.4710","0.5192","0.0000"
"","85.5710","0.5291","0.0000"
"","85.6710","0.5394","0.0000"
"","85.7710","0.5495","0.0000"
"","85.8710","0.5590","0.0000"
"","85.9710","0.5693","0.0000"
"","86.0710","0.5794","0.0000"
"","86.1710","0.5894","0.0000"
"","86.2710","0.5991","0.0000"
"","86.3710","0.6093","0.0000"
"","86.4710","0.6193","0.0000"
"","86.5710","0.6291","0.0000"
"","86.6710","0.6393","0.0000"
"","86.7710","0.6493","0.0000"
"","86.8710","0.6594","0.0000"
"","86.9710","0.6691","0.0000"
"","87.0710","0.6793","0.0000"
"","87.1710","0.6893","0.0000"
"","87.2710","0.6992","0.0000"
"","87.3710","0.7093","0.0000"
"","87.4710","0.7194","0.0000"
"","87.5710","0.7293","0.0000"
"","87.6710","0.7390","0.0000"
"","87.7710","0.7493","0.0000"
"","87.8710","0.7594","0.0000"
"","87.9710","0.7692","0.0000"
"","88.0710","0.7792","0.0000"
"","88.1710","0.7894","0.0000"
"","88.2710","0.7995","0.0000"
"","88.3710","0.8090","0.0000"
"","88.4710","0.8192","0.0000"
"","88.5710","0.8293","0.0000"
"","88.6710","0.8394","0.0000"
"","88.7710","0.8491","0.0000"
"","88.8710","0.8592","0.0000"
"","88.9710","0.8693","0.0000"
"","89.0710","0.8793","0.0000"
"","89.1710","0.8893","0.0000"
"","89.2710","0.8993","0.0000"
"","89.3710","0.9092","0.0000"
"","89.4710","0.9192","0.0000"
"","89.5710","0.9293","0.0000"
"","89.6710","0.9393","0.0000"
"","89.7710","0.9492","0.0000"
"","89.8710","0.9594","0.0000"
"","89.9710","0.9695","0.0000"
"","90.0710","0.9793","0.0000"
"","90.1710","0.9890","0.0000"
"","90.2710","0.9993","0.0000"
"","90.3710","1.0094","0.0000"
"","90.4710","1.0192","0.0000"
"","90.5710","1.0292","0.0000"
"","90.6710","1.0394","0.0000"
"","90.7710","1.0495","0.0000"
"","90.8710","1.0590","0.0000"
"","90.9710","1.0693","0.0000"
"","91.0710","1.0792","0.0000"
"","91.1710","1.0894","0.0000"
"","91.2710","1.0991","0.0000"
"","91.3710","1.1093","0.0000"
"","91.4710","1.1193","0.0000"
"","91.5710","1.1292","0.0000"
"","91.6710","1.1394","0.0000"
"","91.7710","1.1493","0.0000"
"","91.8710","1.1593","0.0000"
"","91.9710","1.1691","0.0000"
"","92.0710","1.1794","0.0000"
"","92.1710","1.1893","0.0000"
"","92.2710","1.1991","0.0000"
"","92.3710","1.2093","0.0000"
"","92.4710","1.2195","0.0000"
"","92.5710","1.2294","0.0000"
"","92.6710","1.2390","0.0000"
"","92.7710","1.2492","0.0000"
"","92.8710","1.2594","0.0000"
"","92.9710","1.2692","0.0000"
"","93.0710","1.2791","0.0000"
"","93.1710","1.2893","0.0000"
"","93.2710","1.2994","0.0000"
"","93.3710","1.3091","0.0000"
"","93.4710","1.3192","0.0000"
"","93.5710","1.3294","0.0000"
"","93.6710","1.3394","0.0000"
"","93.7710","1.3491","0.0000"
"","93.8710","1.3594","0.0000"
"","93.9710","1.3693","0.0000"
"","94.0710","1.3791","0.0000"
"","94.1710","1.3893","0.0000"
"","94.2710","1.3994","0.0000"
"","94.3710","1.4094","0.0000"
"","94.4710","1.4190","0.0001"
"","94.5710","1.4293","0.0001"
"","94.6710","1.4393","0.0001"
"","94.7710","1.4492","0.0001"
"","94.8710","1.4593","0.0001"
"","94.9710","1.4694","0.0001"
"","95.0710","1.4794","0.0001"
"","95.1710","1.4890","0.0001"
"","95.2710","1.4993","0.0001"
"","95.3710","1.5094","0.0001"
"","95.4710","1.5193","0.0001"
"","95.5710","1.5292","0.0001"
"","95.6710","1.5394","0.0001"
"","95.7710","1.5494","0.0001"
"","95.8710","1.5591","0.0001"
"","95.9710","1.5692","0.0001"
"","96.0710","1.5793","0.0001"
"","96.1710","1.5894","0.0001"
"","96.2710","1.5993","0.0001"
"","96.3710","1.6093","0.0001"
"","96.4710","1.6193","0.0001"
"","96.5710","1.6292","0.0001"
"","96.6710","1.6394","0.0001"
"","96.7710","1.6493","0.0001"
"","96.8710","1.6593","0.0001"
"","96.9710","1.6691","0.0002"
"","97.0710","1.6793","0.0002"
"","97.1710","1.6893","0.0002"
"","97.2710","1.6992","0.0002"
"","97.3710","1.7094","0.0002"
"","97.4710","1.7194","0.0002"
"","97.5710","1.7292","0.0002"
"","97.6710","1.7389","0.0002"
"","97.7710","1.7494","0.0002"
"","97.8710","1.7594","0.0002"
"","97.9710","1.7693","0.0003"
"","98.0710","1.7792","0.0003"
"","98.1710","1.7894","0.0004"
"","98.2710","1.7995","0.0003"
"","98.3710","1.8090","0.0003"
"","98.4710","1.8193","0.0003"
"","98.5710","1.8293","0.0004"
"","98.6710","1.8394","0.0004"
"","98.7710","1.8491","0.0004"
"","98.8710","1.8593","0.0005"
"","98.9710","1.8693","0.0005"
"","99.0710","1.8793","0.0005"
"","99.1710","1.8894","0.0005"
"","99.2710","1.8993","0.0005"
"","99.3710","1.9093","0.0005"
"","99.4710","1.9190","0.0006"
"","99.5710","1.9294","0.0006"
"","99.6710","1.9393","0.0006"
"","99.7710","1.9491","0.0006"
"","99.8710","1.9593","0.0006"
"","99.9710","1.9695","0.0007"
"","100.0710","1.9793","0.0007"
"","100.1710","1.9890","0.0007"
"","100.2710","1.9992","0.0007"
"","100.3710","2.0095","0.0008"
"","100.4710","2.0191","0.0008"
"","100.5710","2.0291","0.0008"
"","100.6710","2.0393","0.0008"
"","100.7710","2.0495","0.0009"
"","100.8710","2.0590","0.0009"
"","100.9710","2.0692","0.0009"
"","101.0710","2.0793","0.0009"
"","101.1710","2.0894","0.0010"
"","101.2710","2.0992","0.0010"
"","101.3710","2.1092","0.0010"
"","101.4710","2.1193","0.0011"
"","101.5710","2.1292","0.0011"
"","101.6710","2.1393","0.0011"
"","101.7710","2.1493","0.0011"
"","101.8710","2.1593","0.0012"
"","101.9710","2.1691","0.0012"
"","102.0710","2.1794","0.0012"
"","102.1710","2.1892","0.0013"
"","102.2710","2.1991","0.0013"
"","102.3710","2.2093","0.0013"
"","102.4710","2.2195","0.0014"
"","102.5710","2.2294","0.0014"
"","102.6710","2.2390","0.0014"
"","102.7710","2.2492","0.0015"
"","102.8710","2.2594","0.0015"
"","102.9710","2.2692","0.0015"
"","103.0710","2.2792","0.0016"
"","103.1710","2.2894","0.0016"
"","103.2710","2.2995","0.0017"
"","103.3710","2.3090","0.0017"
"","103.4710","2.3192","0.0018"
"","103.5710","2.3293","0.0018"
"","103.6710","2.3394","0.0018"
"","103.7710","2.3492","0.0019"
"","103.8710","2.3592","0.0019"
"","103.9710","2.3693","0.0020"
"","104.0710","2.3792","0.0021"
"","104.1710","2.3894","0.0021"
"","104.2710","2.3993","0.0022"
"","104.3710","2.4092","0.0022"
"","104.4710","2.4191","0.0023"
"","104.5710","2.4293","0.0023"
"","104.6710","2.4392","0.0024"
"","104.7710","2.4492","0.0025"
"","104.8710","2.4593","0.0025"
"","104.9710","2.4695","0.0026"
"","105.0710","2.4793","0.0027"
"","105.1710","2.4890","0.0028"
"","105.2710","2.4992","0.0028"
"","105.3710","2.5093","0.0029"
"","105.4710","2.5192","0.0030"
"","105.5710","2.5292","0.0031"
"","105.6710","2.5394","0.0032"
"","105.7710","2.5495","0.0033"
"","105.8710","2.5589","0.0034"
"","105.9710","2.5693","0.0035"
"","106.0710","2.5793","0.0036"
"","106.1710","2.5894","0.0037"
"","106.2710","2.5990","0.0038"
"","106.3710","2.6093","0.0040"
"","106.4710","2.6192","0.0041"
"","106.5710","2.6292","0.0043"
"","106.6710","2.6394","0.0044"
"","106.7710","2.6494","0.0046"
"","106.8710","2.6594","0.0046"
"","106.9710","2.6691","0.0047"
"","107.0710","2.6793","0.0049"
"","107.1710","2.6892","0.0051"
"","107.2710","2.6992","0.0052"
"","107.3710","2.7093","0.0054"
"","107.4710","2.7195","0.0056"
"","107.5710","2.7293","0.0057"
"","107.6710","2.7390","0.0059"
"","107.7710","2.7492","0.0061"
"","107.8710","2.7594","0.0063"
"","107.9710","2.7692","0.0064"
"","108.0710","2.7791","0.0066"
"","108.1710","2.7893","0.0068"
"","108.2710","2.7995","0.0070"
"","108.3710","2.8090","0.0072"
"","108.4710","2.8193","0.0074"
"","108.5710","2.8294","0.0077"
"","108.6710","2.8395","0.0079"
"","108.7710","2.8491","0.0081"
"","108.8710","2.8593","0.0084"
"","108.9710","2.8693","0.0087"
"","109.0710","2.8791","0.0089"
"","109.1710","2.8893","0.0092"
"","109.2710","2.8992","0.0095"
"","109.3710","2.9093","0.0098"
"","109.4710","2.9191","0.0102"
"","109.5710","2.9294","0.0105"
"","109.6710","2.9393","0.0108"
"","109.7710","2.9492","0.0112"
"","109.8710","2.9593","0.0116"
"","109.9710","2.9694","0.0120"
"","110.0710","2.9793","0.0123"
"","110.1710","2.9889","0.0127"
"","110.2710","2.9993","0.0131"
"","110.3710","3.0094","0.0136"
"","110.4710","3.0192","0.0140"
"","110.5710","3.0291","0.0144"
"","110.6710","3.0394","0.0149"
"","110.7710","3.0495","0.0154"
"","110.8710","3.0590","0.0158"
"","110.9710","3.0692","0.0163"
"","111.0710","3.0793","0.0169"
"","111.1710","3.0894","0.0174"
"","111.2710","3.0991","0.0179"
"","111.3710","3.1093","0.0185"
"","111.4710","3.1193","0.0191"
"","111.5710","3.1293","0.0196"
"","111.6710","3.1393","0.0202"
"","111.7710","3.1493","0.0209"
"","111.8710","3.1593","0.0215"
"","111.9710","3.1691","0.0221"
"","112.0710","3.1793","0.0228"
"","112.1710","3.1892","0.0234"
"","112.2710","3.1992","0.0241"
"","112.3710","3.2094","0.0248"
"","112.4710","3.2194","0.0255"
"","112.5710","3.2293","0.0263"
"","112.6710","3.2390","0.0270"
"","112.7710","3.2493","0.0277"
"","112.8710","3.2593","0.0284"
"","112.9710","3.2693","0.0290"
"","113.0710","3.2793","0.0295"
"","113.1710","3.2894","0.0299"
"","113.2710","3.2994","0.0303"
"","113.3710","3.3090","0.0308"
"","113.4710","3.3194","0.0313"
"","113.5710","3.3293","0.0316"
"","113.6710","3.3393","0.0318"
"","113.7710","3.3490","0.0322"
"","113.8710","3.3593","0.0326"
"","113.9710","3.3694","0.0330"
"","114.0710","3.3792","0.0334"
"","114.1710","3.3893","0.0339"
"","114.2710","3.3993","0.0344"
"","114.3710","3.4094","0.0345"
"","114.4710","3.4190","0.0345"
"","114.5710","3.4293","0.0346"
"","114.6710","3.4393","0.0348"
"","114.7710","3.4492","0.0349"
"","114.8710","3.4594","0.0352"
"","114.9710","3.4694","0.0354"
"","115.0710","3.4793","0.0356"
"","115.1710","3.4890","0.0359"
"","115.2710","3.4993","0.0365"
"","115.3710","3.5093","0.0373"
"","115.4710","3.5192","0.0379"
"","115.5710","3.5292","0.0386"
"","115.6710","3.5394","0.0391"
"","115.7710","3.5494","0.0398"
"","115.8710","3.5590","0.0407"
"","115.9710","3.5692","0.0417"
"","116.0710","3.5794","0.0427"
"","116.1710","3.5894","0.0438"
"","116.2710","3.5991","0.0447"
"","116.3710","3.6093","0.0458"
"","116.4710","3.6194","0.0468"
"","116.5710","3.6291","0.0478"
"","116.6710","3.6392","0.0489"
"","116.7710","3.6493","0.0500"
"","116.8710","3.6593","0.0511"
"","116.9710","3.6690","0.0522"
"","117.0710","3.6793","0.0534"
"","117.1710","3.6892","0.0546"
"","117.2710","3.6991","0.0558"
"","117.3710","3.7093","0.0570"
"","117.4710","3.7194","0.0582"
"","117.5710","3.7294","0.0595"
"","117.6710","3.7392","0.0607"
"","117.7710","3.7493","0.0620"
"","117.8710","3.7594","0.0633"
"","117.9710","3.7692","0.0645"
"","118.0710","3.7791","0.0658"
"","118.1710","3.7894","0.0672"
"","118.2710","3.7995","0.0685"
"","118.3710","3.8090","0.0697"
"","118.4710","3.8192","0.0711"
"","118.5710","3.8292","0.0724"
"","118.6710","3.8394","0.0738"
"","118.7710","3.8491","0.0751"
"","118.8710","3.8592","0.0766"
"","118.9710","3.8693","0.0780"
"","119.0710","3.8793","0.0794"
"","119.1710","3.8893","0.0808"
"","119.2710","3.8992","0.0822"
"","119.3710","3.9092","0.0836"
"","119.4710","3.9191","0.0849"
"","119.5710","3.9293","0.0864"
"","119.6710","3.9392","0.0878"
"","119.7710","3.9491","0.0892"
"","119.8710","3.9594","0.0906"
"","119.9710","3.9694","0.0919"
"","120.0710","3.9793","0.0933"
"","120.1710","3.9889","0.0945"
"","120.2710","3.9993","0.0959"
"","120.2780","4.0000","0.0960"
"","120.2790","4.0001","0.0960"
"","120.2800","4.0002","0.0960"
"","120.3800","4.0006","0.0951"
"","120.4800","3.9929","0.0924"
"","120.5800","3.9813","0.0888"
"","120.6800","3.9706","0.0857"
"","120.7800","3.9604","0.0829"
"","120.8800","3.9505","0.0802"
"","120.9800","3.9408","0.0777"
"","121.0800","3.9306","0.0751"
"","121.1800","3.9204","0.0727"
"","121.2800","3.9106","0.0703"
"","121.3800","3.9006","0.0680"
"","121.4800","3.8905","0.0657"
"","121.5800","3.8804","0.0636"
"","121.6800","3.8707","0.0615"
"","121.7800","3.8606","0.0594"
"","121.8800","3.8504","0.0574"
"","121.9800","3.8405","0.0554"
"","122.0800","3.8305","0.0536"
"","122.1800","3.8206","0.0517"
"","122.2800","3.8105","0.0499"
"","122.3800","3.8007","0.0482"
"","122.4800","3.7904","0.0465"
"","122.5800","3.7805","0.0449"
"","122.6800","3.7705","0.0433"
"","122.7800","3.7606","0.0420"
"","122.8800","3.7504","0.0410"
"","122.9800","3.7405","0.0398"
"","123.0800","3.7308","0.0387"
"","123.1800","3.7205","0.0377"
"","123.2800","3.7103","0.0370"
"","123.3800","3.7005","0.0366"
"","123.4800","3.6908","0.0361"
"","123.5800","3.6805","0.0355"
"","123.6800","3.6703","0.0351"
"","123.7800","3.6607","0.0348"
"","123.8800","3.6506","0.0341"
"","123.9800","3.6405","0.0337"
"","124.0800","3.6304","0.0332"
"","124.1800","3.6207","0.0331"
"","124.2800","3.6105","0.0331"
"","124.3800","3.6005","0.0330"
"","124.4800","3.5905","0.0329"
"","124.5800","3.5806","0.0325"
"","124.6800","3.5705","0.0322"
"","124.7800","3.5604","0.0321"
"","124.8800","3.5507","0.0318"
"","124.9800","3.5403","0.0315"
"","125.0800","3.5305","0.0311"
"","125.1800","3.5205","0.0305"
"","125.2800","3.5106","0.0297"
"","125.3800","3.5004","0.0288"
"","125.4800","3.4906","0.0280"
"","125.5800","3.4807","0.0272"
"","125.6800","3.4704","0.0264"
"","125.7800","3.4604","0.0254"
"","125.8800","3.4505","0.0245"
"","125.9800","3.4407","0.0235"
"","126.0800","3.4304","0.0225"
"","126.1800","3.4204","0.0216"
"","126.2800","3.4107","0.0208"
"","126.3800","3.4005","0.0199"
"","126.4800","3.3904","0.0191"
"","126.5800","3.3804","0.0184"
"","126.6800","3.3708","0.0176"
"","126.7800","3.3604","0.0169"
"","126.8800","3.3504","0.0162"
"","126.9800","3.3406","0.0156"
"","127.0800","3.3306","0.0150"
"","127.1800","3.3206","0.0144"
"","127.2800","3.3104","0.0138"
"","127.3800","3.3007","0.0133"
"","127.4800","3.2903","0.0128"
"","127.5800","3.2804","0.0123"
"","127.6800","3.2705","0.0119"
"","127.7800","3.2606","0.0115"
"","127.8800","3.2504","0.0110"
"","127.9800","3.2405","0.0106"
"","128.0800","3.2308","0.0102"
"","128.1800","3.2205","0.0098"
"","128.2800","3.2103","0.0095"
"","128.3800","3.2005","0.0091"
"","128.4800","3.1908","0.0088"
"","128.5800","3.1805","0.0084"
"","128.6800","3.1704","0.0081"
"","128.7800","3.1606","0.0078"
"","128.8800","3.1506","0.0075"
"","128.9800","3.1405","0.0072"
"","129.0800","3.1304","0.0070"
"","129.1800","3.1207","0.0067"
"","129.2800","3.1106","0.0065"
"","129.3800","3.1004","0.0062"
"","129.4800","3.0905","0.0060"
"","129.5800","3.0806","0.0058"
"","129.6800","3.0705","0.0056"
"","129.7800","3.0605","0.0054"
"","129.8800","3.0507","0.0052"
"","129.9800","3.0403","0.0050"
"","130.0800","3.0305","0.0048"
"","130.1800","3.0205","0.0046"
"","130.2800","3.0106","0.0044"
"","130.3800","3.0004","0.0043"
"","130.4800","2.9905","0.0041"
"","130.5800","2.9808","0.0040"
"","130.6800","2.9705","0.0038"
"","130.7800","2.9603","0.0037"
"","130.8800","2.9505","0.0036"
"","130.9800","2.9408","0.0034"
"","131.0800","2.9305","0.0033"
"","131.1800","2.9203","0.0032"
"","131.2800","2.9106","0.0031"
"","131.3800","2.9006","0.0030"
"","131.4800","2.8905","0.0029"
"","131.5800","2.8804","0.0028"
"","131.6800","2.8707","0.0028"
"","131.7800","2.8605","0.0027"
"","131.8800","2.8505","0.0026"
"","131.9800","2.8405","0.0025"
"","132.0800","2.8305","0.0025"
"","132.1800","2.8205","0.0024"
"","132.2800","2.8104","0.0023"
"","132.3800","2.8007","0.0023"
"","132.4800","2.7903","0.0022"
"","132.5800","2.7805","0.0022"
"","132.6800","2.7706","0.0021"
"","132.7800","2.7607","0.0021"
"","132.8800","2.7503","0.0020"
"","132.9800","2.7406","0.0020"
"","133.0800","2.7307","0.0019"
"","133.1800","2.7205","0.0019"
"","133.2800","2.7103","0.0018"
"","133.3800","2.7005","0.0018"
"","133.4800","2.6908","0.0017"
"","133.5800","2.6805","0.0017"
"","133.6800","2.6704","0.0016"
"","133.7800","2.6606","0.0016"
"","133.8800","2.6506","0.0016"
"","133.9800","2.6404","0.0015"
"","134.0800","2.6303","0.0015"
"","134.1800","2.6207","0.0014"
"","134.2800","2.6105","0.0014"
"","134.3800","2.6005","0.0014"
"","134.4800","2.5906","0.0014"
"","134.5800","2.5805","0.0013"
"","134.6800","2.5705","0.0013"
"","134.7800","2.5605","0.0013"
"","134.8800","2.5508","0.0012"
"","134.9800","2.5402","0.0012"
"","135.0800","2.5304","0.0012"
"","135.1800","2.5205","0.0011"
"","135.2800","2.5106","0.0011"
"","135.3800","2.5005","0.0011"
"","135.4800","2.4906","0.0010"
"","135.5800","2.4808","0.0010"
"","135.6800","2.4704","0.0010"
"","135.7800","2.4603","0.0010"
"","135.8800","2.4505","0.0009"
"","135.9800","2.4408","0.0009"
"","136.0800","2.4305","0.0009"
"","136.1800","2.4203","0.0009"
"","136.2800","2.4106","0.0008"
"","136.3800","2.4006","0.0008"
"","136.4800","2.3905","0.0008"
"","136.5800","2.3804","0.0008"
"","136.6800","2.3707","0.0007"
"","136.7800","2.3606","0.0007"
"","136.8800","2.3504","0.0007"
"","136.9800","2.3405","0.0007"
"","137.0800","2.3306","0.0007"
"","137.1800","2.3206","0.0006"
"","137.2800","2.3105","0.0006"
"","137.3800","2.3007","0.0006"
"","137.4800","2.2903","0.0006"
"","137.5800","2.2805","0.0006"
"","137.6800","2.2705","0.0006"
"","137.7800","2.2606","0.0005"
"","137.8800","2.2504","0.0005"
"","137.9800","2.2405","0.0005"
"","138.0800","2.2308","0.0005"
"","138.1800","2.2205","0.0005"
"","138.2800","2.2103","0.0005"
"","138.3800","2.2005","0.0004"
"","138.4800","2.1908","0.0004"
"","138.5800","2.1805","0.0004"
"","138.6800","2.1703","0.0004"
"","138.7800","2.1606","0.0004"
"","138.8800","2.1506","0.0004"
"","138.9800","2.1406","0.0004"
"","139.0800","2.1303","0.0003"
"","139.1800","2.1206","0.0003"
"","139.2800","2.1105","0.0003"
"","139.3800","2.1005","0.0003"
"","139.4800","2.0905","0.0003"
"","139.5800","2.0805","0.0003"
"","139.6800","2.0705","0.0003"
"","139.7800","2.0605","0.0003"
"","139.8800","2.0507","0.0003"
"","139.9800","2.0403","0.0002"
"","140.0800","2.0305","0.0002"
"","140.1800","2.0206","0.0002"
"","140.2800","2.0107","0.0002"
"","140.3800","2.0003","0.0002"
"","140.4800","1.9906","0.0002"
"","140.5800","1.9807","0.0002"
"","140.6800","1.9705","0.0002"
"","140.7800","1.9603","0.0002"
"","140.8800","1.9505","0.0001"
"","140.9800","1.9408","0.0001"
"","141.0800","1.9304","0.0001"
"","141.1800","1.9203","0.0001"
"","141.2800","1.9107","0.0001"
"","141.3800","1.9006","0.0001"
"","141.4800","1.8904","0.0001"
"","141.5800","1.8804","0.0001"
"","141.6800","1.8706","0.0001"
"","141.7800","1.8605","0.0001"
"","141.8800","1.8504","0.0001"
"","141.9800","1.8405","0.0001"
"","142.0800","1.8305","0.0001"
"","142.1800","1.8205","0.0001"
"","142.2800","1.8105","0.0001"
"","142.3800","1.8008","0.0001"
"","142.4800","1.7902","0.0001"
"","142.5800","1.7804","0.0001"
"","142.6800","1.7706","0.0000"
"","142.7800","1.7607","0.0000"
"","142.8800","1.7504","0.0000"
"","142.9800","1.7405","0.0000"
"","143.0800","1.7308","0.0000"
"","143.1800","1.7205","0.0000"
"","143.2800","1.7103","0.0000"
"","143.3800","1.7004","0.0000"
"","143.4800","1.6908","0.0000"
"","143.5800","1.6805","0.0000"
"","143.6800","1.6704","0.0000"
"","143.7800","1.6606","0.0000"
"","143.8800","1.6506","0.0000"
"","143.9800","1.6405","0.0000"
"","144.0800","1.6304","0.0000"
"","144.1800","1.6207","0.0000"
"","144.2800","1.6105","0.0000"
"","144.3800","1.6004","0.0000"
"","144.4800","1.5905","0.0000"
"","144.5800","1.5806","0.0000"
"","144.6800","1.5705","0.0000"
"","144.7800","1.5605","0.0000"
"","144.8800","1.5507","0.0000"
"","144.9800","1.5404","0.0000"
"","145.0800","1.5304","0.0000"
"","145.1800","1.5205","0.0000"
"","145.2800","1.5106","0.0000"
"","145.3800","1.5005","0.0000"
"","145.4800","1.4904","0.0000"
"","145.5800","1.4807","0.0000"
"","145.6800","1.4705","0.0000"
"","145.7800","1.4605","0.0000"
"","145.8800","1.4505","0.0000"
"","145.9800","1.4408","0.0000"
"","146.0800","1.4305","0.0000"
"","146.1800","1.4204","0.0000"
"","146.2800","1.4106","0.0000"
"","146.3800","1.4006","0.0000"
"","146.4800","1.3905","0.0000"
"","146.5800","1.3804","0.0000"
"","146.6800","1.3707","0.0000"
"","146.7800","1.3605","0.0000"
"","146.8800","1.3505","0.0000"
"","146.9800","1.3405","0.0000"
"","147.0800","1.3305","0.0000"
"","147.1800","1.3205","0.0000"
"","147.2800","1.3105","0.0000"
"","147.3800","1.3007","0.0000"
"","147.4800","1.2903","0.0000"
"","147.5800","1.2805","0.0000"
"","147.6800","1.2706","0.0000"
"","147.7800","1.2607","0.0000"
"","147.8800","1.2504","0.0000"
"","147.9800","1.2406","0.0000"
"","148.0800","1.2307","0.0000"
"","148.1800","1.2204","0.0000"
"","148.2800","1.2103","0.0000"
"","148.3800","1.2005","0.0000"
"","148.4800","1.1908","0.0000"
"","148.5800","1.1804","0.0000"
"","148.6800","1.1704","0.0000"
"","148.7800","1.1607","0.0000"
"","148.8800","1.1506","0.0000"
"","148.9800","1.1404","0.0000"
"","149.0800","1.1304","0.0000"
"","149.1800","1.1207","0.0000"
"","149.2800","1.1106","0.0000"
"","149.3800","1.1004","0.0000"
"","149.4800","1.0905","0.0000"
"","149.5800","1.0805","0.0000"
"","149.6800","1.0706","0.0000"
"","149.7800","1.0605","0.0000"
"","149.8800","1.0507","0.0000"
"","149.9800","1.0403","0.0000"
"","150.0800","1.0304","0.0000"
"","150.1800","1.0205","0.0000"
"","150.2800","1.0107","0.0000"
"","150.3800","1.0004","0.0000"
"","150.4800","0.9905","0.0000"
"","150.5800","0.9808","0.0000"
"","150.6800","0.9705","0.0000"
"","150.7800","0.9603","0.0000"
"","150.8800","0.9505","0.0000"
"","150.9800","0.9408","0.0000"
"","151.0800","0.9305","0.0000"
"","151.1800","0.9203","0.0000"
"","151.2800","0.9106","0.0000"
"","151.3800","0.9006","0.0000"
"","151.4800","0.8905","0.0000"
"","151.5800","0.8804","0.0000"
"","151.6800","0.8707","0.0000"
"","151.7800","0.8605","0.0000"
"","151.8800","0.8504","0.0000"
"","151.9800","0.8405","0.0000"
"","152.0800","0.8306","0.0000"
"","152.1800","0.8206","0.0000"
"","152.2800","0.8105","0.0000"
"","152.3800","0.8007","0.0000"
"","152.4800","0.7904","0.0000"
"","152.5800","0.7805","0.0000"
"","152.6800","0.7705","0.0000"
"","152.7800","0.7606","0.0000"
"","152.8800","0.7504","0.0000"
"","152.9800","0.7405","0.0000"
"","153.0800","0.7308","0.0000"
"","153.1800","0.7205","0.0000"
"","153.2800","0.7103","0.0000"
"","153.3800","0.7005","0.0000"
"","153.4800","0.6908","0.0000"
"","153.5800","0.6805","0.0000"
"","153.6800","0.6703","0.0000"
"","153.7800","0.6606","0.0000"
"","153.8800","0.6506","0.0000"
"","153.9800","0.6405","0.0000"
"","154.0800","0.6303","0.0000"
"","154.1800","0.6207","0.0000"
"","154.2800","0.6105","0.0000"
"","154.3800","0.6005","0.0000"
"","154.4800","0.5905","0.0000"
"","154.5800","0.5806","0.0000"
"","154.6800","0.5705","0.0000"
"","154.7800","0.5604","0.0000"
"","154.8800","0.5507","0.0000"
"","154.9800","0.5403","0.0000"
"","155.0800","0.5305","0.0000"
"","155.1800","0.5205","0.0000"
"","155.2800","0.5106","0.0000"
"","155.3800","0.5004","0.0000"
"","155.4800","0.4906","0.0000"
"","155.5800","0.4807","0.0000"
"","155.6800","0.4705","0.0000"
"","155.7800","0.4603","0.0000"
"","155.8800","0.4505","0.0000"
"","155.9800","0.4408","0.0000"
"","156.0800","0.4304","0.0000"
"","156.1800","0.4203","0.0000"
"","156.2800","0.4107","0.0000"
"","156.3800","0.4006","0.0000"
"","156.4800","0.3904","0.0000"
"","156.5800","0.3804","0.0000"
"","156.6800","0.3707","0.0000"
"","156.7800","0.3605","0.0000"
"","156.8800","0.3504","0.0000"
"","156.9800","0.3405","0.0000"
"","157.0800","0.3305","0.0000"
"","157.1800","0.3205","0.0000"
"","157.2800","0.3104","0.0000"
"","157.3800","0.3007","0.0000"
"","157.4800","0.2903","0.0000"
"","157.5800","0.2804","0.0000"
"","157.6800","0.2705","0.0000"
"","157.7800","0.2606","0.0000"
"","157.8800","0.2504","0.0000"
"","157.9800","0.2405","0.0000"
"","158.0800","0.2308","0.0000"
"","158.1800","0.2205","0.0000"
"","158.2800","0.2103","0.0000"
"","158.3800","0.2005","0.0000"
"","158.4800","0.1908","0.0000"
"","158.5800","0.1805","0.0000"
"","158.6800","0.1703","0.0000"
"","158.7800","0.1606","0.0000"
"","158.8800","0.1506","0.0000"
"","158.9800","0.1405","0.0000"
"","159.0800","0.1304","0.0000"
"","159.1800","0.1206","0.0000"
"","159.2800","0.1106","0.0000"
"","159.3800","0.1004","0.0000"
"","159.4800","0.0905","0.0000"
"","159.5800","0.0805","0.0000"
"","159.6800","0.0705","0.0000"
"","159.7800","0.0604","0.0000"
"","159.8800","0.0506","0.0000"
"","159.9800","0.0404","0.0000"
"","160.0800","0.0304","0.0000"
"","160.1800","0.0205","0.0000"
"","160.2800","0.0107","0.0000"
"","160.3800","0.0007","0.0000"
"","160.3880","-0.0001","0.0000"
"","160.3890","-0.0002","0.0000"
"","160.3900","-0.0003","0.0000"
"","160.4900","-0.0007","0.0000"
"","160.5900","0.0068","0.0000"
"","160.6900","0.0187","0.0000"
"","160.7900","0.0291","0.0000"
"","160.8900","0.0394","0.0000"
"","160.9900","0.0495","0.0000"
"","161.0900","0.0590","0.0000"
"","161.1900","0.0692","0.0000"
"","161.2900","0.0793","0.0000"
"","161.3900","0.0894","0.0000"
"","161.4900","0.0991","0.0000"
"","161.5900","0.1093","0.0000"
"","161.6900","0.1193","0.0000"
"","161.7900","0.1293","0.0000"
"","161.8900","0.1393","0.0000"
"","161.9900","0.1493","0.0000"
"","162.0900","0.1592","0.0000"
"","162.1900","0.1691","0.0000"
"","162.2900","0.1793","0.0000"
"","162.3900","0.1892","0.0000"
"","162.4900","0.1992","0.0000"
"","162.5900","0.2093","0.0000"
"","162.6900","0.2193","0.0000"
"","162.7900","0.2293","0.0000"
"","162.8900","0.2390","0.0000"
"","162.9900","0.2494","0.0000"
"","163.0900","0.2593","0.0000"
"","163.1900","0.2693","0.0000"
"","163.2900","0.2792","0.0000"
"","163.3900","0.2894","0.0000"
"","163.4900","0.2995","0.0000"
"","163.5900","0.3090","0.0000"
"","163.6900","0.3194","0.0000"
"","163.7900","0.3293","0.0000"
"","163.8900","0.3394","0.0000"
"","163.9900","0.3491","0.0000"
"","164.0900","0.3594","0.0000"
"","164.1900","0.3693","0.0000"
"","164.2900","0.3793","0.0000"
"","164.3900","0.3893","0.0000"
"","164.4900","0.3993","0.0000"
"","164.5900","0.4094","0.0000"
"","164.6900","0.4191","0.0000"
"","164.7900","0.4293","0.0000"
"","164.8900","0.4393","0.0000"
"","164.9900","0.4492","0.0000"
"","165.0900","0.4593","0.0000"
"","165.1900","0.4695","0.0000"
"","165.2900","0.4793","0.0000"
"","165.3900","0.4890","0.0000"
"","165.4900","0.4993","0.0000"
"","165.5900","0.5094","0.0000"
"","165.6900","0.5192","0.0000"
"","165.7900","0.5292","0.0000"
"","165.8900","0.5394","0.0000"
"","165.9900","0.5495","0.0000"
"","166.0900","0.5590","0.0000"
"","166.1900","0.5692","0.0000"
"","166.2900","0.5793","0.0000"
"","166.3900","0.5894","0.0000"
"","166.4900","0.5991","0.0000"
"","166.5900","0.6093","0.0000"
"","166.6900","0.6193","0.0000"
"","166.7900","0.6292","0.0000"
"","166.8900","0.6393","0.0000"
"","166.9900","0.6493","0.0000"
"","167.0900","0.6593","0.0000"
"","167.1900","0.6691","0.0000"
"","167.2900","0.6793","0.0000"
"","167.3900","0.6893","0.0000"
"","167.4900","0.6992","0.0000"
"","167.5900","0.7093","0.0000"
"","167.6900","0.7194","0.0000"
"","167.7900","0.7293","0.0000"
"","167.8900","0.7390","0.0000"
"","167.9900","0.7493","0.0000"
"","168.0900","0.7594","0.0000"
"","168.1900","0.7692","0.0000"
"","168.2900","0.7792","0.0000"
"","168.3900","0.7894","0.0000"
"","168.4900","0.7995","0.0000"
"","168.5900","0.8090","0.0000"
"","168.6900","0.8192","0.0000"
"","168.7900","0.8293","0.0000"
"","168.8900","0.8394","0.0000"
"","168.9900","0.8491","0.0000"
"","169.0900","0.8592","0.0000"
"","169.1900","0.8694","0.0000"
"","169.2900","0.8793","0.0000"
"","169.3900","0.8893","0.0000"
"","169.4900","0.8993","0.0000"
"","169.5900","0.9092","0.0000"
"","169.6900","0.9191","0.0000"
"","169.7900","0.9293","0.0000"
"","169.8900","0.9393","0.0000"
"","169.9900","0.9492","0.0000"
"","170.0900","0.9594","0.0000"
"","170.1900","0.9694","0.0000"
"","170.2900","0.9793","0.0000"
"","170.3900","0.9890","0.0000"
"","170.4900","0.9993","0.0000"
"","170.5900","1.0093","0.0000"
"","170.6900","1.0192","0.0000"
"","170.7900","1.0292","0.0000"
"","170.8900","1.0394","0.0000"
"","170.9900","1.0495","0.0000"
"","171.0900","1.0590","0.0000"
"","171.1900","1.0693","0.0000"
"","171.2900","1.0792","0.0000"
"","171.3900","1.0894","0.0000"
"","171.4900","1.0992","0.0000"
"","171.5900","1.1093","0.0000"
"","171.6900","1.1193","0.0000"
"","171.7900","1.1292","0.0000"
"","171.8900","1.1394","0.0000"
"","171.9900","1.1493","0.0000"
"","172.0900","1.1593","0.0000"
"","172.1900","1.1690","0.0000"
"","172.2900","1.1794","0.0000"
"","172.3900","1.1893","0.0000"
"","172.4900","1.1991","0.0000"
"","172.5900","1.2093","0.0000"
"","172.6900","1.2195","0.0000"
"","172.7900","1.2294","0.0000"
"","172.8900","1.2390","0.0000"
"","172.9900","1.2492","0.0000"
"","173.0900","1.2594","0.0000"
"","173.1900","1.2692","0.0000"
"","173.2900","1.2791","0.0000"
"","173.3900","1.2893","0.0000"
"","173.4900","1.2994","0.0000"
"","173.5900","1.3090","0.0000"
"","173.6900","1.3192","0.0000"
"","173.7900","1.3293","0.0000"
"","173.8900","1.3393","0.0000"
"","173.9900","1.3491","0.0000"
"","174.0900","1.3594","0.0000"
"","174.1900","1.3693","0.0000"
"","174.2900","1.3791","0.0000"
"","174.3900","1.3893","0.0000"
"","174.4900","1.3994","0.0000"
"","174.5900","1.4094","0.0000"
"","174.6900","1.4190","0.0000"
"","174.7900","1.4293","0.0000"
"","174.8900","1.4393","0.0000"
"","174.9900","1.4492","0.0000"
"","175.0900","1.4593","0.0000"
"","175.1900","1.4694","0.0000"
"","175.2900","1.4794","0.0000"
"","175.3900","1.4890","0.0000"
"","175.4900","1.4993","0.0000"
"","175.5900","1.5094","0.0000"
"","175.6900","1.5193","0.0000"
"","175.7900","1.5292","0.0001"
"","175.8900","1.5394","0.0001"
"","175.9900","1.5494","0.0001"
"","176.0900","1.5591","0.0001"
"","176.1900","1.5692","0.0001"
"","176.2900","1.5793","0.0001"
"","176.3900","1.5894","0.0001"
"","176.4900","1.5993","0.0001"
"","176.5900","1.6093","0.0001"
"","176.6900","1.6193","0.0001"
"","176.7900","1.6292","0.0001"
"","176.8900","1.6394","0.0001"
"","176.9900","1.6493","0.0001"
"","177.0900","1.6593","0.0001"
"","177.1900","1.6691","0.0001"
"","177.2900","1.6793","0.0001"
"","177.3900","1.6892","0.0001"
"","177.4900","1.6992","0.0001"
"","177.5900","1.7094","0.0001"
"","177.6900","1.7194","0.0001"
"","177.7900","1.7293","0.0001"
"","177.8900","1.7389","0.0001"
"","177.9900","1.7494","0.0002"
"","178.0900","1.7594","0.0002"
"","178.1900","1.7693","0.0002"
"","178.2900","1.7792","0.0002"
"","178.3900","1.7894","0.0002"
"","178.4900","1.7995","0.0002"
"","178.5900","1.8090","0.0002"
"","178.6900","1.8193","0.0002"
"","178.7900","1.8292","0.0002"
"","178.8900","1.8394","0.0003"
"","178.9900","1.8491","0.0003"
"","179.0900","1.8593","0.0003"
"","179.1900","1.8693","0.0003"
"","179.2900","1.8792","0.0003"
"","179.3900","1.8894","0.0003"
"","179.4900","1.8993","0.0004"
"","179.5900","1.9093","0.0004"
"","179.6900","1.9191","0.0004"
"","179.7900","1.9294","0.0004"
"","179.8900","1.9392","0.0004"
"","179.9900","1.9491","0.0004"
"","180.0900","1.9593","0.0005"
"","180.1900","1.9695","0.0005"
"","180.2900","1.9794","0.0005"
"","180.3900","1.9890","0.0005"
"","180.4900","1.9992","0.0005"
"","180.5900","2.0095","0.0006"
"","180.6900","2.0191","0.0006"
"","180.7900","2.0291","0.0006"
"","180.8900","2.0393","0.0006"
"","180.9900","2.0495","0.0007"
"","181.0900","2.0590","0.0007"
"","181.1900","2.0692","0.0007"
"","181.2900","2.0793","0.0007"
"","181.3900","2.0895","0.0007"
"","181.4900","2.0992","0.0008"
"","181.5900","2.1093","0.0008"
"","181.6900","2.1193","0.0008"
"","181.7900","2.1292","0.0008"
"","181.8900","2.1394","0.0009"
"","181.9900","2.1493","0.0009"
"","182.0900","2.1593","0.0009"
"","182.1900","2.1691","0.0009"
"","182.2900","2.1794","0.0010"
"","182.3900","2.1892","0.0010"
"","182.4900","2.1991","0.0010"
"","182.5900","2.2093","0.0010"
"","182.6900","2.2195","0.0011"
"","182.7900","2.2294","0.0011"
"","182.8900","2.2390","0.0011"
"","182.9900","2.2492","0.0012"
"","183.0900","2.2594","0.0012"
"","183.1900","2.2692","0.0012"
"","183.2900","2.2792","0.0013"
"","183.3900","2.2894","0.0013"
"","183.4900","2.2995","0.0013"
"","183.5900","2.3090","0.0014"
"","183.6900","2.3192","0.0014"
"","183.7900","2.3293","0.0014"
"","183.8900","2.3394","0.0015"
"","183.9900","2.3492","0.0015"
"","184.0900","2.3592","0.0015"
"","184.1900","2.3693","0.0016"
"","184.2900","2.3793","0.0016"
"","184.3900","2.3893","0.0016"
"","184.4900","2.3992","0.0017"
"","184.5900","2.4091","0.0017"
"","184.6900","2.4191","0.0018"
"","184.7900","2.4293","0.0018"
"","184.8900","2.4393","0.0019"
"","184.9900","2.4492","0.0019"
"","185.0900","2.4594","0.0020"
"","185.1900","2.4695","0.0020"
"","185.2900","2.4793","0.0021"
"","185.3900","2.4889","0.0022"
"","185.4900","2.4993","0.0022"
"","185.5900","2.5093","0.0023"
"","185.6900","2.5192","0.0023"
"","185.7900","2.5292","0.0024"
"","185.8900","2.5394","0.0025"
"","185.9900","2.5495","0.0025"
"","186.0900","2.5589","0.0026"
"","186.1900","2.5693","0.0027"
"","186.2900","2.5793","0.0027"
"","186.3900","2.5894","0.0028"
"","186.4900","2.5991","0.0029"
"","186.5900","2.6093","0.0030"
"","186.6900","2.6193","0.0031"
"","186.7900","2.6292","0.0032"
"","186.8900","2.6394","0.0033"
"","186.9900","2.6493","0.0034"
"","187.0900","2.6594","0.0035"
"","187.1900","2.6691","0.0036"
"","187.2900","2.6793","0.0037"
"","187.3900","2.6893","0.0039"
"","187.4900","2.6991","0.0040"
"","187.5900","2.7093","0.0041"
"","187.6900","2.7195","0.0042"
"","187.7900","2.7293","0.0044"
"","187.8900","2.7390","0.0045"
"","187.9900","2.7492","0.0047"
"","188.0900","2.7594","0.0048"
"","188.1900","2.7692","0.0050"
"","188.2900","2.7791","0.0051"
"","188.3900","2.7894","0.0053"
"","188.4900","2.7995","0.0054"
"","188.5900","2.8090","0.0056"
"","188.6900","2.8193","0.0058"
"","188.7900","2.8293","0.0060"
"","188.8900","2.8395","0.0061"
"","188.9900","2.8491","0.0063"
"","189.0900","2.8593","0.0064"
"","189.1900","2.8693","0.0067"
"","189.2900","2.8791","0.0068"
"","189.3900","2.8893","0.0070"
"","189.4900","2.8993","0.0072"
"","189.5900","2.9093","0.0075"
"","189.6900","2.9191","0.0077"
"","189.7900","2.9294","0.0079"
"","189.8900","2.9393","0.0082"
"","189.9900","2.9492","0.0085"
"","190.0900","2.9593","0.0087"
"","190.1900","2.9694","0.0090"
"","190.2900","2.9793","0.0094"
"","190.3900","2.9889","0.0097"
"","190.4900","2.9993","0.0100"
"","190.5900","3.0095","0.0104"
"","190.6900","3.0192","0.0107"
"","190.7900","3.0291","0.0111"
"","190.8900","3.0394","0.0115"
"","190.9900","3.0495","0.0119"
"","191.0900","3.0590","0.0122"
"","191.1900","3.0692","0.0127"
"","191.2900","3.0792","0.0131"
"","191.3900","3.0894","0.0136"
"","191.4900","3.0991","0.0140"
"","191.5900","3.1093","0.0145"
"","191.6900","3.1193","0.0150"
"","191.7900","3.1293","0.0155"
"","191.8900","3.1393","0.0160"
"","191.9900","3.1493","0.0165"
"","192.0900","3.1592","0.0171"
"","192.1900","3.1691","0.0176"
"","192.2900","3.1793","0.0182"
"","192.3900","3.1893","0.0188"
"","192.4900","3.1992","0.0194"
"","192.5900","3.2094","0.0201"
"","192.6900","3.2194","0.0207"
"","192.7900","3.2293","0.0214"
"","192.8900","3.2390","0.0221"
"","192.9900","3.2493","0.0228"
"","193.0900","3.2593","0.0235"
"","193.1900","3.2693","0.0243"
"","193.2900","3.2793","0.0250"
"","193.3900","3.2894","0.0258"
"","193.4900","3.2994","0.0266"
"","193.5900","3.3090","0.0273"
"","193.6900","3.3194","0.0281"
"","193.7900","3.3293","0.0288"
"","193.8900","3.3393","0.0293"
"","193.9900","3.3490","0.0297"
"","194.0900","3.3593","0.0302"
"","194.1900","3.3694","0.0307"
"","194.2900","3.3792","0.0312"
"","194.3900","3.3893","0.0315"
"","194.4900","3.3994","0.0319"
"","194.5900","3.4094","0.0323"
"","194.6900","3.4190","0.0326"
"","194.7900","3.4293","0.0330"
"","194.8900","3.4393","0.0335"
"","194.9900","3.4492","0.0340"
"","195.0900","3.4593","0.0345"
"","195.1900","3.4692","0.0346"
"","195.2900","3.4793","0.0346"
"","195.3900","3.4890","0.0347"
"","195.4900","3.4993","0.0348"
"","195.5900","3.5093","0.0350"
"","195.6900","3.5192","0.0352"
"","195.7900","3.5292","0.0354"
"","195.8900","3.5394","0.0358"
"","195.9900","3.5495","0.0362"
"","196.0900","3.5590","0.0368"
"","196.1900","3.5693","0.0376"
"","196.2900","3.5794","0.0383"
"","196.3900","3.5894","0.0389"
"","196.4900","3.5991","0.0395"
"","196.5900","3.6096","0.0404"
"","196.6900","3.6194","0.0414"
"","196.7900","3.6291","0.0424"
"","196.8900","3.6393","0.0435"
"","196.9900","3.6493","0.0446"
"","197.0900","3.6594","0.0458"
"","197.1900","3.6691","0.0468"
"","197.2900","3.6793","0.0480"
"","197.3900","3.6892","0.0491"
"","197.4900","3.6991","0.0503"
"","197.5900","3.7093","0.0516"
"","197.6900","3.7194","0.0528"
"","197.7900","3.7293","0.0541"
"","197.8900","3.7390","0.0553"
"","197.9900","3.7492","0.0567"
"","198.0900","3.7594","0.0580"
"","198.1900","3.7692","0.0593"
"","198.2900","3.7791","0.0607"
"","198.3900","3.7894","0.0621"
"","198.4900","3.7995","0.0635"
"","198.5900","3.8091","0.0648"
"","198.6900","3.8192","0.0663"
"","198.7900","3.8292","0.0678"
"","198.8900","3.8394","0.0692"
"","198.9900","3.8491","0.0706"
"","199.0900","3.8592","0.0722"
"","199.1900","3.8693","0.0737"
"","199.2900","3.8792","0.0752"
"","199.3900","3.8893","0.0767"
"","199.4900","3.8993","0.0783"
"","199.5900","3.9092","0.0799"
"","199.6900","3.9191","0.0814"
"","199.7900","3.9293","0.0830"
"","199.8900","3.9392","0.0846"
"","199.9900","3.9491","0.0862"
"","200.0900","3.9594","0.0879"
"","200.1900","3.9694","0.0894"
"","200.2900","3.9793","0.0910"
"","200.3900","3.9889","0.0925"
"","200.4900","3.9993","0.0941"
"","200.4970","4.0000","0.0942"
"","200.4980","4.0001","0.0942"
"","200.4990","4.0002","0.0942"
"","200.5990","4.0005","0.0935"
"","200.6990","3.9930","0.0909"
"","200.7990","3.9813","0.0873"
"","200.8990","3.9706","0.0842"
"","200.9990","3.9604","0.0814"
"","201.0990","3.9505","0.0787"
"","201.1990","3.9408","0.0762"
"","201.2990","3.9306","0.0736"
"","201.3990","3.9204","0.0712"
"","201.4990","3.9106","0.0689"
"","201.5990","3.9006","0.0665"
"","201.6990","3.8905","0.0642"
"","201.7990","3.8804","0.0621"
"","201.8990","3.8707","0.0600"
"","201.9990","3.8606","0.0579"
"","202.0990","3.8504","0.0559"
"","202.1990","3.8405","0.0539"
"","202.2990","3.8305","0.0521"
"","202.3990","3.8206","0.0502"
"","202.4990","3.8105","0.0484"
"","202.5990","3.8007","0.0467"
"","202.6990","3.7904","0.0450"
"","202.7990","3.7805","0.0434"
"","202.8990","3.7705","0.0421"
"","202.9990","3.7606","0.0411"
"","203.0990","3.7504","0.0399"
"","203.1990","3.7405","0.0387"
"","203.2990","3.7308","0.0377"
"","203.3990","3.7205","0.0370"
"","203.4990","3.7104","0.0366"
"","203.5990","3.7005","0.0360"
"","203.6990","3.6908","0.0355"
"","203.7990","3.6805","0.0351"
"","203.8990","3.6703","0.0348"
"","203.9990","3.6606","0.0341"
"","204.0990","3.6506","0.0337"
"","204.1990","3.6405","0.0332"
"","204.2990","3.6304","0.0331"
"","204.3990","3.6207","0.0330"
"","204.4990","3.6105","0.0329"
"","204.5990","3.6005","0.0328"
"","204.6990","3.5905","0.0324"
"","204.7990","3.5806","0.0321"
"","204.8990","3.5705","0.0320"
"","204.9990","3.5604","0.0317"
"","205.0990","3.5507","0.0314"
"","205.1990","3.5404","0.0309"
"","205.2990","3.5305","0.0303"
"","205.3990","3.5205","0.0295"
"","205.4990","3.5106","0.0286"
"","205.5990","3.5004","0.0277"
"","205.6990","3.4906","0.0270"
"","205.7990","3.4807","0.0261"
"","205.8990","3.4704","0.0251"
"","205.9990","3.4604","0.0241"
"","206.0990","3.4504","0.0231"
"","206.1990","3.4407","0.0222"
"","206.2990","3.4304","0.0212"
"","206.3990","3.4204","0.0204"
"","206.4990","3.4107","0.0196"
"","206.5990","3.4005","0.0187"
"","206.6990","3.3904","0.0179"
"","206.7990","3.3804","0.0172"
"","206.8990","3.3707","0.0166"
"","206.9990","3.3604","0.0159"
"","207.0990","3.3504","0.0152"
"","207.1990","3.3406","0.0147"
"","207.2990","3.3306","0.0141"
"","207.3990","3.3206","0.0135"
"","207.4990","3.3104","0.0130"
"","207.5990","3.3008","0.0125"
"","207.6990","3.2903","0.0120"
"","207.7990","3.2804","0.0115"
"","207.8990","3.2705","0.0111"
"","207.9990","3.2606","0.0107"
"","208.0990","3.2504","0.0103"
"","208.1990","3.2405","0.0099"
"","208.2990","3.2308","0.0095"
"","208.3990","3.2205","0.0091"
"","208.4990","3.2103","0.0088"
"","208.5990","3.2005","0.0084"
"","208.6990","3.1908","0.0081"
"","208.7990","3.1805","0.0078"
"","208.8990","3.1704","0.0075"
"","208.9990","3.1606","0.0072"
"","209.0990","3.1506","0.0069"
"","209.1990","3.1405","0.0067"
"","209.2990","3.1304","0.0064"
"","209.3990","3.1207","0.0062"
"","209.4990","3.1106","0.0060"
"","209.5990","3.1004","0.0057"
"","209.6990","3.0905","0.0055"
"","209.7990","3.0805","0.0053"
"","209.8990","3.0705","0.0051"
"","209.9990","3.0605","0.0049"
"","210.0990","3.0508","0.0048"
"","210.1990","3.0403","0.0046"
"","210.2990","3.0304","0.0044"
"","210.3990","3.0205","0.0043"
"","210.4990","3.0107","0.0041"
"","210.5990","3.0004","0.0040"
"","210.6990","2.9905","0.0038"
"","210.7990","2.9808","0.0037"
"","210.8990","2.9705","0.0036"
"","210.9990","2.9603","0.0034"
"","211.0990","2.9505","0.0033"
"","211.1990","2.9408","0.0032"
"","211.2990","2.9305","0.0031"
"","211.3990","2.9203","0.0030"
"","211.4990","2.9106","0.0029"
"","211.5990","2.9006","0.0028"
"","211.6990","2.8905","0.0028"
"","211.7990","2.8804","0.0027"
"","211.8990","2.8707","0.0026"
"","211.9990","2.8605","0.0025"
"","212.0990","2.8505","0.0024"
"","212.1990","2.8405","0.0024"
"","212.2990","2.8305","0.0023"
"","212.3990","2.8205","0.0023"
"","212.4990","2.8104","0.0022"
"","212.5990","2.8007","0.0022"
"","212.6990","2.7903","0.0021"
"","212.7990","2.7805","0.0020"
"","212.8990","2.7706","0.0020"
"","212.9990","2.7607","0.0019"
"","213.0990","2.7504","0.0019"
"","213.1990","2.7406","0.0018"
"","213.2990","2.7307","0.0018"
"","213.3990","2.7205","0.0017"
"","213.4990","2.7103","0.0017"
"","213.5990","2.7005","0.0016"
"","213.6990","2.6908","0.0016"
"","213.7990","2.6805","0.0016"
"","213.8990","2.6703","0.0015"
"","213.9990","2.6606","0.0015"
"","214.0990","2.6507","0.0015"
"","214.1990","2.6405","0.0014"
"","214.2990","2.6303","0.0014"
"","214.3990","2.6207","0.0014"
"","214.4990","2.6105","0.0013"
"","214.5990","2.6004","0.0013"
"","214.6990","2.5905","0.0013"
"","214.7990","2.5804","0.0012"
"","214.8990","2.5705","0.0012"
"","214.9990","2.5605","0.0012"
"","215.0990","2.5508","0.0011"
"","215.1990","2.5402","0.0011"
"","215.2990","2.5304","0.0011"
"","215.3990","2.5205","0.0010"
"","215.4990","2.5106","0.0010"
"","215.5990","2.5004","0.0010"
"","215.6990","2.4906","0.0010"
"","215.7990","2.4808","0.0009"
"","215.8990","2.4704","0.0009"
"","215.9990","2.4602","0.0009"
"","216.0990","2.4505","0.0009"
"","216.1990","2.4408","0.0008"
"","216.2990","2.4305","0.0008"
"","216.3990","2.4203","0.0008"
"","216.4990","2.4106","0.0008"
"","216.5990","2.4006","0.0008"
"","216.6990","2.3905","0.0007"
"","216.7990","2.3804","0.0007"
"","216.8990","2.3707","0.0007"
"","216.9990","2.3606","0.0007"
"","217.0990","2.3504","0.0006"
"","217.1990","2.3405","0.0006"
"","217.2990","2.3306","0.0006"
"","217.3990","2.3205","0.0006"
"","217.4990","2.3105","0.0006"
"","217.5990","2.3007","0.0006"
"","217.6990","2.2903","0.0005"
"","217.7990","2.2805","0.0005"
"","217.8990","2.2705","0.0005"
"","217.9990","2.2606","0.0005"
"","218.0990","2.2504","0.0005"
"","218.1990","2.2405","0.0005"
"","218.2990","2.2308","0.0004"
"","218.3990","2.2205","0.0004"
"","218.4990","2.2103","0.0004"
"","218.5990","2.2005","0.0004"
"","218.6990","2.1908","0.0004"
"","218.7990","2.1805","0.0004"
"","218.8990","2.1703","0.0004"
"","218.9990","2.1606","0.0003"
"","219.0990","2.1506","0.0003"
"","219.1990","2.1405","0.0003"
"","219.2990","2.1304","0.0003"
"","219.3990","2.1206","0.0003"
"","219.4990","2.1105","0.0003"
"","219.5990","2.1005","0.0003"
"","219.6990","2.0905","0.0003"
"","219.7990","2.0805","0.0003"
"","219.8990","2.0705","0.0002"
"","219.9990","2.0605","0.0002"
"","220.0990","2.0507","0.0002"
"","220.1990","2.0403","0.0002"
"","220.2990","2.0305","0.0002"
"","220.3990","2.0206","0.0002"
"","220.4990","2.0107","0.0002"
"","220.5990","2.0004","0.0002"
"","220.6990","1.9906","0.0002"
"","220.7990","1.9807","0.0001"
"","220.8990","1.9705","0.0001"
"","220.9990","1.9603","0.0001"
"","221.0990","1.9505","0.0001"
"","221.1990","1.9408","0.0001"
"","221.2990","1.9304","0.0001"
"","221.3990","1.9203","0.0001"
"","221.4990","1.9107","0.0001"
"","221.5990","1.9006","0.0001"
"","221.6990","1.8904","0.0001"
"","221.7990","1.8804","0.0001"
"","221.8990","1.8706","0.0001"
"","221.9990","1.8605","0.0001"
"","222.0990","1.8504","0.0001"
"","222.1990","1.8405","0.0000"
"","222.2990","1.8304","0.0001"
"","222.3990","1.8205","0.0000"
"","222.4990","1.8105","0.0001"
"","222.5990","1.8008","0.0000"
"","222.6990","1.7902","0.0000"
"","222.7990","1.7804","0.0000"
"","222.8990","1.7706","0.0000"
"","222.9990","1.7607","0.0000"
"","223.0990","1.7504","0.0000"
"","223.1990","1.7405","0.0000"
"","223.2990","1.7308","0.0000"
"","223.3990","1.7205","0.0000"
"","223.4990","1.7103","0.0000"
"","223.5990","1.7004","0.0000"
"","223.6990","1.6908","0.0000"
"","223.7990","1.6805","0.0000"
"","223.8990","1.6704","0.0000"
"","223.9990","1.6606","0.0000"
"","224.0990","1.6506","0.0000"
"","224.1990","1.6405","0.0000"
"","224.2990","1.6304","0.0000"
"","224.3990","1.6207","0.0000"
"","224.4990","1.6105","0.0000"
"","224.5990","1.6004","0.0000"
"","224.6990","1.5905","0.0000"
"","224.7990","1.5805","0.0000"
"","224.8990","1.5705","0.0000"
"","224.9990","1.5605","0.0000"
"","225.0990","1.5507","0.0000"
"","225.1990","1.5404","0.0000"
"","225.2990","1.5304","0.0000"
"","225.3990","1.5205","0.0000"
"","225.4990","1.5106","0.0000"
"","225.5990","1.5005","0.0000"
"","225.6990","1.4904","0.0000"
"","225.7990","1.4807","0.0000"
"","225.8990","1.4705","0.0000"
"","225.9990","1.4604","0.0000"
"","226.0990","1.4505","0.0000"
"","226.1990","1.4408","0.0000"
"","226.2990","1.4305","0.0000"
"","226.3990","1.4204","0.0000"
"","226.4990","1.4106","0.0000"
"","226.5990","1.4006","0.0000"
"","226.6990","1.3905","0.0000"
"","226.7990","1.3804","0.0000"
"","226.8990","1.3707","0.0000"
"","226.9990","1.3604","0.0000"
"","227.0990","1.3505","0.0000"
"","227.1990","1.3405","0.0000"
"","227.2990","1.3305","0.0000"
"","227.3990","1.3205","0.0000"
"","227.4990","1.3105","0.0000"
"","227.5990","1.3007","0.0000"
"","227.6990","1.2903","0.0000"
"","227.7990","1.2804","0.0000"
"","227.8990","1.2706","0.0000"
"","227.9990","1.2607","0.0000"
"","228.0990","1.2504","0.0000"
"","228.1990","1.2406","0.0000"
"","228.2990","1.2307","0.0000"
"","228.3990","1.2205","0.0000"
"","228.4990","1.2103","0.0000"
"","228.5990","1.2005","0.0000"
"","228.6990","1.1908","0.0000"
"","228.7990","1.1804","0.0000"
"","228.8990","1.1704","0.0000"
"","228.9990","1.1607","0.0000"
"","229.0990","1.1506","0.0000"
"","229.1990","1.1404","0.0000"
"","229.2990","1.1304","0.0000"
"","229.3990","1.1207","0.0000"
"","229.4990","1.1105","0.0000"
"","229.5990","1.1004","0.0000"
"","229.6990","1.0905","0.0000"
"","229.7990","1.0805","0.0000"
"","229.8990","1.0706","0.0000"
"","229.9990","1.0605","0.0000"
"","230.0990","1.0507","0.0000"
"","230.1990","1.0403","0.0000"
"","230.2990","1.0304","0.0000"
"","230.3990","1.0206","0.0000"
"","230.4990","1.0107","0.0000"
"","230.5990","1.0004","0.0000"
"","230.6990","0.9905","0.0000"
"","230.7990","0.9808","0.0000"
"","230.8990","0.9704","0.0000"
"","230.9990","0.9603","0.0000"
"","231.0990","0.9504","0.0000"
"","231.1990","0.9408","0.0000"
"","231.2990","0.9305","0.0000"
"","231.3990","0.9203","0.0000"
"","231.4990","0.9106","0.0000"
"","231.5990","0.9006","0.0000"
"","231.6990","0.8905","0.0000"
"","231.7990","0.8804","0.0000"
"","231.8990","0.8706","0.0000"
"","231.9990","0.8605","0.0000"
"","232.0990","0.8504","0.0000"
"","232.1990","0.8405","0.0000"
"","232.2990","0.8306","0.0000"
"","232.3990","0.8206","0.0000"
"","232.4990","0.8105","0.0000"
"","232.5990","0.8007","0.0000"
"","232.6990","0.7904","0.0000"
"","232.7990","0.7805","0.0000"
"","232.8990","0.7705","0.0000"
"","232.9990","0.7606","0.0000"
"","233.0990","0.7504","0.0000"
"","233.1990","0.7405","0.0000"
"","233.2990","0.7307","0.0000"
"","233.3990","0.7205","0.0000"
"","233.4990","0.7103","0.0000"
"","233.5990","0.7005","0.0000"
"","233.6990","0.6908","0.0000"
"","233.7990","0.6805","0.0000"
"","233.8990","0.6703","0.0000"
"","233.9990","0.6606","0.0000"
"","234.0990","0.6506","0.0000"
"","234.1990","0.6405","0.0000"
"","234.2990","0.6304","0.0000"
"","234.3990","0.6207","0.0000"
"","234.4990","0.6105","0.0000"
"","234.5990","0.6005","0.0000"
"","234.6990","0.5905","0.0000"
"","234.7990","0.5806","0.0000"
"","234.8990","0.5705","0.0000"
"","234.9990","0.5604","0.0000"
"","235.0990","0.5507","0.0000"
"","235.1990","0.5403","0.0000"
"","235.2990","0.5305","0.0000"
"","235.3990","0.5205","0.0000"
"","235.4990","0.5106","0.0000"
"","235.5990","0.5004","0.0000"
"","235.6990","0.4906","0.0000"
"","235.7990","0.4807","0.0000"
"","235.8990","0.4705","0.0000"
"","235.9990","0.4603","0.0000"
"","236.0990","0.4505","0.0000"
"","236.1990","0.4407","0.0000"
"","236.2990","0.4304","0.0000"
"","236.3990","0.4203","0.0000"
"","236.4990","0.4107","0.0000"
"","236.5990","0.4006","0.0000"
"","236.6990","0.3904","0.0000"
"","236.7990","0.3804","0.0000"
"","236.8990","0.3707","0.0000"
"","236.9990","0.3605","0.0000"
"","237.0990","0.3504","0.0000"
"","237.1990","0.3405","0.0000"
"","237.2990","0.3305","0.0000"
"","237.3990","0.3205","0.0000"
"","237.4990","0.3104","0.0000"
"","237.5990","0.3007","0.0000"
"","237.6990","0.2903","0.0000"
"","237.7990","0.2804","0.0000"
"","237.8990","0.2705","0.0000"
"","237.9990","0.2606","0.0000"
"","238.0990","0.2504","0.0000"
"","238.1990","0.2405","0.0000"
"","238.2990","0.2308","0.0000"
"","238.3990","0.2205","0.0000"
"","238.4990","0.2103","0.0000"
"","238.5990","0.2005","0.0000"
"","238.6990","0.1908","0.0000"
"","238.7990","0.1805","0.0000"
"","238.8990","0.1703","0.0000"
"","238.9990","0.1606","0.0000"
"","239.0990","0.1506","0.0000"
"","239.1990","0.1405","0.0000"
"","239.2990","0.1304","0.0000"
"","239.3990","0.1206","0.0000"
"","239.4990","0.1106","0.0000"
"","239.5990","0.1004","0.0000"
"","239.6990","0.0905","0.0000"
"","239.7990","0.0805","0.0000"
"","239.8990","0.0705","0.0000"
"","239.9990","0.0605","0.0000"
"","240.0990","0.0507","0.0000"
"","240.1990","0.0403","0.0000"
"","240.2990","0.0304","0.0000"
"","240.3990","0.0205","0.0000"
"","240.4990","0.0107","0.0000"
"","240.5990","0.0007","0.0000"
"","240.6070","0.0000","0.0000"
"","240.6080","-0.0001","0.0000"
"","240.6090","-0.0002","0.0000"
"","240.7090","-0.0007","0.0000"
"","240.8090","0.0067","0.0000"
"","240.9090","0.0186","0.0000"
"","241.0090","0.0290","0.0000"
"","241.1090","0.0393","0.0000"
"","241.2090","0.0494","0.0000"
"","241.3090","0.0590","0.0000"
"","241.4090","0.0691","0.0000"
"","241.5090","0.0793","0.0000"
"","241.6090","0.0893","0.0000"
"","241.7090","0.0991","0.0000"
"","241.8090","0.1092","0.0000"
"","241.9090","0.1193","0.0000"
"","242.0090","0.1292","0.0000"
"","242.1090","0.1392","0.0000"
"","242.2090","0.1492","0.0000"
"","242.3090","0.1592","0.0000"
"","242.4090","0.1691","0.0000"
"","242.5090","0.1792","0.0000"
"","242.6090","0.1892","0.0000"
"","242.7090","0.1991","0.0000"
"","242.8090","0.2093","0.0000"
"","242.9090","0.2193","0.0000"
"","243.0090","0.2293","0.0000"
"","243.1090","0.2390","0.0000"
"","243.2090","0.2493","0.0000"
"","243.3090","0.2592","0.0000"
"","243.4090","0.2692","0.0000"
"","243.5090","0.2792","0.0000"
"","243.6090","0.2894","0.0000"
"","243.7090","0.2994","0.0000"
"","243.8090","0.3089","0.0000"
"","243.9090","0.3193","0.0000"
"","244.0090","0.3292","0.0000"
"","244.1090","0.3394","0.0000"
"","244.2090","0.3490","0.0000"
"","244.3090","0.3593","0.0000"
"","244.4090","0.3693","0.0000"
"","244.5090","0.3792","0.0000"
"","244.6090","0.3893","0.0000"
"","244.7090","0.3993","0.0000"
"","244.8090","0.4093","0.0000"
"","244.9090","0.4190","0.0000"
"","245.0090","0.4293","0.0000"
"","245.1090","0.4392","0.0000"
"","245.2090","0.4491","0.0000"
"","245.3090","0.4593","0.0000"
"","245.4090","0.4694","0.0000"
"","245.5090","0.4793","0.0000"
"","245.6090","0.4890","0.0000"
"","245.7090","0.4992","0.0000"
"","245.8090","0.5094","0.0000"
"","245.9090","0.5191","0.0000"
"","246.0090","0.5291","0.0000"
"","246.1090","0.5394","0.0000"
"","246.2090","0.5494","0.0000"
"","246.3090","0.5589","0.0000"
"","246.4090","0.5692","0.0000"
"","246.5090","0.5793","0.0000"
"","246.6090","0.5894","0.0000"
"","246.7090","0.5990","0.0000"
"","246.8090","0.6092","0.0000"
"","246.9090","0.6193","0.0000"
"","247.0090","0.6291","0.0000"
"","247.1090","0.6392","0.0000"
"","247.2090","0.6493","0.0000"
"","247.3090","0.6593","0.0000"
"","247.4090","0.6691","0.0000"
"","247.5090","0.6793","0.0000"
"","247.6090","0.6892","0.0000"
"","247.7090","0.6991","0.0000"
"","247.8090","0.7093","0.0000"
"","247.9090","0.7194","0.0000"
"","248.0090","0.7293","0.0000"
"","248.1090","0.7389","0.0000"
"","248.2090","0.7493","0.0000"
"","248.3090","0.7594","0.0000"
"","248.4090","0.7692","0.0000"
"","248.5090","0.7791","0.0000"
"","248.6090","0.7894","0.0000"
"","248.7090","0.7994","0.0000"
"","248.8090","0.8090","0.0000"
"","248.9090","0.8192","0.0000"
"","249.0090","0.8293","0.0000"
"","249.1090","0.8393","0.0000"
"","249.2090","0.8491","0.0000"
"","249.3090","0.8592","0.0000"
"","249.4090","0.8693","0.0000"
"","249.5090","0.8793","0.0000"
"","249.6090","0.8893","0.0000"
"","249.7090","0.8992","0.0000"
"","249.8090","0.9092","0.0000"
"","249.9090","0.9191","0.0000"
"","250.0090","0.9293","0.0000"
"","250.1090","0.9392","0.0000"
"","250.2090","0.9491","0.0000"
"","250.3090","0.9593","0.0000"
"","250.4090","0.9694","0.0000"
"","250.5090","0.9793","0.0000"
"","250.6090","0.9890","0.0000"
"","250.7090","0.9993","0.0000"
"","250.8090","1.0093","0.0000"
"","250.9090","1.0192","0.0000"
"","251.0090","1.0291","0.0000"
"","251.1090","1.0394","0.0000"
"","251.2090","1.0494","0.0000"
"","251.3090","1.0590","0.0000"
"","251.4090","1.0693","0.0000"
"","251.5090","1.0792","0.0000"
"","251.6090","1.0893","0.0000"
"","251.7090","1.0991","0.0000"
"","251.8090","1.1093","0.0000"
"","251.9090","1.1192","0.0000"
"","252.0090","1.1292","0.0000"
"","252.1090","1.1394","0.0000"
"","252.2090","1.1493","0.0000"
"","252.3090","1.1593","0.0000"
"","252.4090","1.1690","0.0000"
"","252.5090","1.1793","0.0000"
"","252.6090","1.1892","0.0000"
"","252.7090","1.1990","0.0000"
"","252.8090","1.2093","0.0000"
"","252.9090","1.2194","0.0000"
"","253.0090","1.2293","0.0000"
"","253.1090","1.2389","0.0000"
"","253.2090","1.2492","0.0000"
"","253.3090","1.2593","0.0000"
"","253.4090","1.2692","0.0000"
"","253.5090","1.2790","0.0000"
"","253.6090","1.2893","0.0000"
"","253.7090","1.2994","0.0000"
"","253.8090","1.3090","0.0000"
"","253.9090","1.3192","0.0000"
"","254.0090","1.3293","0.0000"
"","254.1090","1.3393","0.0000"
"","254.2090","1.3491","0.0000"
"","254.3090","1.3593","0.0000"
"","254.4090","1.3693","0.0000"
"","254.5090","1.3790","0.0000"
"","254.6090","1.3893","0.0000"
"","254.7090","1.3993","0.0000"
"","254.8090","1.4093","0.0000"
"","254.9090","1.4190","0.0000"
"","255.0090","1.4293","0.0000"
"","255.1090","1.4392","0.0000"
"","255.2090","1.4491","0.0000"
"","255.3090","1.4592","0.0000"
"","255.4090","1.4693","0.0000"
"","255.5090","1.4793","0.0000"
"","255.6090","1.4890","0.0000"
"","255.7090","1.4993","0.0000"
"","255.8090","1.5093","0.0000"
"","255.9090","1.5192","0.0000"
"","256.0090","1.5291","0.0000"
"","256.1090","1.5393","0.0000"
"","256.2090","1.5494","0.0000"
"","256.3090","1.5590","0.0000"
"","256.4090","1.5691","0.0001"
"","256.5090","1.5793","0.0001"
"","256.6090","1.5893","0.0001"
"","256.7090","1.5992","0.0001"
"","256.8090","1.6092","0.0001"
"","256.9090","1.6193","0.0001"
"","257.0090","1.6292","0.0001"
"","257.1090","1.6393","0.0001"
"","257.2090","1.6492","0.0001"
"","257.3090","1.6592","0.0001"
"","257.4090","1.6690","0.0001"
"","257.5090","1.6793","0.0001"
"","257.6090","1.6892","0.0001"
"","257.7090","1.6991","0.0001"
"","257.8090","1.7093","0.0001"
"","257.9090","1.7194","0.0001"
"","258.0090","1.7292","0.0001"
"","258.1090","1.7389","0.0001"
"","258.2090","1.7493","0.0001"
"","258.3090","1.7593","0.0001"
"","258.4090","1.7692","0.0001"
"","258.5090","1.7792","0.0001"
"","258.6090","1.7894","0.0002"
"","258.7090","1.7995","0.0002"
"","258.8090","1.8089","0.0002"
"","258.9090","1.8192","0.0002"
"","259.0090","1.8292","0.0002"
"","259.1090","1.8394","0.0002"
"","259.2090","1.8490","0.0002"
"","259.3090","1.8592","0.0002"
"","259.4090","1.8692","0.0002"
"","259.5090","1.8792","0.0003"
"","259.6090","1.8894","0.0003"
"","259.7090","1.8993","0.0003"
"","259.8090","1.9093","0.0003"
"","259.9090","1.9190","0.0003"
"","260.0090","1.9293","0.0003"
"","260.1090","1.9392","0.0004"
"","260.2090","1.9491","0.0004"
"","260.3090","1.9593","0.0004"
"","260.4090","1.9695","0.0004"
"","260.5090","1.9793","0.0004"
"","260.6090","1.9890","0.0004"
"","260.7090","1.9992","0.0005"
"","260.8090","2.0094","0.0005"
"","260.9090","2.0191","0.0005"
"","261.0090","2.0291","0.0005"
"","261.1090","2.0393","0.0006"
"","261.2090","2.0495","0.0006"
"","261.3090","2.0589","0.0006"
"","261.4090","2.0691","0.0006"
"","261.5090","2.0793","0.0006"
"","261.6090","2.0894","0.0006"
"","261.7090","2.0991","0.0007"
"","261.8090","2.1092","0.0007"
"","261.9090","2.1192","0.0007"
"","262.0090","2.1292","0.0007"
"","262.1090","2.1393","0.0008"
"","262.2090","2.1493","0.0008"
"","262.3090","2.1593","0.0008"
"","262.4090","2.1691","0.0008"
"","262.5090","2.1793","0.0009"
"","262.6090","2.1892","0.0009"
"","262.7090","2.1991","0.0009"
"","262.8090","2.2093","0.0009"
"","262.9090","2.2194","0.0010"
"","263.0090","2.2293","0.0010"
"","263.1090","2.2389","0.0010"
"","263.2090","2.2492","0.0010"
"","263.3090","2.2594","0.0011"
"","263.4090","2.2692","0.0011"
"","263.5090","2.2791","0.0011"
"","263.6090","2.2893","0.0012"
"","263.7090","2.2994","0.0012"
"","263.8090","2.3090","0.0012"
"","263.9090","2.3191","0.0013"
"","264.0090","2.3292","0.0013"
"","264.1090","2.3394","0.0013"
"","264.2090","2.3491","0.0013"
"","264.3090","2.3592","0.0014"
"","264.4090","2.3692","0.0014"
"","264.5090","2.3792","0.0014"
"","264.6090","2.3893","0.0015"
"","264.7090","2.3992","0.0015"
"","264.8090","2.4092","0.0016"
"","264.9090","2.4191","0.0016"
"","265.0090","2.4292","0.0016"
"","265.1090","2.4392","0.0017"
"","265.2090","2.4492","0.0017"
"","265.3090","2.4593","0.0018"
"","265.4090","2.4695","0.0018"
"","265.5090","2.4792","0.0019"
"","265.6090","2.4890","0.0019"
"","265.7090","2.4992","0.0020"
"","265.8090","2.5093","0.0020"
"","265.9090","2.5192","0.0021"
"","266.0090","2.5292","0.0021"
"","266.1090","2.5394","0.0022"
"","266.2090","2.5494","0.0022"
"","266.3090","2.5589","0.0023"
"","266.4090","2.5692","0.0024"
"","266.5090","2.5792","0.0025"
"","266.6090","2.5894","0.0025"
"","266.7090","2.5990","0.0026"
"","266.8090","2.6093","0.0026"
"","266.9090","2.6192","0.0027"
"","267.0090","2.6292","0.0028"
"","267.1090","2.6394","0.0029"
"","267.2090","2.6493","0.0029"
"","267.3090","2.6593","0.0030"
"","267.4090","2.6690","0.0031"
"","267.5090","2.6793","0.0032"
"","267.6090","2.6892","0.0033"
"","267.7090","2.6991","0.0034"
"","267.8090","2.7092","0.0035"
"","267.9090","2.7195","0.0036"
"","268.0090","2.7293","0.0038"
"","268.1090","2.7390","0.0039"
"","268.2090","2.7492","0.0040"
"","268.3090","2.7594","0.0041"
"","268.4090","2.7692","0.0043"
"","268.5090","2.7791","0.0044"
"","268.6090","2.7893","0.0046"
"","268.7090","2.7995","0.0047"
"","268.8090","2.8089","0.0048"
"","268.9090","2.8192","0.0050"
"","269.0090","2.8293","0.0052"
"","269.1090","2.8394","0.0054"
"","269.2090","2.8491","0.0055"
"","269.3090","2.8592","0.0057"
"","269.4090","2.8692","0.0059"
"","269.5090","2.8791","0.0060"
"","269.6090","2.8892","0.0062"
"","269.7090","2.8992","0.0064"
"","269.8090","2.9093","0.0066"
"","269.9090","2.9190","0.0068"
"","270.0090","2.9293","0.0070"
"","270.1090","2.9392","0.0072"
"","270.2090","2.9492","0.0074"
"","270.3090","2.9593","0.0076"
"","270.4090","2.9694","0.0078"
"","270.5090","2.9793","0.0081"
"","270.6090","2.9889","0.0084"
"","270.7090","2.9992","0.0087"
"","270.8090","3.0094","0.0090"
"","270.9090","3.0192","0.0093"
"","271.0090","3.0291","0.0096"
"","271.1090","3.0393","0.0099"
"","271.2090","3.0494","0.0103"
"","271.3090","3.0590","0.0106"
"","271.4090","3.0691","0.0110"
"","271.5090","3.0792","0.0114"
"","271.6090","3.0893","0.0118"
"","271.7090","3.0991","0.0122"
"","271.8090","3.1092","0.0127"
"","271.9090","3.1193","0.0131"
"","272.0090","3.1292","0.0136"
"","272.1090","3.1393","0.0140"
"","272.2090","3.1492","0.0145"
"","272.3090","3.1592","0.0150"
"","272.4090","3.1690","0.0155"
"","272.5090","3.1792","0.0161"
"","272.6090","3.1892","0.0167"
"","272.7090","3.1992","0.0172"
"","272.8090","3.2093","0.0178"
"","272.9090","3.2193","0.0184"
"","273.0090","3.2293","0.0191"
"","273.1090","3.2390","0.0197"
"","273.2090","3.2493","0.0204"
"","273.3090","3.2592","0.0211"
"","273.4090","3.2693","0.0218"
"","273.5090","3.2792","0.0225"
"","273.6090","3.2894","0.0233"
"","273.7090","3.2993","0.0240"
"","273.8090","3.3089","0.0247"
"","273.9090","3.3193","0.0256"
"","274.0090","3.3292","0.0264"
"","274.1090","3.3393","0.0272"
"","274.2090","3.3489","0.0279"
"","274.3090","3.3593","0.0287"
"","274.4090","3.3693","0.0293"
"","274.5090","3.3792","0.0297"
"","274.6090","3.3892","0.0301"
"","274.7090","3.3993","0.0307"
"","274.8090","3.4094","0.0313"
"","274.9090","3.4190","0.0315"
"","275.0090","3.4293","0.0318"
"","275.1090","3.4392","0.0323"
"","275.2090","3.4492","0.0327"
"","275.3090","3.4593","0.0330"
"","275.4090","3.4693","0.0336"
"","275.5090","3.4793","0.0341"
"","275.6090","3.4889","0.0346"
"","275.7090","3.4992","0.0346"
"","275.8090","3.5093","0.0346"
"","275.9090","3.5193","0.0347"
"","276.0090","3.5292","0.0348"
"","276.1090","3.5394","0.0350"
"","276.2090","3.5494","0.0353"
"","276.3090","3.5590","0.0355"
"","276.4090","3.5692","0.0358"
"","276.5090","3.5793","0.0363"
"","276.6090","3.5894","0.0371"
"","276.7090","3.5991","0.0378"
"","276.8090","3.6093","0.0385"
"","276.9090","3.6193","0.0392"
"","277.0090","3.6291","0.0397"
"","277.1090","3.6392","0.0407"
"","277.2090","3.6493","0.0418"
"","277.3090","3.6593","0.0429"
"","277.4090","3.6690","0.0440"
"","277.5090","3.6793","0.0452"
"","277.6090","3.6892","0.0463"
"","277.7090","3.6991","0.0474"
"","277.8090","3.7092","0.0486"
"","277.9090","3.7194","0.0499"
"","278.0090","3.7293","0.0512"
"","278.1090","3.7389","0.0524"
"","278.2090","3.7492","0.0538"
"","278.3090","3.7593","0.0552"
"","278.4090","3.7692","0.0565"
"","278.5090","3.7791","0.0579"
"","278.6090","3.7893","0.0593"
"","278.7090","3.7994","0.0607"
"","278.8090","3.8090","0.0621"
"","278.9090","3.8191","0.0636"
"","279.0090","3.8292","0.0651"
"","279.1090","3.8393","0.0666"
"","279.2090","3.8491","0.0681"
"","279.3090","3.8592","0.0696"
"","279.4090","3.8692","0.0712"
"","279.5090","3.8792","0.0728"
"","279.6090","3.8892","0.0744"
"","279.7090","3.8992","0.0760"
"","279.8090","3.9092","0.0776"
"","279.9090","3.9191","0.0792"
"","280.0090","3.9292","0.0809"
"","280.1090","3.9391","0.0826"
"","280.2090","3.9491","0.0843"
"","280.3090","3.9593","0.0860"
"","280.4090","3.9694","0.0877"
"","280.5090","3.9792","0.0894"
"","280.6090","3.9889","0.0910"
"","280.7090","3.9993","0.0928"
"","280.7170","4.0001","0.0929"
"","280.7180","4.0002","0.0929"
"","280.7190","4.0003","0.0929"
"","280.8190","4.0006","0.0923"
"","280.9190","3.9930","0.0897"
"","281.0190","3.9813","0.0862"
"","281.1190","3.9706","0.0831"
"","281.2190","3.9604","0.0803"
"","281.3190","3.9505","0.0776"
"","281.4190","3.9408","0.0751"
"","281.5190","3.9306","0.0725"
"","281.6190","3.9205","0.0701"
"","281.7190","3.9107","0.0677"
"","281.8190","3.9007","0.0654"
"","281.9190","3.8905","0.0631"
"","282.0190","3.8804","0.0610"
"","282.1190","3.8708","0.0589"
"","282.2190","3.8606","0.0568"
"","282.3190","3.8505","0.0548"
"","282.4190","3.8405","0.0529"
"","282.5190","3.8306","0.0510"
"","282.6190","3.8206","0.0492"
"","282.7190","3.8106","0.0474"
"","282.8190","3.8007","0.0457"
"","282.9190","3.7904","0.0440"
"","283.0190","3.7806","0.0425"
"","283.1190","3.7706","0.0414"
"","283.2190","3.7606","0.0403"
"","283.3190","3.7505","0.0390"
"","283.4190","3.7406","0.0380"
"","283.5190","3.7308","0.0372"
"","283.6190","3.7205","0.0368"
"","283.7190","3.7104","0.0362"
"","283.8190","3.7005","0.0357"
"","283.9190","3.6908","0.0352"
"","284.0190","3.6805","0.0349"
"","284.1190","3.6704","0.0342"
"","284.2190","3.6607","0.0338"
"","284.3190","3.6506","0.0333"
"","284.4190","3.6405","0.0331"
"","284.5190","3.6304","0.0330"
"","284.6190","3.6207","0.0330"
"","284.7190","3.6105","0.0328"
"","284.8190","3.6005","0.0333"
"","284.9190","3.5905","0.0322"
"","285.0190","3.5806","0.0320"
"","285.1190","3.5705","0.0318"
"","285.2190","3.5605","0.0315"
"","285.3190","3.5507","0.0312"
"","285.4190","3.5404","0.0303"
"","285.5190","3.5305","0.0298"
"","285.6190","3.5205","0.0288"
"","285.7190","3.5107","0.0278"
"","285.8190","3.5005","0.0272"
"","285.9190","3.4906","0.0263"
"","286.0190","3.4808","0.0253"
"","286.1190","3.4705","0.0242"
"","286.2190","3.4604","0.0233"
"","286.3190","3.4505","0.0223"
"","286.4190","3.4407","0.0212"
"","286.5190","3.4305","0.0205"
"","286.6190","3.4204","0.0196"
"","286.7190","3.4107","0.0187"
"","286.8190","3.4006","0.0180"
"","286.9190","3.3904","0.0172"
"","287.0190","3.3805","0.0166"
"","287.1190","3.3708","0.0158"
"","287.2190","3.3605","0.0152"
"","287.3190","3.3504","0.0146"
"","287.4190","3.3406","0.0140"
"","287.5190","3.3306","0.0135"
"","287.6190","3.3206","0.0129"
"","287.7190","3.3105","0.0124"
"","287.8190","3.3008","0.0120"
"","287.9190","3.2903","0.0115"
"","288.0190","3.2804","0.0111"
"","288.1190","3.2705","0.0106"
"","288.2190","3.2607","0.0103"
"","288.3190","3.2504","0.0098"
"","288.4190","3.2406","0.0095"
"","288.5190","3.2308","0.0091"
"","288.6190","3.2205","0.0087"
"","288.7190","3.2103","0.0084"
"","288.8190","3.2005","0.0081"
"","288.9190","3.1908","0.0077"
"","289.0190","3.1805","0.0074"
"","289.1190","3.1704","0.0071"
"","289.2190","3.1607","0.0069"
"","289.3190","3.1506","0.0066"
"","289.4190","3.1405","0.0063"
"","289.5190","3.1304","0.0061"
"","289.6190","3.1207","0.0059"
"","289.7190","3.1106","0.0057"
"","289.8190","3.1005","0.0055"
"","289.9190","3.0905","0.0053"
"","290.0190","3.0806","0.0051"
"","290.1190","3.0706","0.0049"
"","290.2190","3.0605","0.0047"
"","290.3190","3.0508","0.0045"
"","290.4190","3.0403","0.0044"
"","290.5190","3.0305","0.0042"
"","290.6190","3.0205","0.0040"
"","290.7190","3.0107","0.0039"
"","290.8190","3.0004","0.0038"
"","290.9190","2.9905","0.0036"
"","291.0190","2.9808","0.0035"
"","291.1190","2.9705","0.0034"
"","291.2190","2.9603","0.0033"
"","291.3190","2.9505","0.0032"
"","291.4190","2.9408","0.0031"
"","291.5190","2.9305","0.0030"
"","291.6190","2.9204","0.0029"
"","291.7190","2.9106","0.0028"
"","291.8190","2.9006","0.0027"
"","291.9190","2.8906","0.0026"
"","292.0190","2.8804","0.0025"
"","292.1190","2.8707","0.0025"
"","292.2190","2.8606","0.0024"
"","292.3190","2.8506","0.0023"
"","292.4190","2.8406","0.0023"
"","292.5190","2.8305","0.0022"
"","292.6190","2.8205","0.0022"
"","292.7190","2.8105","0.0021"
"","292.8190","2.8007","0.0021"
"","292.9190","2.7903","0.0020"
"","293.0190","2.7805","0.0019"
"","293.1190","2.7707","0.0019"
"","293.2190","2.7607","0.0018"
"","293.3190","2.7504","0.0018"
"","293.4190","2.7407","0.0018"
"","293.5190","2.7308","0.0017"
"","293.6190","2.7205","0.0017"
"","293.7190","2.7103","0.0016"
"","293.8190","2.7005","0.0016"
"","293.9190","2.6908","0.0015"
"","294.0190","2.6805","0.0015"
"","294.1190","2.6704","0.0014"
"","294.2190","2.6607","0.0014"
"","294.3190","2.6507","0.0014"
"","294.4190","2.6405","0.0014"
"","294.5190","2.6304","0.0014"
"","294.6190","2.6207","0.0013"
"","294.7190","2.6106","0.0012"
"","294.8190","2.6005","0.0012"
"","294.9190","2.5906","0.0012"
"","295.0190","2.5805","0.0012"
"","295.1190","2.5706","0.0011"
"","295.2190","2.5605","0.0011"
"","295.3190","2.5508","0.0011"
"","295.4190","2.5403","0.0010"
"","295.5190","2.5304","0.0010"
"","295.6190","2.5205","0.0010"
"","295.7190","2.5107","0.0010"
"","295.8190","2.5005","0.0009"
"","295.9190","2.4906","0.0009"
"","296.0190","2.4809","0.0009"
"","296.1190","2.4705","0.0009"
"","296.2190","2.4603","0.0008"
"","296.3190","2.4505","0.0008"
"","296.4190","2.4408","0.0008"
"","296.5190","2.4305","0.0008"
"","296.6190","2.4204","0.0007"
"","296.7190","2.4106","0.0007"
"","296.8190","2.4006","0.0007"
"","296.9190","2.3905","0.0007"
"","297.0190","2.3804","0.0007"
"","297.1190","2.3707","0.0007"
"","297.2190","2.3606","0.0006"
"","297.3190","2.3505","0.0006"
"","297.4190","2.3405","0.0006"
"","297.5190","2.3306","0.0006"
"","297.6190","2.3206","0.0006"
"","297.7190","2.3105","0.0006"
"","297.8190","2.3008","0.0005"
"","297.9190","2.2904","0.0005"
"","298.0190","2.2805","0.0005"
"","298.1190","2.2705","0.0005"
"","298.2190","2.2607","0.0004"
"","298.3190","2.2504","0.0005"
"","298.4190","2.2405","0.0004"
"","298.5190","2.2308","0.0004"
"","298.6190","2.2205","0.0004"
"","298.7190","2.2103","0.0004"
"","298.8190","2.2005","0.0004"
"","298.9190","2.1908","0.0004"
"","299.0190","2.1805","0.0003"
"","299.1190","2.1704","0.0004"
"","299.2190","2.1606","0.0003"
"","299.3190","2.1506","0.0003"
"","299.4190","2.1405","0.0003"
"","299.5190","2.1304","0.0003"
"","299.6190","2.1207","0.0003"
"","299.7190","2.1106","0.0003"
"","299.8190","2.1005","0.0003"
"","299.9190","2.0905","0.0002"
"","300.0190","2.0805","0.0002"
"","300.1190","2.0706","0.0002"
"","300.2190","2.0605","0.0002"
"","300.3190","2.0507","0.0002"
"","300.4190","2.0404","0.0002"
"","300.5190","2.0305","0.0002"
"","300.6190","2.0207","0.0002"
"","300.7190","2.0107","0.0002"
"","300.8190","2.0004","0.0001"
"","300.9190","1.9906","0.0001"
"","301.0190","1.9808","0.0001"
"","301.1190","1.9705","0.0001"
"","301.2190","1.9603","0.0001"
"","301.3190","1.9505","0.0001"
"","301.4190","1.9408","0.0001"
"","301.5190","1.9305","0.0001"
"","301.6190","1.9204","0.0001"
"","301.7190","1.9107","0.0001"
"","301.8190","1.9006","0.0001"
"","301.9190","1.8905","0.0001"
"","302.0190","1.8804","0.0001"
"","302.1190","1.8706","0.0001"
"","302.2190","1.8606","0.0000"
"","302.3190","1.8505","0.0000"
"","302.4190","1.8406","0.0000"
"","302.5190","1.8305","0.0000"
"","302.6190","1.8206","0.0000"
"","302.7190","1.8105","0.0000"
"","302.8190","1.8008","0.0000"
"","302.9190","1.7903","0.0000"
"","303.0190","1.7804","0.0000"
"","303.1190","1.7706","0.0000"
"","303.2190","1.7607","0.0000"
"","303.3190","1.7504","0.0000"
"","303.4190","1.7405","0.0000"
"","303.5190","1.7308","0.0000"
"","303.6190","1.7205","0.0000"
"","303.7190","1.7103","0.0000"
"","303.8190","1.7005","0.0000"
"","303.9190","1.6908","0.0000"
"","304.0190","1.6805","0.0000"
"","304.1190","1.6704","0.0000"
"","304.2190","1.6606","0.0000"
"","304.3190","1.6506","0.0000"
"","304.4190","1.6405","0.0000"
"","304.5190","1.6305","0.0000"
"","304.6190","1.6207","0.0000"
"","304.7190","1.6105","0.0000"
"","304.8190","1.6004","0.0000"
"","304.9190","1.5906","0.0000"
"","305.0190","1.5806","0.0000"
"","305.1190","1.5705","0.0000"
"","305.2190","1.5605","0.0000"
"","305.3190","1.5507","0.0000"
"","305.4190","1.5405","0.0000"
"","305.5190","1.5304","0.0000"
"","305.6190","1.5205","0.0000"
"","305.7190","1.5106","0.0000"
"","305.8190","1.5005","0.0000"
"","305.9190","1.4905","0.0000"
"","306.0190","1.4807","0.0000"
"","306.1190","1.4705","0.0000"
"","306.2190","1.4605","0.0000"
"","306.3190","1.4505","0.0000"
"","306.4190","1.4408","0.0000"
"","306.5190","1.4305","0.0000"
"","306.6190","1.4204","0.0000"
"","306.7190","1.4106","0.0000"
"","306.8190","1.4006","0.0000"
"","306.9190","1.3905","0.0000"
"","307.0190","1.3804","0.0000"
"","307.1190","1.3707","0.0000"
"","307.2190","1.3605","0.0000"
"","307.3190","1.3505","0.0000"
"","307.4190","1.3405","0.0000"
"","307.5190","1.3305","0.0000"
"","307.6190","1.3206","0.0000"
"","307.7190","1.3105","0.0000"
"","307.8190","1.3007","0.0000"
"","307.9190","1.2904","0.0000"
"","308.0190","1.2805","0.0000"
"","308.1190","1.2706","0.0000"
"","308.2190","1.2607","0.0000"
"","308.3190","1.2505","0.0000"
"","308.4190","1.2406","0.0000"
"","308.5190","1.2308","0.0000"
"","308.6190","1.2205","0.0000"
"","308.7190","1.2104","0.0000"
"","308.8190","1.2005","0.0000"
"","308.9190","1.1908","0.0000"
"","309.0190","1.1805","0.0000"
"","309.1190","1.1704","0.0000"
"","309.2190","1.1607","0.0000"
"","309.3190","1.1506","0.0000"
"","309.4190","1.1404","0.0000"
"","309.5190","1.1304","0.0000"
"","309.6190","1.1208","0.0000"
"","309.7190","1.1106","0.0000"
"","309.8190","1.1004","0.0000"
"","309.9190","1.0906","0.0000"
"","310.0190","1.0805","0.0000"
"","310.1190","1.0706","0.0000"
"","310.2190","1.0605","0.0000"
"","310.3190","1.0507","0.0000"
"","310.4190","1.0403","0.0000"
"","310.5190","1.0304","0.0000"
"","310.6190","1.0206","0.0000"
"","310.7190","1.0107","0.0000"
"","310.8190","1.0004","0.0000"
"","310.9190","0.9906","0.0000"
"","311.0190","0.9808","0.0000"
"","311.1190","0.9705","0.0000"
"","311.2190","0.9603","0.0000"
"","311.3190","0.9505","0.0000"
"","311.4190","0.9408","0.0000"
"","311.5190","0.9305","0.0000"
"","311.6190","0.9204","0.0000"
"","311.7190","0.9107","0.0000"
"","311.8190","0.9007","0.0000"
"","311.9190","0.8905","0.0000"
"","312.0190","0.8804","0.0000"
"","312.1190","0.8707","0.0000"
"","312.2190","0.8606","0.0000"
"","312.3190","0.8504","0.0000"
"","312.4190","0.8405","0.0000"
"","312.5190","0.8306","0.0000"
"","312.6190","0.8206","0.0000"
"","312.7190","0.8105","0.0000"
"","312.8190","0.8007","0.0000"
"","312.9190","0.7904","0.0000"
"","313.0190","0.7805","0.0000"
"","313.1190","0.7705","0.0000"
"","313.2190","0.7606","0.0000"
"","313.3190","0.7504","0.0000"
"","313.4190","0.7405","0.0000"
"","313.5190","0.7308","0.0000"
"","313.6190","0.7205","0.0000"
"","313.7190","0.7104","0.0000"
"","313.8190","0.7005","0.0000"
"","313.9190","0.6908","0.0000"
"","314.0190","0.6805","0.0000"
"","314.1190","0.6704","0.0000"
"","314.2190","0.6607","0.0000"
"","314.3190","0.6506","0.0000"
"","314.4190","0.6405","0.0000"
"","314.5190","0.6304","0.0000"
"","314.6190","0.6208","0.0000"
"","314.7190","0.6106","0.0000"
"","314.8190","0.6005","0.0000"
"","314.9190","0.5905","0.0000"
"","315.0190","0.5806","0.0000"
"","315.1190","0.5706","0.0000"
"","315.2190","0.5605","0.0000"
"","315.3190","0.5507","0.0000"
"","315.4190","0.5403","0.0000"
"","315.5190","0.5305","0.0000"
"","315.6190","0.5206","0.0000"
"","315.7190","0.5107","0.0000"
"","315.8190","0.5004","0.0000"
"","315.9190","0.4906","0.0000"
"","316.0190","0.4807","0.0000"
"","316.1190","0.4705","0.0000"
"","316.2190","0.4604","0.0000"
"","316.3190","0.4505","0.0000"
"","316.4190","0.4408","0.0000"
"","316.5190","0.4305","0.0000"
"","316.6190","0.4204","0.0000"
"","316.7190","0.4107","0.0000"
"","316.8190","0.4006","0.0000"
"","316.9190","0.3904","0.0000"
"","317.0190","0.3804","0.0000"
"","317.1190","0.3707","0.0000"
"","317.2190","0.3605","0.0000"
"","317.3190","0.3504","0.0000"
"","317.4190","0.3406","0.0000"
"","317.5190","0.3306","0.0000"
"","317.6190","0.3205","0.0000"
"","317.7190","0.3105","0.0000"
"","317.8190","0.3008","0.0000"
"","317.9190","0.2903","0.0000"
"","318.0190","0.2804","0.0000"
"","318.1190","0.2705","0.0000"
"","318.2190","0.2607","0.0000"
"","318.3190","0.2504","0.0000"
"","318.4190","0.2405","0.0000"
"","318.5190","0.2308","0.0000"
"","318.6190","0.2205","0.0000"
"","318.7190","0.2103","0.0000"
"","318.8190","0.2005","0.0000"
"","318.9190","0.1908","0.0000"
"","319.0190","0.1805","0.0000"
"","319.1190","0.1704","0.0000"
"","319.2190","0.1607","0.0000"
"","319.3190","0.1507","0.0000"
"","319.4190","0.1405","0.0000"
"","319.5190","0.1304","0.0000"
"","319.6190","0.1207","0.0000"
"","319.7190","0.1106","0.0000"
"","319.8190","0.1005","0.0000"
"","319.9190","0.0905","0.0000"
"","320.0190","0.0805","0.0000"
"","320.1190","0.0705","0.0000"
"","320.2190","0.0605","0.0000"
"","320.3190","0.0507","0.0000"
"","320.4190","0.0404","0.0000"
"","320.5190","0.0305","0.0000"
"","320.6190","0.0205","0.0000"
"","320.7190","0.0107","0.0000"
"","320.8190","0.0007","0.0000"
"","320.8270","-0.0001","0.0000"
"","320.8280","-0.0002","0.0000"
"","320.8290","-0.0003","0.0000"
"","320.9290","-0.0007","0.0000"
"","321.0290","0.0068","0.0000"
"","321.1290","0.0187","0.0000"
"","321.2290","0.0291","0.0000"
"","321.3290","0.0394","0.0000"
"","321.4290","0.0495","0.0000"
"","321.5290","0.0590","0.0000"
"","321.6290","0.0692","0.0000"
"","321.7290","0.0793","0.0000"
"","321.8290","0.0894","0.0000"
"","321.9290","0.0991","0.0000"
"","322.0290","0.1093","0.0000"
"","322.1290","0.1193","0.0000"
"","322.2290","0.1293","0.0000"
"","322.3290","0.1393","0.0000"
"","322.4290","0.1493","0.0000"
"","322.5290","0.1593","0.0000"
"","322.6290","0.1692","0.0000"
"","322.7290","0.1793","0.0000"
"","322.8290","0.1893","0.0000"
"","322.9290","0.1992","0.0000"
"","323.0290","0.2093","0.0000"
"","323.1290","0.2194","0.0000"
"","323.2290","0.2293","0.0000"
"","323.3290","0.2390","0.0000"
"","323.4290","0.2494","0.0000"
"","323.5290","0.2592","0.0000"
"","323.6290","0.2693","0.0000"
"","323.7290","0.2793","0.0000"
"","323.8290","0.2894","0.0000"
"","323.9290","0.2995","0.0000"
"","324.0290","0.3090","0.0000"
"","324.1290","0.3193","0.0000"
"","324.2290","0.3293","0.0000"
"","324.3290","0.3394","0.0000"
"","324.4290","0.3491","0.0000"
"","324.5290","0.3594","0.0000"
"","324.6290","0.3693","0.0000"
"","324.7290","0.3793","0.0000"
"","324.8290","0.3893","0.0000"
"","324.9290","0.3994","0.0000"
"","325.0290","0.4094","0.0000"
"","325.1290","0.4191","0.0000"
"","325.2290","0.4293","0.0000"
"","325.3290","0.4393","0.0000"
"","325.4290","0.4492","0.0000"
"","325.5290","0.4593","0.0000"
"","325.6290","0.4695","0.0000"
"","325.7290","0.4794","0.0000"
"","325.8290","0.4890","0.0000"
"","325.9290","0.4993","0.0000"
"","326.0290","0.5094","0.0000"
"","326.1290","0.5192","0.0000"
"","326.2290","0.5292","0.0000"
"","326.3290","0.5394","0.0000"
"","326.4290","0.5495","0.0000"
"","326.5290","0.5590","0.0000"
"","326.6290","0.5693","0.0000"
"","326.7290","0.5793","0.0000"
"","326.8290","0.5894","0.0000"
"","326.9290","0.5991","0.0000"
"","327.0290","0.6093","0.0000"
"","327.1290","0.6193","0.0000"
"","327.2290","0.6292","0.0000"
"","327.3290","0.6393","0.0000"
"","327.4290","0.6493","0.0000"
"","327.5290","0.6594","0.0000"
"","327.6290","0.6691","0.0000"
"","327.7290","0.6793","0.0000"
"","327.8290","0.6893","0.0000"
"","327.9290","0.6992","0.0000"
"","328.0290","0.7094","0.0000"
"","328.1290","0.7195","0.0000"
"","328.2290","0.7293","0.0000"
"","328.3290","0.7390","0.0000"
"","328.4290","0.7493","0.0000"
"","328.5290","0.7595","0.0000"
"","328.6290","0.7692","0.0000"
"","328.7290","0.7792","0.0000"
"","328.8290","0.7894","0.0000"
"","328.9290","0.7995","0.0000"
"","329.0290","0.8090","0.0000"
"","329.1290","0.8192","0.0000"
"","329.2290","0.8293","0.0000"
"","329.3290","0.8394","0.0000"
"","329.4290","0.8491","0.0000"
"","329.5290","0.8593","0.0000"
"","329.6290","0.8693","0.0000"
"","329.7290","0.8793","0.0000"
"","329.8290","0.8893","0.0000"
"","329.9290","0.8993","0.0000"
"","330.0290","0.9092","0.0000"
"","330.1290","0.9192","0.0000"
"","330.2290","0.9293","0.0000"
"","330.3290","0.9393","0.0000"
"","330.4290","0.9492","0.0000"
"","330.5290","0.9594","0.0000"
"","330.6290","0.9695","0.0000"
"","330.7290","0.9794","0.0000"
"","330.8290","0.9890","0.0000"
"","330.9290","0.9993","0.0000"
"","331.0290","1.0094","0.0000"
"","331.1290","1.0193","0.0000"
"","331.2290","1.0292","0.0000"
"","331.3290","1.0394","0.0000"
"","331.4290","1.0495","0.0000"
"","331.5290","1.0590","0.0000"
"","331.6290","1.0693","0.0000"
"","331.7290","1.0793","0.0000"
"","331.8290","1.0894","0.0000"
"","331.9290","1.0992","0.0000"
"","332.0290","1.1093","0.0000"
"","332.1290","1.1193","0.0000"
"","332.2290","1.1292","0.0000"
"","332.3290","1.1394","0.0000"
"","332.4290","1.1493","0.0000"
"","332.5290","1.1594","0.0000"
"","332.6290","1.1691","0.0000"
"","332.7290","1.1794","0.0000"
"","332.8290","1.1893","0.0000"
"","332.9290","1.1991","0.0000"
"","333.0290","1.2093","0.0000"
"","333.1290","1.2195","0.0000"
"","333.2290","1.2294","0.0000"
"","333.3290","1.2390","0.0000"
"","333.4290","1.2493","0.0000"
"","333.5290","1.2594","0.0000"
"","333.6290","1.2693","0.0000"
"","333.7290","1.2791","0.0000"
"","333.8290","1.2894","0.0000"
"","333.9290","1.2995","0.0000"
"","334.0290","1.3090","0.0000"
"","334.1290","1.3192","0.0000"
"","334.2290","1.3294","0.0000"
"","334.3290","1.3394","0.0000"
"","334.4290","1.3492","0.0000"
"","334.5290","1.3594","0.0000"
"","334.6290","1.3694","0.0000"
"","334.7290","1.3791","0.0000"
"","334.8290","1.3893","0.0000"
"","334.9290","1.3994","0.0000"
"","335.0290","1.4094","0.0000"
"","335.1290","1.4190","0.0000"
"","335.2290","1.4293","0.0000"
"","335.3290","1.4393","0.0000"
"","335.4290","1.4492","0.0000"
"","335.5290","1.4593","0.0000"
"","335.6290","1.4694","0.0000"
"","335.7290","1.4794","0.0000"
"","335.8290","1.4890","0.0000"
"","335.9290","1.4993","0.0000"
"","336.0290","1.5094","0.0000"
"","336.1290","1.5193","0.0000"
"","336.2290","1.5292","0.0000"
"","336.3290","1.5394","0.0000"
"","336.4290","1.5494","0.0000"
"","336.5290","1.5591","0.0000"
"","336.6290","1.5692","0.0000"
"","336.7290","1.5793","0.0000"
"","336.8290","1.5894","0.0000"
"","336.9290","1.5993","0.0000"
"","337.0290","1.6093","0.0000"
"","337.1290","1.6194","0.0001"
"","337.2290","1.6292","0.0000"
"","337.3290","1.6394","0.0001"
"","337.4290","1.6493","0.0001"
"","337.5290","1.6593","0.0001"
"","337.6290","1.6691","0.0001"
"","337.7290","1.6793","0.0001"
"","337.8290","1.6892","0.0001"
"","337.9290","1.6992","0.0001"
"","338.0290","1.7094","0.0001"
"","338.1290","1.7194","0.0001"
"","338.2290","1.7293","0.0001"
"","338.3290","1.7390","0.0001"
"","338.4290","1.7494","0.0001"
"","338.5290","1.7594","0.0001"
"","338.6290","1.7693","0.0001"
"","338.7290","1.7792","0.0001"
"","338.8290","1.7894","0.0001"
"","338.9290","1.7995","0.0001"
"","339.0290","1.8090","0.0002"
"","339.1290","1.8193","0.0001"
"","339.2290","1.8292","0.0002"
"","339.3290","1.8394","0.0002"
"","339.4290","1.8491","0.0002"
"","339.5290","1.8593","0.0002"
"","339.6290","1.8693","0.0002"
"","339.7290","1.8793","0.0002"
"","339.8290","1.8894","0.0002"
"","339.9290","1.8993","0.0003"
"","340.0290","1.9094","0.0003"
"","340.1290","1.9190","0.0003"
"","340.2290","1.9294","0.0003"
"","340.3290","1.9393","0.0003"
"","340.4290","1.9491","0.0003"
"","340.5290","1.9593","0.0003"
"","340.6290","1.9695","0.0004"
"","340.7290","1.9794","0.0004"
"","340.8290","1.9890","0.0004"
"","340.9290","1.9993","0.0004"
"","341.0290","2.0095","0.0004"
"","341.1290","2.0192","0.0005"
"","341.2290","2.0291","0.0005"
"","341.3290","2.0393","0.0005"
"","341.4290","2.0495","0.0005"
"","341.5290","2.0590","0.0006"
"","341.6290","2.0692","0.0006"
"","341.7290","2.0793","0.0006"
"","341.8290","2.0895","0.0006"
"","341.9290","2.0992","0.0006"
"","342.0290","2.1093","0.0006"
"","342.1290","2.1193","0.0007"
"","342.2290","2.1292","0.0007"
"","342.3290","2.1394","0.0007"
"","342.4290","2.1493","0.0007"
"","342.5290","2.1594","0.0007"
"","342.6290","2.1691","0.0008"
"","342.7290","2.1794","0.0008"
"","342.8290","2.1892","0.0008"
"","342.9290","2.1992","0.0008"
"","343.0290","2.2093","0.0009"
"","343.1290","2.2195","0.0009"
"","343.2290","2.2294","0.0009"
"","343.3290","2.2390","0.0009"
"","343.4290","2.2493","0.0010"
"","343.5290","2.2594","0.0010"
"","343.6290","2.2692","0.0010"
"","343.7290","2.2792","0.0010"
"","343.8290","2.2894","0.0011"
"","343.9290","2.2995","0.0011"
"","344.0290","2.3090","0.0011"
"","344.1290","2.3192","0.0011"
"","344.2290","2.3293","0.0012"
"","344.3290","2.3395","0.0012"
"","344.4290","2.3492","0.0013"
"","344.5290","2.3592","0.0013"
"","344.6290","2.3693","0.0013"
"","344.7290","2.3792","0.0013"
"","344.8290","2.3894","0.0014"
"","344.9290","2.3993","0.0014"
"","345.0290","2.4092","0.0015"
"","345.1290","2.4191","0.0015"
"","345.2290","2.4293","0.0015"
"","345.3290","2.4393","0.0015"
"","345.4290","2.4492","0.0016"
"","345.5290","2.4594","0.0016"
"","345.6290","2.4695","0.0017"
"","345.7290","2.4793","0.0017"
"","345.8290","2.4890","0.0018"
"","345.9290","2.4993","0.0018"
"","346.0290","2.5093","0.0019"
"","346.1290","2.5192","0.0019"
"","346.2290","2.5292","0.0020"
"","346.3290","2.5394","0.0020"
"","346.4290","2.5495","0.0021"
"","346.5290","2.5590","0.0021"
"","346.6290","2.5693","0.0022"
"","346.7290","2.5793","0.0023"
"","346.8290","2.5894","0.0023"
"","346.9290","2.5991","0.0024"
"","347.0290","2.6094","0.0025"
"","347.1290","2.6193","0.0025"
"","347.2290","2.6292","0.0026"
"","347.3290","2.6394","0.0027"
"","347.4290","2.6494","0.0027"
"","347.5290","2.6594","0.0028"
"","347.6290","2.6691","0.0029"
"","347.7290","2.6794","0.0030"
"","347.8290","2.6893","0.0031"
"","347.9290","2.6992","0.0032"
"","348.0290","2.7093","0.0033"
"","348.1290","2.7195","0.0033"
"","348.2290","2.7294","0.0034"
"","348.3290","2.7390","0.0035"
"","348.4290","2.7492","0.0037"
"","348.5290","2.7594","0.0038"
"","348.6290","2.7692","0.0039"
"","348.7290","2.7791","0.0040"
"","348.8290","2.7893","0.0042"
"","348.9290","2.7995","0.0043"
"","349.0290","2.8090","0.0045"
"","349.1290","2.8193","0.0047"
"","349.2290","2.8294","0.0048"
"","349.3290","2.8395","0.0049"
"","349.4290","2.8491","0.0051"
"","349.5290","2.8593","0.0052"
"","349.6290","2.8693","0.0054"
"","349.7290","2.8792","0.0056"
"","349.8290","2.8893","0.0058"
"","349.9290","2.8993","0.0059"
"","350.0290","2.9094","0.0060"
"","350.1290","2.9191","0.0063"
"","350.2290","2.9293","0.0065"
"","350.3290","2.9393","0.0067"
"","350.4290","2.9492","0.0068"
"","350.5290","2.9593","0.0070"
"","350.6290","2.9694","0.0073"
"","350.7290","2.9793","0.0075"
"","350.8290","2.9890","0.0077"
"","350.9290","2.9993","0.0080"
"","351.0290","3.0095","0.0082"
"","351.1290","3.0192","0.0085"
"","351.2290","3.0292","0.0088"
"","351.3290","3.0394","0.0091"
"","351.4290","3.0495","0.0094"
"","351.5290","3.0590","0.0097"
"","351.6290","3.0692","0.0101"
"","351.7290","3.0793","0.0105"
"","351.8290","3.0894","0.0109"
"","351.9290","3.0991","0.0112"
"","352.0290","3.1093","0.0116"
"","352.1290","3.1194","0.0120"
"","352.2290","3.1293","0.0125"
"","352.3290","3.1393","0.0129"
"","352.4290","3.1493","0.0134"
"","352.5290","3.1593","0.0138"
"","352.6290","3.1691","0.0143"
"","352.7290","3.1793","0.0148"
"","352.8290","3.1893","0.0154"
"","352.9290","3.1992","0.0159"
"","353.0290","3.2094","0.0165"
"","353.1290","3.2194","0.0171"
"","353.2290","3.2293","0.0177"
"","353.3290","3.2390","0.0182"
"","353.4290","3.2493","0.0190"
"","353.5290","3.2593","0.0196"
"","353.6290","3.2693","0.0203"
"","353.7290","3.2793","0.0210"
"","353.8290","3.2894","0.0217"
"","353.9290","3.2994","0.0224"
"","354.0290","3.3090","0.0232"
"","354.1290","3.3194","0.0240"
"","354.2290","3.3293","0.0248"
"","354.3290","3.3393","0.0256"
"","354.4290","3.3490","0.0264"
"","354.5290","3.3593","0.0273"
"","354.6290","3.3694","0.0280"
"","354.7290","3.3792","0.0287"
"","354.8290","3.3893","0.0293"
"","354.9290","3.3993","0.0297"
"","355.0290","3.4094","0.0302"
"","355.1290","3.4190","0.0308"
"","355.2290","3.4293","0.0313"
"","355.3290","3.4393","0.0315"
"","355.4290","3.4492","0.0319"
"","355.5290","3.4594","0.0324"
"","355.6290","3.4694","0.0328"
"","355.7290","3.4794","0.0330"
"","355.8290","3.4891","0.0336"
"","355.9290","3.4994","0.0342"
"","356.0290","3.5094","0.0347"
"","356.1290","3.5192","0.0347"
"","356.2290","3.5292","0.0346"
"","356.3290","3.5394","0.0348"
"","356.4290","3.5495","0.0349"
"","356.5290","3.5590","0.0352"
"","356.6290","3.5693","0.0354"
"","356.7290","3.5794","0.0356"
"","356.8290","3.5894","0.0360"
"","356.9290","3.5991","0.0366"
"","357.0290","3.6093","0.0374"
"","357.1290","3.6194","0.0381"
"","357.2290","3.6291","0.0389"
"","357.3290","3.6393","0.0394"
"","357.4290","3.6494","0.0401"
"","357.5290","3.6594","0.0412"
"","357.6290","3.6691","0.0423"
"","357.7290","3.6793","0.0435"
"","357.8290","3.6893","0.0446"
"","357.9290","3.6991","0.0458"
"","358.0290","3.7093","0.0470"
"","358.1290","3.7195","0.0482"
"","358.2290","3.7293","0.0494"
"","358.3290","3.7390","0.0506"
"","358.4290","3.7492","0.0520"
"","358.5290","3.7594","0.0534"
"","358.6290","3.7691","0.0547"
"","358.7290","3.7790","0.0561"
"","358.8290","3.7894","0.0576"
"","358.9290","3.7995","0.0590"
"","359.0290","3.8090","0.0604"
"","359.1290","3.8192","0.0619"
"","359.2290","3.8293","0.0634"
"","359.3290","3.8394","0.0650"
"","359.4290","3.8492","0.0665"
"","359.5290","3.8593","0.0681"
"","359.6290","3.8694","0.0697"
"","359.7290","3.8794","0.0713"
"","359.8290","3.8894","0.0730"
"","359.9290","3.8993","0.0746"
"","360.0290","3.9093","0.0763"
"","360.1290","3.9192","0.0780"
"","360.2290","3.9293","0.0797"
"","360.3290","3.9392","0.0814"
"","360.4290","3.9492","0.0832"
"","360.5290","3.9594","0.0850"
"","360.6290","3.9694","0.0867"
"","360.7290","3.9793","0.0884"
"","360.8290","3.9889","0.0901"
"","360.9290","3.9993","0.0920"
"","360.9360","4.0000","0.0921"
"","360.9370","4.0001","0.0921"
"","360.9380","4.0002","0.0921"
"","361.0380","4.0006","0.0915"
"","361.1380","3.9930","0.0890"
"","361.2380","3.9813","0.0854"
"","361.3380","3.9706","0.0824"
"","361.4380","3.9604","0.0796"
"","361.5380","3.9505","0.0769"
"","361.6380","3.9408","0.0744"
"","361.7380","3.9306","0.0718"
"","361.8380","3.9205","0.0694"
"","361.9380","3.9107","0.0670"
"","362.0380","3.9007","0.0647"
"","362.1380","3.8905","0.0624"
"","362.2380","3.8804","0.0602"
"","362.3380","3.8708","0.0582"
"","362.4380","3.8606","0.0560"
"","362.5380","3.8505","0.0540"
"","362.6380","3.8405","0.0521"
"","362.7380","3.8306","0.0503"
"","362.8380","3.8206","0.0484"
"","362.9380","3.8105","0.0466"
"","363.0380","3.8008","0.0450"
"","363.1380","3.7904","0.0433"
"","363.2380","3.7806","0.0420"
"","363.3380","3.7705","0.0409"
"","363.4380","3.7606","0.0397"
"","363.5380","3.7505","0.0385"
"","363.6380","3.7406","0.0376"
"","363.7380","3.7308","0.0369"
"","363.8380","3.7205","0.0365"
"","363.9380","3.7104","0.0359"
"","364.0380","3.7005","0.0354"
"","364.1380","3.6908","0.0351"
"","364.2380","3.6806","0.0347"
"","364.3380","3.6704","0.0340"
"","364.4380","3.6607","0.0336"
"","364.5380","3.6506","0.0331"
"","364.6380","3.6405","0.0330"
"","364.7380","3.6304","0.0330"
"","364.8380","3.6207","0.0329"
"","364.9380","3.6105","0.0326"
"","365.0380","3.6005","0.0322"
"","365.1380","3.5905","0.0320"
"","365.2380","3.5806","0.0318"
"","365.3380","3.5705","0.0316"
"","365.4380","3.5605","0.0311"
"","365.5380","3.5507","0.0306"
"","365.6380","3.5404","0.0299"
"","365.7380","3.5305","0.0290"
"","365.8380","3.5205","0.0281"
"","365.9380","3.5106","0.0273"
"","366.0380","3.5004","0.0265"
"","366.1380","3.4906","0.0256"
"","366.2380","3.4807","0.0246"
"","366.3380","3.4705","0.0235"
"","366.4380","3.4604","0.0226"
"","366.5380","3.4505","0.0216"
"","366.6380","3.4407","0.0207"
"","366.7380","3.4304","0.0198"
"","366.8380","3.4204","0.0190"
"","366.9380","3.4107","0.0182"
"","367.0380","3.4006","0.0174"
"","367.1380","3.3904","0.0167"
"","367.2380","3.3804","0.0160"
"","367.3380","3.3708","0.0154"
"","367.4380","3.3605","0.0147"
"","367.5380","3.3504","0.0141"
"","367.6380","3.3406","0.0136"
"","367.7380","3.3306","0.0130"
"","367.8380","3.3206","0.0125"
"","367.9380","3.3105","0.0120"
"","368.0380","3.3008","0.0116"
"","368.1380","3.2903","0.0111"
"","368.2380","3.2804","0.0107"
"","368.3380","3.2705","0.0103"
"","368.4380","3.2607","0.0099"
"","368.5380","3.2504","0.0095"
"","368.6380","3.2405","0.0092"
"","368.7380","3.2308","0.0088"
"","368.8380","3.2205","0.0085"
"","368.9380","3.2103","0.0081"
"","369.0380","3.2005","0.0078"
"","369.1380","3.1908","0.0075"
"","369.2380","3.1805","0.0072"
"","369.3380","3.1704","0.0069"
"","369.4380","3.1606","0.0067"
"","369.5380","3.1506","0.0064"
"","369.6380","3.1405","0.0062"
"","369.7380","3.1304","0.0060"
"","369.8380","3.1207","0.0058"
"","369.9380","3.1106","0.0055"
"","370.0380","3.1005","0.0053"
"","370.1380","3.0905","0.0051"
"","370.2380","3.0806","0.0049"
"","370.3380","3.0706","0.0048"
"","370.4380","3.0605","0.0046"
"","370.5380","3.0508","0.0044"
"","370.6380","3.0403","0.0042"
"","370.7380","3.0305","0.0041"
"","370.8380","3.0205","0.0039"
"","370.9380","3.0107","0.0038"
"","371.0380","3.0004","0.0037"
"","371.1380","2.9905","0.0035"
"","371.2380","2.9808","0.0034"
"","371.3380","2.9705","0.0033"
"","371.4380","2.9603","0.0032"
"","371.5380","2.9505","0.0031"
"","371.6380","2.9408","0.0030"
"","371.7380","2.9306","0.0029"
"","371.8380","2.9204","0.0028"
"","371.9380","2.9106","0.0027"
"","372.0380","2.9006","0.0026"
"","372.1380","2.8906","0.0025"
"","372.2380","2.8804","0.0025"
"","372.3380","2.8707","0.0024"
"","372.4380","2.8605","0.0023"
"","372.5380","2.8506","0.0023"
"","372.6380","2.8406","0.0022"
"","372.7380","2.8305","0.0021"
"","372.8380","2.8205","0.0021"
"","372.9380","2.8105","0.0020"
"","373.0380","2.8007","0.0020"
"","373.1380","2.7903","0.0019"
"","373.2380","2.7806","0.0019"
"","373.3380","2.7707","0.0018"
"","373.4380","2.7607","0.0018"
"","373.5380","2.7504","0.0017"
"","373.6380","2.7406","0.0017"
"","373.7380","2.7308","0.0017"
"","373.8380","2.7205","0.0016"
"","373.9380","2.7103","0.0016"
"","374.0380","2.7005","0.0015"
"","374.1380","2.6908","0.0015"
"","374.2380","2.6805","0.0014"
"","374.3380","2.6704","0.0014"
"","374.4380","2.6607","0.0014"
"","374.5380","2.6507","0.0013"
"","374.6380","2.6405","0.0013"
"","374.7380","2.6304","0.0013"
"","374.8380","2.6207","0.0013"
"","374.9380","2.6106","0.0012"
"","375.0380","2.6005","0.0012"
"","375.1380","2.5906","0.0012"
"","375.2380","2.5805","0.0011"
"","375.3380","2.5706","0.0011"
"","375.4380","2.5605","0.0011"
"","375.5380","2.5508","0.0010"
"","375.6380","2.5403","0.0010"
"","375.7380","2.5304","0.0010"
"","375.8380","2.5206","0.0010"
"","375.9380","2.5107","0.0009"
"","376.0380","2.5005","0.0009"
"","376.1380","2.4906","0.0009"
"","376.2380","2.4809","0.0009"
"","376.3380","2.4705","0.0008"
"","376.4380","2.4603","0.0008"
"","376.5380","2.4505","0.0008"
"","376.6380","2.4408","0.0008"
"","376.7380","2.4305","0.0007"
"","376.8380","2.4204","0.0007"
"","376.9380","2.4106","0.0007"
"","377.0380","2.4007","0.0007"
"","377.1380","2.3905","0.0007"
"","377.2380","2.3804","0.0006"
"","377.3380","2.3707","0.0006"
"","377.4380","2.3606","0.0006"
"","377.5380","2.3505","0.0006"
"","377.6380","2.3405","0.0006"
"","377.7380","2.3306","0.0006"
"","377.8380","2.3206","0.0005"
"","377.9380","2.3105","0.0005"
"","378.0380","2.3008","0.0005"
"","378.1380","2.2904","0.0005"
"","378.2380","2.2805","0.0005"
"","378.3380","2.2705","0.0004"
"","378.4380","2.2607","0.0004"
"","378.5380","2.2504","0.0004"
"","378.6380","2.2405","0.0004"
"","378.7380","2.2308","0.0004"
"","378.8380","2.2205","0.0004"
"","378.9380","2.2104","0.0004"
"","379.0380","2.2005","0.0004"
"","379.1380","2.1908","0.0003"
"","379.2380","2.1805","0.0003"
"","379.3380","2.1704","0.0003"
"","379.4380","2.1606","0.0003"
"","379.5380","2.1506","0.0003"
"","379.6380","2.1406","0.0003"
"","379.7380","2.1304","0.0003"
"","379.8380","2.1207","0.0003"
"","379.9380","2.1106","0.0002"
"","380.0380","2.1005","0.0002"
"","380.1380","2.0905","0.0002"
"","380.2380","2.0805","0.0002"
"","380.3380","2.0706","0.0002"
"","380.4380","2.0605","0.0002"
"","380.5380","2.0508","0.0002"
"","380.6380","2.0404","0.0002"
"","380.7380","2.0306","0.0002"
"","380.8380","2.0207","0.0001"
"","380.9380","2.0107","0.0001"
"","381.0380","2.0004","0.0001"
"","381.1380","1.9906","0.0001"
"","381.2380","1.9808","0.0001"
"","381.3380","1.9705","0.0001"
"","381.4380","1.9603","0.0001"
"","381.5380","1.9505","0.0001"
"","381.6380","1.9408","0.0001"
"","381.7380","1.9305","0.0001"
"","381.8380","1.9204","0.0001"
"","381.9380","1.9107","0.0001"
"","382.0380","1.9006","0.0001"
"","382.1380","1.8904","0.0001"
"","382.2380","1.8804","0.0001"
"","382.3380","1.8707","0.0000"
"","382.4380","1.8606","0.0000"
"","382.5380","1.8505","0.0000"
"","382.6380","1.8406","0.0000"
"","382.7380","1.8305","0.0000"
"","382.8380","1.8206","0.0000"
"","382.9380","1.8105","0.0000"
"","383.0380","1.8008","0.0000"
"","383.1380","1.7903","0.0000"
"","383.2380","1.7804","0.0000"
"","383.3380","1.7706","0.0000"
"","383.4380","1.7607","0.0000"
"","383.5380","1.7504","0.0000"
"","383.6380","1.7405","0.0000"
"","383.7380","1.7308","0.0000"
"","383.8380","1.7205","0.0000"
"","383.9380","1.7103","0.0000"
"","384.0380","1.7005","0.0000"
"","384.1380","1.6908","0.0000"
"","384.2380","1.6805","0.0000"
"","384.3380","1.6704","0.0000"
"","384.4380","1.6606","0.0000"
"","384.5380","1.6506","0.0000"
"","384.6380","1.6405","0.0000"
"","384.7380","1.6305","0.0000"
"","384.8380","1.6207","0.0000"
"","384.9380","1.6105","0.0000"
"","385.0380","1.6004","0.0000"
"","385.1380","1.5906","0.0000"
"","385.2380","1.5806","0.0000"
"","385.3380","1.5705","0.0000"
"","385.4380","1.5605","0.0000"
"","385.5380","1.5508","0.0000"
"","385.6380","1.5405","0.0000"
"","385.7380","1.5304","0.0000"
"","385.8380","1.5205","0.0000"
"","385.9380","1.5107","0.0000"
"","386.0380","1.5005","0.0000"
"","386.1380","1.4905","0.0000"
"","386.2380","1.4807","0.0000"
"","386.3380","1.4705","0.0000"
"","386.4380","1.4605","0.0000"
"","386.5380","1.4505","0.0000"
"","386.6380","1.4408","0.0000"
"","386.7380","1.4305","0.0000"
"","386.8380","1.4204","0.0000"
"","386.9380","1.4106","0.0000"
"","387.0380","1.4006","0.0000"
"","387.1380","1.3906","0.0000"
"","387.2380","1.3804","0.0000"
"","387.3380","1.3707","0.0000"
"","387.4380","1.3605","0.0000"
"","387.5380","1.3505","0.0000"
"","387.6380","1.3405","0.0000"
"","387.7380","1.3305","0.0000"
"","387.8380","1.3206","0.0000"
"","387.9380","1.3105","0.0000"
"","388.0380","1.3007","0.0000"
"","388.1380","1.2904","0.0000"
"","388.2380","1.2805","0.0000"
"","388.3380","1.2706","0.0000"
"","388.4380","1.2607","0.0000"
"","388.5380","1.2505","0.0000"
"","388.6380","1.2406","0.0000"
"","388.7380","1.2308","0.0000"
"","388.8380","1.2205","0.0000"
"","388.9380","1.2104","0.0000"
"","389.0380","1.2005","0.0000"
"","389.1380","1.1908","0.0000"
"","389.2380","1.1805","0.0000"
"","389.3380","1.1704","0.0000"
"","389.4380","1.1607","0.0000"
"","389.5380","1.1506","0.0000"
"","389.6380","1.1404","0.0000"
"","389.7380","1.1304","0.0000"
"","389.8380","1.1208","0.0000"
"","389.9380","1.1106","0.0000"
"","390.0380","1.1004","0.0000"
"","390.1380","1.0905","0.0000"
"","390.2380","1.0806","0.0000"
"","390.3380","1.0705","0.0000"
"","390.4380","1.0605","0.0000"
"","390.5380","1.0507","0.0000"
"","390.6380","1.0403","0.0000"
"","390.7380","1.0305","0.0000"
"","390.8380","1.0206","0.0000"
"","390.9380","1.0107","0.0000"
"","391.0380","1.0004","0.0000"
"","391.1380","0.9906","0.0000"
"","391.2380","0.9808","0.0000"
"","391.3380","0.9705","0.0000"
"","391.4380","0.9603","0.0000"
"","391.5380","0.9505","0.0000"
"","391.6380","0.9408","0.0000"
"","391.7380","0.9305","0.0000"
"","391.8380","0.9203","0.0000"
"","391.9380","0.9106","0.0000"
"","392.0380","0.9007","0.0000"
"","392.1380","0.8905","0.0000"
"","392.2380","0.8804","0.0000"
"","392.3380","0.8707","0.0000"
"","392.4380","0.8606","0.0000"
"","392.5380","0.8504","0.0000"
"","392.6380","0.8405","0.0000"
"","392.7380","0.8306","0.0000"
"","392.8380","0.8206","0.0000"
"","392.9380","0.8105","0.0000"
"","393.0380","0.8007","0.0000"
"","393.1380","0.7904","0.0000"
"","393.2380","0.7805","0.0000"
"","393.3380","0.7705","0.0000"
"","393.4380","0.7606","0.0000"
"","393.5380","0.7504","0.0000"
"","393.6380","0.7405","0.0000"
"","393.7380","0.7308","0.0000"
"","393.8380","0.7205","0.0000"
"","393.9380","0.7104","0.0000"
"","394.0380","0.7005","0.0000"
"","394.1380","0.6908","0.0000"
"","394.2380","0.6805","0.0000"
"","394.3380","0.6704","0.0000"
"","394.4380","0.6607","0.0000"
"","394.5380","0.6506","0.0000"
"","394.6380","0.6405","0.0000"
"","394.7380","0.6304","0.0000"
"","394.8380","0.6208","0.0000"
"","394.9380","0.6105","0.0000"
"","395.0380","0.6005","0.0000"
"","395.1380","0.5905","0.0000"
"","395.2380","0.5806","0.0000"
"","395.3380","0.5706","0.0000"
"","395.4380","0.5604","0.0000"
"","395.5380","0.5507","0.0000"
"","395.6380","0.5403","0.0000"
"","395.7380","0.5305","0.0000"
"","395.8380","0.5206","0.0000"
"","395.9380","0.5107","0.0000"
"","396.0380","0.5004","0.0000"
"","396.1380","0.4906","0.0000"
"","396.2380","0.4807","0.0000"
"","396.3380","0.4705","0.0000"
"","396.4380","0.4604","0.0000"
"","396.5380","0.4505","0.0000"
"","396.6380","0.4408","0.0000"
"","396.7380","0.4305","0.0000"
"","396.8380","0.4203","0.0000"
"","396.9380","0.4107","0.0000"
"","397.0380","0.4006","0.0000"
"","397.1380","0.3904","0.0000"
"","397.2380","0.3804","0.0000"
"","397.3380","0.3708","0.0000"
"","397.4380","0.3605","0.0000"
"","397.5380","0.3504","0.0000"
"","397.6380","0.3406","0.0000"
"","397.7380","0.3306","0.0000"
"","397.8380","0.3206","0.0000"
"","397.9380","0.3105","0.0000"
"","398.0380","0.3008","0.0000"
"","398.1380","0.2903","0.0000"
"","398.2380","0.2804","0.0000"
"","398.3380","0.2705","0.0000"
"","398.4380","0.2607","0.0000"
"","398.5380","0.2504","0.0000"
"","398.6380","0.2405","0.0000"
"","398.7380","0.2308","0.0000"
"","398.8380","0.2205","0.0000"
"","398.9380","0.2104","0.0000"
"","399.0380","0.2005","0.0000"
"","399.1380","0.1908","0.0000"
"","399.2380","0.1805","0.0000"
"","399.3380","0.1704","0.0000"
"","399.4380","0.1607","0.0000"
"","399.5380","0.1507","0.0000"
"","399.6380","0.1405","0.0000"
"","399.7380","0.1304","0.0000"
"","399.8380","0.1207","0.0000"
"","399.9380","0.1106","0.0000"
"","400.0380","0.1005","0.0000"
"","400.1380","0.0905","0.0000"
"","400.2380","0.0806","0.0000"
"","400.3380","0.0706","0.0000"
"","400.4380","0.0605","0.0000"
"","400.5380","0.0507","0.0000"
"","400.6380","0.0404","0.0000"
"","400.7380","0.0305","0.0000"
"","400.8380","0.0205","0.0000"
"","400.9380","0.0107","0.0000"
"","401.0380","0.0007","0.0000"
"","401.0450","0.0000","0.0000"

