1,Time,Displacement,Force
,(s),(mm),(kN)
"","0.0000","-0.0022","-0.0004"
"","0.1000","0.0018","-0.0004"
"","0.2000","0.0104","-0.0004"
"","0.3000","0.0221","-0.0004"
"","0.4000","0.0322","-0.0004"
"","0.5000","0.0425","-0.0003"
"","0.6000","0.0525","-0.0003"
"","0.7000","0.0621","-0.0003"
"","0.8000","0.0723","-0.0003"
"","0.9000","0.0825","-0.0003"
"","1.0000","0.0925","-0.0003"
"","1.1000","0.1021","-0.0003"
"","1.2000","0.1123","-0.0003"
"","1.3000","0.1225","-0.0003"
"","1.4000","0.1323","-0.0003"
"","1.5000","0.1424","-0.0003"
"","1.6000","0.1524","-0.0003"
"","1.7000","0.1625","-0.0003"
"","1.8000","0.1722","-0.0003"
"","1.9000","0.1825","-0.0003"
"","2.0000","0.1923","-0.0002"
"","2.1000","0.2022","-0.0002"
"","2.2000","0.2124","-0.0003"
"","2.3000","0.2225","-0.0002"
"","2.4000","0.2324","-0.0002"
"","2.5000","0.2421","-0.0003"
"","2.6000","0.2525","-0.0002"
"","2.7000","0.2625","-0.0002"
"","2.8000","0.2724","-0.0002"
"","2.9000","0.2822","-0.0002"
"","3.0000","0.2925","-0.0002"
"","3.1000","0.3025","-0.0002"
"","3.2000","0.3122","-0.0002"
"","3.3000","0.3223","-0.0002"
"","3.4000","0.3324","-0.0002"
"","3.5000","0.3425","-0.0002"
"","3.6000","0.3522","-0.0002"
"","3.7000","0.3624","-0.0002"
"","3.8000","0.3725","-0.0001"
"","3.9000","0.3824","-0.0001"
"","4.0000","0.3924","-0.0001"
"","4.1000","0.4023","-0.0001"
"","4.2000","0.4124","-0.0001"
"","4.3000","0.4223","-0.0001"
"","4.4000","0.4324","-0.0001"
"","4.5000","0.4423","-0.0001"
"","4.6000","0.4523","-0.0001"
"","4.7000","0.4625","-0.0001"
"","4.8000","0.4725","-0.0001"
"","4.9000","0.4824","-0.0001"
"","5.0000","0.4921","0.0000"
"","5.1000","0.5025","0.0000"
"","5.2000","0.5124","-0.0001"
"","5.3000","0.5223","0.0000"
"","5.4000","0.5323","0.0000"
"","5.5000","0.5425","0.0000"
"","5.6000","0.5525","0.0000"
"","5.7000","0.5621","0.0000"
"","5.8000","0.5724","0.0000"
"","5.9000","0.5824","0.0000"
"","6.0000","0.5925","0.0000"
"","6.1000","0.6021","0.0000"
"","6.2000","0.6124","0.0000"
"","6.3000","0.6224","0.0000"
"","6.4000","0.6324","0.0000"
"","6.5000","0.6424","0.0001"
"","6.6000","0.6525","0.0000"
"","6.7000","0.6625","0.0001"
"","6.8000","0.6722","0.0001"
"","6.9000","0.6824","0.0001"
"","7.0000","0.6923","0.0001"
"","7.1000","0.7023","0.0001"
"","7.2000","0.7124","0.0001"
"","7.3000","0.7225","0.0001"
"","7.4000","0.7325","0.0001"
"","7.5000","0.7422","0.0001"
"","7.6000","0.7524","0.0001"
"","7.7000","0.7625","0.0001"
"","7.8000","0.7723","0.0001"
"","7.9000","0.7822","0.0002"
"","8.0000","0.7924","0.0002"
"","8.1000","0.8026","0.0002"
"","8.2000","0.8121","0.0002"
"","8.3000","0.8224","0.0002"
"","8.4000","0.8324","0.0002"
"","8.5000","0.8426","0.0002"
"","8.6000","0.8521","0.0002"
"","8.7000","0.8623","0.0002"
"","8.8000","0.8724","0.0002"
"","8.9000","0.8823","0.0002"
"","9.0000","0.8924","0.0002"
"","9.1000","0.9024","0.0003"
"","9.2000","0.9125","0.0003"
"","9.3000","0.9222","0.0003"
"","9.4000","0.9324","0.0003"
"","9.5000","0.9424","0.0003"
"","9.6000","0.9523","0.0003"
"","9.7000","0.9624","0.0003"
"","9.8000","0.9725","0.0003"
"","9.9000","0.9824","0.0003"
"","10.0000","0.9921","0.0003"
"","10.1000","1.0024","0.0003"
"","10.2000","1.0124","0.0003"
"","10.3000","1.0224","0.0004"
"","10.4000","1.0322","0.0004"
"","10.5000","1.0425","0.0004"
"","10.6000","1.0526","0.0004"
"","10.7000","1.0621","0.0004"
"","10.8000","1.0723","0.0004"
"","10.9000","1.0824","0.0004"
"","11.0000","1.0925","0.0004"
"","11.1000","1.1022","0.0004"
"","11.2000","1.1124","0.0004"
"","11.3000","1.1224","0.0004"
"","11.4000","1.1324","0.0004"
"","11.5000","1.1424","0.0005"
"","11.6000","1.1523","0.0005"
"","11.7000","1.1624","0.0005"
"","11.8000","1.1722","0.0005"
"","11.9000","1.1824","0.0005"
"","12.0000","1.1924","0.0005"
"","12.1000","1.2023","0.0005"
"","12.2000","1.2124","0.0005"
"","12.3000","1.2224","0.0005"
"","12.4000","1.2324","0.0005"
"","12.5000","1.2421","0.0005"
"","12.6000","1.2524","0.0006"
"","12.7000","1.2624","0.0006"
"","12.8000","1.2723","0.0006"
"","12.9000","1.2823","0.0006"
"","13.0000","1.2925","0.0006"
"","13.1000","1.3026","0.0006"
"","13.2000","1.3121","0.0006"
"","13.3000","1.3224","0.0006"
"","13.4000","1.3324","0.0006"
"","13.5000","1.3425","0.0006"
"","13.6000","1.3522","0.0006"
"","13.7000","1.3624","0.0006"
"","13.8000","1.3724","0.0007"
"","13.9000","1.3823","0.0007"
"","14.0000","1.3924","0.0007"
"","14.1000","1.4025","0.0007"
"","14.2000","1.4125","0.0007"
"","14.3000","1.4221","0.0007"
"","14.4000","1.4324","0.0007"
"","14.5000","1.4423","0.0007"
"","14.6000","1.4523","0.0007"
"","14.7000","1.4624","0.0008"
"","14.8000","1.4725","0.0008"
"","14.9000","1.4825","0.0008"
"","15.0000","1.4922","0.0008"
"","15.1000","1.5024","0.0008"
"","15.2000","1.5125","0.0008"
"","15.3000","1.5223","0.0009"
"","15.4000","1.5322","0.0009"
"","15.5000","1.5424","0.0009"
"","15.6000","1.5526","0.0009"
"","15.7000","1.5621","0.0010"
"","15.8000","1.5724","0.0010"
"","15.9000","1.5824","0.0010"
"","16.0000","1.5925","0.0010"
"","16.1000","1.6022","0.0010"
"","16.2000","1.6124","0.0011"
"","16.3000","1.6224","0.0011"
"","16.4000","1.6323","0.0011"
"","16.5000","1.6424","0.0012"
"","16.6000","1.6524","0.0012"
"","16.7000","1.6625","0.0013"
"","16.8000","1.6722","0.0013"
"","16.9000","1.6825","0.0014"
"","17.0000","1.6923","0.0014"
"","17.1000","1.7023","0.0015"
"","17.2000","1.7124","0.0015"
"","17.3000","1.7225","0.0016"
"","17.4000","1.7324","0.0017"
"","17.5000","1.7421","0.0017"
"","17.6000","1.7524","0.0018"
"","17.7000","1.7625","0.0018"
"","17.8000","1.7724","0.0019"
"","17.9000","1.7822","0.0020"
"","18.0000","1.7924","0.0020"
"","18.1000","1.8026","0.0021"
"","18.2000","1.8122","0.0022"
"","18.3000","1.8223","0.0022"
"","18.4000","1.8323","0.0023"
"","18.5000","1.8425","0.0024"
"","18.6000","1.8522","0.0024"
"","18.7000","1.8623","0.0025"
"","18.8000","1.8724","0.0026"
"","18.9000","1.8824","0.0026"
"","19.0000","1.8925","0.0027"
"","19.1000","1.9024","0.0028"
"","19.2000","1.9124","0.0029"
"","19.3000","1.9222","0.0029"
"","19.4000","1.9325","0.0030"
"","19.5000","1.9423","0.0031"
"","19.6000","1.9523","0.0032"
"","19.7000","1.9624","0.0032"
"","19.8000","1.9725","0.0033"
"","19.9000","1.9824","0.0034"
"","20.0000","1.9921","0.0035"
"","20.1000","2.0024","0.0036"
"","20.2000","2.0125","0.0036"
"","20.3000","2.0223","0.0037"
"","20.4000","2.0323","0.0038"
"","20.5000","2.0425","0.0039"
"","20.6000","2.0525","0.0040"
"","20.7000","2.0621","0.0041"
"","20.8000","2.0724","0.0042"
"","20.9000","2.0823","0.0043"
"","21.0000","2.0925","0.0044"
"","21.1000","2.1023","0.0046"
"","21.2000","2.1124","0.0047"
"","21.3000","2.1224","0.0048"
"","21.4000","2.1323","0.0049"
"","21.5000","2.1425","0.0051"
"","21.6000","2.1525","0.0052"
"","21.7000","2.1624","0.0054"
"","21.8000","2.1721","0.0055"
"","21.9000","2.1825","0.0056"
"","22.0000","2.1924","0.0058"
"","22.1000","2.2023","0.0059"
"","22.2000","2.2124","0.0061"
"","22.3000","2.2226","0.0063"
"","22.4000","2.2325","0.0064"
"","22.5000","2.2421","0.0066"
"","22.6000","2.2524","0.0068"
"","22.7000","2.2624","0.0070"
"","22.8000","2.2723","0.0072"
"","22.9000","2.2822","0.0074"
"","23.0000","2.2925","0.0076"
"","23.1000","2.3025","0.0078"
"","23.2000","2.3122","0.0080"
"","23.3000","2.3224","0.0082"
"","23.4000","2.3325","0.0084"
"","23.5000","2.3425","0.0087"
"","23.6000","2.3522","0.0089"
"","23.7000","2.3623","0.0091"
"","23.8000","2.3724","0.0093"
"","23.9000","2.3822","0.0096"
"","24.0000","2.3924","0.0098"
"","24.1000","2.4024","0.0101"
"","24.2000","2.4125","0.0103"
"","24.3000","2.4222","0.0106"
"","24.4000","2.4324","0.0108"
"","24.5000","2.4424","0.0111"
"","24.6000","2.4523","0.0113"
"","24.7000","2.4624","0.0116"
"","24.8000","2.4725","0.0119"
"","24.9000","2.4825","0.0122"
"","25.0000","2.4921","0.0124"
"","25.1000","2.5024","0.0127"
"","25.2000","2.5125","0.0130"
"","25.3000","2.5224","0.0133"
"","25.4000","2.5322","0.0136"
"","25.5000","2.5425","0.0139"
"","25.6000","2.5525","0.0142"
"","25.7000","2.5622","0.0145"
"","25.8000","2.5723","0.0148"
"","25.9000","2.5824","0.0152"
"","26.0000","2.5924","0.0155"
"","26.1000","2.6023","0.0158"
"","26.2000","2.6123","0.0162"
"","26.3000","2.6224","0.0165"
"","26.4000","2.6324","0.0169"
"","26.5000","2.6425","0.0172"
"","26.6000","2.6524","0.0176"
"","26.7000","2.6624","0.0179"
"","26.8000","2.6721","0.0183"
"","26.9000","2.6824","0.0187"
"","27.0000","2.6923","0.0190"
"","27.1000","2.7022","0.0194"
"","27.2000","2.7124","0.0198"
"","27.3000","2.7225","0.0202"
"","27.4000","2.7324","0.0206"
"","27.5000","2.7421","0.0210"
"","27.6000","2.7525","0.0214"
"","27.7000","2.7625","0.0218"
"","27.8000","2.7723","0.0222"
"","27.9000","2.7823","0.0227"
"","28.0000","2.7925","0.0231"
"","28.1000","2.8026","0.0235"
"","28.2000","2.8121","0.0239"
"","28.3000","2.8224","0.0244"
"","28.4000","2.8324","0.0249"
"","28.5000","2.8425","0.0253"
"","28.6000","2.8522","0.0258"
"","28.7000","2.8623","0.0263"
"","28.8000","2.8723","0.0267"
"","28.9000","2.8823","0.0272"
"","29.0000","2.8925","0.0277"
"","29.1000","2.9025","0.0282"
"","29.2000","2.9124","0.0287"
"","29.3000","2.9221","0.0291"
"","29.4000","2.9325","0.0297"
"","29.5000","2.9424","0.0302"
"","29.6000","2.9523","0.0307"
"","29.7000","2.9624","0.0312"
"","29.8000","2.9725","0.0317"
"","29.9000","2.9825","0.0322"
"","30.0000","2.9921","0.0327"
"","30.1000","3.0024","0.0333"
"","30.2000","3.0125","0.0337"
"","30.3000","3.0223","0.0341"
"","30.4000","3.0322","0.0343"
"","30.5000","3.0424","0.0345"
"","30.6000","3.0526","0.0347"
"","30.7000","3.0621","0.0348"
"","30.8000","3.0724","0.0349"
"","30.9000","3.0824","0.0350"
"","31.0000","3.0926","0.0351"
"","31.1000","3.1022","0.0352"
"","31.2000","3.1123","0.0353"
"","31.3000","3.1225","0.0354"
"","31.4000","3.1323","0.0356"
"","31.5000","3.1424","0.0357"
"","31.6000","3.1524","0.0358"
"","31.7000","3.1625","0.0361"
"","31.8000","3.1721","0.0362"
"","31.9000","3.1825","0.0363"
"","32.0000","3.1923","0.0366"
"","32.1000","3.2023","0.0368"
"","32.2000","3.2124","0.0372"
"","32.3000","3.2225","0.0375"
"","32.4000","3.2324","0.0379"
"","32.5000","3.2421","0.0382"
"","32.6000","3.2524","0.0384"
"","32.7000","3.2625","0.0389"
"","32.8000","3.2724","0.0395"
"","32.9000","3.2822","0.0401"
"","33.0000","3.2925","0.0407"
"","33.1000","3.3025","0.0414"
"","33.2000","3.3121","0.0421"
"","33.3000","3.3223","0.0429"
"","33.4000","3.3324","0.0435"
"","33.5000","3.3425","0.0442"
"","33.6000","3.3522","0.0448"
"","33.7000","3.3623","0.0455"
"","33.8000","3.3724","0.0461"
"","33.9000","3.3823","0.0468"
"","34.0000","3.3924","0.0475"
"","34.1000","3.4023","0.0482"
"","34.2000","3.4124","0.0489"
"","34.3000","3.4222","0.0496"
"","34.4000","3.4323","0.0503"
"","34.5000","3.4423","0.0510"
"","34.6000","3.4523","0.0518"
"","34.7000","3.4624","0.0525"
"","34.8000","3.4726","0.0533"
"","34.9000","3.4824","0.0540"
"","35.0000","3.4921","0.0547"
"","35.1000","3.5024","0.0555"
"","35.2000","3.5125","0.0562"
"","35.3000","3.5223","0.0569"
"","35.4000","3.5323","0.0577"
"","35.5000","3.5425","0.0585"
"","35.6000","3.5526","0.0593"
"","35.7000","3.5621","0.0600"
"","35.8000","3.5724","0.0609"
"","35.9000","3.5824","0.0617"
"","36.0000","3.5925","0.0625"
"","36.1000","3.6021","0.0632"
"","36.2000","3.6124","0.0641"
"","36.3000","3.6224","0.0649"
"","36.4000","3.6323","0.0657"
"","36.5000","3.6424","0.0666"
"","36.6000","3.6525","0.0674"
"","36.7000","3.6625","0.0682"
"","36.8000","3.6722","0.0690"
"","36.9000","3.6824","0.0699"
"","37.0000","3.6924","0.0708"
"","37.1000","3.7023","0.0716"
"","37.2000","3.7124","0.0725"
"","37.3000","3.7225","0.0734"
"","37.4000","3.7325","0.0742"
"","37.5000","3.7422","0.0750"
"","37.6000","3.7524","0.0760"
"","37.7000","3.7625","0.0769"
"","37.8000","3.7723","0.0777"
"","37.9000","3.7822","0.0786"
"","38.0000","3.7924","0.0796"
"","38.1000","3.8026","0.0805"
"","38.2000","3.8121","0.0813"
"","38.3000","3.8224","0.0823"
"","38.4000","3.8324","0.0833"
"","38.5000","3.8425","0.0842"
"","38.6000","3.8522","0.0850"
"","38.7000","3.8623","0.0860"
"","38.8000","3.8724","0.0870"
"","38.9000","3.8823","0.0879"
"","39.0000","3.8924","0.0889"
"","39.1000","3.9024","0.0899"
"","39.2000","3.9125","0.0908"
"","39.3000","3.9222","0.0917"
"","39.4000","3.9324","0.0927"
"","39.5000","3.9423","0.0936"
"","39.6000","3.9523","0.0946"
"","39.7000","3.9624","0.0956"
"","39.8000","3.9725","0.0966"
"","39.9000","3.9824","0.0976"
"","40.0000","3.9921","0.0985"
"","40.0760","4.0000","0.0994"
"","40.0770","4.0001","0.0994"
"","40.0780","4.0002","0.0994"
"","40.1780","4.0005","0.0979"
"","40.2780","3.9931","0.0948"
"","40.3780","3.9812","0.0908"
"","40.4780","3.9706","0.0874"
"","40.5780","3.9606","0.0844"
"","40.6780","3.9508","0.0815"
"","40.7780","3.9406","0.0787"
"","40.8780","3.9306","0.0760"
"","40.9780","3.9205","0.0733"
"","41.0780","3.9108","0.0709"
"","41.1780","3.9005","0.0684"
"","41.2780","3.8904","0.0660"
"","41.3780","3.8805","0.0638"
"","41.4780","3.8707","0.0616"
"","41.5780","3.8606","0.0594"
"","41.6780","3.8505","0.0573"
"","41.7780","3.8406","0.0554"
"","41.8780","3.8305","0.0534"
"","41.9780","3.8205","0.0515"
"","42.0780","3.8105","0.0497"
"","42.1780","3.8007","0.0480"
"","42.2780","3.7905","0.0463"
"","42.3780","3.7806","0.0446"
"","42.4780","3.7707","0.0431"
"","42.5780","3.7605","0.0415"
"","42.6780","3.7504","0.0401"
"","42.7780","3.7406","0.0387"
"","42.8780","3.7307","0.0374"
"","42.9780","3.7204","0.0361"
"","43.0780","3.7105","0.0353"
"","43.1780","3.7007","0.0349"
"","43.2780","3.6906","0.0344"
"","43.3780","3.6805","0.0340"
"","43.4780","3.6704","0.0338"
"","43.5780","3.6607","0.0336"
"","43.6780","3.6505","0.0335"
"","43.7780","3.6404","0.0334"
"","43.8780","3.6306","0.0333"
"","43.9780","3.6207","0.0331"
"","44.0780","3.6106","0.0329"
"","44.1780","3.6005","0.0328"
"","44.2780","3.5907","0.0327"
"","44.3780","3.5805","0.0327"
"","44.4780","3.5705","0.0326"
"","44.5780","3.5605","0.0325"
"","44.6780","3.5506","0.0325"
"","44.7780","3.5405","0.0323"
"","44.8780","3.5305","0.0319"
"","44.9780","3.5207","0.0311"
"","45.0780","3.5104","0.0301"
"","45.1780","3.5005","0.0290"
"","45.2780","3.4906","0.0280"
"","45.3780","3.4808","0.0270"
"","45.4780","3.4704","0.0260"
"","45.5780","3.4604","0.0250"
"","45.6780","3.4507","0.0241"
"","45.7780","3.4406","0.0232"
"","45.8780","3.4305","0.0224"
"","45.9780","3.4204","0.0216"
"","46.0780","3.4108","0.0209"
"","46.1780","3.4005","0.0201"
"","46.2780","3.3905","0.0194"
"","46.3780","3.3805","0.0188"
"","46.4780","3.3707","0.0181"
"","46.5780","3.3606","0.0175"
"","46.6780","3.3505","0.0169"
"","46.7780","3.3406","0.0163"
"","46.8780","3.3306","0.0157"
"","46.9780","3.3205","0.0152"
"","47.0780","3.3105","0.0146"
"","47.1780","3.3007","0.0141"
"","47.2780","3.2905","0.0137"
"","47.3780","3.2805","0.0132"
"","47.4780","3.2706","0.0127"
"","47.5780","3.2604","0.0123"
"","47.6780","3.2504","0.0119"
"","47.7780","3.2405","0.0115"
"","47.8780","3.2307","0.0111"
"","47.9780","3.2205","0.0108"
"","48.0780","3.2104","0.0104"
"","48.1780","3.2007","0.0101"
"","48.2780","3.1906","0.0098"
"","48.3780","3.1806","0.0095"
"","48.4780","3.1703","0.0092"
"","48.5780","3.1607","0.0090"
"","48.6780","3.1505","0.0087"
"","48.7780","3.1404","0.0084"
"","48.8780","3.1305","0.0082"
"","48.9780","3.1207","0.0080"
"","49.0780","3.1106","0.0078"
"","49.1780","3.1005","0.0076"
"","49.2780","3.0906","0.0074"
"","49.3780","3.0805","0.0072"
"","49.4780","3.0705","0.0070"
"","49.5780","3.0605","0.0068"
"","49.6780","3.0506","0.0067"
"","49.7780","3.0405","0.0065"
"","49.8780","3.0306","0.0064"
"","49.9780","3.0207","0.0062"
"","50.0780","3.0104","0.0061"
"","50.1780","3.0004","0.0060"
"","50.2780","2.9906","0.0058"
"","50.3780","2.9807","0.0057"
"","50.4780","2.9704","0.0056"
"","50.5780","2.9604","0.0054"
"","50.6780","2.9507","0.0053"
"","50.7780","2.9406","0.0052"
"","50.8780","2.9305","0.0050"
"","50.9780","2.9204","0.0049"
"","51.0780","2.9107","0.0048"
"","51.1780","2.9005","0.0046"
"","51.2780","2.8904","0.0045"
"","51.3780","2.8805","0.0044"
"","51.4780","2.8707","0.0042"
"","51.5780","2.8606","0.0041"
"","51.6780","2.8505","0.0040"
"","51.7780","2.8407","0.0039"
"","51.8780","2.8304","0.0037"
"","51.9780","2.8205","0.0036"
"","52.0780","2.8105","0.0035"
"","52.1780","2.8007","0.0034"
"","52.2780","2.7904","0.0033"
"","52.3780","2.7805","0.0032"
"","52.4780","2.7707","0.0031"
"","52.5780","2.7604","0.0030"
"","52.6780","2.7503","0.0029"
"","52.7780","2.7406","0.0028"
"","52.8780","2.7309","0.0027"
"","52.9780","2.7204","0.0026"
"","53.0780","2.7103","0.0025"
"","53.1780","2.7007","0.0025"
"","53.2780","2.6906","0.0024"
"","53.3780","2.6805","0.0023"
"","53.4780","2.6704","0.0022"
"","53.5780","2.6607","0.0022"
"","53.6780","2.6505","0.0021"
"","53.7780","2.6405","0.0020"
"","53.8780","2.6305","0.0019"
"","53.9780","2.6206","0.0019"
"","54.0780","2.6106","0.0018"
"","54.1780","2.6005","0.0018"
"","54.2780","2.5907","0.0017"
"","54.3780","2.5805","0.0017"
"","54.4780","2.5705","0.0016"
"","54.5780","2.5605","0.0016"
"","54.6780","2.5507","0.0015"
"","54.7780","2.5405","0.0015"
"","54.8780","2.5305","0.0014"
"","54.9780","2.5207","0.0014"
"","55.0780","2.5105","0.0013"
"","55.1780","2.5004","0.0013"
"","55.2780","2.4905","0.0012"
"","55.3780","2.4807","0.0012"
"","55.4780","2.4704","0.0012"
"","55.5780","2.4604","0.0011"
"","55.6780","2.4507","0.0011"
"","55.7780","2.4406","0.0011"
"","55.8780","2.4306","0.0011"
"","55.9780","2.4204","0.0010"
"","56.0780","2.4107","0.0010"
"","56.1780","2.4005","0.0010"
"","56.2780","2.3904","0.0009"
"","56.3780","2.3805","0.0009"
"","56.4780","2.3706","0.0009"
"","56.5780","2.3606","0.0008"
"","56.6780","2.3505","0.0008"
"","56.7780","2.3407","0.0008"
"","56.8780","2.3304","0.0008"
"","56.9780","2.3204","0.0008"
"","57.0780","2.3105","0.0007"
"","57.1780","2.3007","0.0007"
"","57.2780","2.2904","0.0007"
"","57.3780","2.2805","0.0006"
"","57.4780","2.2707","0.0006"
"","57.5780","2.2605","0.0006"
"","57.6780","2.2504","0.0006"
"","57.7780","2.2406","0.0006"
"","57.8780","2.2307","0.0005"
"","57.9780","2.2204","0.0005"
"","58.0780","2.2104","0.0005"
"","58.1780","2.2007","0.0005"
"","58.2780","2.1906","0.0005"
"","58.3780","2.1805","0.0004"
"","58.4780","2.1704","0.0004"
"","58.5780","2.1608","0.0004"
"","58.6780","2.1505","0.0004"
"","58.7780","2.1403","0.0004"
"","58.8780","2.1305","0.0004"
"","58.9780","2.1207","0.0003"
"","59.0780","2.1106","0.0004"
"","59.1780","2.1004","0.0003"
"","59.2780","2.0907","0.0003"
"","59.3780","2.0804","0.0003"
"","59.4780","2.0704","0.0003"
"","59.5780","2.0606","0.0003"
"","59.6780","2.0507","0.0003"
"","59.7780","2.0405","0.0003"
"","59.8780","2.0305","0.0003"
"","59.9780","2.0207","0.0003"
"","60.0780","2.0104","0.0003"
"","60.1780","2.0004","0.0002"
"","60.2780","1.9906","0.0002"
"","60.3780","1.9808","0.0002"
"","60.4780","1.9704","0.0002"
"","60.5780","1.9603","0.0002"
"","60.6780","1.9507","0.0002"
"","60.7780","1.9406","0.0002"
"","60.8780","1.9305","0.0002"
"","60.9780","1.9204","0.0002"
"","61.0780","1.9108","0.0002"
"","61.1780","1.9005","0.0002"
"","61.2780","1.8905","0.0002"
"","61.3780","1.8805","0.0002"
"","61.4780","1.8708","0.0002"
"","61.5780","1.8606","0.0001"
"","61.6780","1.8504","0.0001"
"","61.7780","1.8406","0.0001"
"","61.8780","1.8305","0.0001"
"","61.9780","1.8205","0.0001"
"","62.0780","1.8105","0.0001"
"","62.1780","1.8007","0.0001"
"","62.2780","1.7906","0.0001"
"","62.3780","1.7805","0.0001"
"","62.4780","1.7707","0.0001"
"","62.5780","1.7604","0.0001"
"","62.6780","1.7504","0.0001"
"","62.7780","1.7405","0.0001"
"","62.8780","1.7307","0.0001"
"","62.9780","1.7204","0.0001"
"","63.0780","1.7104","0.0000"
"","63.1780","1.7007","0.0000"
"","63.2780","1.6906","0.0000"
"","63.3780","1.6805","0.0000"
"","63.4780","1.6703","0.0000"
"","63.5780","1.6608","0.0000"
"","63.6780","1.6504","0.0000"
"","63.7780","1.6404","0.0000"
"","63.8780","1.6305","0.0000"
"","63.9780","1.6207","0.0000"
"","64.0780","1.6106","0.0000"
"","64.1780","1.6005","0.0000"
"","64.2780","1.5906","0.0000"
"","64.3780","1.5805","0.0000"
"","64.4780","1.5705","0.0000"
"","64.5780","1.5605","0.0000"
"","64.6780","1.5507","-0.0001"
"","64.7780","1.5405","-0.0001"
"","64.8780","1.5305","-0.0001"
"","64.9780","1.5207","-0.0001"
"","65.0780","1.5105","-0.0001"
"","65.1780","1.5005","-0.0001"
"","65.2780","1.4905","-0.0001"
"","65.3780","1.4807","-0.0001"
"","65.4780","1.4704","-0.0001"
"","65.5780","1.4605","-0.0001"
"","65.6780","1.4507","-0.0001"
"","65.7780","1.4406","-0.0001"
"","65.8780","1.4305","-0.0001"
"","65.9780","1.4205","-0.0001"
"","66.0780","1.4108","-0.0001"
"","66.1780","1.4005","-0.0001"
"","66.2780","1.3903","-0.0001"
"","66.3780","1.3805","-0.0002"
"","66.4780","1.3707","-0.0002"
"","66.5780","1.3605","-0.0002"
"","66.6780","1.3504","-0.0002"
"","66.7780","1.3407","-0.0002"
"","66.8780","1.3305","-0.0002"
"","66.9780","1.3204","-0.0002"
"","67.0780","1.3105","-0.0002"
"","67.1780","1.3007","-0.0002"
"","67.2780","1.2905","-0.0002"
"","67.3780","1.2804","-0.0002"
"","67.4780","1.2707","-0.0002"
"","67.5780","1.2604","-0.0002"
"","67.6780","1.2504","-0.0002"
"","67.7780","1.2405","-0.0002"
"","67.8780","1.2308","-0.0002"
"","67.9780","1.2204","-0.0002"
"","68.0780","1.2104","-0.0002"
"","68.1780","1.2006","-0.0003"
"","68.2780","1.1906","-0.0003"
"","68.3780","1.1805","-0.0003"
"","68.4780","1.1704","-0.0003"
"","68.5780","1.1608","-0.0003"
"","68.6780","1.1505","-0.0003"
"","68.7780","1.1405","-0.0003"
"","68.8780","1.1305","-0.0003"
"","68.9780","1.1207","-0.0003"
"","69.0780","1.1105","-0.0003"
"","69.1780","1.1004","-0.0003"
"","69.2780","1.0906","-0.0003"
"","69.3780","1.0806","-0.0003"
"","69.4780","1.0705","-0.0003"
"","69.5780","1.0605","-0.0003"
"","69.6780","1.0507","-0.0003"
"","69.7780","1.0406","-0.0003"
"","69.8780","1.0305","-0.0003"
"","69.9780","1.0206","-0.0003"
"","70.0780","1.0104","-0.0004"
"","70.1780","1.0004","-0.0003"
"","70.2780","0.9905","-0.0004"
"","70.3780","0.9808","-0.0004"
"","70.4780","0.9705","-0.0004"
"","70.5780","0.9605","-0.0004"
"","70.6780","0.9507","-0.0004"
"","70.7780","0.9406","-0.0004"
"","70.8780","0.9305","-0.0004"
"","70.9780","0.9204","-0.0004"
"","71.0780","0.9107","-0.0004"
"","71.1780","0.9004","-0.0004"
"","71.2780","0.8904","-0.0004"
"","71.3780","0.8805","-0.0004"
"","71.4780","0.8707","-0.0004"
"","71.5780","0.8606","-0.0004"
"","71.6780","0.8505","-0.0004"
"","71.7780","0.8406","-0.0004"
"","71.8780","0.8305","-0.0004"
"","71.9780","0.8205","-0.0004"
"","72.0780","0.8105","-0.0004"
"","72.1780","0.8006","-0.0004"
"","72.2780","0.7904","-0.0004"
"","72.3780","0.7805","-0.0004"
"","72.4780","0.7707","-0.0005"
"","72.5780","0.7605","-0.0005"
"","72.6780","0.7504","-0.0005"
"","72.7780","0.7406","-0.0005"
"","72.8780","0.7307","-0.0005"
"","72.9780","0.7204","-0.0005"
"","73.0780","0.7104","-0.0005"
"","73.1780","0.7007","-0.0005"
"","73.2780","0.6906","-0.0005"
"","73.3780","0.6805","-0.0005"
"","73.4780","0.6704","-0.0005"
"","73.5780","0.6608","-0.0005"
"","73.6780","0.6504","-0.0005"
"","73.7780","0.6404","-0.0005"
"","73.8780","0.6305","-0.0005"
"","73.9780","0.6207","-0.0005"
"","74.0780","0.6105","-0.0005"
"","74.1780","0.6004","-0.0005"
"","74.2780","0.5907","-0.0005"
"","74.3780","0.5804","-0.0005"
"","74.4780","0.5705","-0.0005"
"","74.5780","0.5605","-0.0005"
"","74.6780","0.5507","-0.0005"
"","74.7780","0.5404","-0.0005"
"","74.8780","0.5305","-0.0005"
"","74.9780","0.5207","-0.0005"
"","75.0780","0.5104","-0.0005"
"","75.1780","0.5004","-0.0005"
"","75.2780","0.4906","-0.0005"
"","75.3780","0.4808","-0.0005"
"","75.4780","0.4704","-0.0005"
"","75.5780","0.4604","-0.0005"
"","75.6780","0.4507","-0.0005"
"","75.7780","0.4406","-0.0005"
"","75.8780","0.4305","-0.0005"
"","75.9780","0.4204","-0.0005"
"","76.0780","0.4108","-0.0005"
"","76.1780","0.4005","-0.0005"
"","76.2780","0.3905","-0.0005"
"","76.3780","0.3805","-0.0005"
"","76.4780","0.3707","-0.0005"
"","76.5780","0.3606","-0.0005"
"","76.6780","0.3505","-0.0005"
"","76.7780","0.3406","-0.0005"
"","76.8780","0.3305","-0.0005"
"","76.9780","0.3205","-0.0005"
"","77.0780","0.3106","-0.0005"
"","77.1780","0.3007","-0.0005"
"","77.2780","0.2905","-0.0005"
"","77.3780","0.2806","-0.0005"
"","77.4780","0.2707","-0.0005"
"","77.5780","0.2604","-0.0005"
"","77.6780","0.2504","-0.0005"
"","77.7780","0.2406","-0.0005"
"","77.8780","0.2307","-0.0005"
"","77.9780","0.2204","-0.0005"
"","78.0780","0.2104","-0.0005"
"","78.1780","0.2007","-0.0005"
"","78.2780","0.1906","-0.0005"
"","78.3780","0.1804","-0.0005"
"","78.4780","0.1703","-0.0005"
"","78.5780","0.1607","-0.0005"
"","78.6780","0.1505","-0.0005"
"","78.7780","0.1404","-0.0005"
"","78.8780","0.1305","-0.0005"
"","78.9780","0.1207","-0.0005"
"","79.0780","0.1106","-0.0005"
"","79.1780","0.1005","-0.0005"
"","79.2780","0.0906","-0.0005"
"","79.3780","0.0804","-0.0005"
"","79.4780","0.0705","-0.0005"
"","79.5780","0.0606","-0.0005"
"","79.6780","0.0507","-0.0005"
"","79.7780","0.0404","-0.0005"
"","79.8780","0.0305","-0.0005"
"","79.9780","0.0208","-0.0005"
"","80.0780","0.0104","-0.0005"
"","80.1780","0.0004","-0.0005"
"","80.1820","0.0000","-0.0005"
"","80.1830","-0.0001","-0.0005"
"","80.1840","-0.0002","-0.0005"
"","80.2840","-0.0005","-0.0005"
"","80.3840","0.0074","-0.0005"
"","80.4840","0.0192","-0.0005"
"","80.5840","0.0292","-0.0005"
"","80.6840","0.0395","-0.0005"
"","80.7840","0.0497","-0.0005"
"","80.8840","0.0594","-0.0005"
"","80.9840","0.0694","-0.0005"
"","81.0840","0.0796","-0.0005"
"","81.1840","0.0897","-0.0005"
"","81.2840","0.0993","-0.0005"
"","81.3840","0.1095","-0.0005"
"","81.4840","0.1196","-0.0005"
"","81.5840","0.1296","-0.0005"
"","81.6840","0.1395","-0.0005"
"","81.7840","0.1496","-0.0005"
"","81.8840","0.1596","-0.0005"
"","81.9840","0.1694","-0.0005"
"","82.0840","0.1797","-0.0005"
"","82.1840","0.1896","-0.0005"
"","82.2840","0.1995","-0.0005"
"","82.3840","0.2093","-0.0005"
"","82.4840","0.2196","-0.0005"
"","82.5840","0.2295","-0.0005"
"","82.6840","0.2394","-0.0005"
"","82.7840","0.2496","-0.0005"
"","82.8840","0.2597","-0.0005"
"","82.9840","0.2697","-0.0005"
"","83.0840","0.2792","-0.0005"
"","83.1840","0.2896","-0.0005"
"","83.2840","0.2996","-0.0005"
"","83.3840","0.3095","-0.0005"
"","83.4840","0.3195","-0.0005"
"","83.5840","0.3296","-0.0005"
"","83.6840","0.3398","-0.0005"
"","83.7840","0.3494","-0.0005"
"","83.8840","0.3595","-0.0005"
"","83.9840","0.3696","-0.0005"
"","84.0840","0.3796","-0.0005"
"","84.1840","0.3895","-0.0005"
"","84.2840","0.3995","-0.0005"
"","84.3840","0.4096","-0.0005"
"","84.4840","0.4194","-0.0005"
"","84.5840","0.4297","-0.0005"
"","84.6840","0.4395","-0.0005"
"","84.7840","0.4495","-0.0005"
"","84.8840","0.4594","-0.0005"
"","84.9840","0.4697","-0.0005"
"","85.0840","0.4796","-0.0005"
"","85.1840","0.4894","-0.0005"
"","85.2840","0.4996","-0.0005"
"","85.3840","0.5096","-0.0005"
"","85.4840","0.5196","-0.0005"
"","85.5840","0.5293","-0.0005"
"","85.6840","0.5397","-0.0005"
"","85.7840","0.5497","-0.0005"
"","85.8840","0.5595","-0.0005"
"","85.9840","0.5695","-0.0004"
"","86.0840","0.5796","-0.0004"
"","86.1840","0.5898","-0.0004"
"","86.2840","0.5993","-0.0004"
"","86.3840","0.6096","-0.0004"
"","86.4840","0.6195","-0.0004"
"","86.5840","0.6296","-0.0004"
"","86.6840","0.6395","-0.0004"
"","86.7840","0.6497","-0.0004"
"","86.8840","0.6596","-0.0004"
"","86.9840","0.6693","-0.0004"
"","87.0840","0.6796","-0.0004"
"","87.1840","0.6895","-0.0004"
"","87.2840","0.6996","-0.0004"
"","87.3840","0.7094","-0.0004"
"","87.4840","0.7197","-0.0004"
"","87.5840","0.7296","-0.0004"
"","87.6840","0.7394","-0.0004"
"","87.7840","0.7495","-0.0003"
"","87.8840","0.7597","-0.0003"
"","87.9840","0.7696","-0.0003"
"","88.0840","0.7793","-0.0003"
"","88.1840","0.7895","-0.0003"
"","88.2840","0.7997","-0.0003"
"","88.3840","0.8095","-0.0003"
"","88.4840","0.8195","-0.0003"
"","88.5840","0.8296","-0.0003"
"","88.6840","0.8398","-0.0003"
"","88.7840","0.8493","-0.0003"
"","88.8840","0.8595","-0.0003"
"","88.9840","0.8696","-0.0003"
"","89.0840","0.8796","-0.0003"
"","89.1840","0.8894","-0.0003"
"","89.2840","0.8996","-0.0003"
"","89.3840","0.9097","-0.0003"
"","89.4840","0.9194","-0.0003"
"","89.5840","0.9297","-0.0002"
"","89.6840","0.9395","-0.0002"
"","89.7840","0.9496","-0.0002"
"","89.8840","0.9594","-0.0002"
"","89.9840","0.9697","-0.0002"
"","90.0840","0.9796","-0.0002"
"","90.1840","0.9894","-0.0002"
"","90.2840","0.9995","-0.0002"
"","90.3840","1.0097","-0.0002"
"","90.4840","1.0196","-0.0002"
"","90.5840","1.0293","-0.0002"
"","90.6840","1.0396","-0.0002"
"","90.7840","1.0496","-0.0002"
"","90.8840","1.0595","-0.0002"
"","90.9840","1.0695","-0.0002"
"","91.0840","1.0796","-0.0002"
"","91.1840","1.0897","-0.0001"
"","91.2840","1.0993","-0.0001"
"","91.3840","1.1095","-0.0001"
"","91.4840","1.1196","-0.0001"
"","91.5840","1.1296","-0.0001"
"","91.6840","1.1395","-0.0001"
"","91.7840","1.1495","-0.0001"
"","91.8840","1.1595","-0.0001"
"","91.9840","1.1694","-0.0001"
"","92.0840","1.1797","-0.0001"
"","92.1840","1.1896","-0.0001"
"","92.2840","1.1996","-0.0001"
"","92.3840","1.2094","-0.0001"
"","92.4840","1.2197","-0.0001"
"","92.5840","1.2296","-0.0001"
"","92.6840","1.2394","-0.0001"
"","92.7840","1.2496","0.0000"
"","92.8840","1.2596","0.0000"
"","92.9840","1.2696","0.0000"
"","93.0840","1.2793","0.0000"
"","93.1840","1.2896","0.0000"
"","93.2840","1.2997","0.0000"
"","93.3840","1.3095","0.0000"
"","93.4840","1.3195","0.0000"
"","93.5840","1.3296","0.0000"
"","93.6840","1.3397","0.0000"
"","93.7840","1.3493","0.0000"
"","93.8840","1.3596","0.0000"
"","93.9840","1.3696","0.0000"
"","94.0840","1.3796","0.0000"
"","94.1840","1.3895","0.0000"
"","94.2840","1.3997","0.0001"
"","94.3840","1.4096","0.0001"
"","94.4840","1.4193","0.0001"
"","94.5840","1.4296","0.0001"
"","94.6840","1.4395","0.0001"
"","94.7840","1.4495","0.0001"
"","94.8840","1.4594","0.0001"
"","94.9840","1.4697","0.0001"
"","95.0840","1.4796","0.0001"
"","95.1840","1.4895","0.0001"
"","95.2840","1.4996","0.0001"
"","95.3840","1.5097","0.0001"
"","95.4840","1.5196","0.0001"
"","95.5840","1.5293","0.0001"
"","95.6840","1.5395","0.0002"
"","95.7840","1.5497","0.0002"
"","95.8840","1.5595","0.0002"
"","95.9840","1.5695","0.0002"
"","96.0840","1.5796","0.0002"
"","96.1840","1.5898","0.0002"
"","96.2840","1.5994","0.0002"
"","96.3840","1.6095","0.0002"
"","96.4840","1.6196","0.0002"
"","96.5840","1.6295","0.0002"
"","96.6840","1.6395","0.0002"
"","96.7840","1.6496","0.0002"
"","96.8840","1.6597","0.0002"
"","96.9840","1.6694","0.0002"
"","97.0840","1.6798","0.0003"
"","97.1840","1.6895","0.0003"
"","97.2840","1.6996","0.0003"
"","97.3840","1.7094","0.0003"
"","97.4840","1.7197","0.0003"
"","97.5840","1.7296","0.0003"
"","97.6840","1.7394","0.0003"
"","97.7840","1.7496","0.0003"
"","97.8840","1.7597","0.0003"
"","97.9840","1.7697","0.0003"
"","98.0840","1.7792","0.0003"
"","98.1840","1.7895","0.0003"
"","98.2840","1.7997","0.0003"
"","98.3840","1.8095","0.0004"
"","98.4840","1.8195","0.0003"
"","98.5840","1.8296","0.0004"
"","98.6840","1.8397","0.0004"
"","98.7840","1.8494","0.0004"
"","98.8840","1.8595","0.0004"
"","98.9840","1.8696","0.0004"
"","99.0840","1.8796","0.0004"
"","99.1840","1.8896","0.0004"
"","99.2840","1.8995","0.0004"
"","99.3840","1.9096","0.0004"
"","99.4840","1.9194","0.0004"
"","99.5840","1.9297","0.0004"
"","99.6840","1.9395","0.0005"
"","99.7840","1.9496","0.0005"
"","99.8840","1.9594","0.0005"
"","99.9840","1.9697","0.0005"
"","100.0840","1.9796","0.0005"
"","100.1840","1.9894","0.0005"
"","100.2840","1.9996","0.0006"
"","100.3840","2.0097","0.0006"
"","100.4840","2.0196","0.0006"
"","100.5840","2.0293","0.0006"
"","100.6840","2.0396","0.0006"
"","100.7840","2.0496","0.0007"
"","100.8840","2.0595","0.0007"
"","100.9840","2.0695","0.0007"
"","101.0840","2.0795","0.0007"
"","101.1840","2.0897","0.0008"
"","101.2840","2.0994","0.0008"
"","101.3840","2.1096","0.0008"
"","101.4840","2.1195","0.0008"
"","101.5840","2.1296","0.0009"
"","101.6840","2.1395","0.0009"
"","101.7840","2.1497","0.0009"
"","101.8840","2.1596","0.0009"
"","101.9840","2.1693","0.0010"
"","102.0840","2.1797","0.0010"
"","102.1840","2.1896","0.0010"
"","102.2840","2.1995","0.0011"
"","102.3840","2.2093","0.0011"
"","102.4840","2.2197","0.0011"
"","102.5840","2.2297","0.0012"
"","102.6840","2.2395","0.0012"
"","102.7840","2.2496","0.0012"
"","102.8840","2.2597","0.0013"
"","102.9840","2.2696","0.0013"
"","103.0840","2.2793","0.0013"
"","103.1840","2.2896","0.0014"
"","103.2840","2.2997","0.0014"
"","103.3840","2.3095","0.0014"
"","103.4840","2.3195","0.0015"
"","103.5840","2.3296","0.0015"
"","103.6840","2.3398","0.0016"
"","103.7840","2.3493","0.0016"
"","103.8840","2.3595","0.0017"
"","103.9840","2.3695","0.0018"
"","104.0840","2.3795","0.0018"
"","104.1840","2.3895","0.0019"
"","104.2840","2.3997","0.0019"
"","104.3840","2.4097","0.0020"
"","104.4840","2.4194","0.0021"
"","104.5840","2.4297","0.0021"
"","104.6840","2.4395","0.0022"
"","104.7840","2.4496","0.0023"
"","104.8840","2.4594","0.0023"
"","104.9840","2.4697","0.0024"
"","105.0840","2.4797","0.0025"
"","105.1840","2.4894","0.0026"
"","105.2840","2.4996","0.0026"
"","105.3840","2.5096","0.0027"
"","105.4840","2.5197","0.0028"
"","105.5840","2.5293","0.0029"
"","105.6840","2.5396","0.0030"
"","105.7840","2.5496","0.0030"
"","105.8840","2.5595","0.0031"
"","105.9840","2.5695","0.0032"
"","106.0840","2.5796","0.0034"
"","106.1840","2.5897","0.0035"
"","106.2840","2.5994","0.0036"
"","106.3840","2.6095","0.0037"
"","106.4840","2.6196","0.0038"
"","106.5840","2.6296","0.0039"
"","106.6840","2.6396","0.0040"
"","106.7840","2.6495","0.0042"
"","106.8840","2.6596","0.0043"
"","106.9840","2.6694","0.0045"
"","107.0840","2.6797","0.0046"
"","107.1840","2.6895","0.0047"
"","107.2840","2.6995","0.0049"
"","107.3840","2.7094","0.0051"
"","107.4840","2.7197","0.0052"
"","107.5840","2.7295","0.0054"
"","107.6840","2.7394","0.0055"
"","107.7840","2.7496","0.0057"
"","107.8840","2.7597","0.0058"
"","107.9840","2.7696","0.0059"
"","108.0840","2.7793","0.0061"
"","108.1840","2.7896","0.0062"
"","108.2840","2.7997","0.0063"
"","108.3840","2.8095","0.0065"
"","108.4840","2.8195","0.0066"
"","108.5840","2.8296","0.0068"
"","108.6840","2.8397","0.0069"
"","108.7840","2.8493","0.0071"
"","108.8840","2.8595","0.0072"
"","108.9840","2.8695","0.0074"
"","109.0840","2.8796","0.0075"
"","109.1840","2.8896","0.0077"
"","109.2840","2.8996","0.0079"
"","109.3840","2.9096","0.0082"
"","109.4840","2.9193","0.0084"
"","109.5840","2.9298","0.0086"
"","109.6840","2.9395","0.0089"
"","109.7840","2.9495","0.0091"
"","109.8840","2.9594","0.0094"
"","109.9840","2.9697","0.0097"
"","110.0840","2.9796","0.0100"
"","110.1840","2.9895","0.0103"
"","110.2840","2.9995","0.0106"
"","110.3840","3.0097","0.0109"
"","110.4840","3.0195","0.0113"
"","110.5840","3.0293","0.0116"
"","110.6840","3.0395","0.0120"
"","110.7840","3.0497","0.0124"
"","110.8840","3.0595","0.0128"
"","110.9840","3.0695","0.0132"
"","111.0840","3.0797","0.0137"
"","111.1840","3.0898","0.0141"
"","111.2840","3.0994","0.0145"
"","111.3840","3.1095","0.0150"
"","111.4840","3.1196","0.0155"
"","111.5840","3.1296","0.0160"
"","111.6840","3.1395","0.0165"
"","111.7840","3.1496","0.0170"
"","111.8840","3.1597","0.0176"
"","111.9840","3.1694","0.0181"
"","112.0840","3.1798","0.0187"
"","112.1840","3.1895","0.0192"
"","112.2840","3.1996","0.0198"
"","112.3840","3.2093","0.0204"
"","112.4840","3.2197","0.0210"
"","112.5840","3.2295","0.0217"
"","112.6840","3.2394","0.0223"
"","112.7840","3.2496","0.0230"
"","112.8840","3.2597","0.0236"
"","112.9840","3.2696","0.0243"
"","113.0840","3.2793","0.0250"
"","113.1840","3.2896","0.0257"
"","113.2840","3.2996","0.0264"
"","113.3840","3.3095","0.0271"
"","113.4840","3.3195","0.0279"
"","113.5840","3.3296","0.0287"
"","113.6840","3.3397","0.0295"
"","113.7840","3.3494","0.0302"
"","113.8840","3.3595","0.0310"
"","113.9840","3.3696","0.0319"
"","114.0840","3.3796","0.0327"
"","114.1840","3.3895","0.0334"
"","114.2840","3.3995","0.0340"
"","114.3840","3.4096","0.0343"
"","114.4840","3.4194","0.0344"
"","114.5840","3.4296","0.0346"
"","114.6840","3.4395","0.0347"
"","114.7840","3.4495","0.0350"
"","114.8840","3.4594","0.0352"
"","114.9840","3.4698","0.0353"
"","115.0840","3.4796","0.0355"
"","115.1840","3.4894","0.0357"
"","115.2840","3.4996","0.0358"
"","115.3840","3.5096","0.0360"
"","115.4840","3.5196","0.0362"
"","115.5840","3.5293","0.0365"
"","115.6840","3.5397","0.0367"
"","115.7840","3.5496","0.0370"
"","115.8840","3.5595","0.0373"
"","115.9840","3.5695","0.0378"
"","116.0840","3.5796","0.0383"
"","116.1840","3.5897","0.0390"
"","116.2840","3.5993","0.0396"
"","116.3840","3.6096","0.0403"
"","116.4840","3.6196","0.0412"
"","116.5840","3.6296","0.0422"
"","116.6840","3.6395","0.0432"
"","116.7840","3.6496","0.0443"
"","116.8840","3.6596","0.0454"
"","116.9840","3.6694","0.0465"
"","117.0840","3.6797","0.0478"
"","117.1840","3.6896","0.0489"
"","117.2840","3.6995","0.0501"
"","117.3840","3.7094","0.0513"
"","117.4840","3.7197","0.0526"
"","117.5840","3.7296","0.0538"
"","117.6840","3.7394","0.0550"
"","117.7840","3.7495","0.0564"
"","117.8840","3.7597","0.0577"
"","117.9840","3.7696","0.0590"
"","118.0840","3.7793","0.0602"
"","118.1840","3.7895","0.0616"
"","118.2840","3.7997","0.0630"
"","118.3840","3.8094","0.0643"
"","118.4840","3.8195","0.0657"
"","118.5840","3.8296","0.0672"
"","118.6840","3.8397","0.0686"
"","118.7840","3.8494","0.0700"
"","118.8840","3.8595","0.0715"
"","118.9840","3.8696","0.0730"
"","119.0840","3.8796","0.0745"
"","119.1840","3.8895","0.0759"
"","119.2840","3.8996","0.0775"
"","119.3840","3.9097","0.0791"
"","119.4840","3.9194","0.0805"
"","119.5840","3.9297","0.0821"
"","119.6840","3.9395","0.0837"
"","119.7840","3.9496","0.0852"
"","119.8840","3.9594","0.0868"
"","119.9840","3.9697","0.0884"
"","120.0840","3.9795","0.0899"
"","120.1840","3.9894","0.0914"
"","120.2840","3.9996","0.0930"
"","120.2880","4.0000","0.0930"
"","120.2890","4.0001","0.0930"
"","120.2900","4.0002","0.0930"
"","120.3900","4.0005","0.0920"
"","120.4900","3.9931","0.0891"
"","120.5900","3.9812","0.0853"
"","120.6900","3.9706","0.0820"
"","120.7900","3.9606","0.0790"
"","120.8900","3.9507","0.0762"
"","120.9900","3.9406","0.0734"
"","121.0900","3.9305","0.0708"
"","121.1900","3.9204","0.0683"
"","121.2900","3.9107","0.0659"
"","121.3900","3.9005","0.0635"
"","121.4900","3.8904","0.0612"
"","121.5900","3.8805","0.0591"
"","121.6900","3.8707","0.0570"
"","121.7900","3.8606","0.0549"
"","121.8900","3.8505","0.0529"
"","121.9900","3.8406","0.0510"
"","122.0900","3.8305","0.0491"
"","122.1900","3.8205","0.0473"
"","122.2900","3.8105","0.0456"
"","122.3900","3.8006","0.0440"
"","122.4900","3.7905","0.0423"
"","122.5900","3.7805","0.0408"
"","122.6900","3.7707","0.0393"
"","122.7900","3.7605","0.0379"
"","122.8900","3.7504","0.0366"
"","122.9900","3.7406","0.0354"
"","123.0900","3.7307","0.0347"
"","123.1900","3.7204","0.0342"
"","123.2900","3.7104","0.0340"
"","123.3900","3.7007","0.0338"
"","123.4900","3.6906","0.0336"
"","123.5900","3.6805","0.0334"
"","123.6900","3.6704","0.0333"
"","123.7900","3.6607","0.0332"
"","123.8900","3.6504","0.0331"
"","123.9900","3.6403","0.0330"
"","124.0900","3.6306","0.0329"
"","124.1900","3.6207","0.0328"
"","124.2900","3.6105","0.0327"
"","124.3900","3.6004","0.0326"
"","124.4900","3.5907","0.0326"
"","124.5900","3.5805","0.0324"
"","124.6900","3.5704","0.0321"
"","124.7900","3.5605","0.0317"
"","124.8900","3.5506","0.0307"
"","124.9900","3.5405","0.0295"
"","125.0900","3.5305","0.0284"
"","125.1900","3.5207","0.0274"
"","125.2900","3.5104","0.0263"
"","125.3900","3.5005","0.0253"
"","125.4900","3.4906","0.0244"
"","125.5900","3.4808","0.0235"
"","125.6900","3.4703","0.0226"
"","125.7900","3.4604","0.0218"
"","125.8900","3.4507","0.0210"
"","125.9900","3.4406","0.0203"
"","126.0900","3.4305","0.0195"
"","126.1900","3.4204","0.0188"
"","126.2900","3.4108","0.0182"
"","126.3900","3.4005","0.0175"
"","126.4900","3.3905","0.0169"
"","126.5900","3.3804","0.0163"
"","126.6900","3.3707","0.0157"
"","126.7900","3.3605","0.0151"
"","126.8900","3.3505","0.0146"
"","126.9900","3.3406","0.0141"
"","127.0900","3.3306","0.0136"
"","127.1900","3.3205","0.0131"
"","127.2900","3.3105","0.0127"
"","127.3900","3.3007","0.0122"
"","127.4900","3.2905","0.0118"
"","127.5900","3.2805","0.0114"
"","127.6900","3.2706","0.0110"
"","127.7900","3.2604","0.0107"
"","127.8900","3.2504","0.0103"
"","127.9900","3.2405","0.0100"
"","128.0900","3.2307","0.0097"
"","128.1900","3.2204","0.0094"
"","128.2900","3.2104","0.0091"
"","128.3900","3.2007","0.0088"
"","128.4900","3.1906","0.0086"
"","128.5900","3.1805","0.0083"
"","128.6900","3.1703","0.0081"
"","128.7900","3.1607","0.0079"
"","128.8900","3.1504","0.0076"
"","128.9900","3.1404","0.0074"
"","129.0900","3.1305","0.0072"
"","129.1900","3.1207","0.0071"
"","129.2900","3.1106","0.0069"
"","129.3900","3.1005","0.0067"
"","129.4900","3.0906","0.0066"
"","129.5900","3.0805","0.0064"
"","129.6900","3.0705","0.0063"
"","129.7900","3.0605","0.0061"
"","129.8900","3.0506","0.0060"
"","129.9900","3.0405","0.0059"
"","130.0900","3.0305","0.0057"
"","130.1900","3.0207","0.0056"
"","130.2900","3.0104","0.0055"
"","130.3900","3.0004","0.0054"
"","130.4900","2.9906","0.0053"
"","130.5900","2.9807","0.0052"
"","130.6900","2.9704","0.0051"
"","130.7900","2.9604","0.0050"
"","130.8900","2.9507","0.0049"
"","130.9900","2.9406","0.0048"
"","131.0900","2.9305","0.0047"
"","131.1900","2.9204","0.0046"
"","131.2900","2.9107","0.0044"
"","131.3900","2.9005","0.0043"
"","131.4900","2.8904","0.0042"
"","131.5900","2.8805","0.0041"
"","131.6900","2.8707","0.0040"
"","131.7900","2.8606","0.0038"
"","131.8900","2.8505","0.0037"
"","131.9900","2.8407","0.0036"
"","132.0900","2.8304","0.0034"
"","132.1900","2.8205","0.0033"
"","132.2900","2.8105","0.0032"
"","132.3900","2.8006","0.0031"
"","132.4900","2.7904","0.0030"
"","132.5900","2.7805","0.0029"
"","132.6900","2.7707","0.0028"
"","132.7900","2.7604","0.0027"
"","132.8900","2.7503","0.0026"
"","132.9900","2.7406","0.0025"
"","133.0900","2.7308","0.0024"
"","133.1900","2.7204","0.0023"
"","133.2900","2.7103","0.0022"
"","133.3900","2.7006","0.0022"
"","133.4900","2.6906","0.0021"
"","133.5900","2.6805","0.0020"
"","133.6900","2.6704","0.0019"
"","133.7900","2.6607","0.0019"
"","133.8900","2.6505","0.0018"
"","133.9900","2.6405","0.0018"
"","134.0900","2.6305","0.0017"
"","134.1900","2.6206","0.0016"
"","134.2900","2.6105","0.0016"
"","134.3900","2.6005","0.0015"
"","134.4900","2.5906","0.0015"
"","134.5900","2.5805","0.0014"
"","134.6900","2.5705","0.0014"
"","134.7900","2.5605","0.0014"
"","134.8900","2.5507","0.0013"
"","134.9900","2.5405","0.0013"
"","135.0900","2.5305","0.0013"
"","135.1900","2.5206","0.0012"
"","135.2900","2.5105","0.0012"
"","135.3900","2.5004","0.0012"
"","135.4900","2.4905","0.0011"
"","135.5900","2.4807","0.0011"
"","135.6900","2.4705","0.0011"
"","135.7900","2.4604","0.0010"
"","135.8900","2.4507","0.0010"
"","135.9900","2.4406","0.0010"
"","136.0900","2.4305","0.0009"
"","136.1900","2.4204","0.0009"
"","136.2900","2.4107","0.0009"
"","136.3900","2.4005","0.0008"
"","136.4900","2.3904","0.0008"
"","136.5900","2.3805","0.0008"
"","136.6900","2.3706","0.0008"
"","136.7900","2.3606","0.0007"
"","136.8900","2.3505","0.0007"
"","136.9900","2.3407","0.0007"
"","137.0900","2.3303","0.0007"
"","137.1900","2.3204","0.0006"
"","137.2900","2.3105","0.0006"
"","137.3900","2.3007","0.0006"
"","137.4900","2.2904","0.0006"
"","137.5900","2.2805","0.0005"
"","137.6900","2.2707","0.0005"
"","137.7900","2.2605","0.0005"
"","137.8900","2.2504","0.0005"
"","137.9900","2.2406","0.0005"
"","138.0900","2.2307","0.0004"
"","138.1900","2.2204","0.0004"
"","138.2900","2.2104","0.0004"
"","138.3900","2.2007","0.0004"
"","138.4900","2.1906","0.0004"
"","138.5900","2.1804","0.0003"
"","138.6900","2.1704","0.0003"
"","138.7900","2.1607","0.0003"
"","138.8900","2.1505","0.0003"
"","138.9900","2.1404","0.0003"
"","139.0900","2.1305","0.0003"
"","139.1900","2.1207","0.0003"
"","139.2900","2.1106","0.0003"
"","139.3900","2.1004","0.0003"
"","139.4900","2.0907","0.0003"
"","139.5900","2.0804","0.0003"
"","139.6900","2.0704","0.0003"
"","139.7900","2.0605","0.0002"
"","139.8900","2.0507","0.0002"
"","139.9900","2.0405","0.0002"
"","140.0900","2.0305","0.0002"
"","140.1900","2.0207","0.0002"
"","140.2900","2.0104","0.0002"
"","140.3900","2.0004","0.0002"
"","140.4900","1.9905","0.0002"
"","140.5900","1.9808","0.0002"
"","140.6900","1.9704","0.0002"
"","140.7900","1.9603","0.0002"
"","140.8900","1.9507","0.0002"
"","140.9900","1.9406","0.0001"
"","141.0900","1.9305","0.0001"
"","141.1900","1.9204","0.0001"
"","141.2900","1.9108","0.0001"
"","141.3900","1.9005","0.0001"
"","141.4900","1.8904","0.0001"
"","141.5900","1.8805","0.0001"
"","141.6900","1.8707","0.0001"
"","141.7900","1.8606","0.0001"
"","141.8900","1.8504","0.0001"
"","141.9900","1.8405","0.0001"
"","142.0900","1.8306","0.0001"
"","142.1900","1.8205","0.0001"
"","142.2900","1.8105","0.0001"
"","142.3900","1.8007","0.0001"
"","142.4900","1.7905","0.0000"
"","142.5900","1.7805","0.0000"
"","142.6900","1.7707","0.0000"
"","142.7900","1.7604","0.0000"
"","142.8900","1.7504","0.0000"
"","142.9900","1.7405","0.0000"
"","143.0900","1.7307","0.0000"
"","143.1900","1.7204","0.0000"
"","143.2900","1.7104","0.0000"
"","143.3900","1.7007","0.0000"
"","143.4900","1.6906","0.0000"
"","143.5900","1.6805","0.0000"
"","143.6900","1.6703","0.0000"
"","143.7900","1.6607","0.0000"
"","143.8900","1.6504","0.0000"
"","143.9900","1.6404","-0.0001"
"","144.0900","1.6305","-0.0001"
"","144.1900","1.6207","-0.0001"
"","144.2900","1.6106","-0.0001"
"","144.3900","1.6005","-0.0001"
"","144.4900","1.5906","-0.0001"
"","144.5900","1.5805","-0.0001"
"","144.6900","1.5704","-0.0001"
"","144.7900","1.5605","-0.0001"
"","144.8900","1.5506","-0.0001"
"","144.9900","1.5405","-0.0001"
"","145.0900","1.5305","-0.0001"
"","145.1900","1.5207","-0.0001"
"","145.2900","1.5105","-0.0001"
"","145.3900","1.5004","-0.0001"
"","145.4900","1.4905","-0.0001"
"","145.5900","1.4807","-0.0002"
"","145.6900","1.4704","-0.0002"
"","145.7900","1.4604","-0.0002"
"","145.8900","1.4506","-0.0002"
"","145.9900","1.4406","-0.0002"
"","146.0900","1.4305","-0.0002"
"","146.1900","1.4205","-0.0002"
"","146.2900","1.4107","-0.0002"
"","146.3900","1.4004","-0.0002"
"","146.4900","1.3903","-0.0002"
"","146.5900","1.3805","-0.0002"
"","146.6900","1.3707","-0.0002"
"","146.7900","1.3605","-0.0002"
"","146.8900","1.3504","-0.0002"
"","146.9900","1.3407","-0.0002"
"","147.0900","1.3305","-0.0002"
"","147.1900","1.3204","-0.0002"
"","147.2900","1.3105","-0.0002"
"","147.3900","1.3007","-0.0003"
"","147.4900","1.2905","-0.0003"
"","147.5900","1.2804","-0.0002"
"","147.6900","1.2707","-0.0003"
"","147.7900","1.2604","-0.0003"
"","147.8900","1.2504","-0.0003"
"","147.9900","1.2405","-0.0003"
"","148.0900","1.2308","-0.0003"
"","148.1900","1.2204","-0.0003"
"","148.2900","1.2104","-0.0003"
"","148.3900","1.2006","-0.0003"
"","148.4900","1.1906","-0.0003"
"","148.5900","1.1805","-0.0003"
"","148.6900","1.1704","-0.0003"
"","148.7900","1.1608","-0.0003"
"","148.8900","1.1505","-0.0003"
"","148.9900","1.1405","-0.0003"
"","149.0900","1.1305","-0.0003"
"","149.1900","1.1207","-0.0003"
"","149.2900","1.1105","-0.0003"
"","149.3900","1.1004","-0.0003"
"","149.4900","1.0906","-0.0004"
"","149.5900","1.0805","-0.0004"
"","149.6900","1.0705","-0.0004"
"","149.7900","1.0605","-0.0004"
"","149.8900","1.0507","-0.0004"
"","149.9900","1.0406","-0.0004"
"","150.0900","1.0305","-0.0004"
"","150.1900","1.0206","-0.0004"
"","150.2900","1.0104","-0.0004"
"","150.3900","1.0004","-0.0004"
"","150.4900","0.9905","-0.0004"
"","150.5900","0.9807","-0.0004"
"","150.6900","0.9704","-0.0004"
"","150.7900","0.9605","-0.0004"
"","150.8900","0.9507","-0.0004"
"","150.9900","0.9405","-0.0004"
"","151.0900","0.9305","-0.0004"
"","151.1900","0.9204","-0.0004"
"","151.2900","0.9107","-0.0004"
"","151.3900","0.9004","-0.0004"
"","151.4900","0.8904","-0.0005"
"","151.5900","0.8805","-0.0004"
"","151.6900","0.8707","-0.0004"
"","151.7900","0.8606","-0.0005"
"","151.8900","0.8505","-0.0005"
"","151.9900","0.8406","-0.0005"
"","152.0900","0.8305","-0.0005"
"","152.1900","0.8205","-0.0005"
"","152.2900","0.8104","-0.0005"
"","152.3900","0.8006","-0.0005"
"","152.4900","0.7904","-0.0005"
"","152.5900","0.7805","-0.0005"
"","152.6900","0.7707","-0.0005"
"","152.7900","0.7604","-0.0005"
"","152.8900","0.7504","-0.0005"
"","152.9900","0.7406","-0.0005"
"","153.0900","0.7307","-0.0005"
"","153.1900","0.7204","-0.0005"
"","153.2900","0.7103","-0.0005"
"","153.3900","0.7007","-0.0005"
"","153.4900","0.6906","-0.0005"
"","153.5900","0.6805","-0.0005"
"","153.6900","0.6705","-0.0005"
"","153.7900","0.6607","-0.0005"
"","153.8900","0.6504","-0.0005"
"","153.9900","0.6403","-0.0005"
"","154.0900","0.6305","-0.0005"
"","154.1900","0.6207","-0.0005"
"","154.2900","0.6105","-0.0005"
"","154.3900","0.6004","-0.0005"
"","154.4900","0.5907","-0.0005"
"","154.5900","0.5804","-0.0005"
"","154.6900","0.5705","-0.0005"
"","154.7900","0.5605","-0.0005"
"","154.8900","0.5507","-0.0005"
"","154.9900","0.5404","-0.0005"
"","155.0900","0.5305","-0.0005"
"","155.1900","0.5207","-0.0005"
"","155.2900","0.5104","-0.0005"
"","155.3900","0.5004","-0.0005"
"","155.4900","0.4905","-0.0005"
"","155.5900","0.4808","-0.0005"
"","155.6900","0.4704","-0.0005"
"","155.7900","0.4603","-0.0005"
"","155.8900","0.4507","-0.0005"
"","155.9900","0.4406","-0.0005"
"","156.0900","0.4305","-0.0005"
"","156.1900","0.4204","-0.0005"
"","156.2900","0.4107","-0.0005"
"","156.3900","0.4005","-0.0005"
"","156.4900","0.3905","-0.0005"
"","156.5900","0.3805","-0.0005"
"","156.6900","0.3707","-0.0005"
"","156.7900","0.3606","-0.0005"
"","156.8900","0.3504","-0.0005"
"","156.9900","0.3405","-0.0005"
"","157.0900","0.3305","-0.0005"
"","157.1900","0.3205","-0.0005"
"","157.2900","0.3105","-0.0005"
"","157.3900","0.3007","-0.0005"
"","157.4900","0.2905","-0.0005"
"","157.5900","0.2805","-0.0005"
"","157.6900","0.2707","-0.0005"
"","157.7900","0.2604","-0.0005"
"","157.8900","0.2504","-0.0005"
"","157.9900","0.2405","-0.0005"
"","158.0900","0.2307","-0.0005"
"","158.1900","0.2204","-0.0005"
"","158.2900","0.2104","-0.0005"
"","158.3900","0.2008","-0.0005"
"","158.4900","0.1906","-0.0005"
"","158.5900","0.1805","-0.0005"
"","158.6900","0.1704","-0.0005"
"","158.7900","0.1607","-0.0005"
"","158.8900","0.1505","-0.0005"
"","158.9900","0.1404","-0.0005"
"","159.0900","0.1305","-0.0005"
"","159.1900","0.1206","-0.0005"
"","159.2900","0.1106","-0.0005"
"","159.3900","0.1005","-0.0005"
"","159.4900","0.0906","-0.0005"
"","159.5900","0.0804","-0.0005"
"","159.6900","0.0705","-0.0005"
"","159.7900","0.0605","-0.0005"
"","159.8900","0.0506","-0.0005"
"","159.9900","0.0404","-0.0005"
"","160.0900","0.0305","-0.0005"
"","160.1900","0.0208","-0.0005"
"","160.2900","0.0104","-0.0005"
"","160.3900","0.0004","-0.0005"
"","160.3940","0.0000","-0.0005"
"","160.3950","-0.0001","-0.0005"
"","160.3960","-0.0002","-0.0005"
"","160.4960","-0.0005","-0.0005"
"","160.5960","0.0074","-0.0005"
"","160.6960","0.0192","-0.0005"
"","160.7960","0.0292","-0.0005"
"","160.8960","0.0395","-0.0005"
"","160.9960","0.0497","-0.0005"
"","161.0960","0.0594","-0.0005"
"","161.1960","0.0694","-0.0005"
"","161.2960","0.0796","-0.0005"
"","161.3960","0.0897","-0.0005"
"","161.4960","0.0993","-0.0005"
"","161.5960","0.1094","-0.0005"
"","161.6960","0.1196","-0.0005"
"","161.7960","0.1295","-0.0005"
"","161.8960","0.1394","-0.0005"
"","161.9960","0.1496","-0.0005"
"","162.0960","0.1596","-0.0005"
"","162.1960","0.1694","-0.0005"
"","162.2960","0.1797","-0.0005"
"","162.3960","0.1895","-0.0005"
"","162.4960","0.1995","-0.0005"
"","162.5960","0.2093","-0.0005"
"","162.6960","0.2196","-0.0005"
"","162.7960","0.2295","-0.0005"
"","162.8960","0.2394","-0.0005"
"","162.9960","0.2496","-0.0005"
"","163.0960","0.2597","-0.0005"
"","163.1960","0.2697","-0.0005"
"","163.2960","0.2792","-0.0005"
"","163.3960","0.2895","-0.0005"
"","163.4960","0.2996","-0.0005"
"","163.5960","0.3095","-0.0005"
"","163.6960","0.3195","-0.0005"
"","163.7960","0.3295","-0.0005"
"","163.8960","0.3397","-0.0005"
"","163.9960","0.3494","-0.0005"
"","164.0960","0.3595","-0.0005"
"","164.1960","0.3696","-0.0005"
"","164.2960","0.3796","-0.0005"
"","164.3960","0.3895","-0.0005"
"","164.4960","0.3995","-0.0005"
"","164.5960","0.4095","-0.0005"
"","164.6960","0.4194","-0.0005"
"","164.7960","0.4297","-0.0005"
"","164.8960","0.4395","-0.0005"
"","164.9960","0.4495","-0.0005"
"","165.0960","0.4594","-0.0005"
"","165.1960","0.4697","-0.0005"
"","165.2960","0.4796","-0.0005"
"","165.3960","0.4894","-0.0005"
"","165.4960","0.4996","-0.0005"
"","165.5960","0.5096","-0.0005"
"","165.6960","0.5196","-0.0005"
"","165.7960","0.5293","-0.0005"
"","165.8960","0.5397","-0.0005"
"","165.9960","0.5497","-0.0005"
"","166.0960","0.5595","-0.0005"
"","166.1960","0.5695","-0.0005"
"","166.2960","0.5796","-0.0005"
"","166.3960","0.5897","-0.0005"
"","166.4960","0.5993","-0.0005"
"","166.5960","0.6096","-0.0005"
"","166.6960","0.6195","-0.0005"
"","166.7960","0.6296","-0.0005"
"","166.8960","0.6395","-0.0005"
"","166.9960","0.6497","-0.0005"
"","167.0960","0.6596","-0.0005"
"","167.1960","0.6693","-0.0004"
"","167.2960","0.6796","-0.0004"
"","167.3960","0.6895","-0.0004"
"","167.4960","0.6995","-0.0004"
"","167.5960","0.7094","-0.0004"
"","167.6960","0.7197","-0.0004"
"","167.7960","0.7296","-0.0004"
"","167.8960","0.7394","-0.0004"
"","167.9960","0.7495","-0.0004"
"","168.0960","0.7597","-0.0004"
"","168.1960","0.7696","-0.0004"
"","168.2960","0.7793","-0.0004"
"","168.3960","0.7895","-0.0004"
"","168.4960","0.7997","-0.0004"
"","168.5960","0.8094","-0.0004"
"","168.6960","0.8195","-0.0004"
"","168.7960","0.8296","-0.0003"
"","168.8960","0.8398","-0.0003"
"","168.9960","0.8493","-0.0003"
"","169.0960","0.8595","-0.0003"
"","169.1960","0.8695","-0.0003"
"","169.2960","0.8795","-0.0003"
"","169.3960","0.8894","-0.0003"
"","169.4960","0.8996","-0.0003"
"","169.5960","0.9097","-0.0003"
"","169.6960","0.9194","-0.0003"
"","169.7960","0.9297","-0.0003"
"","169.8960","0.9395","-0.0003"
"","169.9960","0.9496","-0.0003"
"","170.0960","0.9593","-0.0003"
"","170.1960","0.9697","-0.0003"
"","170.2960","0.9795","-0.0003"
"","170.3960","0.9894","-0.0003"
"","170.4960","0.9995","-0.0003"
"","170.5960","1.0097","-0.0003"
"","170.6960","1.0196","-0.0002"
"","170.7960","1.0293","-0.0002"
"","170.8960","1.0395","-0.0002"
"","170.9960","1.0496","-0.0002"
"","171.0960","1.0595","-0.0002"
"","171.1960","1.0695","-0.0002"
"","171.2960","1.0796","-0.0002"
"","171.3960","1.0897","-0.0002"
"","171.4960","1.0993","-0.0002"
"","171.5960","1.1095","-0.0002"
"","171.6960","1.1196","-0.0002"
"","171.7960","1.1296","-0.0002"
"","171.8960","1.1395","-0.0002"
"","171.9960","1.1495","-0.0002"
"","172.0960","1.1596","-0.0002"
"","172.1960","1.1694","-0.0002"
"","172.2960","1.1797","-0.0002"
"","172.3960","1.1895","-0.0001"
"","172.4960","1.1996","-0.0001"
"","172.5960","1.2094","-0.0001"
"","172.6960","1.2197","-0.0001"
"","172.7960","1.2296","-0.0001"
"","172.8960","1.2394","-0.0001"
"","172.9960","1.2496","-0.0001"
"","173.0960","1.2596","-0.0001"
"","173.1960","1.2696","-0.0001"
"","173.2960","1.2793","-0.0001"
"","173.3960","1.2896","-0.0001"
"","173.4960","1.2997","-0.0001"
"","173.5960","1.3095","-0.0001"
"","173.6960","1.3195","-0.0001"
"","173.7960","1.3296","-0.0001"
"","173.8960","1.3397","0.0000"
"","173.9960","1.3493","0.0000"
"","174.0960","1.3596","0.0000"
"","174.1960","1.3695","0.0000"
"","174.2960","1.3796","0.0000"
"","174.3960","1.3895","0.0000"
"","174.4960","1.3997","0.0000"
"","174.5960","1.4096","0.0000"
"","174.6960","1.4193","0.0000"
"","174.7960","1.4296","0.0000"
"","174.8960","1.4395","0.0000"
"","174.9960","1.4495","0.0000"
"","175.0960","1.4594","0.0000"
"","175.1960","1.4697","0.0000"
"","175.2960","1.4796","0.0000"
"","175.3960","1.4895","0.0000"
"","175.4960","1.4995","0.0001"
"","175.5960","1.5097","0.0001"
"","175.6960","1.5196","0.0001"
"","175.7960","1.5293","0.0001"
"","175.8960","1.5395","0.0001"
"","175.9960","1.5497","0.0001"
"","176.0960","1.5594","0.0001"
"","176.1960","1.5695","0.0001"
"","176.2960","1.5796","0.0001"
"","176.3960","1.5898","0.0001"
"","176.4960","1.5994","0.0001"
"","176.5960","1.6095","0.0001"
"","176.6960","1.6195","0.0001"
"","176.7960","1.6295","0.0001"
"","176.8960","1.6395","0.0002"
"","176.9960","1.6496","0.0002"
"","177.0960","1.6596","0.0002"
"","177.1960","1.6694","0.0002"
"","177.2960","1.6798","0.0002"
"","177.3960","1.6895","0.0002"
"","177.4960","1.6995","0.0002"
"","177.5960","1.7093","0.0002"
"","177.6960","1.7197","0.0002"
"","177.7960","1.7295","0.0002"
"","177.8960","1.7394","0.0002"
"","177.9960","1.7496","0.0002"
"","178.0960","1.7597","0.0002"
"","178.1960","1.7696","0.0003"
"","178.2960","1.7792","0.0003"
"","178.3960","1.7895","0.0003"
"","178.4960","1.7997","0.0003"
"","178.5960","1.8095","0.0003"
"","178.6960","1.8195","0.0003"
"","178.7960","1.8295","0.0003"
"","178.8960","1.8397","0.0003"
"","178.9960","1.8494","0.0003"
"","179.0960","1.8595","0.0003"
"","179.1960","1.8696","0.0003"
"","179.2960","1.8796","0.0003"
"","179.3960","1.8895","0.0003"
"","179.4960","1.8995","0.0003"
"","179.5960","1.9096","0.0003"
"","179.6960","1.9194","0.0004"
"","179.7960","1.9297","0.0004"
"","179.8960","1.9395","0.0004"
"","179.9960","1.9496","0.0004"
"","180.0960","1.9594","0.0004"
"","180.1960","1.9697","0.0004"
"","180.2960","1.9796","0.0004"
"","180.3960","1.9894","0.0004"
"","180.4960","1.9996","0.0004"
"","180.5960","2.0096","0.0004"
"","180.6960","2.0196","0.0004"
"","180.7960","2.0293","0.0005"
"","180.8960","2.0396","0.0005"
"","180.9960","2.0496","0.0005"
"","181.0960","2.0595","0.0005"
"","181.1960","2.0695","0.0005"
"","181.2960","2.0796","0.0006"
"","181.3960","2.0897","0.0006"
"","181.4960","2.0994","0.0006"
"","181.5960","2.1096","0.0006"
"","181.6960","2.1195","0.0007"
"","181.7960","2.1296","0.0007"
"","181.8960","2.1395","0.0007"
"","181.9960","2.1497","0.0007"
"","182.0960","2.1595","0.0008"
"","182.1960","2.1693","0.0008"
"","182.2960","2.1797","0.0008"
"","182.3960","2.1896","0.0008"
"","182.4960","2.1995","0.0009"
"","182.5960","2.2094","0.0009"
"","182.6960","2.2197","0.0009"
"","182.7960","2.2297","0.0010"
"","182.8960","2.2394","0.0010"
"","182.9960","2.2495","0.0010"
"","183.0960","2.2596","0.0011"
"","183.1960","2.2696","0.0011"
"","183.2960","2.2792","0.0011"
"","183.3960","2.2895","0.0012"
"","183.4960","2.2997","0.0012"
"","183.5960","2.3095","0.0012"
"","183.6960","2.3195","0.0013"
"","183.7960","2.3296","0.0013"
"","183.8960","2.3397","0.0013"
"","183.9960","2.3493","0.0013"
"","184.0960","2.3595","0.0014"
"","184.1960","2.3695","0.0014"
"","184.2960","2.3795","0.0014"
"","184.3960","2.3894","0.0015"
"","184.4960","2.3997","0.0015"
"","184.5960","2.4097","0.0016"
"","184.6960","2.4194","0.0016"
"","184.7960","2.4296","0.0017"
"","184.8960","2.4395","0.0017"
"","184.9960","2.4496","0.0018"
"","185.0960","2.4593","0.0018"
"","185.1960","2.4696","0.0019"
"","185.2960","2.4796","0.0020"
"","185.3960","2.4894","0.0020"
"","185.4960","2.4996","0.0021"
"","185.5960","2.5097","0.0021"
"","185.6960","2.5197","0.0022"
"","185.7960","2.5293","0.0023"
"","185.8960","2.5395","0.0024"
"","185.9960","2.5496","0.0024"
"","186.0960","2.5595","0.0025"
"","186.1960","2.5695","0.0026"
"","186.2960","2.5796","0.0027"
"","186.3960","2.5897","0.0028"
"","186.4960","2.5994","0.0029"
"","186.5960","2.6094","0.0030"
"","186.6960","2.6196","0.0031"
"","186.7960","2.6296","0.0032"
"","186.8960","2.6396","0.0033"
"","186.9960","2.6495","0.0034"
"","187.0960","2.6595","0.0035"
"","187.1960","2.6694","0.0036"
"","187.2960","2.6797","0.0037"
"","187.3960","2.6895","0.0039"
"","187.4960","2.6995","0.0040"
"","187.5960","2.7094","0.0041"
"","187.6960","2.7197","0.0043"
"","187.7960","2.7295","0.0044"
"","187.8960","2.7394","0.0045"
"","187.9960","2.7496","0.0047"
"","188.0960","2.7597","0.0048"
"","188.1960","2.7696","0.0050"
"","188.2960","2.7793","0.0051"
"","188.3960","2.7896","0.0053"
"","188.4960","2.7997","0.0054"
"","188.5960","2.8095","0.0055"
"","188.6960","2.8195","0.0057"
"","188.7960","2.8296","0.0058"
"","188.8960","2.8397","0.0059"
"","188.9960","2.8493","0.0061"
"","189.0960","2.8595","0.0062"
"","189.1960","2.8695","0.0063"
"","189.2960","2.8796","0.0065"
"","189.3960","2.8896","0.0066"
"","189.4960","2.8996","0.0068"
"","189.5960","2.9096","0.0069"
"","189.6960","2.9193","0.0071"
"","189.7960","2.9298","0.0072"
"","189.8960","2.9395","0.0074"
"","189.9960","2.9495","0.0076"
"","190.0960","2.9594","0.0078"
"","190.1960","2.9697","0.0080"
"","190.2960","2.9796","0.0082"
"","190.3960","2.9895","0.0085"
"","190.4960","2.9995","0.0087"
"","190.5960","3.0097","0.0090"
"","190.6960","3.0196","0.0093"
"","190.7960","3.0292","0.0095"
"","190.8960","3.0395","0.0098"
"","190.9960","3.0497","0.0101"
"","191.0960","3.0594","0.0104"
"","191.1960","3.0695","0.0108"
"","191.2960","3.0797","0.0111"
"","191.3960","3.0897","0.0114"
"","191.4960","3.0993","0.0118"
"","191.5960","3.1095","0.0122"
"","191.6960","3.1196","0.0126"
"","191.7960","3.1295","0.0130"
"","191.8960","3.1395","0.0134"
"","191.9960","3.1496","0.0139"
"","192.0960","3.1597","0.0143"
"","192.1960","3.1694","0.0148"
"","192.2960","3.1798","0.0153"
"","192.3960","3.1895","0.0158"
"","192.4960","3.1996","0.0163"
"","192.5960","3.2093","0.0168"
"","192.6960","3.2197","0.0174"
"","192.7960","3.2295","0.0180"
"","192.8960","3.2394","0.0185"
"","192.9960","3.2496","0.0191"
"","193.0960","3.2597","0.0197"
"","193.1960","3.2696","0.0204"
"","193.2960","3.2793","0.0210"
"","193.3960","3.2896","0.0216"
"","193.4960","3.2996","0.0223"
"","193.5960","3.3095","0.0230"
"","193.6960","3.3195","0.0237"
"","193.7960","3.3296","0.0244"
"","193.8960","3.3397","0.0251"
"","193.9960","3.3494","0.0258"
"","194.0960","3.3595","0.0266"
"","194.1960","3.3696","0.0274"
"","194.2960","3.3796","0.0282"
"","194.3960","3.3895","0.0290"
"","194.4960","3.3995","0.0298"
"","194.5960","3.4096","0.0306"
"","194.6960","3.4194","0.0314"
"","194.7960","3.4296","0.0323"
"","194.8960","3.4395","0.0331"
"","194.9960","3.4495","0.0339"
"","195.0960","3.4594","0.0341"
"","195.1960","3.4697","0.0344"
"","195.2960","3.4796","0.0346"
"","195.3960","3.4894","0.0349"
"","195.4960","3.4996","0.0350"
"","195.5960","3.5096","0.0351"
"","195.6960","3.5196","0.0353"
"","195.7960","3.5293","0.0355"
"","195.8960","3.5396","0.0357"
"","195.9960","3.5496","0.0359"
"","196.0960","3.5595","0.0361"
"","196.1960","3.5695","0.0363"
"","196.2960","3.5796","0.0365"
"","196.3960","3.5897","0.0367"
"","196.4960","3.5993","0.0370"
"","196.5960","3.6095","0.0374"
"","196.6960","3.6196","0.0379"
"","196.7960","3.6296","0.0386"
"","196.8960","3.6395","0.0393"
"","196.9960","3.6496","0.0400"
"","197.0960","3.6596","0.0408"
"","197.1960","3.6693","0.0416"
"","197.2960","3.6797","0.0426"
"","197.3960","3.6895","0.0437"
"","197.4960","3.6995","0.0448"
"","197.5960","3.7094","0.0460"
"","197.6960","3.7197","0.0472"
"","197.7960","3.7296","0.0485"
"","197.8960","3.7395","0.0497"
"","197.9960","3.7495","0.0510"
"","198.0960","3.7597","0.0524"
"","198.1960","3.7696","0.0537"
"","198.2960","3.7792","0.0550"
"","198.3960","3.7895","0.0564"
"","198.4960","3.7997","0.0578"
"","198.5960","3.8094","0.0592"
"","198.6960","3.8195","0.0606"
"","198.7960","3.8296","0.0621"
"","198.8960","3.8397","0.0636"
"","198.9960","3.8493","0.0650"
"","199.0960","3.8595","0.0666"
"","199.1960","3.8696","0.0682"
"","199.2960","3.8795","0.0697"
"","199.3960","3.8894","0.0713"
"","199.4960","3.8996","0.0730"
"","199.5960","3.9097","0.0747"
"","199.6960","3.9194","0.0762"
"","199.7960","3.9297","0.0780"
"","199.8960","3.9395","0.0796"
"","199.9960","3.9496","0.0814"
"","200.0960","3.9593","0.0831"
"","200.1960","3.9697","0.0848"
"","200.2960","3.9795","0.0865"
"","200.3960","3.9894","0.0882"
"","200.4960","3.9996","0.0900"
"","200.5010","4.0001","0.0900"
"","200.5020","4.0002","0.0901"
"","200.5030","4.0003","0.0901"
"","200.6030","4.0006","0.0892"
"","200.7030","3.9931","0.0864"
"","200.8030","3.9813","0.0826"
"","200.9030","3.9707","0.0794"
"","201.0030","3.9607","0.0765"
"","201.1030","3.9508","0.0738"
"","201.2030","3.9406","0.0710"
"","201.3030","3.9306","0.0684"
"","201.4030","3.9205","0.0660"
"","201.5030","3.9108","0.0636"
"","201.6030","3.9005","0.0612"
"","201.7030","3.8905","0.0589"
"","201.8030","3.8806","0.0568"
"","201.9030","3.8708","0.0548"
"","202.0030","3.8607","0.0527"
"","202.1030","3.8506","0.0507"
"","202.2030","3.8407","0.0489"
"","202.3030","3.8306","0.0470"
"","202.4030","3.8205","0.0452"
"","202.5030","3.8105","0.0436"
"","202.6030","3.8007","0.0420"
"","202.7030","3.7905","0.0404"
"","202.8030","3.7806","0.0389"
"","202.9030","3.7708","0.0376"
"","203.0030","3.7605","0.0363"
"","203.1030","3.7505","0.0352"
"","203.2030","3.7406","0.0345"
"","203.3030","3.7307","0.0341"
"","203.4030","3.7204","0.0339"
"","203.5030","3.7105","0.0337"
"","203.6030","3.7007","0.0336"
"","203.7030","3.6906","0.0334"
"","203.8030","3.6805","0.0333"
"","203.9030","3.6704","0.0331"
"","204.0030","3.6608","0.0330"
"","204.1030","3.6505","0.0330"
"","204.2030","3.6404","0.0330"
"","204.3030","3.6306","0.0329"
"","204.4030","3.6208","0.0327"
"","204.5030","3.6106","0.0326"
"","204.6030","3.6005","0.0324"
"","204.7030","3.5907","0.0323"
"","204.8030","3.5806","0.0316"
"","204.9030","3.5706","0.0307"
"","205.0030","3.5606","0.0297"
"","205.1030","3.5507","0.0287"
"","205.2030","3.5405","0.0277"
"","205.3030","3.5305","0.0266"
"","205.4030","3.5208","0.0257"
"","205.5030","3.5105","0.0247"
"","205.6030","3.5005","0.0238"
"","205.7030","3.4906","0.0229"
"","205.8030","3.4809","0.0221"
"","205.9030","3.4704","0.0213"
"","206.0030","3.4605","0.0205"
"","206.1030","3.4507","0.0198"
"","206.2030","3.4407","0.0191"
"","206.3030","3.4306","0.0184"
"","206.4030","3.4204","0.0177"
"","206.5030","3.4108","0.0171"
"","206.6030","3.4006","0.0165"
"","206.7030","3.3905","0.0159"
"","206.8030","3.3805","0.0153"
"","206.9030","3.3708","0.0148"
"","207.0030","3.3606","0.0142"
"","207.1030","3.3505","0.0137"
"","207.2030","3.3406","0.0133"
"","207.3030","3.3306","0.0128"
"","207.4030","3.3205","0.0123"
"","207.5030","3.3106","0.0119"
"","207.6030","3.3007","0.0115"
"","207.7030","3.2906","0.0111"
"","207.8030","3.2806","0.0107"
"","207.9030","3.2707","0.0104"
"","208.0030","3.2605","0.0101"
"","208.1030","3.2505","0.0097"
"","208.2030","3.2406","0.0094"
"","208.3030","3.2308","0.0092"
"","208.4030","3.2205","0.0089"
"","208.5030","3.2105","0.0086"
"","208.6030","3.2008","0.0084"
"","208.7030","3.1906","0.0081"
"","208.8030","3.1806","0.0079"
"","208.9030","3.1704","0.0077"
"","209.0030","3.1608","0.0075"
"","209.1030","3.1505","0.0073"
"","209.2030","3.1405","0.0071"
"","209.3030","3.1305","0.0069"
"","209.4030","3.1207","0.0067"
"","209.5030","3.1107","0.0066"
"","209.6030","3.1006","0.0064"
"","209.7030","3.0906","0.0063"
"","209.8030","3.0805","0.0061"
"","209.9030","3.0705","0.0060"
"","210.0030","3.0605","0.0059"
"","210.1030","3.0507","0.0057"
"","210.2030","3.0405","0.0056"
"","210.3030","3.0306","0.0055"
"","210.4030","3.0208","0.0054"
"","210.5030","3.0105","0.0053"
"","210.6030","3.0005","0.0052"
"","210.7030","2.9907","0.0051"
"","210.8030","2.9808","0.0050"
"","210.9030","2.9704","0.0049"
"","211.0030","2.9604","0.0047"
"","211.1030","2.9508","0.0046"
"","211.2030","2.9407","0.0045"
"","211.3030","2.9305","0.0044"
"","211.4030","2.9204","0.0043"
"","211.5030","2.9108","0.0042"
"","211.6030","2.9005","0.0041"
"","211.7030","2.8904","0.0040"
"","211.8030","2.8805","0.0039"
"","211.9030","2.8708","0.0037"
"","212.0030","2.8606","0.0036"
"","212.1030","2.8505","0.0035"
"","212.2030","2.8408","0.0034"
"","212.3030","2.8305","0.0032"
"","212.4030","2.8205","0.0031"
"","212.5030","2.8106","0.0030"
"","212.6030","2.8007","0.0029"
"","212.7030","2.7905","0.0028"
"","212.8030","2.7805","0.0027"
"","212.9030","2.7708","0.0026"
"","213.0030","2.7605","0.0025"
"","213.1030","2.7504","0.0024"
"","213.2030","2.7406","0.0023"
"","213.3030","2.7309","0.0023"
"","213.4030","2.7205","0.0022"
"","213.5030","2.7104","0.0021"
"","213.6030","2.7007","0.0020"
"","213.7030","2.6907","0.0019"
"","213.8030","2.6805","0.0019"
"","213.9030","2.6705","0.0018"
"","214.0030","2.6608","0.0017"
"","214.1030","2.6506","0.0017"
"","214.2030","2.6405","0.0016"
"","214.3030","2.6306","0.0016"
"","214.4030","2.6207","0.0015"
"","214.5030","2.6106","0.0015"
"","214.6030","2.6005","0.0014"
"","214.7030","2.5907","0.0014"
"","214.8030","2.5805","0.0014"
"","214.9030","2.5705","0.0013"
"","215.0030","2.5606","0.0013"
"","215.1030","2.5508","0.0012"
"","215.2030","2.5406","0.0012"
"","215.3030","2.5306","0.0012"
"","215.4030","2.5207","0.0011"
"","215.5030","2.5105","0.0011"
"","215.6030","2.5005","0.0011"
"","215.7030","2.4905","0.0010"
"","215.8030","2.4808","0.0010"
"","215.9030","2.4705","0.0010"
"","216.0030","2.4605","0.0009"
"","216.1030","2.4507","0.0009"
"","216.2030","2.4407","0.0009"
"","216.3030","2.4306","0.0009"
"","216.4030","2.4204","0.0008"
"","216.5030","2.4107","0.0008"
"","216.6030","2.4005","0.0008"
"","216.7030","2.3905","0.0007"
"","216.8030","2.3806","0.0007"
"","216.9030","2.3707","0.0007"
"","217.0030","2.3607","0.0007"
"","217.1030","2.3506","0.0006"
"","217.2030","2.3407","0.0006"
"","217.3030","2.3304","0.0006"
"","217.4030","2.3205","0.0006"
"","217.5030","2.3105","0.0006"
"","217.6030","2.3007","0.0005"
"","217.7030","2.2904","0.0005"
"","217.8030","2.2806","0.0005"
"","217.9030","2.2708","0.0005"
"","218.0030","2.2605","0.0004"
"","218.1030","2.2505","0.0004"
"","218.2030","2.2407","0.0004"
"","218.3030","2.2308","0.0004"
"","218.4030","2.2204","0.0004"
"","218.5030","2.2104","0.0003"
"","218.6030","2.2008","0.0003"
"","218.7030","2.1907","0.0003"
"","218.8030","2.1805","0.0003"
"","218.9030","2.1704","0.0003"
"","219.0030","2.1608","0.0003"
"","219.1030","2.1506","0.0003"
"","219.2030","2.1404","0.0003"
"","219.3030","2.1306","0.0003"
"","219.4030","2.1208","0.0003"
"","219.5030","2.1107","0.0002"
"","219.6030","2.1005","0.0002"
"","219.7030","2.0907","0.0002"
"","219.8030","2.0805","0.0002"
"","219.9030","2.0705","0.0002"
"","220.0030","2.0606","0.0002"
"","220.1030","2.0507","0.0002"
"","220.2030","2.0405","0.0002"
"","220.3030","2.0306","0.0002"
"","220.4030","2.0208","0.0002"
"","220.5030","2.0105","0.0002"
"","220.6030","2.0005","0.0002"
"","220.7030","1.9906","0.0002"
"","220.8030","1.9809","0.0001"
"","220.9030","1.9705","0.0001"
"","221.0030","1.9604","0.0001"
"","221.1030","1.9507","0.0001"
"","221.2030","1.9407","0.0001"
"","221.3030","1.9305","0.0001"
"","221.4030","1.9204","0.0001"
"","221.5030","1.9108","0.0001"
"","221.6030","1.9006","0.0001"
"","221.7030","1.8905","0.0001"
"","221.8030","1.8805","0.0001"
"","221.9030","1.8708","0.0001"
"","222.0030","1.8607","0.0001"
"","222.1030","1.8505","0.0001"
"","222.2030","1.8406","0.0001"
"","222.3030","1.8306","0.0000"
"","222.4030","1.8206","0.0000"
"","222.5030","1.8106","0.0000"
"","222.6030","1.8007","0.0000"
"","222.7030","1.7906","0.0000"
"","222.8030","1.7806","0.0000"
"","222.9030","1.7707","0.0000"
"","223.0030","1.7605","0.0000"
"","223.1030","1.7504","0.0000"
"","223.2030","1.7406","0.0000"
"","223.3030","1.7308","0.0000"
"","223.4030","1.7205","0.0000"
"","223.5030","1.7105","0.0000"
"","223.6030","1.7008","0.0000"
"","223.7030","1.6906","0.0000"
"","223.8030","1.6806","-0.0001"
"","223.9030","1.6704","-0.0001"
"","224.0030","1.6608","-0.0001"
"","224.1030","1.6505","-0.0001"
"","224.2030","1.6405","-0.0001"
"","224.3030","1.6305","-0.0001"
"","224.4030","1.6208","-0.0001"
"","224.5030","1.6107","-0.0001"
"","224.6030","1.6005","-0.0001"
"","224.7030","1.5907","-0.0001"
"","224.8030","1.5805","-0.0001"
"","224.9030","1.5705","-0.0001"
"","225.0030","1.5605","-0.0001"
"","225.1030","1.5507","-0.0001"
"","225.2030","1.5405","-0.0001"
"","225.3030","1.5305","-0.0001"
"","225.4030","1.5208","-0.0002"
"","225.5030","1.5105","-0.0002"
"","225.6030","1.5005","-0.0002"
"","225.7030","1.4906","-0.0002"
"","225.8030","1.4807","-0.0002"
"","225.9030","1.4704","-0.0002"
"","226.0030","1.4605","-0.0002"
"","226.1030","1.4507","-0.0002"
"","226.2030","1.4406","-0.0002"
"","226.3030","1.4305","-0.0002"
"","226.4030","1.4205","-0.0002"
"","226.5030","1.4108","-0.0002"
"","226.6030","1.4005","-0.0002"
"","226.7030","1.3904","-0.0002"
"","226.8030","1.3806","-0.0002"
"","226.9030","1.3708","-0.0002"
"","227.0030","1.3606","-0.0002"
"","227.1030","1.3505","-0.0002"
"","227.2030","1.3408","-0.0002"
"","227.3030","1.3306","-0.0003"
"","227.4030","1.3205","-0.0003"
"","227.5030","1.3106","-0.0003"
"","227.6030","1.3007","-0.0003"
"","227.7030","1.2905","-0.0003"
"","227.8030","1.2805","-0.0003"
"","227.9030","1.2708","-0.0003"
"","228.0030","1.2605","-0.0003"
"","228.1030","1.2505","-0.0003"
"","228.2030","1.2406","-0.0003"
"","228.3030","1.2309","-0.0003"
"","228.4030","1.2205","-0.0003"
"","228.5030","1.2105","-0.0003"
"","228.6030","1.2007","-0.0003"
"","228.7030","1.1907","-0.0003"
"","228.8030","1.1805","-0.0003"
"","228.9030","1.1705","-0.0003"
"","229.0030","1.1608","-0.0003"
"","229.1030","1.1506","-0.0003"
"","229.2030","1.1405","-0.0004"
"","229.3030","1.1305","-0.0004"
"","229.4030","1.1208","-0.0004"
"","229.5030","1.1106","-0.0004"
"","229.6030","1.1005","-0.0004"
"","229.7030","1.0906","-0.0004"
"","229.8030","1.0806","-0.0004"
"","229.9030","1.0705","-0.0004"
"","230.0030","1.0606","-0.0004"
"","230.1030","1.0507","-0.0004"
"","230.2030","1.0406","-0.0004"
"","230.3030","1.0306","-0.0004"
"","230.4030","1.0207","-0.0004"
"","230.5030","1.0105","-0.0004"
"","230.6030","1.0005","-0.0004"
"","230.7030","0.9906","-0.0004"
"","230.8030","0.9808","-0.0004"
"","230.9030","0.9705","-0.0004"
"","231.0030","0.9605","-0.0004"
"","231.1030","0.9507","-0.0004"
"","231.2030","0.9406","-0.0004"
"","231.3030","0.9306","-0.0004"
"","231.4030","0.9205","-0.0004"
"","231.5030","0.9108","-0.0005"
"","231.6030","0.9005","-0.0005"
"","231.7030","0.8904","-0.0005"
"","231.8030","0.8805","-0.0005"
"","231.9030","0.8708","-0.0005"
"","232.0030","0.8607","-0.0005"
"","232.1030","0.8506","-0.0005"
"","232.2030","0.8407","-0.0005"
"","232.3030","0.8305","-0.0005"
"","232.4030","0.8205","-0.0005"
"","232.5030","0.8105","-0.0005"
"","232.6030","0.8007","-0.0005"
"","232.7030","0.7905","-0.0005"
"","232.8030","0.7806","-0.0005"
"","232.9030","0.7708","-0.0005"
"","233.0030","0.7605","-0.0005"
"","233.1030","0.7505","-0.0005"
"","233.2030","0.7406","-0.0005"
"","233.3030","0.7307","-0.0005"
"","233.4030","0.7205","-0.0005"
"","233.5030","0.7104","-0.0005"
"","233.6030","0.7007","-0.0005"
"","233.7030","0.6906","-0.0005"
"","233.8030","0.6806","-0.0005"
"","233.9030","0.6705","-0.0005"
"","234.0030","0.6608","-0.0005"
"","234.1030","0.6505","-0.0005"
"","234.2030","0.6404","-0.0005"
"","234.3030","0.6305","-0.0005"
"","234.4030","0.6208","-0.0005"
"","234.5030","0.6106","-0.0005"
"","234.6030","0.6005","-0.0005"
"","234.7030","0.5908","-0.0005"
"","234.8030","0.5805","-0.0005"
"","234.9030","0.5705","-0.0005"
"","235.0030","0.5606","-0.0005"
"","235.1030","0.5508","-0.0005"
"","235.2030","0.5404","-0.0005"
"","235.3030","0.5305","-0.0005"
"","235.4030","0.5208","-0.0005"
"","235.5030","0.5105","-0.0005"
"","235.6030","0.5004","-0.0005"
"","235.7030","0.4906","-0.0005"
"","235.8030","0.4809","-0.0005"
"","235.9030","0.4705","-0.0005"
"","236.0030","0.4604","-0.0005"
"","236.1030","0.4507","-0.0005"
"","236.2030","0.4407","-0.0005"
"","236.3030","0.4305","-0.0005"
"","236.4030","0.4205","-0.0005"
"","236.5030","0.4108","-0.0005"
"","236.6030","0.4006","-0.0005"
"","236.7030","0.3905","-0.0005"
"","236.8030","0.3806","-0.0005"
"","236.9030","0.3707","-0.0005"
"","237.0030","0.3606","-0.0005"
"","237.1030","0.3505","-0.0005"
"","237.2030","0.3406","-0.0005"
"","237.3030","0.3306","-0.0005"
"","237.4030","0.3206","-0.0005"
"","237.5030","0.3106","-0.0005"
"","237.6030","0.3007","-0.0005"
"","237.7030","0.2905","-0.0005"
"","237.8030","0.2806","-0.0005"
"","237.9030","0.2707","-0.0005"
"","238.0030","0.2605","-0.0005"
"","238.1030","0.2504","-0.0005"
"","238.2030","0.2406","-0.0005"
"","238.3030","0.2308","-0.0005"
"","238.4030","0.2205","-0.0005"
"","238.5030","0.2105","-0.0005"
"","238.6030","0.2008","-0.0005"
"","238.7030","0.1907","-0.0005"
"","238.8030","0.1806","-0.0005"
"","238.9030","0.1704","-0.0005"
"","239.0030","0.1608","-0.0005"
"","239.1030","0.1506","-0.0005"
"","239.2030","0.1405","-0.0005"
"","239.3030","0.1306","-0.0005"
"","239.4030","0.1207","-0.0005"
"","239.5030","0.1107","-0.0005"
"","239.6030","0.1006","-0.0005"
"","239.7030","0.0907","-0.0005"
"","239.8030","0.0804","-0.0005"
"","239.9030","0.0706","-0.0005"
"","240.0030","0.0607","-0.0005"
"","240.1030","0.0507","-0.0005"
"","240.2030","0.0404","-0.0005"
"","240.3030","0.0306","-0.0005"
"","240.4030","0.0208","-0.0005"
"","240.5030","0.0105","-0.0005"
"","240.6030","0.0004","-0.0005"
"","240.6070","0.0000","-0.0005"
"","240.6080","-0.0001","-0.0005"
"","240.6090","-0.0002","-0.0005"
"","240.7090","-0.0005","-0.0005"
"","240.8090","0.0074","-0.0005"
"","240.9090","0.0192","-0.0005"
"","241.0090","0.0292","-0.0005"
"","241.1090","0.0395","-0.0005"
"","241.2090","0.0497","-0.0005"
"","241.3090","0.0594","-0.0005"
"","241.4090","0.0695","-0.0005"
"","241.5090","0.0796","-0.0005"
"","241.6090","0.0898","-0.0005"
"","241.7090","0.0993","-0.0005"
"","241.8090","0.1095","-0.0005"
"","241.9090","0.1196","-0.0005"
"","242.0090","0.1296","-0.0005"
"","242.1090","0.1395","-0.0005"
"","242.2090","0.1496","-0.0005"
"","242.3090","0.1596","-0.0005"
"","242.4090","0.1694","-0.0005"
"","242.5090","0.1797","-0.0005"
"","242.6090","0.1895","-0.0005"
"","242.7090","0.1995","-0.0005"
"","242.8090","0.2093","-0.0005"
"","242.9090","0.2196","-0.0005"
"","243.0090","0.2296","-0.0005"
"","243.1090","0.2394","-0.0005"
"","243.2090","0.2496","-0.0005"
"","243.3090","0.2597","-0.0005"
"","243.4090","0.2697","-0.0005"
"","243.5090","0.2793","-0.0005"
"","243.6090","0.2896","-0.0005"
"","243.7090","0.2996","-0.0005"
"","243.8090","0.3095","-0.0005"
"","243.9090","0.3195","-0.0005"
"","244.0090","0.3296","-0.0005"
"","244.1090","0.3398","-0.0005"
"","244.2090","0.3494","-0.0005"
"","244.3090","0.3595","-0.0005"
"","244.4090","0.3696","-0.0005"
"","244.5090","0.3796","-0.0005"
"","244.6090","0.3895","-0.0005"
"","244.7090","0.3995","-0.0005"
"","244.8090","0.4096","-0.0005"
"","244.9090","0.4195","-0.0005"
"","245.0090","0.4297","-0.0005"
"","245.1090","0.4395","-0.0005"
"","245.2090","0.4495","-0.0005"
"","245.3090","0.4594","-0.0005"
"","245.4090","0.4697","-0.0005"
"","245.5090","0.4796","-0.0005"
"","245.6090","0.4894","-0.0005"
"","245.7090","0.4996","-0.0005"
"","245.8090","0.5096","-0.0005"
"","245.9090","0.5196","-0.0005"
"","246.0090","0.5293","-0.0005"
"","246.1090","0.5397","-0.0005"
"","246.2090","0.5497","-0.0005"
"","246.3090","0.5595","-0.0005"
"","246.4090","0.5695","-0.0005"
"","246.5090","0.5796","-0.0005"
"","246.6090","0.5897","-0.0005"
"","246.7090","0.5993","-0.0005"
"","246.8090","0.6096","-0.0005"
"","246.9090","0.6195","-0.0005"
"","247.0090","0.6296","-0.0005"
"","247.1090","0.6395","-0.0005"
"","247.2090","0.6497","-0.0005"
"","247.3090","0.6596","-0.0005"
"","247.4090","0.6693","-0.0005"
"","247.5090","0.6796","-0.0005"
"","247.6090","0.6895","-0.0005"
"","247.7090","0.6995","-0.0005"
"","247.8090","0.7094","-0.0004"
"","247.9090","0.7197","-0.0004"
"","248.0090","0.7296","-0.0004"
"","248.1090","0.7395","-0.0004"
"","248.2090","0.7496","-0.0004"
"","248.3090","0.7597","-0.0004"
"","248.4090","0.7696","-0.0004"
"","248.5090","0.7793","-0.0004"
"","248.6090","0.7896","-0.0004"
"","248.7090","0.7997","-0.0004"
"","248.8090","0.8095","-0.0004"
"","248.9090","0.8195","-0.0004"
"","249.0090","0.8296","-0.0004"
"","249.1090","0.8398","-0.0004"
"","249.2090","0.8493","-0.0004"
"","249.3090","0.8595","-0.0004"
"","249.4090","0.8695","-0.0004"
"","249.5090","0.8796","-0.0004"
"","249.6090","0.8894","-0.0003"
"","249.7090","0.8996","-0.0003"
"","249.8090","0.9097","-0.0003"
"","249.9090","0.9194","-0.0003"
"","250.0090","0.9297","-0.0003"
"","250.1090","0.9396","-0.0003"
"","250.2090","0.9496","-0.0003"
"","250.3090","0.9594","-0.0003"
"","250.4090","0.9697","-0.0003"
"","250.5090","0.9796","-0.0003"
"","250.6090","0.9894","-0.0003"
"","250.7090","0.9995","-0.0003"
"","250.8090","1.0097","-0.0003"
"","250.9090","1.0196","-0.0003"
"","251.0090","1.0293","-0.0003"
"","251.1090","1.0396","-0.0003"
"","251.2090","1.0497","-0.0003"
"","251.3090","1.0595","-0.0002"
"","251.4090","1.0695","-0.0003"
"","251.5090","1.0796","-0.0002"
"","251.6090","1.0898","-0.0002"
"","251.7090","1.0994","-0.0002"
"","251.8090","1.1095","-0.0002"
"","251.9090","1.1196","-0.0002"
"","252.0090","1.1296","-0.0002"
"","252.1090","1.1395","-0.0002"
"","252.2090","1.1495","-0.0002"
"","252.3090","1.1596","-0.0002"
"","252.4090","1.1694","-0.0002"
"","252.5090","1.1797","-0.0002"
"","252.6090","1.1896","-0.0002"
"","252.7090","1.1996","-0.0002"
"","252.8090","1.2094","-0.0002"
"","252.9090","1.2197","-0.0002"
"","253.0090","1.2296","-0.0002"
"","253.1090","1.2395","-0.0001"
"","253.2090","1.2496","-0.0001"
"","253.3090","1.2596","-0.0001"
"","253.4090","1.2696","-0.0001"
"","253.5090","1.2793","-0.0001"
"","253.6090","1.2897","-0.0001"
"","253.7090","1.2997","-0.0001"
"","253.8090","1.3095","-0.0001"
"","253.9090","1.3195","-0.0001"
"","254.0090","1.3296","-0.0001"
"","254.1090","1.3397","-0.0001"
"","254.2090","1.3493","-0.0001"
"","254.3090","1.3596","-0.0001"
"","254.4090","1.3696","-0.0001"
"","254.5090","1.3796","-0.0001"
"","254.6090","1.3895","-0.0001"
"","254.7090","1.3997","0.0000"
"","254.8090","1.4096","0.0000"
"","254.9090","1.4193","0.0000"
"","255.0090","1.4296","0.0000"
"","255.1090","1.4395","0.0000"
"","255.2090","1.4495","0.0000"
"","255.3090","1.4594","0.0000"
"","255.4090","1.4697","0.0000"
"","255.5090","1.4796","0.0000"
"","255.6090","1.4895","0.0000"
"","255.7090","1.4996","0.0000"
"","255.8090","1.5097","0.0000"
"","255.9090","1.5196","0.0000"
"","256.0090","1.5293","0.0000"
"","256.1090","1.5395","0.0000"
"","256.2090","1.5497","0.0001"
"","256.3090","1.5595","0.0001"
"","256.4090","1.5695","0.0001"
"","256.5090","1.5796","0.0001"
"","256.6090","1.5898","0.0001"
"","256.7090","1.5993","0.0001"
"","256.8090","1.6095","0.0001"
"","256.9090","1.6196","0.0001"
"","257.0090","1.6295","0.0001"
"","257.1090","1.6395","0.0001"
"","257.2090","1.6496","0.0001"
"","257.3090","1.6597","0.0001"
"","257.4090","1.6694","0.0001"
"","257.5090","1.6798","0.0001"
"","257.6090","1.6895","0.0001"
"","257.7090","1.6996","0.0002"
"","257.8090","1.7094","0.0002"
"","257.9090","1.7197","0.0002"
"","258.0090","1.7295","0.0002"
"","258.1090","1.7394","0.0002"
"","258.2090","1.7496","0.0002"
"","258.3090","1.7597","0.0002"
"","258.4090","1.7697","0.0002"
"","258.5090","1.7793","0.0002"
"","258.6090","1.7895","0.0002"
"","258.7090","1.7997","0.0002"
"","258.8090","1.8095","0.0002"
"","258.9090","1.8195","0.0002"
"","259.0090","1.8296","0.0002"
"","259.1090","1.8397","0.0003"
"","259.2090","1.8494","0.0003"
"","259.3090","1.8595","0.0003"
"","259.4090","1.8696","0.0003"
"","259.5090","1.8796","0.0003"
"","259.6090","1.8896","0.0003"
"","259.7090","1.8996","0.0003"
"","259.8090","1.9096","0.0003"
"","259.9090","1.9194","0.0003"
"","260.0090","1.9297","0.0003"
"","260.1090","1.9395","0.0003"
"","260.2090","1.9496","0.0003"
"","260.3090","1.9594","0.0004"
"","260.4090","1.9697","0.0003"
"","260.5090","1.9796","0.0004"
"","260.6090","1.9894","0.0004"
"","260.7090","1.9996","0.0004"
"","260.8090","2.0097","0.0004"
"","260.9090","2.0196","0.0004"
"","261.0090","2.0293","0.0004"
"","261.1090","2.0396","0.0004"
"","261.2090","2.0496","0.0004"
"","261.3090","2.0595","0.0004"
"","261.4090","2.0695","0.0005"
"","261.5090","2.0795","0.0005"
"","261.6090","2.0897","0.0005"
"","261.7090","2.0994","0.0005"
"","261.8090","2.1096","0.0005"
"","261.9090","2.1195","0.0006"
"","262.0090","2.1296","0.0006"
"","262.1090","2.1395","0.0006"
"","262.2090","2.1497","0.0006"
"","262.3090","2.1596","0.0007"
"","262.4090","2.1693","0.0007"
"","262.5090","2.1797","0.0007"
"","262.6090","2.1896","0.0007"
"","262.7090","2.1995","0.0008"
"","262.8090","2.2094","0.0008"
"","262.9090","2.2197","0.0008"
"","263.0090","2.2297","0.0009"
"","263.1090","2.2394","0.0009"
"","263.2090","2.2495","0.0009"
"","263.3090","2.2597","0.0010"
"","263.4090","2.2696","0.0010"
"","263.5090","2.2792","0.0010"
"","263.6090","2.2896","0.0010"
"","263.7090","2.2997","0.0011"
"","263.8090","2.3095","0.0011"
"","263.9090","2.3195","0.0011"
"","264.0090","2.3296","0.0012"
"","264.1090","2.3398","0.0012"
"","264.2090","2.3493","0.0012"
"","264.3090","2.3595","0.0012"
"","264.4090","2.3695","0.0013"
"","264.5090","2.3795","0.0013"
"","264.6090","2.3895","0.0014"
"","264.7090","2.3997","0.0014"
"","264.8090","2.4097","0.0014"
"","264.9090","2.4194","0.0015"
"","265.0090","2.4297","0.0015"
"","265.1090","2.4396","0.0015"
"","265.2090","2.4496","0.0016"
"","265.3090","2.4593","0.0016"
"","265.4090","2.4697","0.0017"
"","265.5090","2.4796","0.0017"
"","265.6090","2.4894","0.0018"
"","265.7090","2.4996","0.0018"
"","265.8090","2.5097","0.0019"
"","265.9090","2.5197","0.0020"
"","266.0090","2.5293","0.0020"
"","266.1090","2.5396","0.0021"
"","266.2090","2.5496","0.0022"
"","266.3090","2.5595","0.0022"
"","266.4090","2.5695","0.0023"
"","266.5090","2.5796","0.0024"
"","266.6090","2.5897","0.0024"
"","266.7090","2.5995","0.0025"
"","266.8090","2.6095","0.0026"
"","266.9090","2.6196","0.0027"
"","267.0090","2.6296","0.0028"
"","267.1090","2.6396","0.0029"
"","267.2090","2.6496","0.0030"
"","267.3090","2.6596","0.0031"
"","267.4090","2.6694","0.0032"
"","267.5090","2.6797","0.0033"
"","267.6090","2.6895","0.0034"
"","267.7090","2.6995","0.0035"
"","267.8090","2.7094","0.0037"
"","267.9090","2.7197","0.0038"
"","268.0090","2.7295","0.0039"
"","268.1090","2.7394","0.0041"
"","268.2090","2.7496","0.0042"
"","268.3090","2.7597","0.0043"
"","268.4090","2.7696","0.0045"
"","268.5090","2.7793","0.0046"
"","268.6090","2.7897","0.0048"
"","268.7090","2.7997","0.0049"
"","268.8090","2.8095","0.0051"
"","268.9090","2.8195","0.0052"
"","269.0090","2.8296","0.0053"
"","269.1090","2.8397","0.0055"
"","269.2090","2.8493","0.0056"
"","269.3090","2.8596","0.0057"
"","269.4090","2.8695","0.0059"
"","269.5090","2.8796","0.0060"
"","269.6090","2.8896","0.0061"
"","269.7090","2.8996","0.0063"
"","269.8090","2.9096","0.0064"
"","269.9090","2.9193","0.0065"
"","270.0090","2.9298","0.0067"
"","270.1090","2.9396","0.0068"
"","270.2090","2.9495","0.0070"
"","270.3090","2.9594","0.0072"
"","270.4090","2.9698","0.0073"
"","270.5090","2.9796","0.0075"
"","270.6090","2.9895","0.0077"
"","270.7090","2.9995","0.0079"
"","270.8090","3.0097","0.0082"
"","270.9090","3.0196","0.0084"
"","271.0090","3.0293","0.0086"
"","271.1090","3.0396","0.0089"
"","271.2090","3.0497","0.0092"
"","271.3090","3.0595","0.0094"
"","271.4090","3.0695","0.0097"
"","271.5090","3.0797","0.0100"
"","271.6090","3.0898","0.0103"
"","271.7090","3.0994","0.0106"
"","271.8090","3.1095","0.0110"
"","271.9090","3.1196","0.0113"
"","272.0090","3.1295","0.0117"
"","272.1090","3.1395","0.0121"
"","272.2090","3.1496","0.0125"
"","272.3090","3.1597","0.0129"
"","272.4090","3.1694","0.0133"
"","272.5090","3.1798","0.0137"
"","272.6090","3.1895","0.0142"
"","272.7090","3.1996","0.0147"
"","272.8090","3.2093","0.0152"
"","272.9090","3.2197","0.0157"
"","273.0090","3.2296","0.0162"
"","273.1090","3.2394","0.0167"
"","273.2090","3.2496","0.0173"
"","273.3090","3.2597","0.0179"
"","273.4090","3.2696","0.0185"
"","273.5090","3.2793","0.0190"
"","273.6090","3.2896","0.0197"
"","273.7090","3.2996","0.0203"
"","273.8090","3.3095","0.0210"
"","273.9090","3.3195","0.0216"
"","274.0090","3.3296","0.0223"
"","274.1090","3.3397","0.0230"
"","274.2090","3.3494","0.0237"
"","274.3090","3.3595","0.0244"
"","274.4090","3.3696","0.0252"
"","274.5090","3.3796","0.0259"
"","274.6090","3.3896","0.0267"
"","274.7090","3.3995","0.0275"
"","274.8090","3.4096","0.0283"
"","274.9090","3.4194","0.0291"
"","275.0090","3.4296","0.0300"
"","275.1090","3.4395","0.0308"
"","275.2090","3.4495","0.0317"
"","275.3090","3.4594","0.0326"
"","275.4090","3.4698","0.0334"
"","275.5090","3.4796","0.0340"
"","275.6090","3.4894","0.0342"
"","275.7090","3.4996","0.0345"
"","275.8090","3.5096","0.0349"
"","275.9090","3.5196","0.0350"
"","276.0090","3.5293","0.0351"
"","276.1090","3.5397","0.0352"
"","276.2090","3.5496","0.0354"
"","276.3090","3.5595","0.0356"
"","276.4090","3.5695","0.0358"
"","276.5090","3.5796","0.0360"
"","276.6090","3.5897","0.0362"
"","276.7090","3.5993","0.0363"
"","276.8090","3.6096","0.0365"
"","276.9090","3.6196","0.0369"
"","277.0090","3.6296","0.0372"
"","277.1090","3.6395","0.0378"
"","277.2090","3.6497","0.0385"
"","277.3090","3.6596","0.0392"
"","277.4090","3.6693","0.0399"
"","277.5090","3.6797","0.0407"
"","277.6090","3.6895","0.0414"
"","277.7090","3.6996","0.0425"
"","277.8090","3.7094","0.0435"
"","277.9090","3.7197","0.0446"
"","278.0090","3.7296","0.0458"
"","278.1090","3.7395","0.0470"
"","278.2090","3.7496","0.0482"
"","278.3090","3.7597","0.0496"
"","278.4090","3.7696","0.0509"
"","278.5090","3.7793","0.0522"
"","278.6090","3.7895","0.0536"
"","278.7090","3.7997","0.0551"
"","278.8090","3.8094","0.0564"
"","278.9090","3.8195","0.0579"
"","279.0090","3.8296","0.0594"
"","279.1090","3.8398","0.0609"
"","279.2090","3.8493","0.0623"
"","279.3090","3.8595","0.0639"
"","279.4090","3.8696","0.0655"
"","279.5090","3.8795","0.0671"
"","279.6090","3.8894","0.0687"
"","279.7090","3.8996","0.0704"
"","279.8090","3.9097","0.0721"
"","279.9090","3.9194","0.0738"
"","280.0090","3.9297","0.0756"
"","280.1090","3.9395","0.0773"
"","280.2090","3.9496","0.0791"
"","280.3090","3.9594","0.0808"
"","280.4090","3.9697","0.0827"
"","280.5090","3.9795","0.0845"
"","280.6090","3.9894","0.0863"
"","280.7090","3.9996","0.0881"
"","280.7130","4.0000","0.0882"
"","280.7140","4.0001","0.0882"
"","280.7150","4.0002","0.0882"
"","280.8150","4.0005","0.0874"
"","280.9150","3.9931","0.0848"
"","281.0150","3.9812","0.0810"
"","281.1150","3.9706","0.0778"
"","281.2150","3.9606","0.0750"
"","281.3150","3.9507","0.0722"
"","281.4150","3.9406","0.0695"
"","281.5150","3.9305","0.0670"
"","281.6150","3.9204","0.0645"
"","281.7150","3.9108","0.0621"
"","281.8150","3.9004","0.0598"
"","281.9150","3.8904","0.0575"
"","282.0150","3.8805","0.0554"
"","282.1150","3.8707","0.0534"
"","282.2150","3.8606","0.0513"
"","282.3150","3.8505","0.0494"
"","282.4150","3.8406","0.0476"
"","282.5150","3.8305","0.0458"
"","282.6150","3.8205","0.0440"
"","282.7150","3.8105","0.0424"
"","282.8150","3.8006","0.0408"
"","282.9150","3.7905","0.0393"
"","283.0150","3.7805","0.0378"
"","283.1150","3.7707","0.0366"
"","283.2150","3.7604","0.0354"
"","283.3150","3.7504","0.0346"
"","283.4150","3.7406","0.0342"
"","283.5150","3.7307","0.0340"
"","283.6150","3.7204","0.0338"
"","283.7150","3.7105","0.0335"
"","283.8150","3.7007","0.0334"
"","283.9150","3.6905","0.0333"
"","284.0150","3.6805","0.0331"
"","284.1150","3.6704","0.0331"
"","284.2150","3.6607","0.0331"
"","284.3150","3.6505","0.0331"
"","284.4150","3.6403","0.0330"
"","284.5150","3.6306","0.0328"
"","284.6150","3.6207","0.0326"
"","284.7150","3.6105","0.0325"
"","284.8150","3.6004","0.0322"
"","284.9150","3.5907","0.0316"
"","285.0150","3.5805","0.0306"
"","285.1150","3.5705","0.0296"
"","285.2150","3.5605","0.0286"
"","285.3150","3.5506","0.0276"
"","285.4150","3.5404","0.0266"
"","285.5150","3.5304","0.0257"
"","285.6150","3.5207","0.0248"
"","285.7150","3.5104","0.0239"
"","285.8150","3.5005","0.0230"
"","285.9150","3.4906","0.0221"
"","286.0150","3.4808","0.0213"
"","286.1150","3.4704","0.0205"
"","286.2150","3.4604","0.0198"
"","286.3150","3.4506","0.0191"
"","286.4150","3.4406","0.0184"
"","286.5150","3.4305","0.0177"
"","286.6150","3.4204","0.0171"
"","286.7150","3.4108","0.0165"
"","286.8150","3.4005","0.0159"
"","286.9150","3.3905","0.0153"
"","287.0150","3.3804","0.0148"
"","287.1150","3.3707","0.0142"
"","287.2150","3.3606","0.0137"
"","287.3150","3.3505","0.0132"
"","287.4150","3.3405","0.0128"
"","287.5150","3.3306","0.0123"
"","287.6150","3.3205","0.0119"
"","287.7150","3.3105","0.0115"
"","287.8150","3.3006","0.0111"
"","287.9150","3.2905","0.0107"
"","288.0150","3.2805","0.0104"
"","288.1150","3.2706","0.0100"
"","288.2150","3.2604","0.0097"
"","288.3150","3.2504","0.0094"
"","288.4150","3.2405","0.0091"
"","288.5150","3.2307","0.0089"
"","288.6150","3.2205","0.0086"
"","288.7150","3.2104","0.0083"
"","288.8150","3.2007","0.0081"
"","288.9150","3.1906","0.0079"
"","289.0150","3.1805","0.0076"
"","289.1150","3.1703","0.0074"
"","289.2150","3.1607","0.0072"
"","289.3150","3.1504","0.0070"
"","289.4150","3.1404","0.0069"
"","289.5150","3.1305","0.0067"
"","289.6150","3.1207","0.0065"
"","289.7150","3.1106","0.0064"
"","289.8150","3.1005","0.0062"
"","289.9150","3.0906","0.0061"
"","290.0150","3.0805","0.0060"
"","290.1150","3.0705","0.0058"
"","290.2150","3.0605","0.0057"
"","290.3150","3.0506","0.0056"
"","290.4150","3.0405","0.0055"
"","290.5150","3.0305","0.0054"
"","290.6150","3.0207","0.0053"
"","290.7150","3.0104","0.0051"
"","290.8150","3.0004","0.0050"
"","290.9150","2.9906","0.0049"
"","291.0150","2.9807","0.0048"
"","291.1150","2.9704","0.0047"
"","291.2150","2.9604","0.0046"
"","291.3150","2.9507","0.0045"
"","291.4150","2.9406","0.0044"
"","291.5150","2.9305","0.0043"
"","291.6150","2.9204","0.0042"
"","291.7150","2.9107","0.0041"
"","291.8150","2.9005","0.0039"
"","291.9150","2.8904","0.0038"
"","292.0150","2.8805","0.0037"
"","292.1150","2.8707","0.0036"
"","292.2150","2.8606","0.0034"
"","292.3150","2.8505","0.0033"
"","292.4150","2.8407","0.0032"
"","292.5150","2.8305","0.0031"
"","292.6150","2.8204","0.0030"
"","292.7150","2.8105","0.0029"
"","292.8150","2.8007","0.0028"
"","292.9150","2.7904","0.0027"
"","293.0150","2.7805","0.0026"
"","293.1150","2.7707","0.0025"
"","293.2150","2.7604","0.0024"
"","293.3150","2.7503","0.0023"
"","293.4150","2.7406","0.0022"
"","293.5150","2.7308","0.0021"
"","293.6150","2.7204","0.0021"
"","293.7150","2.7103","0.0020"
"","293.8150","2.7006","0.0019"
"","293.9150","2.6906","0.0018"
"","294.0150","2.6805","0.0018"
"","294.1150","2.6704","0.0017"
"","294.2150","2.6607","0.0017"
"","294.3150","2.6505","0.0016"
"","294.4150","2.6405","0.0015"
"","294.5150","2.6305","0.0015"
"","294.6150","2.6206","0.0015"
"","294.7150","2.6106","0.0014"
"","294.8150","2.6004","0.0014"
"","294.9150","2.5906","0.0014"
"","295.0150","2.5805","0.0013"
"","295.1150","2.5704","0.0013"
"","295.2150","2.5605","0.0012"
"","295.3150","2.5507","0.0012"
"","295.4150","2.5405","0.0012"
"","295.5150","2.5305","0.0011"
"","295.6150","2.5207","0.0011"
"","295.7150","2.5105","0.0011"
"","295.8150","2.5004","0.0010"
"","295.9150","2.4905","0.0010"
"","296.0150","2.4807","0.0010"
"","296.1150","2.4704","0.0009"
"","296.2150","2.4604","0.0009"
"","296.3150","2.4506","0.0009"
"","296.4150","2.4406","0.0008"
"","296.5150","2.4305","0.0008"
"","296.6150","2.4204","0.0008"
"","296.7150","2.4107","0.0008"
"","296.8150","2.4005","0.0007"
"","296.9150","2.3904","0.0007"
"","297.0150","2.3805","0.0007"
"","297.1150","2.3706","0.0006"
"","297.2150","2.3606","0.0006"
"","297.3150","2.3505","0.0006"
"","297.4150","2.3407","0.0006"
"","297.5150","2.3304","0.0005"
"","297.6150","2.3204","0.0005"
"","297.7150","2.3105","0.0005"
"","297.8150","2.3007","0.0005"
"","297.9150","2.2904","0.0004"
"","298.0150","2.2805","0.0004"
"","298.1150","2.2708","0.0004"
"","298.2150","2.2605","0.0004"
"","298.3150","2.2504","0.0004"
"","298.4150","2.2406","0.0004"
"","298.5150","2.2307","0.0004"
"","298.6150","2.2204","0.0003"
"","298.7150","2.2104","0.0003"
"","298.8150","2.2007","0.0003"
"","298.9150","2.1906","0.0003"
"","299.0150","2.1804","0.0003"
"","299.1150","2.1704","0.0003"
"","299.2150","2.1607","0.0003"
"","299.3150","2.1505","0.0003"
"","299.4150","2.1403","0.0002"
"","299.5150","2.1305","0.0002"
"","299.6150","2.1207","0.0002"
"","299.7150","2.1106","0.0002"
"","299.8150","2.1004","0.0002"
"","299.9150","2.0907","0.0002"
"","300.0150","2.0804","0.0002"
"","300.1150","2.0704","0.0002"
"","300.2150","2.0605","0.0002"
"","300.3150","2.0507","0.0002"
"","300.4150","2.0405","0.0002"
"","300.5150","2.0305","0.0002"
"","300.6150","2.0207","0.0002"
"","300.7150","2.0104","0.0002"
"","300.8150","2.0004","0.0001"
"","300.9150","1.9906","0.0001"
"","301.0150","1.9808","0.0001"
"","301.1150","1.9704","0.0001"
"","301.2150","1.9603","0.0001"
"","301.3150","1.9507","0.0001"
"","301.4150","1.9406","0.0001"
"","301.5150","1.9305","0.0001"
"","301.6150","1.9204","0.0001"
"","301.7150","1.9108","0.0001"
"","301.8150","1.9005","0.0001"
"","301.9150","1.8904","0.0001"
"","302.0150","1.8805","0.0001"
"","302.1150","1.8707","0.0001"
"","302.2150","1.8606","0.0000"
"","302.3150","1.8504","0.0000"
"","302.4150","1.8405","0.0000"
"","302.5150","1.8305","0.0000"
"","302.6150","1.8205","0.0000"
"","302.7150","1.8105","0.0000"
"","302.8150","1.8007","0.0000"
"","302.9150","1.7905","0.0000"
"","303.0150","1.7805","0.0000"
"","303.1150","1.7707","0.0000"
"","303.2150","1.7604","0.0000"
"","303.3150","1.7504","0.0000"
"","303.4150","1.7405","0.0000"
"","303.5150","1.7307","0.0000"
"","303.6150","1.7204","0.0000"
"","303.7150","1.7104","-0.0001"
"","303.8150","1.7007","-0.0001"
"","303.9150","1.6906","-0.0001"
"","304.0150","1.6805","-0.0001"
"","304.1150","1.6704","-0.0001"
"","304.2150","1.6607","-0.0001"
"","304.3150","1.6504","-0.0001"
"","304.4150","1.6404","-0.0001"
"","304.5150","1.6305","-0.0001"
"","304.6150","1.6207","-0.0001"
"","304.7150","1.6106","-0.0001"
"","304.8150","1.6005","-0.0001"
"","304.9150","1.5906","-0.0001"
"","305.0150","1.5805","-0.0001"
"","305.1150","1.5704","-0.0001"
"","305.2150","1.5605","-0.0001"
"","305.3150","1.5507","-0.0001"
"","305.4150","1.5404","-0.0002"
"","305.5150","1.5305","-0.0002"
"","305.6150","1.5207","-0.0002"
"","305.7150","1.5104","-0.0002"
"","305.8150","1.5005","-0.0002"
"","305.9150","1.4905","-0.0002"
"","306.0150","1.4806","-0.0002"
"","306.1150","1.4704","-0.0002"
"","306.2150","1.4604","-0.0002"
"","306.3150","1.4506","-0.0002"
"","306.4150","1.4406","-0.0002"
"","306.5150","1.4305","-0.0002"
"","306.6150","1.4205","-0.0002"
"","306.7150","1.4107","-0.0002"
"","306.8150","1.4005","-0.0002"
"","306.9150","1.3903","-0.0002"
"","307.0150","1.3805","-0.0002"
"","307.1150","1.3707","-0.0002"
"","307.2150","1.3605","-0.0003"
"","307.3150","1.3504","-0.0003"
"","307.4150","1.3407","-0.0003"
"","307.5150","1.3305","-0.0003"
"","307.6150","1.3204","-0.0003"
"","307.7150","1.3105","-0.0003"
"","307.8150","1.3007","-0.0003"
"","307.9150","1.2905","-0.0003"
"","308.0150","1.2804","-0.0003"
"","308.1150","1.2707","-0.0003"
"","308.2150","1.2604","-0.0003"
"","308.3150","1.2504","-0.0003"
"","308.4150","1.2405","-0.0003"
"","308.5150","1.2308","-0.0003"
"","308.6150","1.2204","-0.0003"
"","308.7150","1.2104","-0.0003"
"","308.8150","1.2006","-0.0003"
"","308.9150","1.1906","-0.0003"
"","309.0150","1.1805","-0.0004"
"","309.1150","1.1704","-0.0004"
"","309.2150","1.1608","-0.0004"
"","309.3150","1.1505","-0.0004"
"","309.4150","1.1405","-0.0004"
"","309.5150","1.1304","-0.0004"
"","309.6150","1.1207","-0.0004"
"","309.7150","1.1105","-0.0004"
"","309.8150","1.1004","-0.0004"
"","309.9150","1.0906","-0.0004"
"","310.0150","1.0806","-0.0004"
"","310.1150","1.0705","-0.0004"
"","310.2150","1.0605","-0.0004"
"","310.3150","1.0506","-0.0004"
"","310.4150","1.0405","-0.0004"
"","310.5150","1.0305","-0.0004"
"","310.6150","1.0207","-0.0004"
"","310.7150","1.0104","-0.0004"
"","310.8150","1.0004","-0.0004"
"","310.9150","0.9905","-0.0004"
"","311.0150","0.9807","-0.0004"
"","311.1150","0.9705","-0.0004"
"","311.2150","0.9605","-0.0004"
"","311.3150","0.9507","-0.0004"
"","311.4150","0.9405","-0.0005"
"","311.5150","0.9305","-0.0005"
"","311.6150","0.9204","-0.0004"
"","311.7150","0.9107","-0.0005"
"","311.8150","0.9004","-0.0005"
"","311.9150","0.8904","-0.0005"
"","312.0150","0.8805","-0.0005"
"","312.1150","0.8707","-0.0005"
"","312.2150","0.8606","-0.0005"
"","312.3150","0.8505","-0.0005"
"","312.4150","0.8406","-0.0005"
"","312.5150","0.8305","-0.0005"
"","312.6150","0.8205","-0.0005"
"","312.7150","0.8104","-0.0005"
"","312.8150","0.8006","-0.0005"
"","312.9150","0.7904","-0.0005"
"","313.0150","0.7805","-0.0005"
"","313.1150","0.7707","-0.0005"
"","313.2150","0.7604","-0.0005"
"","313.3150","0.7504","-0.0005"
"","313.4150","0.7406","-0.0005"
"","313.5150","0.7307","-0.0005"
"","313.6150","0.7204","-0.0005"
"","313.7150","0.7103","-0.0005"
"","313.8150","0.7007","-0.0005"
"","313.9150","0.6906","-0.0005"
"","314.0150","0.6805","-0.0005"
"","314.1150","0.6704","-0.0005"
"","314.2150","0.6607","-0.0005"
"","314.3150","0.6504","-0.0005"
"","314.4150","0.6403","-0.0005"
"","314.5150","0.6305","-0.0005"
"","314.6150","0.6207","-0.0005"
"","314.7150","0.6105","-0.0005"
"","314.8150","0.6004","-0.0005"
"","314.9150","0.5907","-0.0005"
"","315.0150","0.5804","-0.0005"
"","315.1150","0.5705","-0.0005"
"","315.2150","0.5605","-0.0005"
"","315.3150","0.5507","-0.0005"
"","315.4150","0.5403","-0.0005"
"","315.5150","0.5305","-0.0005"
"","315.6150","0.5207","-0.0005"
"","315.7150","0.5105","-0.0005"
"","315.8150","0.5003","-0.0005"
"","315.9150","0.4905","-0.0005"
"","316.0150","0.4808","-0.0005"
"","316.1150","0.4704","-0.0005"
"","316.2150","0.4603","-0.0005"
"","316.3150","0.4507","-0.0005"
"","316.4150","0.4406","-0.0005"
"","316.5150","0.4305","-0.0005"
"","316.6150","0.4204","-0.0005"
"","316.7150","0.4107","-0.0005"
"","316.8150","0.4005","-0.0005"
"","316.9150","0.3905","-0.0005"
"","317.0150","0.3805","-0.0005"
"","317.1150","0.3707","-0.0005"
"","317.2150","0.3606","-0.0005"
"","317.3150","0.3504","-0.0005"
"","317.4150","0.3406","-0.0005"
"","317.5150","0.3305","-0.0005"
"","317.6150","0.3205","-0.0005"
"","317.7150","0.3105","-0.0005"
"","317.8150","0.3007","-0.0005"
"","317.9150","0.2905","-0.0005"
"","318.0150","0.2805","-0.0005"
"","318.1150","0.2707","-0.0005"
"","318.2150","0.2604","-0.0005"
"","318.3150","0.2504","-0.0005"
"","318.4150","0.2405","-0.0005"
"","318.5150","0.2307","-0.0005"
"","318.6150","0.2204","-0.0006"
"","318.7150","0.2104","-0.0005"
"","318.8150","0.2007","-0.0005"
"","318.9150","0.1906","-0.0005"
"","319.0150","0.1805","-0.0005"
"","319.1150","0.1703","-0.0005"
"","319.2150","0.1607","-0.0005"
"","319.3150","0.1505","-0.0005"
"","319.4150","0.1404","-0.0005"
"","319.5150","0.1305","-0.0005"
"","319.6150","0.1206","-0.0005"
"","319.7150","0.1106","-0.0005"
"","319.8150","0.1005","-0.0005"
"","319.9150","0.0907","-0.0005"
"","320.0150","0.0804","-0.0005"
"","320.1150","0.0705","-0.0005"
"","320.2150","0.0605","-0.0005"
"","320.3150","0.0507","-0.0005"
"","320.4150","0.0404","-0.0005"
"","320.5150","0.0305","-0.0005"
"","320.6150","0.0208","-0.0005"
"","320.7150","0.0104","-0.0005"
"","320.8150","0.0004","-0.0005"
"","320.8190","0.0000","-0.0005"
"","320.8200","-0.0001","-0.0005"
"","320.8210","-0.0002","-0.0005"
"","320.9210","-0.0005","-0.0005"
"","321.0210","0.0074","-0.0005"
"","321.1210","0.0191","-0.0005"
"","321.2210","0.0292","-0.0005"
"","321.3210","0.0395","-0.0005"
"","321.4210","0.0497","-0.0005"
"","321.5210","0.0594","-0.0005"
"","321.6210","0.0694","-0.0005"
"","321.7210","0.0795","-0.0005"
"","321.8210","0.0897","-0.0005"
"","321.9210","0.0993","-0.0005"
"","322.0210","0.1094","-0.0005"
"","322.1210","0.1195","-0.0005"
"","322.2210","0.1295","-0.0005"
"","322.3210","0.1394","-0.0005"
"","322.4210","0.1496","-0.0005"
"","322.5210","0.1596","-0.0005"
"","322.6210","0.1694","-0.0005"
"","322.7210","0.1797","-0.0005"
"","322.8210","0.1895","-0.0005"
"","322.9210","0.1995","-0.0005"
"","323.0210","0.2093","-0.0005"
"","323.1210","0.2196","-0.0005"
"","323.2210","0.2295","-0.0005"
"","323.3210","0.2393","-0.0005"
"","323.4210","0.2496","-0.0005"
"","323.5210","0.2596","-0.0005"
"","323.6210","0.2696","-0.0005"
"","323.7210","0.2792","-0.0005"
"","323.8210","0.2895","-0.0005"
"","323.9210","0.2996","-0.0005"
"","324.0210","0.3095","-0.0005"
"","324.1210","0.3194","-0.0005"
"","324.2210","0.3295","-0.0005"
"","324.3210","0.3397","-0.0005"
"","324.4210","0.3493","-0.0005"
"","324.5210","0.3595","-0.0005"
"","324.6210","0.3696","-0.0005"
"","324.7210","0.3796","-0.0005"
"","324.8210","0.3895","-0.0005"
"","324.9210","0.3995","-0.0005"
"","325.0210","0.4095","-0.0005"
"","325.1210","0.4194","-0.0005"
"","325.2210","0.4297","-0.0005"
"","325.3210","0.4395","-0.0005"
"","325.4210","0.4495","-0.0005"
"","325.5210","0.4594","-0.0005"
"","325.6210","0.4696","-0.0005"
"","325.7210","0.4795","-0.0005"
"","325.8210","0.4894","-0.0005"
"","325.9210","0.4996","-0.0005"
"","326.0210","0.5096","-0.0005"
"","326.1210","0.5195","-0.0005"
"","326.2210","0.5293","-0.0005"
"","326.3210","0.5396","-0.0005"
"","326.4210","0.5496","-0.0005"
"","326.5210","0.5594","-0.0005"
"","326.6210","0.5695","-0.0005"
"","326.7210","0.5796","-0.0005"
"","326.8210","0.5897","-0.0005"
"","326.9210","0.5993","-0.0005"
"","327.0210","0.6095","-0.0005"
"","327.1210","0.6195","-0.0005"
"","327.2210","0.6296","-0.0005"
"","327.3210","0.6394","-0.0005"
"","327.4210","0.6496","-0.0005"
"","327.5210","0.6596","-0.0005"
"","327.6210","0.6693","-0.0005"
"","327.7210","0.6796","-0.0005"
"","327.8210","0.6895","-0.0005"
"","327.9210","0.6995","-0.0005"
"","328.0210","0.7094","-0.0005"
"","328.1210","0.7197","-0.0005"
"","328.2210","0.7296","-0.0005"
"","328.3210","0.7394","-0.0005"
"","328.4210","0.7495","-0.0004"
"","328.5210","0.7597","-0.0005"
"","328.6210","0.7696","-0.0004"
"","328.7210","0.7793","-0.0004"
"","328.8210","0.7895","-0.0004"
"","328.9210","0.7997","-0.0004"
"","329.0210","0.8094","-0.0004"
"","329.1210","0.8195","-0.0004"
"","329.2210","0.8296","-0.0004"
"","329.3210","0.8398","-0.0004"
"","329.4210","0.8493","-0.0004"
"","329.5210","0.8594","-0.0004"
"","329.6210","0.8695","-0.0004"
"","329.7210","0.8795","-0.0004"
"","329.8210","0.8894","-0.0004"
"","329.9210","0.8996","-0.0004"
"","330.0210","0.9097","-0.0004"
"","330.1210","0.9194","-0.0003"
"","330.2210","0.9297","-0.0003"
"","330.3210","0.9395","-0.0003"
"","330.4210","0.9496","-0.0003"
"","330.5210","0.9593","-0.0003"
"","330.6210","0.9697","-0.0003"
"","330.7210","0.9795","-0.0003"
"","330.8210","0.9894","-0.0003"
"","330.9210","0.9995","-0.0003"
"","331.0210","1.0096","-0.0003"
"","331.1210","1.0196","-0.0003"
"","331.2210","1.0293","-0.0003"
"","331.3210","1.0395","-0.0003"
"","331.4210","1.0496","-0.0003"
"","331.5210","1.0594","-0.0003"
"","331.6210","1.0695","-0.0003"
"","331.7210","1.0796","-0.0003"
"","331.8210","1.0897","-0.0002"
"","331.9210","1.0993","-0.0003"
"","332.0210","1.1095","-0.0002"
"","332.1210","1.1196","-0.0002"
"","332.2210","1.1296","-0.0002"
"","332.3210","1.1394","-0.0002"
"","332.4210","1.1495","-0.0002"
"","332.5210","1.1596","-0.0002"
"","332.6210","1.1694","-0.0002"
"","332.7210","1.1796","-0.0002"
"","332.8210","1.1895","-0.0002"
"","332.9210","1.1995","-0.0002"
"","333.0210","1.2094","-0.0002"
"","333.1210","1.2196","-0.0002"
"","333.2210","1.2296","-0.0002"
"","333.3210","1.2394","-0.0002"
"","333.4210","1.2496","-0.0002"
"","333.5210","1.2596","-0.0002"
"","333.6210","1.2696","-0.0001"
"","333.7210","1.2793","-0.0001"
"","333.8210","1.2896","-0.0001"
"","333.9210","1.2996","-0.0001"
"","334.0210","1.3095","-0.0001"
"","334.1210","1.3195","-0.0001"
"","334.2210","1.3296","-0.0001"
"","334.3210","1.3397","-0.0001"
"","334.4210","1.3493","-0.0001"
"","334.5210","1.3596","-0.0001"
"","334.6210","1.3695","-0.0001"
"","334.7210","1.3796","-0.0001"
"","334.8210","1.3895","-0.0001"
"","334.9210","1.3996","-0.0001"
"","335.0210","1.4096","-0.0001"
"","335.1210","1.4193","-0.0001"
"","335.2210","1.4296","-0.0001"
"","335.3210","1.4395","0.0000"
"","335.4210","1.4495","0.0000"
"","335.5210","1.4594","0.0000"
"","335.6210","1.4697","0.0000"
"","335.7210","1.4796","0.0000"
"","335.8210","1.4895","0.0000"
"","335.9210","1.4995","0.0000"
"","336.0210","1.5097","0.0000"
"","336.1210","1.5195","0.0000"
"","336.2210","1.5292","0.0000"
"","336.3210","1.5395","0.0000"
"","336.4210","1.5497","0.0000"
"","336.5210","1.5594","0.0000"
"","336.6210","1.5694","0.0000"
"","336.7210","1.5796","0.0000"
"","336.8210","1.5897","0.0001"
"","336.9210","1.5993","0.0001"
"","337.0210","1.6095","0.0001"
"","337.1210","1.6195","0.0001"
"","337.2210","1.6295","0.0001"
"","337.3210","1.6394","0.0001"
"","337.4210","1.6496","0.0001"
"","337.5210","1.6596","0.0001"
"","337.6210","1.6693","0.0001"
"","337.7210","1.6797","0.0001"
"","337.8210","1.6895","0.0001"
"","337.9210","1.6995","0.0001"
"","338.0210","1.7093","0.0001"
"","338.1210","1.7197","0.0002"
"","338.2210","1.7295","0.0002"
"","338.3210","1.7394","0.0002"
"","338.4210","1.7495","0.0002"
"","338.5210","1.7597","0.0002"
"","338.6210","1.7696","0.0002"
"","338.7210","1.7792","0.0002"
"","338.8210","1.7895","0.0002"
"","338.9210","1.7996","0.0002"
"","339.0210","1.8095","0.0002"
"","339.1210","1.8194","0.0002"
"","339.2210","1.8295","0.0002"
"","339.3210","1.8397","0.0002"
"","339.4210","1.8494","0.0002"
"","339.5210","1.8595","0.0003"
"","339.6210","1.8695","0.0003"
"","339.7210","1.8795","0.0003"
"","339.8210","1.8895","0.0003"
"","339.9210","1.8995","0.0003"
"","340.0210","1.9096","0.0003"
"","340.1210","1.9193","0.0003"
"","340.2210","1.9297","0.0003"
"","340.3210","1.9395","0.0003"
"","340.4210","1.9495","0.0003"
"","340.5210","1.9594","0.0003"
"","340.6210","1.9697","0.0003"
"","340.7210","1.9796","0.0003"
"","340.8210","1.9894","0.0004"
"","340.9210","1.9995","0.0003"
"","341.0210","2.0096","0.0004"
"","341.1210","2.0196","0.0004"
"","341.2210","2.0292","0.0004"
"","341.3210","2.0396","0.0004"
"","341.4210","2.0496","0.0004"
"","341.5210","2.0595","0.0004"
"","341.6210","2.0694","0.0004"
"","341.7210","2.0795","0.0004"
"","341.8210","2.0897","0.0005"
"","341.9210","2.0994","0.0005"
"","342.0210","2.1096","0.0005"
"","342.1210","2.1195","0.0005"
"","342.2210","2.1296","0.0005"
"","342.3210","2.1395","0.0005"
"","342.4210","2.1496","0.0006"
"","342.5210","2.1595","0.0006"
"","342.6210","2.1693","0.0006"
"","342.7210","2.1796","0.0006"
"","342.8210","2.1896","0.0007"
"","342.9210","2.1995","0.0007"
"","343.0210","2.2093","0.0007"
"","343.1210","2.2197","0.0007"
"","343.2210","2.2297","0.0008"
"","343.3210","2.2394","0.0008"
"","343.4210","2.2495","0.0008"
"","343.5210","2.2596","0.0009"
"","343.6210","2.2696","0.0009"
"","343.7210","2.2792","0.0009"
"","343.8210","2.2895","0.0010"
"","343.9210","2.2996","0.0010"
"","344.0210","2.3095","0.0010"
"","344.1210","2.3194","0.0011"
"","344.2210","2.3296","0.0011"
"","344.3210","2.3397","0.0011"
"","344.4210","2.3493","0.0012"
"","344.5210","2.3595","0.0012"
"","344.6210","2.3695","0.0012"
"","344.7210","2.3795","0.0013"
"","344.8210","2.3894","0.0013"
"","344.9210","2.3996","0.0013"
"","345.0210","2.4096","0.0014"
"","345.1210","2.4193","0.0014"
"","345.2210","2.4296","0.0014"
"","345.3210","2.4395","0.0014"
"","345.4210","2.4495","0.0015"
"","345.5210","2.4593","0.0015"
"","345.6210","2.4696","0.0016"
"","345.7210","2.4796","0.0016"
"","345.8210","2.4894","0.0016"
"","345.9210","2.4995","0.0017"
"","346.0210","2.5096","0.0017"
"","346.1210","2.5197","0.0018"
"","346.2210","2.5292","0.0019"
"","346.3210","2.5395","0.0019"
"","346.4210","2.5496","0.0020"
"","346.5210","2.5595","0.0020"
"","346.6210","2.5694","0.0021"
"","346.7210","2.5796","0.0022"
"","346.8210","2.5897","0.0023"
"","346.9210","2.5994","0.0023"
"","347.0210","2.6094","0.0024"
"","347.1210","2.6195","0.0025"
"","347.2210","2.6295","0.0026"
"","347.3210","2.6395","0.0027"
"","347.4210","2.6495","0.0027"
"","347.5210","2.6595","0.0029"
"","347.6210","2.6694","0.0030"
"","347.7210","2.6796","0.0031"
"","347.8210","2.6895","0.0032"
"","347.9210","2.6995","0.0033"
"","348.0210","2.7094","0.0034"
"","348.1210","2.7197","0.0035"
"","348.2210","2.7295","0.0037"
"","348.3210","2.7393","0.0038"
"","348.4210","2.7496","0.0039"
"","348.5210","2.7596","0.0040"
"","348.6210","2.7696","0.0042"
"","348.7210","2.7792","0.0043"
"","348.8210","2.7896","0.0044"
"","348.9210","2.7997","0.0046"
"","349.0210","2.8095","0.0047"
"","349.1210","2.8195","0.0049"
"","349.2210","2.8296","0.0050"
"","349.3210","2.8397","0.0052"
"","349.4210","2.8493","0.0053"
"","349.5210","2.8595","0.0054"
"","349.6210","2.8694","0.0056"
"","349.7210","2.8795","0.0057"
"","349.8210","2.8895","0.0058"
"","349.9210","2.8996","0.0060"
"","350.0210","2.9095","0.0061"
"","350.1210","2.9193","0.0062"
"","350.2210","2.9297","0.0064"
"","350.3210","2.9395","0.0065"
"","350.4210","2.9495","0.0066"
"","350.5210","2.9593","0.0068"
"","350.6210","2.9697","0.0069"
"","350.7210","2.9796","0.0071"
"","350.8210","2.9894","0.0073"
"","350.9210","2.9995","0.0075"
"","351.0210","3.0097","0.0077"
"","351.1210","3.0195","0.0079"
"","351.2210","3.0292","0.0081"
"","351.3210","3.0395","0.0083"
"","351.4210","3.0497","0.0086"
"","351.5210","3.0594","0.0088"
"","351.6210","3.0695","0.0091"
"","351.7210","3.0796","0.0094"
"","351.8210","3.0897","0.0097"
"","351.9210","3.0993","0.0099"
"","352.0210","3.1094","0.0102"
"","352.1210","3.1196","0.0106"
"","352.2210","3.1295","0.0109"
"","352.3210","3.1394","0.0112"
"","352.4210","3.1495","0.0116"
"","352.5210","3.1596","0.0120"
"","352.6210","3.1693","0.0124"
"","352.7210","3.1797","0.0128"
"","352.8210","3.1895","0.0132"
"","352.9210","3.1995","0.0137"
"","353.0210","3.2093","0.0141"
"","353.1210","3.2197","0.0146"
"","353.2210","3.2295","0.0151"
"","353.3210","3.2394","0.0156"
"","353.4210","3.2495","0.0161"
"","353.5210","3.2597","0.0167"
"","353.6210","3.2696","0.0173"
"","353.7210","3.2793","0.0178"
"","353.8210","3.2896","0.0184"
"","353.9210","3.2996","0.0190"
"","354.0210","3.3094","0.0196"
"","354.1210","3.3194","0.0203"
"","354.2210","3.3296","0.0210"
"","354.3210","3.3397","0.0217"
"","354.4210","3.3494","0.0223"
"","354.5210","3.3594","0.0230"
"","354.6210","3.3696","0.0238"
"","354.7210","3.3795","0.0245"
"","354.8210","3.3895","0.0253"
"","354.9210","3.3995","0.0260"
"","355.0210","3.4095","0.0268"
"","355.1210","3.4193","0.0276"
"","355.2210","3.4296","0.0285"
"","355.3210","3.4395","0.0293"
"","355.4210","3.4495","0.0302"
"","355.5210","3.4594","0.0311"
"","355.6210","3.4697","0.0320"
"","355.7210","3.4796","0.0328"
"","355.8210","3.4894","0.0336"
"","355.9210","3.4996","0.0340"
"","356.0210","3.5096","0.0344"
"","356.1210","3.5196","0.0347"
"","356.2210","3.5293","0.0349"
"","356.3210","3.5396","0.0351"
"","356.4210","3.5496","0.0352"
"","356.5210","3.5595","0.0353"
"","356.6210","3.5695","0.0355"
"","356.7210","3.5796","0.0357"
"","356.8210","3.5897","0.0359"
"","356.9210","3.5993","0.0360"
"","357.0210","3.6096","0.0362"
"","357.1210","3.6195","0.0364"
"","357.2210","3.6296","0.0367"
"","357.3210","3.6394","0.0371"
"","357.4210","3.6496","0.0375"
"","357.5210","3.6596","0.0381"
"","357.6210","3.6693","0.0388"
"","357.7210","3.6797","0.0396"
"","357.8210","3.6895","0.0403"
"","357.9210","3.6995","0.0411"
"","358.0210","3.7094","0.0421"
"","358.1210","3.7197","0.0431"
"","358.2210","3.7295","0.0442"
"","358.3210","3.7394","0.0453"
"","358.4210","3.7495","0.0465"
"","358.5210","3.7597","0.0478"
"","358.6210","3.7695","0.0491"
"","358.7210","3.7792","0.0504"
"","358.8210","3.7895","0.0518"
"","358.9210","3.7997","0.0533"
"","359.0210","3.8094","0.0546"
"","359.1210","3.8195","0.0561"
"","359.2210","3.8296","0.0576"
"","359.3210","3.8397","0.0591"
"","359.4210","3.8493","0.0606"
"","359.5210","3.8594","0.0622"
"","359.6210","3.8696","0.0638"
"","359.7210","3.8795","0.0654"
"","359.8210","3.8894","0.0671"
"","359.9210","3.8995","0.0688"
"","360.0210","3.9096","0.0705"
"","360.1210","3.9194","0.0722"
"","360.2210","3.9297","0.0740"
"","360.3210","3.9395","0.0758"
"","360.4210","3.9495","0.0776"
"","360.5210","3.9593","0.0794"
"","360.6210","3.9696","0.0813"
"","360.7210","3.9795","0.0832"
"","360.8210","3.9894","0.0850"
"","360.9210","3.9996","0.0870"
"","360.9260","4.0001","0.0871"
"","360.9270","4.0002","0.0871"
"","360.9280","4.0003","0.0871"
"","361.0280","4.0006","0.0864"
"","361.1280","3.9931","0.0837"
"","361.2280","3.9812","0.0800"
"","361.3280","3.9706","0.0768"
"","361.4280","3.9607","0.0740"
"","361.5280","3.9508","0.0712"
"","361.6280","3.9406","0.0686"
"","361.7280","3.9306","0.0660"
"","361.8280","3.9205","0.0635"
"","361.9280","3.9108","0.0612"
"","362.0280","3.9005","0.0588"
"","362.1280","3.8905","0.0566"
"","362.2280","3.8806","0.0545"
"","362.3280","3.8708","0.0525"
"","362.4280","3.8607","0.0505"
"","362.5280","3.8506","0.0485"
"","362.6280","3.8407","0.0467"
"","362.7280","3.8306","0.0449"
"","362.8280","3.8205","0.0432"
"","362.9280","3.8105","0.0415"
"","363.0280","3.8007","0.0400"
"","363.1280","3.7905","0.0385"
"","363.2280","3.7806","0.0371"
"","363.3280","3.7708","0.0360"
"","363.4280","3.7605","0.0350"
"","363.5280","3.7505","0.0344"
"","363.6280","3.7406","0.0342"
"","363.7280","3.7307","0.0339"
"","363.8280","3.7204","0.0337"
"","363.9280","3.7105","0.0335"
"","364.0280","3.7007","0.0334"
"","364.1280","3.6906","0.0332"
"","364.2280","3.6805","0.0331"
"","364.3280","3.6704","0.0331"
"","364.4280","3.6608","0.0331"
"","364.5280","3.6505","0.0331"
"","364.6280","3.6404","0.0330"
"","364.7280","3.6306","0.0327"
"","364.8280","3.6208","0.0325"
"","364.9280","3.6106","0.0323"
"","365.0280","3.6005","0.0320"
"","365.1280","3.5907","0.0311"
"","365.2280","3.5806","0.0300"
"","365.3280","3.5705","0.0290"
"","365.4280","3.5606","0.0280"
"","365.5280","3.5507","0.0270"
"","365.6280","3.5405","0.0261"
"","365.7280","3.5305","0.0251"
"","365.8280","3.5208","0.0242"
"","365.9280","3.5105","0.0233"
"","366.0280","3.5005","0.0224"
"","366.1280","3.4906","0.0216"
"","366.2280","3.4809","0.0209"
"","366.3280","3.4704","0.0201"
"","366.4280","3.4604","0.0193"
"","366.5280","3.4507","0.0187"
"","366.6280","3.4407","0.0180"
"","366.7280","3.4305","0.0173"
"","366.8280","3.4204","0.0167"
"","366.9280","3.4108","0.0161"
"","367.0280","3.4006","0.0155"
"","367.1280","3.3905","0.0149"
"","367.2280","3.3805","0.0144"
"","367.3280","3.3708","0.0139"
"","367.4280","3.3606","0.0134"
"","367.5280","3.3505","0.0129"
"","367.6280","3.3406","0.0124"
"","367.7280","3.3306","0.0120"
"","367.8280","3.3205","0.0116"
"","367.9280","3.3105","0.0112"
"","368.0280","3.3007","0.0108"
"","368.1280","3.2906","0.0105"
"","368.2280","3.2806","0.0101"
"","368.3280","3.2707","0.0098"
"","368.4280","3.2605","0.0095"
"","368.5280","3.2505","0.0092"
"","368.6280","3.2406","0.0089"
"","368.7280","3.2308","0.0086"
"","368.8280","3.2205","0.0084"
"","368.9280","3.2105","0.0081"
"","369.0280","3.2008","0.0079"
"","369.1280","3.1906","0.0077"
"","369.2280","3.1806","0.0075"
"","369.3280","3.1704","0.0073"
"","369.4280","3.1608","0.0071"
"","369.5280","3.1505","0.0069"
"","369.6280","3.1405","0.0067"
"","369.7280","3.1305","0.0066"
"","369.8280","3.1207","0.0064"
"","369.9280","3.1107","0.0063"
"","370.0280","3.1006","0.0061"
"","370.1280","3.0906","0.0060"
"","370.2280","3.0805","0.0058"
"","370.3280","3.0705","0.0057"
"","370.4280","3.0605","0.0056"
"","370.5280","3.0507","0.0055"
"","370.6280","3.0405","0.0054"
"","370.7280","3.0306","0.0053"
"","370.8280","3.0208","0.0051"
"","370.9280","3.0105","0.0050"
"","371.0280","3.0005","0.0049"
"","371.1280","2.9907","0.0048"
"","371.2280","2.9808","0.0047"
"","371.3280","2.9704","0.0046"
"","371.4280","2.9604","0.0045"
"","371.5280","2.9507","0.0044"
"","371.6280","2.9407","0.0043"
"","371.7280","2.9305","0.0042"
"","371.8280","2.9204","0.0041"
"","371.9280","2.9108","0.0039"
"","372.0280","2.9005","0.0038"
"","372.1280","2.8904","0.0037"
"","372.2280","2.8805","0.0035"
"","372.3280","2.8708","0.0034"
"","372.4280","2.8606","0.0033"
"","372.5280","2.8505","0.0032"
"","372.6280","2.8408","0.0031"
"","372.7280","2.8305","0.0030"
"","372.8280","2.8205","0.0029"
"","372.9280","2.8106","0.0028"
"","373.0280","2.8007","0.0027"
"","373.1280","2.7905","0.0026"
"","373.2280","2.7805","0.0025"
"","373.3280","2.7707","0.0024"
"","373.4280","2.7605","0.0023"
"","373.5280","2.7504","0.0022"
"","373.6280","2.7406","0.0021"
"","373.7280","2.7309","0.0020"
"","373.8280","2.7205","0.0020"
"","373.9280","2.7104","0.0019"
"","374.0280","2.7007","0.0018"
"","374.1280","2.6907","0.0018"
"","374.2280","2.6805","0.0017"
"","374.3280","2.6704","0.0017"
"","374.4280","2.6608","0.0016"
"","374.5280","2.6506","0.0015"
"","374.6280","2.6405","0.0015"
"","374.7280","2.6305","0.0015"
"","374.8280","2.6207","0.0014"
"","374.9280","2.6106","0.0014"
"","375.0280","2.6005","0.0013"
"","375.1280","2.5907","0.0013"
"","375.2280","2.5805","0.0013"
"","375.3280","2.5705","0.0012"
"","375.4280","2.5605","0.0012"
"","375.5280","2.5507","0.0012"
"","375.6280","2.5405","0.0011"
"","375.7280","2.5306","0.0011"
"","375.8280","2.5207","0.0011"
"","375.9280","2.5105","0.0010"
"","376.0280","2.5004","0.0010"
"","376.1280","2.4905","0.0010"
"","376.2280","2.4808","0.0009"
"","376.3280","2.4705","0.0009"
"","376.4280","2.4605","0.0009"
"","376.5280","2.4507","0.0008"
"","376.6280","2.4406","0.0008"
"","376.7280","2.4306","0.0008"
"","376.8280","2.4204","0.0008"
"","376.9280","2.4107","0.0007"
"","377.0280","2.4005","0.0007"
"","377.1280","2.3905","0.0007"
"","377.2280","2.3806","0.0006"
"","377.3280","2.3707","0.0006"
"","377.4280","2.3607","0.0006"
"","377.5280","2.3506","0.0006"
"","377.6280","2.3407","0.0005"
"","377.7280","2.3304","0.0005"
"","377.8280","2.3205","0.0005"
"","377.9280","2.3105","0.0005"
"","378.0280","2.3007","0.0004"
"","378.1280","2.2904","0.0004"
"","378.2280","2.2806","0.0004"
"","378.3280","2.2708","0.0004"
"","378.4280","2.2605","0.0004"
"","378.5280","2.2505","0.0003"
"","378.6280","2.2407","0.0003"
"","378.7280","2.2307","0.0003"
"","378.8280","2.2204","0.0003"
"","378.9280","2.2104","0.0003"
"","379.0280","2.2007","0.0003"
"","379.1280","2.1906","0.0003"
"","379.2280","2.1805","0.0003"
"","379.3280","2.1704","0.0002"
"","379.4280","2.1608","0.0002"
"","379.5280","2.1506","0.0002"
"","379.6280","2.1404","0.0002"
"","379.7280","2.1306","0.0002"
"","379.8280","2.1208","0.0002"
"","379.9280","2.1106","0.0002"
"","380.0280","2.1005","0.0002"
"","380.1280","2.0907","0.0002"
"","380.2280","2.0805","0.0002"
"","380.3280","2.0705","0.0002"
"","380.4280","2.0606","0.0002"
"","380.5280","2.0507","0.0002"
"","380.6280","2.0405","0.0002"
"","380.7280","2.0305","0.0001"
"","380.8280","2.0208","0.0001"
"","380.9280","2.0105","0.0001"
"","381.0280","2.0005","0.0001"
"","381.1280","1.9906","0.0001"
"","381.2280","1.9809","0.0001"
"","381.3280","1.9705","0.0001"
"","381.4280","1.9604","0.0001"
"","381.5280","1.9507","0.0001"
"","381.6280","1.9407","0.0001"
"","381.7280","1.9305","0.0001"
"","381.8280","1.9204","0.0001"
"","381.9280","1.9108","0.0001"
"","382.0280","1.9006","0.0001"
"","382.1280","1.8905","0.0000"
"","382.2280","1.8805","0.0000"
"","382.3280","1.8708","0.0000"
"","382.4280","1.8606","0.0000"
"","382.5280","1.8505","0.0000"
"","382.6280","1.8406","0.0000"
"","382.7280","1.8306","0.0000"
"","382.8280","1.8205","0.0000"
"","382.9280","1.8106","0.0000"
"","383.0280","1.8007","0.0000"
"","383.1280","1.7906","0.0000"
"","383.2280","1.7806","0.0000"
"","383.3280","1.7707","0.0000"
"","383.4280","1.7605","0.0000"
"","383.5280","1.7504","0.0000"
"","383.6280","1.7405","0.0000"
"","383.7280","1.7308","-0.0001"
"","383.8280","1.7205","-0.0001"
"","383.9280","1.7104","-0.0001"
"","384.0280","1.7008","-0.0001"
"","384.1280","1.6906","-0.0001"
"","384.2280","1.6805","-0.0001"
"","384.3280","1.6704","-0.0001"
"","384.4280","1.6608","-0.0001"
"","384.5280","1.6505","-0.0001"
"","384.6280","1.6405","-0.0001"
"","384.7280","1.6305","-0.0001"
"","384.8280","1.6208","-0.0001"
"","384.9280","1.6107","-0.0001"
"","385.0280","1.6006","-0.0001"
"","385.1280","1.5907","-0.0001"
"","385.2280","1.5805","-0.0002"
"","385.3280","1.5705","-0.0001"
"","385.4280","1.5605","-0.0002"
"","385.5280","1.5507","-0.0002"
"","385.6280","1.5405","-0.0002"
"","385.7280","1.5305","-0.0002"
"","385.8280","1.5207","-0.0002"
"","385.9280","1.5105","-0.0002"
"","386.0280","1.5005","-0.0002"
"","386.1280","1.4906","-0.0002"
"","386.2280","1.4807","-0.0002"
"","386.3280","1.4704","-0.0002"
"","386.4280","1.4605","-0.0002"
"","386.5280","1.4507","-0.0002"
"","386.6280","1.4406","-0.0002"
"","386.7280","1.4305","-0.0002"
"","386.8280","1.4205","-0.0002"
"","386.9280","1.4108","-0.0002"
"","387.0280","1.4005","-0.0002"
"","387.1280","1.3904","-0.0003"
"","387.2280","1.3805","-0.0003"
"","387.3280","1.3708","-0.0003"
"","387.4280","1.3605","-0.0003"
"","387.5280","1.3505","-0.0003"
"","387.6280","1.3408","-0.0003"
"","387.7280","1.3306","-0.0003"
"","387.8280","1.3205","-0.0003"
"","387.9280","1.3106","-0.0003"
"","388.0280","1.3007","-0.0003"
"","388.1280","1.2905","-0.0003"
"","388.2280","1.2805","-0.0003"
"","388.3280","1.2708","-0.0003"
"","388.4280","1.2605","-0.0003"
"","388.5280","1.2505","-0.0003"
"","388.6280","1.2406","-0.0003"
"","388.7280","1.2308","-0.0003"
"","388.8280","1.2205","-0.0003"
"","388.9280","1.2104","-0.0003"
"","389.0280","1.2007","-0.0004"
"","389.1280","1.1907","-0.0004"
"","389.2280","1.1805","-0.0004"
"","389.3280","1.1705","-0.0004"
"","389.4280","1.1608","-0.0004"
"","389.5280","1.1506","-0.0004"
"","389.6280","1.1405","-0.0004"
"","389.7280","1.1305","-0.0004"
"","389.8280","1.1208","-0.0004"
"","389.9280","1.1106","-0.0004"
"","390.0280","1.1005","-0.0004"
"","390.1280","1.0906","-0.0004"
"","390.2280","1.0806","-0.0004"
"","390.3280","1.0705","-0.0004"
"","390.4280","1.0605","-0.0004"
"","390.5280","1.0507","-0.0004"
"","390.6280","1.0406","-0.0004"
"","390.7280","1.0306","-0.0004"
"","390.8280","1.0207","-0.0004"
"","390.9280","1.0105","-0.0004"
"","391.0280","1.0005","-0.0004"
"","391.1280","0.9907","-0.0004"
"","391.2280","0.9808","-0.0004"
"","391.3280","0.9705","-0.0005"
"","391.4280","0.9605","-0.0005"
"","391.5280","0.9507","-0.0005"
"","391.6280","0.9406","-0.0005"
"","391.7280","0.9306","-0.0005"
"","391.8280","0.9204","-0.0005"
"","391.9280","0.9108","-0.0005"
"","392.0280","0.9005","-0.0005"
"","392.1280","0.8904","-0.0005"
"","392.2280","0.8805","-0.0005"
"","392.3280","0.8708","-0.0005"
"","392.4280","0.8606","-0.0005"
"","392.5280","0.8506","-0.0005"
"","392.6280","0.8406","-0.0005"
"","392.7280","0.8305","-0.0005"
"","392.8280","0.8205","-0.0005"
"","392.9280","0.8105","-0.0005"
"","393.0280","0.8007","-0.0005"
"","393.1280","0.7905","-0.0005"
"","393.2280","0.7805","-0.0005"
"","393.3280","0.7708","-0.0005"
"","393.4280","0.7605","-0.0005"
"","393.5280","0.7505","-0.0005"
"","393.6280","0.7407","-0.0005"
"","393.7280","0.7308","-0.0005"
"","393.8280","0.7204","-0.0005"
"","393.9280","0.7104","-0.0005"
"","394.0280","0.7007","-0.0005"
"","394.1280","0.6906","-0.0005"
"","394.2280","0.6805","-0.0005"
"","394.3280","0.6705","-0.0005"
"","394.4280","0.6608","-0.0005"
"","394.5280","0.6505","-0.0005"
"","394.6280","0.6404","-0.0005"
"","394.7280","0.6305","-0.0005"
"","394.8280","0.6208","-0.0005"
"","394.9280","0.6106","-0.0005"
"","395.0280","0.6005","-0.0005"
"","395.1280","0.5908","-0.0005"
"","395.2280","0.5805","-0.0005"
"","395.3280","0.5705","-0.0005"
"","395.4280","0.5606","-0.0005"
"","395.5280","0.5507","-0.0005"
"","395.6280","0.5404","-0.0005"
"","395.7280","0.5305","-0.0005"
"","395.8280","0.5208","-0.0005"
"","395.9280","0.5105","-0.0005"
"","396.0280","0.5004","-0.0005"
"","396.1280","0.4906","-0.0005"
"","396.2280","0.4809","-0.0005"
"","396.3280","0.4705","-0.0005"
"","396.4280","0.4604","-0.0005"
"","396.5280","0.4507","-0.0005"
"","396.6280","0.4407","-0.0005"
"","396.7280","0.4306","-0.0005"
"","396.8280","0.4204","-0.0005"
"","396.9280","0.4108","-0.0005"
"","397.0280","0.4006","-0.0005"
"","397.1280","0.3905","-0.0005"
"","397.2280","0.3805","-0.0005"
"","397.3280","0.3707","-0.0005"
"","397.4280","0.3606","-0.0005"
"","397.5280","0.3505","-0.0005"
"","397.6280","0.3406","-0.0005"
"","397.7280","0.3306","-0.0005"
"","397.8280","0.3205","-0.0005"
"","397.9280","0.3105","-0.0005"
"","398.0280","0.3007","-0.0006"
"","398.1280","0.2905","-0.0005"
"","398.2280","0.2806","-0.0005"
"","398.3280","0.2707","-0.0005"
"","398.4280","0.2605","-0.0005"
"","398.5280","0.2504","-0.0005"
"","398.6280","0.2406","-0.0005"
"","398.7280","0.2308","-0.0005"
"","398.8280","0.2205","-0.0005"
"","398.9280","0.2105","-0.0005"
"","399.0280","0.2008","-0.0006"
"","399.1280","0.1907","-0.0006"
"","399.2280","0.1805","-0.0006"
"","399.3280","0.1704","-0.0006"
"","399.4280","0.1607","-0.0006"
"","399.5280","0.1505","-0.0006"
"","399.6280","0.1405","-0.0005"
"","399.7280","0.1306","-0.0005"
"","399.8280","0.1207","-0.0005"
"","399.9280","0.1107","-0.0006"
"","400.0280","0.1006","-0.0006"
"","400.1280","0.0907","-0.0005"
"","400.2280","0.0804","-0.0005"
"","400.3280","0.0706","-0.0006"
"","400.4280","0.0606","-0.0005"
"","400.5280","0.0507","-0.0006"
"","400.6280","0.0404","-0.0006"
"","400.7280","0.0306","-0.0006"
"","400.8280","0.0208","-0.0006"
"","400.9280","0.0105","-0.0005"
"","401.0280","0.0004","-0.0005"
"","401.0330","-0.0001","-0.0005"

